RefNumber,AcctNumber,StatementDate,Amount,TxnType,Memo
TXN0000447,681-224-6323,04/08/2025,"($23,746.81)",Wire Transfer,Outgoing Wire
TXN0000666,641-647-6335,18-Feb-2025,"($14,154.19)",Internal Transfer,ACCOUNT TRANSFER
TXN0005421, 442-492-5062 ,19-Jan-2025,"($6,304.22)",Wire Transfer,OUTGOING WIRE
TXN0006000,976-952-4005,12-Feb-2025,"$2,789.49",Check Deposit,CHECK DEPOSIT
TXN0005954, 988-037-2780 ,06/20/2025,"($27,512.34)",Wire Transfer,OUTGOING WIRE
TXN0002506, 557-301-6047 ,14-Jan-2025,"($40,053.80)",ATM Withdrawal,ATM Cash Withdrawal
TXN0004032,664-367-6141,01/09/2025,"($3,933.95)",ATM Withdrawal,ATM Cash Withdrawal
TXN0004808,228-820-4410,21-Feb-2025,"($28,558.98)",Wire Transfer,INCOMING WIRE
TXN0005819,512-465-3045,06/25/2025,"$21,859.54",ACH Credit,PAYROLL DEPOSIT
TXN0004538,110-103-0166,04/20/2025,"$25,864.22",ACH Credit,Payroll Deposit
TXN0003865,819-094-9022,04/04/2025,"$42,599.38",Check Deposit,CHECK DEPOSIT
txn0003161,586-139-1157,02/28/2025,"$32,709.74",Internal Transfer,Account Transfer
TXN0005470,881-917-9188,21-Apr-2025,"$10,083.16",Check Deposit,Check Deposit
TXN0004407,588-886-7190,01/20/2025,"($20,920.08)",Internal Transfer,Account Transfer
TXN0000991,337-796-7038,08-Apr-2025,"($18,094.39)",Wire Transfer,Outgoing Wire
TXN0002642,141-388-1887,06/16/2025,"$11,494.56",ACH Credit,Payroll Deposit
txn0002386,561-120-1771,05/10/2025,"($38,840.02)",ATM Withdrawal,ATM CASH WITHDRAWAL
TXN0005560,876-637-5222,01-Jan-2025,"($42,136.00)",Wire Transfer,INCOMING WIRE
TXN0003561,143-053-6760,02/15/2025,"($31,096.18)",Wire Transfer,Outgoing Wire
TXN0002014,296-108-0423,02/11/2025,"$38,194.82",ACH Credit,Payroll Deposit
 TXN0004308,264-784-1211,02/04/2025,"($44,220.46)",Wire Transfer,INCOMING WIRE
TXN0001655,343-523-7021,06/14/2025,"$28,344.45",Check Deposit,Check Deposit
TXN0000707,468-086-8447,02-Jun-2025,"($44,913.64)",Internal Transfer,Account Transfer
TXN0004417,137-375-0657,06/17/2025,"($44,018.67)",Wire Transfer,Incoming Wire
TXN0001795,418-215-4628,28-Jan-2025,"($29,731.90)",Wire Transfer,INCOMING WIRE
TXN0004080,150-915-7558,04/09/2025,"$11,703.49",ACH Credit,Payroll Deposit
TXN0003938, 795-854-6750 ,05/31/2025,"($26,817.60)",Debit Card,POS Purchase
TXN0001324,860-013-7834,20-Apr-2025,"($15,459.01)",Wire Transfer,INCOMING WIRE
txn0003191,519-838-3166,14-Apr-2025,"($36,883.21)",ACH Debit,Vendor Payment
TXN0005627,204-102-2075,06/14/2025,"$18,988.37",ACH Credit,PAYROLL DEPOSIT
TXN0002682,527-619-8318,06/26/2025,"($10,854.61)",ACH Debit,Vendor Payment
TXN0004000,195-185-2877,06/17/2025,"$23,150.14",Internal Transfer,Account Transfer
TXN0000547,151-740-3015,06/24/2025,"($11,502.83)",ATM Withdrawal,ATM CASH WITHDRAWAL
TXN0001079,974-125-0701,27-Feb-2025,"($18,868.15)",ATM Withdrawal,ATM CASH WITHDRAWAL
TXN0002311,715-134-6585,27-May-2025,"($6,264.18)",ATM Withdrawal,ATM CASH WITHDRAWAL
TXN0000679,809-331-5361,04/24/2025,"($6,640.97)",Debit Card,POS Purchase
TXN0004778,564-121-6563,05/06/2025,"($36,296.99)",Wire Transfer,Outgoing Wire
TXN0000558,238-449-8966,06/08/2025,"($33,477.51)",ACH Debit,Vendor Payment
TXN0005676,265-125-2570,06/23/2025,"($13,881.74)",Debit Card,POS Purchase
TXN0003402,679-735-6141,26-May-2025,"$37,560.88",Internal Transfer,Account Transfer
TXN0005069,687-657-0804,04/01/2025,"($29,625.52)",Debit Card,POS Purchase
TXN0003826,395-889-4983,01/07/2025,"$22,655.85",Check Deposit,CHECK DEPOSIT
TXN0004596,392-230-4658,03/26/2025,"($28,556.98)",Wire Transfer,Outgoing Wire
TXN0002787,680-703-2395,31-May-2025,"($16,662.03)",Debit Card,POS PURCHASE
txn0004717,997-645-4359,10-Jan-2025,"($13,673.62)",ATM Withdrawal,ATM CASH WITHDRAWAL
 TXN0000942, 402-988-5588 ,10-Jun-2025,"($14,461.76)",Internal Transfer,Account Transfer
TXN0005899,157-636-7462,03/25/2025,"($44,761.45)",Wire Transfer,Incoming Wire
TXN0004070,962-039-7118,06/24/2025,"$38,495.76",ACH Debit,Vendor Payment
txn0002852,863-990-9970,23-Jan-2025,"($32,734.39)",ATM Withdrawal,ATM Cash Withdrawal
TXN0000473,387-877-1991,06/28/2025,"($33,329.75)",ATM Withdrawal,ATM Cash Withdrawal
TXN0000468,732-789-3382,06/04/2025,"($6,025.38)",Wire Transfer,Incoming Wire
TXN0000412,584-258-9214,03/28/2025,"($3,591.18)",Wire Transfer,OUTGOING WIRE
TXN0004665,758-850-5365,02/14/2025,"($9,239.60)",ACH Debit,Vendor Payment
TXN0001045,637-417-0760,03/25/2025,"($12,219.91)",ATM Withdrawal,ATM Cash Withdrawal
TXN0004162,418-148-0973,06/29/2025,"$43,387.13",Check Deposit,CHECK DEPOSIT
 TXN0002692,992-136-5439,04/22/2025,"($5,686.35)",ACH Debit,VENDOR PAYMENT
txn0002313,732-083-7863,15-Jan-2025,"$41,794.76",Check Deposit,CHECK DEPOSIT
TXN0000089,916-175-3450,28-Jun-2025,"($6,091.22)",ATM Withdrawal,ATM CASH WITHDRAWAL
 txn0003274,660-707-6949,05/14/2025,"($1,121.39)",ATM Withdrawal,ATM Cash Withdrawal
TXN0003330,900-085-8821,01/29/2025,"($17,011.22)",Debit Card,POS Purchase
TXN0001995, 619-479-1557 ,06/25/2025,"($30,953.35)",ACH Debit,VENDOR PAYMENT
TXN0004068,809-437-7527,02/09/2025,"($18,625.62)",Wire Transfer,Incoming Wire
TXN0001080,764-937-4904,23-Jan-2025,"($20,579.71)",ATM Withdrawal,ATM Cash Withdrawal
TXN0001626,858-931-8825,09-Mar-2025,"($35,542.88)",Internal Transfer,ACCOUNT TRANSFER
TXN0004956,844-710-9312,08-Feb-2025,"($9,031.44)",Debit Card,POS PURCHASE
TXN0003589,875-346-7402,11-Feb-2025,"($25,162.10)",ACH Debit,Vendor Payment
 TXN0001381,963-739-1320,24-Apr-2025,"($22,106.51)",Internal Transfer,Account Transfer
TXN0000650,428-788-1268,10-Jun-2025,"($2,027.93)",ATM Withdrawal,ATM CASH WITHDRAWAL
 TXN0002228,640-612-5488,04/07/2025,"($10,220.17)",ATM Withdrawal,ATM CASH WITHDRAWAL
 TXN0003320,776-987-9995,08-Feb-2025,"$41,914.61",ACH Credit,Payroll Deposit
TXN0002086, 343-337-6796 ,06/01/2025,"$43,009.45",Check Deposit,Check Deposit
TXN0004159,910-946-6847,06/06/2025,"$44,942.46",ACH Credit,PAYROLL DEPOSIT
 TXN0004193, 814-491-6360 ,02/06/2025,"($5,846.14)",Internal Transfer,Account Transfer
TXN0005662,717-557-7983,26-Mar-2025,"$26,211.42",Check Deposit,CHECK DEPOSIT
TXN0000382, 609-732-6981 ,06-Feb-2025,"$28,809.33",Wire Transfer,Outgoing Wire
txn0005090,758-679-5066,02/12/2025,"$32,609.39",ACH Credit,Payroll Deposit
TXN0001270,510-582-7467,26-Mar-2025,"$7,652.02",Check Deposit,Check Deposit
TXN0001394,186-994-0376,05/21/2025,"$7,245.34",Check Deposit,CHECK DEPOSIT
TXN0003133, 500-147-8240 ,03/07/2025,"($32,495.49)",Debit Card,POS Purchase
 TXN0000461,862-996-0597,06/18/2025,"($24,310.73)",ACH Debit,Vendor Payment
TXN0005148,735-518-1674,30-May-2025,"($17,759.10)",Debit Card,POS Purchase
TXN0003152,200-205-4538,05/29/2025,"$28,615.95",Check Deposit,Check Deposit
TXN0002673,442-176-4445,17-Jan-2025,"($2,290.00)",Internal Transfer,ACCOUNT TRANSFER
TXN0005462,180-867-4868,21-Mar-2025,"($33,573.22)",Internal Transfer,ACCOUNT TRANSFER
 TXN0004732,113-497-9038,30-Jan-2025,"$1,999.73",Internal Transfer,ACCOUNT TRANSFER
TXN0005270,954-545-2758,01/13/2025,"$44,647.17",Check Deposit,CHECK DEPOSIT
TXN0000337,762-001-3823,06-May-2025,"($4,747.42)",Debit Card,POS PURCHASE
txn0003898,214-082-4160,02-Jun-2025,"($4,298.15)",Internal Transfer,Account Transfer
 TXN0004367, 106-543-6107 ,04/07/2025,"$35,632.91",Check Deposit,Check Deposit
 TXN0003676,599-733-7117,06/27/2025,"$32,779.77",Check Deposit,Check Deposit
TXN0003512,289-457-7142,04/11/2025,"$7,002.37",Check Deposit,CHECK DEPOSIT
TXN0005674,146-112-0602,10-Jun-2025,"($21,685.21)",ACH Debit,VENDOR PAYMENT
TXN0000850,472-037-5593,16-Mar-2025,"$7,795.74",ACH Credit,Payroll Deposit
 TXN0004289,503-632-0986,09-Mar-2025,"($4,270.67)",ATM Withdrawal,ATM Cash Withdrawal
TXN0000561, 659-901-2983 ,10-Mar-2025,"($42,246.24)",ACH Debit,VENDOR PAYMENT
TXN0000415,522-694-2005,04/30/2025,"($28,129.16)",ACH Debit,Vendor Payment
txn0000484, 979-387-7424 ,04/26/2025,"$25,249.60",ACH Credit,PAYROLL DEPOSIT
TXN0000292,262-121-1490,05/17/2025,"($33,661.31)",Debit Card,POS Purchase
TXN0001071,971-646-9505,02/16/2025,"$3,602.75",Check Deposit,CHECK DEPOSIT
TXN0004385,751-312-7967,29-Mar-2025,"$6,348.22",Internal Transfer,ACCOUNT TRANSFER
TXN0002885,718-831-7186,04/19/2025,"($12,547.41)",Wire Transfer,OUTGOING WIRE
TXN0001667,486-840-3433,13-May-2025,"$37,061.77",Check Deposit,CHECK DEPOSIT
TXN0003760,531-681-3632,24-Feb-2025,"($24,143.54)",Debit Card,POS Purchase
TXN0003684,891-878-1048,02/24/2025,"$7,323.81",Check Deposit,CHECK DEPOSIT
 TXN0002317,909-358-3309,05/05/2025,"$22,731.90",ACH Credit,PAYROLL DEPOSIT
TXN0000434,224-662-8985,05/06/2025,"$20,564.28",Internal Transfer,Account Transfer
TXN0001895,314-455-0436,14-Feb-2025,"($15,146.86)",ACH Debit,VENDOR PAYMENT
fee00088,709-807-8848,11-Feb-2025,($47.63),Service Charge,Monthly Maintenance Fee
TXN0002379,870-592-3151,01/11/2025,"($42,233.02)",Wire Transfer,Outgoing Wire
TXN0004414,833-150-8430,03/07/2025,"($29,295.39)",ATM Withdrawal,ATM Cash Withdrawal
TXN0003997,679-747-3046,06/17/2025,"$25,123.48",Check Deposit,Check Deposit
TXN0001598,992-103-6738,25-Jun-2025,"$6,279.96",Internal Transfer,ACCOUNT TRANSFER
TXN0004392,822-982-9887,13-May-2025,"$22,026.87",ACH Credit,Payroll Deposit
TXN0002862,117-787-9552,01/07/2025,"($8,841.24)",ATM Withdrawal,ATM Cash Withdrawal
TXN0005075,620-094-7562,13-Jan-2025,"($22,143.13)",Debit Card,POS Purchase
TXN0000496,426-612-9965,10-Jun-2025,"($16,436.24)",Internal Transfer,Account Transfer
TXN0002373, 223-173-5539 ,06/18/2025,"($25,006.44)",Wire Transfer,Incoming Wire
txn0001588, 260-951-9884 ,06/16/2025,"($11,620.02)",ACH Debit,Vendor Payment
TXN0000836,282-217-8227,11-May-2025,"($2,339.19)",ACH Debit,VENDOR PAYMENT
 TXN0002252,271-219-9985,22-Jan-2025,"($25,003.72)",Debit Card,POS Purchase
TXN0002065,301-375-9416,17-Apr-2025,"$24,979.11",Internal Transfer,Account Transfer
TXN0002842,301-993-9508,03/05/2025,"($3,145.14)",ACH Debit,Vendor Payment
TXN0003364,884-027-9143,04/18/2025,"($37,516.48)",ACH Debit,VENDOR PAYMENT
TXN0002889, 571-852-3535 ,31-Mar-2025,"$33,469.80",ACH Credit,PAYROLL DEPOSIT
TXN0003198,945-933-7576,27-Apr-2025,"$31,570.40",Check Deposit,Check Deposit
TXN0002460,360-130-8292,06/01/2025,"($33,144.96)",Wire Transfer,Incoming Wire
TXN0000450,935-061-6678,18-Jan-2025,"$39,128.38",Internal Transfer,Account Transfer
TXN0003722,390-847-0872,13-May-2025,"($25,856.71)",Debit Card,POS Purchase
TXN0001867,237-225-2111,03-Jun-2025,"$31,589.56",Check Deposit,Check Deposit
TXN0005697,127-189-2793,02/06/2025,"($39,947.89)",ACH Debit,VENDOR PAYMENT
TXN0002687,958-151-3318,03/16/2025,"($31,019.27)",Wire Transfer,Outgoing Wire
TXN0003659,676-077-4460,28-Apr-2025,"($21,594.33)",Internal Transfer,Account Transfer
txn0005991,285-761-7460,29-Jun-2025,"($8,050.03)",Wire Transfer,INCOMING WIRE
TXN0004218,944-561-7989,02/25/2025,"($11,048.74)",Debit Card,POS Purchase
TXN0001262,496-370-0248,14-Mar-2025,"($19,404.15)",Wire Transfer,OUTGOING WIRE
TXN0002856,986-984-8062,05/28/2025,"$40,762.39",Check Deposit,Check Deposit
txn0002900,600-047-1823,02/09/2025,"($18,449.20)",Debit Card,POS Purchase
TXN0000807,337-781-3283,20-Apr-2025,"$26,914.11",Debit Card,POS Purchase
 TXN0001749,182-841-6882,01/24/2025,($243.76),Wire Transfer,INCOMING WIRE
TXN0003904,367-804-5890,23-Feb-2025,"$38,478.36",ACH Credit,Payroll Deposit
 TXN0001962,332-666-3971,06-May-2025,"$32,836.67",ACH Credit,Payroll Deposit
TXN0001537,945-103-5211,06/27/2025,"$30,157.67",Check Deposit,Check Deposit
 TXN0003305,507-002-1557,01/23/2025,"$4,301.07",ACH Credit,Payroll Deposit
TXN0003556,644-408-2894,26-May-2025,"$23,925.43",Internal Transfer,ACCOUNT TRANSFER
TXN0002072,226-179-2617,19-May-2025,"$17,412.30",Check Deposit,Check Deposit
txn0001125,810-400-7023,03/11/2025,"($14,632.76)",Debit Card,POS Purchase
TXN0003615,965-672-2235,01-Mar-2025,"($3,151.58)",Wire Transfer,Outgoing Wire
txn0000607,553-394-4366,12-Jan-2025,"($13,375.16)",Wire Transfer,Incoming Wire
TXN0003444,428-221-9249,02/22/2025,"($1,425.25)",Wire Transfer,INCOMING WIRE
TXN0002319, 299-814-8614 ,17-Apr-2025,"($1,754.59)",Debit Card,POS Purchase
TXN0002579,140-894-3672,04/13/2025,"($31,218.44)",ATM Withdrawal,ATM Cash Withdrawal
FEE00104,336-630-3066,04/26/2025,($46.00),Service Charge,Overdraft Fee
TXN0004685,731-410-0692,02/08/2025,"($1,780.49)",ATM Withdrawal,ATM Cash Withdrawal
TXN0005577,611-931-3927,02/13/2025,"($17,021.88)",ATM Withdrawal,ATM CASH WITHDRAWAL
txn0003608,204-426-2789,05/23/2025,"$8,889.53",Check Deposit,Check Deposit
TXN0003220,816-208-6467,19-Feb-2025,"$23,142.73",Check Deposit,CHECK DEPOSIT
TXN0000960,917-562-2880,04/25/2025,"($7,390.27)",Wire Transfer,Incoming Wire
TXN0005807,844-271-4855,03/01/2025,"($32,073.00)",ACH Debit,VENDOR PAYMENT
TXN0004623,299-389-3600,18-Feb-2025,"($1,075.28)",Debit Card,POS Purchase
TXN0005956,684-720-9605,06/16/2025,"($10,420.77)",Wire Transfer,OUTGOING WIRE
TXN0000939,699-068-8595,03/02/2025,"($29,992.21)",ACH Debit,VENDOR PAYMENT
TXN0005946,516-028-2087,03/02/2025,"$15,213.75",Check Deposit,CHECK DEPOSIT
TXN0000863,362-572-2974,06/24/2025,"($10,567.70)",ACH Debit,Vendor Payment
TXN0001204,766-727-7949,22-Apr-2025,"$29,177.57",ACH Credit,PAYROLL DEPOSIT
TXN0002897,104-384-8729,25-Jan-2025,"($39,693.99)",ATM Withdrawal,ATM Cash Withdrawal
TXN0001229,209-616-2958,03/17/2025,"($14,721.87)",ATM Withdrawal,ATM CASH WITHDRAWAL
TXN0004062,463-470-7197,03/19/2025,"($8,886.15)",Wire Transfer,OUTGOING WIRE
TXN0001151,426-130-0555,04/26/2025,"($15,343.67)",Wire Transfer,Outgoing Wire
TXN0000075,327-586-9324,20-Mar-2025,"$8,514.48",Check Deposit,Check Deposit
TXN0002971,322-421-1687,22-Apr-2025,"$40,308.30",Internal Transfer,Account Transfer
TXN0005479,567-471-1289,12-Jan-2025,"($36,207.95)",ACH Debit,Vendor Payment
TXN0003398,394-508-9619,29-Jun-2025,"($38,795.44)",ACH Debit,VENDOR PAYMENT
TXN0003727,687-440-5711,06/03/2025,"($41,642.08)",ACH Debit,VENDOR PAYMENT
TXN0004239,172-231-3254,03/14/2025,"($31,750.81)",ATM Withdrawal,ATM Cash Withdrawal
TXN0003223,820-529-1126,05/28/2025,"$35,914.03",Check Deposit,CHECK DEPOSIT
TXN0003948,331-025-0634,04/14/2025,"$29,273.41",Check Deposit,CHECK DEPOSIT
TXN0000712,540-566-5463,08-Mar-2025,"($26,148.09)",Internal Transfer,ACCOUNT TRANSFER
TXN0005656,841-091-0396,06/12/2025,"($27,650.07)",ATM Withdrawal,ATM CASH WITHDRAWAL
TXN0003017,714-305-5804,17-Mar-2025,"($44,353.07)",Debit Card,POS Purchase
 TXN0000585,153-712-2842,04/19/2025,"$33,111.32",ATM Withdrawal,ATM Cash Withdrawal
TXN0001342,440-746-9042,01/16/2025,"($20,951.62)",ATM Withdrawal,ATM CASH WITHDRAWAL
TXN0004036,789-639-9985,04/09/2025,"($16,297.90)",ATM Withdrawal,ATM Cash Withdrawal
TXN0002038,912-275-3519,05-Mar-2025,"($31,800.42)",Wire Transfer,OUTGOING WIRE
 TXN0005310,692-573-2660,04/24/2025,"$40,807.09",Wire Transfer,Outgoing Wire
TXN0003451,924-804-3058,01/09/2025,"$21,211.86",Check Deposit,CHECK DEPOSIT
txn0000490,578-427-2870,25-Apr-2025,"($44,045.98)",Wire Transfer,OUTGOING WIRE
TXN0004620,802-787-0275,18-Mar-2025,"($21,747.55)",Wire Transfer,Outgoing Wire
TXN0005881,501-974-6268,03/14/2025,"($1,081.41)",Debit Card,POS Purchase
TXN0001687,371-038-7120,06/17/2025,"($3,644.28)",Debit Card,POS PURCHASE
 TXN0004835,817-230-2379,02/13/2025,"$27,063.53",Check Deposit,Check Deposit
TXN0001354,502-642-5333,05/13/2025,"($14,200.54)",Internal Transfer,Account Transfer
 TXN0002325, 709-277-7852 ,06/05/2025,"($27,490.15)",ATM Withdrawal,ATM Cash Withdrawal
TXN0003154,679-594-9712,23-Apr-2025,"$15,446.93",Check Deposit,Check Deposit
TXN0000660,829-963-3890,02/11/2025,"$32,365.72",Check Deposit,CHECK DEPOSIT
 TXN0001964,477-213-0097,06/01/2025,"$37,193.59",ACH Credit,Payroll Deposit
TXN0002407,159-154-8130,03/31/2025,"$36,817.17",Check Deposit,CHECK DEPOSIT
TXN0000869,612-553-5591,13-Apr-2025,"($8,301.31)",ATM Withdrawal,ATM Cash Withdrawal
txn0002635,596-986-3000,01/17/2025,"($19,344.16)",Wire Transfer,OUTGOING WIRE
TXN0002619,139-893-2538,17-Jun-2025,"$42,513.52",Check Deposit,Check Deposit
TXN0003361,600-198-2133,06-Feb-2025,"($27,172.22)",Wire Transfer,Outgoing Wire
TXN0000366,342-569-4474,25-Jun-2025,"$18,613.43",ACH Credit,Payroll Deposit
txn0004241,787-841-0459,06/20/2025,"($28,424.39)",ATM Withdrawal,ATM Cash Withdrawal
TXN0000639,431-184-4843,06/12/2025,"($29,322.90)",Wire Transfer,Outgoing Wire
TXN0004770,331-922-2292,01/06/2025,"($1,225.24)",Wire Transfer,Outgoing Wire
txn0002427,221-881-9507,02/15/2025,"($12,765.94)",Wire Transfer,OUTGOING WIRE
TXN0004038,164-810-5189,14-May-2025,"($18,425.31)",ACH Debit,Vendor Payment
TXN0002564,468-254-4466,06/17/2025,"$16,356.28",Internal Transfer,ACCOUNT TRANSFER
TXN0000257,945-971-5756,04/16/2025,"($44,075.07)",ATM Withdrawal,ATM Cash Withdrawal
TXN0002238, 566-344-1812 ,03/31/2025,"$10,453.67",ACH Credit,PAYROLL DEPOSIT
txn0001357,395-074-8667,11-Feb-2025,"($8,652.72)",Debit Card,POS Purchase
TXN0001957,344-652-7345,06-Feb-2025,"($43,970.99)",ACH Debit,Vendor Payment
 TXN0001658,452-920-9912,02/08/2025,"($33,601.66)",ACH Debit,Vendor Payment
TXN0002209,921-535-7790,22-Jan-2025,"($2,268.21)",ATM Withdrawal,ATM Cash Withdrawal
TXN0004780,164-472-2273,01/09/2025,"$5,253.79",Check Deposit,Check Deposit
FEE00113, 347-586-8627 ,06/30/2025,$42.80,Interest Payment,Interest Credit
TXN0003793,271-986-5399,05/18/2025,"($36,272.18)",ACH Debit,VENDOR PAYMENT
TXN0002351,640-600-4184,04/14/2025,"($29,164.79)",Debit Card,POS Purchase
TXN0001780,187-140-4519,06/23/2025,"($35,283.74)",Internal Transfer,ACCOUNT TRANSFER
TXN0001251,759-175-0877,04/29/2025,"$41,159.02",Check Deposit,Check Deposit
TXN0005483,393-243-7105,04/09/2025,"($42,853.24)",ACH Debit,Vendor Payment
TXN0004433,751-242-8359,16-Jan-2025,"($12,946.36)",Debit Card,POS Purchase
TXN0002925,609-650-2919,05/14/2025,"$10,913.53",ACH Credit,PAYROLL DEPOSIT
TXN0002919,446-911-6696,22-Mar-2025,"($12,833.05)",Internal Transfer,Account Transfer
TXN0002753,513-243-3739,13-Jun-2025,"$37,905.57",Internal Transfer,Account Transfer
TXN0005692, 654-669-2136 ,03-Feb-2025,"($17,064.63)",Debit Card,POS Purchase
TXN0001684,429-391-9409,08-Jun-2025,"($30,680.10)",ATM Withdrawal,ATM Cash Withdrawal
TXN0002257,652-368-9201,10-Jun-2025,"($15,388.79)",Wire Transfer,Outgoing Wire
txn0004893,690-320-8751,06/19/2025,"($43,524.22)",ACH Debit,VENDOR PAYMENT
TXN0000477,627-216-4654,06/24/2025,($834.07),Debit Card,POS PURCHASE
TXN0001037,240-601-4957,14-Apr-2025,"($32,485.29)",Wire Transfer,Incoming Wire
TXN0005364,124-839-5930,06/06/2025,"($26,587.24)",ATM Withdrawal,ATM Cash Withdrawal
TXN0003792,895-384-3360,30-May-2025,"($26,643.48)",Wire Transfer,INCOMING WIRE
txn0001991,191-231-2353,05/25/2025,"($2,162.92)",ACH Debit,Vendor Payment
TXN0000021,703-524-1032,03/02/2025,"($37,339.34)",Wire Transfer,Incoming Wire
TXN0005143,979-187-8926,05/08/2025,"($42,264.55)",Wire Transfer,Outgoing Wire
 TXN0001260,841-406-8600,01/31/2025,"($36,759.59)",ACH Debit,Vendor Payment
TXN0004695,649-277-4444,19-May-2025,"($34,559.81)",Wire Transfer,Incoming Wire
TXN0002904,830-133-1812,25-Jun-2025,"($7,577.17)",Wire Transfer,Incoming Wire
TXN0001719,464-902-8280,24-Jan-2025,"($29,863.87)",Wire Transfer,Outgoing Wire
TXN0005708,416-528-0287,18-Feb-2025,"($42,725.18)",ATM Withdrawal,ATM Cash Withdrawal
TXN0003381,775-245-6986,04/29/2025,"$17,571.10",Internal Transfer,ACCOUNT TRANSFER
TXN0002256, 599-722-2105 ,03/13/2025,"($9,336.51)",ACH Debit,VENDOR PAYMENT
 TXN0004281,843-891-9610,03/09/2025,"($23,602.25)",ACH Debit,Vendor Payment
TXN0000753, 908-930-4785 ,10-Jan-2025,"($39,909.63)",ACH Debit,Vendor Payment
TXN0005995,328-318-2364,01/31/2025,"$32,111.44",Check Deposit,Check Deposit
TXN0004752,857-331-9933,06/03/2025,"($4,591.93)",Internal Transfer,Account Transfer
TXN0001056,778-171-4683,12-Jun-2025,"$29,620.03",ACH Credit,PAYROLL DEPOSIT
TXN0005749,795-732-9925,03/08/2025,"($30,683.23)",Internal Transfer,Account Transfer
TXN0004751,450-098-0561,06/29/2025,"($30,402.23)",ACH Debit,Vendor Payment
TXN0003740,233-969-1845,04/06/2025,"($1,722.95)",ATM Withdrawal,ATM Cash Withdrawal
txn0003217,315-237-2105,05/20/2025,"($24,329.64)",Wire Transfer,INCOMING WIRE
txn0003583,699-116-1171,18-Feb-2025,"$44,431.63",ACH Credit,PAYROLL DEPOSIT
txn0003226,158-919-4705,05/01/2025,"($12,813.61)",Wire Transfer,Outgoing Wire
TXN0002573,565-136-5254,05/27/2025,"($29,198.55)",ATM Withdrawal,ATM Cash Withdrawal
TXN0002695,736-936-8469,28-Feb-2025,"($16,551.59)",Debit Card,POS Purchase
TXN0002568,691-431-4991,04/30/2025,"($38,618.33)",Wire Transfer,OUTGOING WIRE
 TXN0004859,259-777-3594,01/21/2025,"($28,735.29)",Internal Transfer,Account Transfer
TXN0004361,294-527-4692,29-Jan-2025,"$40,709.96",Check Deposit,Check Deposit
TXN0001873,296-526-5251,04/11/2025,"$1,872.82",Check Deposit,Check Deposit
TXN0000408,585-299-9316,26-May-2025,"($20,061.13)",Debit Card,POS PURCHASE
txn0005490,401-108-3696,20-Mar-2025,"$7,515.59",Check Deposit,Check Deposit
TXN0003549,720-942-6895,26-Jan-2025,"$21,856.06",ACH Credit,PAYROLL DEPOSIT
 TXN0005669,947-300-2488,04/30/2025,"($25,098.94)",Internal Transfer,Account Transfer
 TXN0000931,186-384-4914,06-Jan-2025,"($30,233.35)",ACH Debit,Vendor Payment
TXN0001741,275-062-1148,04-Mar-2025,"($27,454.89)",Debit Card,POS Purchase
TXN0001893,999-736-3328,03/26/2025,"($32,384.76)",Internal Transfer,Account Transfer
txn0002059,670-420-4095,15-Mar-2025,"($41,747.34)",ATM Withdrawal,ATM Cash Withdrawal
 txn0002002,897-792-7109,11-Feb-2025,"$19,589.62",Internal Transfer,ACCOUNT TRANSFER
TXN0002625,571-167-7081,10-Mar-2025,"$30,558.66",Check Deposit,CHECK DEPOSIT
TXN0003349,146-527-0500,03/07/2025,"($39,813.42)",Wire Transfer,Outgoing Wire
TXN0004947,367-437-0502,12-Jun-2025,"$3,452.67",Check Deposit,CHECK DEPOSIT
TXN0004097,616-666-8291,03/14/2025,"($11,789.44)",Wire Transfer,Incoming Wire
TXN0001707,472-956-6098,03/17/2025,"$39,381.77",Check Deposit,Check Deposit
TXN0002951,649-861-1637,05/23/2025,"($9,471.16)",Debit Card,POS Purchase
TXN0000224,539-037-4998,01/11/2025,"$1,457.69",Check Deposit,Check Deposit
TXN0000158,553-569-2734,03/31/2025,"($23,240.68)",Wire Transfer,Outgoing Wire
TXN0003831,911-565-1798,24-Jun-2025,"$22,652.36",Internal Transfer,Account Transfer
TXN0001677,414-511-2261,02-Mar-2025,"($1,057.34)",Wire Transfer,OUTGOING WIRE
TXN0001403,316-220-5033,06/23/2025,"($13,888.09)",ATM Withdrawal,ATM CASH WITHDRAWAL
TXN0002270,447-640-8717,16-Mar-2025,"($31,388.35)",ACH Debit,VENDOR PAYMENT
TXN0001118,504-725-5669,06-Mar-2025,"($36,916.48)",Debit Card,POS PURCHASE
TXN0004181,953-901-4598,13-Apr-2025,"$37,567.69",Check Deposit,CHECK DEPOSIT
TXN0001517, 128-680-3819 ,02/19/2025,"$26,466.59",Check Deposit,Check Deposit
TXN0000689,386-362-2696,22-Jan-2025,"$7,981.14",ACH Credit,PAYROLL DEPOSIT
TXN0002011,679-934-4306,25-May-2025,"$28,122.80",Check Deposit,CHECK DEPOSIT
TXN0001860,121-436-7887,28-May-2025,"$35,021.96",Check Deposit,Check Deposit
TXN0005849,441-175-4150,04/21/2025,"($20,252.20)",Debit Card,POS Purchase
 txn0001444,136-644-2526,24-May-2025,"($8,053.62)",Wire Transfer,Incoming Wire
TXN0000855,774-791-4756,16-Mar-2025,"($8,577.32)",ACH Debit,Vendor Payment
TXN0003585,991-492-9260,12-Feb-2025,"$35,684.19",Internal Transfer,Account Transfer
TXN0005080,102-388-3218,29-May-2025,"($30,824.02)",Wire Transfer,Incoming Wire
TXN0000905, 254-101-5399 ,01/10/2025,"$2,024.91",ACH Credit,Payroll Deposit
TXN0001439,503-604-1500,05/28/2025,"($22,110.24)",Wire Transfer,Incoming Wire
txn0004973,153-538-7055,06/28/2025,"$9,092.04",ACH Credit,PAYROLL DEPOSIT
TXN0005172,401-899-5294,06/10/2025,"$15,067.45",ACH Credit,Payroll Deposit
 TXN0003788,239-158-0815,05/18/2025,"($6,311.03)",ATM Withdrawal,ATM CASH WITHDRAWAL
TXN0001733,353-298-1418,01/12/2025,"$26,842.72",ACH Credit,Payroll Deposit
 TXN0004494,944-173-5035,19-Feb-2025,"($14,384.49)",Debit Card,POS Purchase
TXN0002042,641-720-8248,02-Feb-2025,"$34,089.34",ACH Credit,PAYROLL DEPOSIT
TXN0004376,360-595-3817,19-Jun-2025,"($12,103.48)",Wire Transfer,Incoming Wire
 TXN0004115,513-531-3418,06/23/2025,"$7,650.13",ACH Credit,Payroll Deposit
TXN0002574,172-624-6020,06/03/2025,"($16,026.32)",Wire Transfer,Incoming Wire
TXN0001131,466-337-7774,06/13/2025,"$36,544.71",ACH Credit,Payroll Deposit
TXN0004462,130-880-1419,11-Apr-2025,"$40,717.96",ACH Credit,Payroll Deposit
TXN0001903,120-500-2651,03/13/2025,"($32,338.49)",ATM Withdrawal,ATM Cash Withdrawal
TXN0004337,817-097-0552,10-Jun-2025,"($26,976.36)",ACH Debit,Vendor Payment
TXN0003307,241-685-5960,05/26/2025,"($29,664.16)",Wire Transfer,INCOMING WIRE
 FEE00027,816-931-6490,03/07/2025,($19.90),Service Charge,Monthly Maintenance Fee
TXN0003766,253-628-4807,06/23/2025,"($6,702.58)",Wire Transfer,Outgoing Wire
TXN0002453,623-965-3821,05/14/2025,"$3,443.96",Check Deposit,Check Deposit
TXN0001219,100-441-3702,03/22/2025,"($31,891.08)",Debit Card,POS Purchase
txn0000929,369-343-6596,01/01/2025,"($9,525.03)",ACH Debit,Vendor Payment
 txn0002740,459-609-9484,04/25/2025,"$19,457.44",ATM Withdrawal,ATM CASH WITHDRAWAL
TXN0002479,404-904-4358,06/05/2025,"$38,976.03",Check Deposit,Check Deposit
TXN0003806,905-381-2908,05/29/2025,"($23,719.20)",Debit Card,POS Purchase
TXN0002661,200-042-8152,17-Jan-2025,"($4,543.82)",Wire Transfer,Incoming Wire
txn0000078,413-438-8896,09-Mar-2025,"($25,379.04)",Wire Transfer,INCOMING WIRE
TXN0003264,801-070-9149,05/18/2025,"($3,606.17)",Wire Transfer,Outgoing Wire
TXN0000222,654-980-9089,03/21/2025,$754.96,Check Deposit,Check Deposit
TXN0002975,959-244-1365,20-Feb-2025,"$4,736.16",ACH Credit,Payroll Deposit
TXN0004513,730-235-4883,04/18/2025,"$2,339.22",Check Deposit,CHECK DEPOSIT
TXN0000227,983-015-0556,03/04/2025,"($33,512.61)",Wire Transfer,Outgoing Wire
TXN0005477,271-973-8801,04/06/2025,"($22,007.61)",ATM Withdrawal,ATM Cash Withdrawal
TXN0002035,759-426-3357,25-Apr-2025,"($9,803.00)",Debit Card,POS Purchase
TXN0000220,350-469-6123,06-May-2025,"($26,717.83)",ACH Debit,Vendor Payment
TXN0000637,817-856-5894,14-Jan-2025,"($42,228.18)",Wire Transfer,Incoming Wire
TXN0001582,909-996-8683,24-Jan-2025,"$32,504.98",Internal Transfer,ACCOUNT TRANSFER
TXN0005124,372-728-6172,15-Mar-2025,"($25,213.97)",Wire Transfer,Incoming Wire
 TXN0004046, 487-429-0017 ,05/05/2025,"($6,781.85)",ACH Debit,VENDOR PAYMENT
TXN0000724, 441-428-8768 ,28-Jan-2025,($547.24),Internal Transfer,Account Transfer
TXN0001605,268-054-2483,13-Jun-2025,"($9,019.50)",Debit Card,POS PURCHASE
TXN0004318,120-791-1445,05/21/2025,"($16,679.46)",ACH Debit,VENDOR PAYMENT
TXN0003636,738-731-9762,04-Feb-2025,"($13,310.69)",Wire Transfer,Incoming Wire
TXN0002073,481-600-4823,06/20/2025,"($40,279.43)",Debit Card,POS Purchase
TXN0005225,388-553-2298,17-Mar-2025,"($17,330.39)",ACH Debit,Vendor Payment
TXN0002631,724-194-5193,05/06/2025,"$27,953.98",ACH Credit,PAYROLL DEPOSIT
txn0000793,117-972-0360,07-Jan-2025,"$25,079.34",Internal Transfer,ACCOUNT TRANSFER
TXN0002218,107-460-6573,12-Apr-2025,"($21,168.55)",Debit Card,POS Purchase
TXN0004221, 956-271-8246 ,04/18/2025,"($26,824.30)",Wire Transfer,Outgoing Wire
fee00008,664-064-0204,02/16/2025,($19.97),Service Charge,Monthly Maintenance Fee
FEE00033,767-849-0533,01/03/2025,$6.51,Interest Payment,Interest Credit
TXN0004226,667-496-0148,04-Mar-2025,"$13,524.81",ACH Credit,Payroll Deposit
TXN0004526,765-431-3197,06/08/2025,"($28,591.98)",Debit Card,POS Purchase
TXN0002701, 294-580-5452 ,12-Apr-2025,"($23,475.70)",ATM Withdrawal,ATM CASH WITHDRAWAL
TXN0000635,190-008-0915,02/03/2025,"($16,972.57)",Internal Transfer,ACCOUNT TRANSFER
TXN0000555,517-082-9519,01/03/2025,"($8,876.51)",Internal Transfer,Account Transfer
TXN0004633,134-319-9049,05/18/2025,"$13,833.26",ACH Credit,PAYROLL DEPOSIT
TXN0001525,148-543-8439,08-Jan-2025,"($18,045.68)",Wire Transfer,Incoming Wire
TXN0000826,859-691-3424,05/29/2025,"$26,731.03",Check Deposit,CHECK DEPOSIT
 TXN0004667,971-594-0775,23-Feb-2025,"$32,688.13",Internal Transfer,ACCOUNT TRANSFER
TXN0003250,494-792-9430,04/10/2025,"($28,955.14)",Wire Transfer,Outgoing Wire
TXN0000921,707-208-8816,01/23/2025,"($33,972.73)",ATM Withdrawal,ATM Cash Withdrawal
 TXN0004448,676-269-8691,22-May-2025,"($13,986.50)",ACH Debit,Vendor Payment
TXN0003698,883-068-9019,04/27/2025,($281.42),Wire Transfer,Outgoing Wire
TXN0000572,220-702-1957,04/29/2025,"($4,122.83)",Wire Transfer,Incoming Wire
TXN0004703,949-045-0656,06/08/2025,"$35,047.34",ACH Credit,Payroll Deposit
TXN0003445,827-835-8576,01/01/2025,"($2,037.63)",Wire Transfer,OUTGOING WIRE
FEE00093,741-024-6115,13-Jun-2025,($67.60),Service Charge,Overdraft Fee
 TXN0002645,474-649-5400,21-Jun-2025,"($23,108.86)",Wire Transfer,Outgoing Wire
TXN0002397,894-382-4671,06/03/2025,"$3,950.46",ACH Credit,PAYROLL DEPOSIT
TXN0001157,861-411-4066,26-Apr-2025,"($3,584.02)",Wire Transfer,Outgoing Wire
TXN0004715,285-575-1378,28-Jun-2025,"($34,763.15)",Wire Transfer,Outgoing Wire
 TXN0002958,483-501-8428,06/09/2025,"($5,364.09)",ACH Debit,Vendor Payment
TXN0002306,584-468-0285,04/21/2025,"($2,499.49)",Wire Transfer,Outgoing Wire
TXN0002820,574-373-2625,06/21/2025,$863.54,Check Deposit,Check Deposit
TXN0005133,221-634-0670,17-Feb-2025,"($6,046.12)",Wire Transfer,Incoming Wire
TXN0000595,598-276-9533,25-Apr-2025,"($26,254.70)",Wire Transfer,INCOMING WIRE
TXN0001825,776-734-7599,28-Feb-2025,"($32,278.58)",ATM Withdrawal,ATM CASH WITHDRAWAL
TXN0005785,164-706-3878,14-Jun-2025,"$11,625.56",Internal Transfer,Account Transfer
TXN0000457, 849-482-2473 ,03/19/2025,"($22,905.61)",Debit Card,POS Purchase
TXN0005297, 545-342-1689 ,05/20/2025,"($44,737.52)",ATM Withdrawal,ATM Cash Withdrawal
txn0001880,792-827-4352,04-Jan-2025,"($38,154.14)",ACH Debit,VENDOR PAYMENT
TXN0004575,693-921-2033,03/26/2025,"$24,590.16",ACH Credit,PAYROLL DEPOSIT
txn0002411, 989-544-7872 ,02-Apr-2025,"$38,961.46",Internal Transfer,ACCOUNT TRANSFER
TXN0004800,557-457-9694,01/31/2025,"($11,798.69)",ATM Withdrawal,ATM Cash Withdrawal
TXN0000030,675-388-5253,04/18/2025,"$4,909.90",Internal Transfer,ACCOUNT TRANSFER
txn0004071,251-858-8462,27-Jan-2025,"$41,316.69",ACH Credit,PAYROLL DEPOSIT
TXN0004083,440-561-8757,01/07/2025,"$17,694.15",ACH Credit,Payroll Deposit
TXN0002174, 490-657-8638 ,03/30/2025,"$44,246.14",Debit Card,POS Purchase
TXN0004735,924-661-5289,12-Jan-2025,"($20,122.83)",Debit Card,POS PURCHASE
txn0005987,116-295-1492,01/19/2025,"($40,080.84)",ATM Withdrawal,ATM Cash Withdrawal
TXN0005670,741-993-1635,02-Jan-2025,"$12,247.49",ACH Credit,Payroll Deposit
TXN0003138,543-667-5441,09-Feb-2025,"$27,037.43",Check Deposit,Check Deposit
txn0005587,137-012-5496,16-Jun-2025,"$38,588.40",Check Deposit,Check Deposit
txn0001393,105-232-4525,05/20/2025,"($41,075.80)",Wire Transfer,Incoming Wire
 TXN0004137,913-446-3463,04/07/2025,"($29,699.96)",Wire Transfer,Outgoing Wire
TXN0002972,678-419-0075,16-Feb-2025,"$18,987.07",Check Deposit,Check Deposit
TXN0001515,538-187-0932,03/24/2025,"($32,780.83)",Debit Card,POS Purchase
TXN0000846, 321-857-6931 ,02/23/2025,($310.55),Wire Transfer,INCOMING WIRE
TXN0004931,475-818-6292,02/24/2025,"($30,592.57)",Debit Card,POS Purchase
TXN0002686,975-915-4673,06/26/2025,"$17,602.96",ACH Credit,PAYROLL DEPOSIT
TXN0004506,392-995-8735,01/02/2025,"($33,604.93)",Wire Transfer,INCOMING WIRE
TXN0002639,951-580-6205,05/05/2025,"($14,771.43)",Internal Transfer,ACCOUNT TRANSFER
 TXN0001347,910-705-1468,06/20/2025,"($28,014.08)",Wire Transfer,Outgoing Wire
TXN0002304, 978-678-4957 ,04/19/2025,"($19,983.75)",Wire Transfer,INCOMING WIRE
txn0000264,883-922-5191,11-Feb-2025,"($33,553.65)",ACH Debit,Vendor Payment
TXN0003163,930-325-2586,01/29/2025,"($29,803.86)",ACH Debit,VENDOR PAYMENT
txn0004339,907-577-1511,03-Feb-2025,"$30,419.10",Check Deposit,Check Deposit
 txn0001006,763-920-5953,05-May-2025,"($26,928.94)",Debit Card,POS PURCHASE
TXN0001978,120-916-7825,06/05/2025,"($36,571.35)",ACH Debit,Vendor Payment
txn0004916,731-658-0191,22-May-2025,"$15,612.88",Check Deposit,Check Deposit
TXN0000822,380-356-2022,01/18/2025,"($5,072.76)",Wire Transfer,Outgoing Wire
TXN0001155,137-325-5978,02/22/2025,"$38,630.14",Check Deposit,Check Deposit
TXN0001862,608-988-4957,06/26/2025,"($13,793.60)",Wire Transfer,Outgoing Wire
txn0000208,292-578-5443,04/22/2025,"($9,231.69)",Debit Card,POS Purchase
TXN0000563,207-767-4123,01/30/2025,$728.88,Check Deposit,CHECK DEPOSIT
TXN0004102,317-932-3098,06-Jan-2025,"$12,948.40",ACH Credit,Payroll Deposit
TXN0005948,267-548-9547,26-Apr-2025,"$35,586.12",Internal Transfer,ACCOUNT TRANSFER
TXN0003553,684-869-1758,03-Mar-2025,"($39,593.91)",Debit Card,POS Purchase
TXN0004784,340-443-7248,03/18/2025,"($15,874.38)",Internal Transfer,Account Transfer
TXN0004643,340-220-4743,25-Jun-2025,"($18,874.08)",Internal Transfer,Account Transfer
 TXN0001285,127-717-4456,04/22/2025,"($33,878.98)",Wire Transfer,Outgoing Wire
TXN0002459, 953-142-5799 ,04/05/2025,"$32,909.19",Wire Transfer,Outgoing Wire
txn0004894,471-245-1596,25-Jan-2025,"($22,043.33)",Wire Transfer,Incoming Wire
txn0003807,416-791-4820,06/19/2025,"($14,887.66)",ATM Withdrawal,ATM Cash Withdrawal
 TXN0002164,740-247-4299,02/03/2025,"$24,419.04",ATM Withdrawal,ATM Cash Withdrawal
TXN0001693,402-041-6934,06/24/2025,"($9,949.67)",ATM Withdrawal,ATM Cash Withdrawal
TXN0001435,271-346-6332,06/10/2025,"($27,424.64)",Wire Transfer,Outgoing Wire
TXN0002957,712-837-6192,29-May-2025,"($24,243.62)",ACH Debit,Vendor Payment
txn0000985,908-467-9996,13-Mar-2025,"($6,640.82)",Wire Transfer,Incoming Wire
TXN0004057,336-977-6401,04/02/2025,"$19,335.86",ACH Credit,Payroll Deposit
TXN0003833,283-890-7907,11-Apr-2025,"($26,421.69)",ACH Debit,VENDOR PAYMENT
txn0003061,445-869-0408,22-May-2025,"($24,222.22)",Wire Transfer,INCOMING WIRE
TXN0002761,113-161-2648,02/05/2025,"($10,210.62)",ACH Debit,Vendor Payment
TXN0000646,994-877-5432,04/29/2025,"($36,578.17)",ACH Debit,VENDOR PAYMENT
TXN0001343,438-050-8599,24-Jan-2025,"($35,925.19)",Internal Transfer,Account Transfer
TXN0003511,652-018-4498,01/14/2025,"($3,390.99)",Wire Transfer,OUTGOING WIRE
TXN0005994,886-208-0299,06/06/2025,($463.29),ATM Withdrawal,ATM Cash Withdrawal
TXN0005997,863-279-3782,10-Mar-2025,"$24,827.51",ACH Credit,Payroll Deposit
TXN0004787,209-358-7451,26-Mar-2025,"($38,279.95)",ATM Withdrawal,ATM CASH WITHDRAWAL
TXN0001392,364-667-4389,01/08/2025,"($4,884.18)",Wire Transfer,Outgoing Wire
 TXN0001551,365-744-0532,03/12/2025,"($8,097.08)",ACH Debit,Vendor Payment
TXN0001341,148-401-8964,24-Mar-2025,"($30,098.98)",Wire Transfer,INCOMING WIRE
TXN0003035,612-227-5593,04-May-2025,"$40,276.82",Check Deposit,Check Deposit
TXN0004986,772-985-5583,05/09/2025,"$18,701.27",ACH Credit,Payroll Deposit
 TXN0005398,143-519-8039,03/19/2025,"($36,313.45)",Wire Transfer,Incoming Wire
TXN0001568,979-743-9201,08-Apr-2025,"($19,347.59)",ACH Debit,Vendor Payment
TXN0003022,827-839-3260,03/17/2025,"($20,933.79)",ATM Withdrawal,ATM Cash Withdrawal
TXN0004686,290-350-0602,04/09/2025,"$10,313.44",ACH Credit,Payroll Deposit
TXN0004687,785-078-7253,02/16/2025,"($35,710.79)",Internal Transfer,Account Transfer
TXN0001330,328-701-0953,10-May-2025,"($43,048.94)",ACH Debit,VENDOR PAYMENT
TXN0001028,887-296-7650,05/25/2025,"($8,406.72)",Wire Transfer,INCOMING WIRE
TXN0000223,812-714-7400,10-May-2025,"($17,565.43)",Wire Transfer,INCOMING WIRE
TXN0001461,769-459-6703,01/28/2025,"($39,508.32)",Internal Transfer,Account Transfer
TXN0003612,376-999-2422,05/07/2025,"($26,578.38)",ACH Debit,VENDOR PAYMENT
 TXN0000464,285-218-7046,18-May-2025,"($38,636.76)",Wire Transfer,Incoming Wire
txn0000531,743-644-2944,04/10/2025,"$41,233.49",ACH Credit,Payroll Deposit
TXN0004349,796-587-6802,04/27/2025,"($40,152.39)",ACH Debit,Vendor Payment
txn0005097,467-023-7008,31-May-2025,"($27,853.42)",Wire Transfer,INCOMING WIRE
txn0002799,280-083-7783,05/19/2025,"($25,010.48)",Debit Card,POS Purchase
TXN0000768,636-947-5067,04-Feb-2025,"($9,320.47)",Wire Transfer,OUTGOING WIRE
TXN0004265,605-711-8844,06/20/2025,"$1,986.27",Internal Transfer,Account Transfer
TXN0003208,610-005-8552,04/18/2025,"($26,167.69)",Debit Card,POS Purchase
TXN0001702,497-586-2395,22-May-2025,"($4,906.35)",Wire Transfer,INCOMING WIRE
txn0005388,739-284-2908,31-Jan-2025,"$20,695.61",Check Deposit,Check Deposit
TXN0000480,599-304-9598,12-Jun-2025,"$8,492.78",Check Deposit,Check Deposit
TXN0001887, 647-868-2259 ,04/02/2025,"($34,052.58)",ACH Debit,Vendor Payment
txn0004435,321-731-0735,05/09/2025,"($1,442.69)",Wire Transfer,INCOMING WIRE
TXN0001485,754-972-6064,10-May-2025,"($20,136.11)",Wire Transfer,INCOMING WIRE
TXN0005304,546-333-6395,06/08/2025,"($10,613.00)",Debit Card,POS PURCHASE
txn0001559,162-102-7923,19-May-2025,"($20,641.06)",ACH Debit,Vendor Payment
TXN0005527,327-982-4501,06/28/2025,"$31,456.65",Check Deposit,CHECK DEPOSIT
TXN0002598,610-869-8513,01/09/2025,"$36,803.97",ACH Credit,Payroll Deposit
txn0005680, 228-985-4145 ,06/05/2025,$655.58,ACH Credit,Payroll Deposit
TXN0004416,524-768-6472,06/19/2025,"$8,667.68",ACH Credit,PAYROLL DEPOSIT
TXN0003252,620-678-4692,11-Jun-2025,"($25,799.09)",Debit Card,POS Purchase
txn0000591,107-485-8817,14-Mar-2025,"$1,718.64",Check Deposit,CHECK DEPOSIT
 txn0002403,466-094-1141,03/25/2025,"$13,182.06",Internal Transfer,Account Transfer
txn0005355,546-841-5257,16-May-2025,"($19,326.12)",ATM Withdrawal,ATM Cash Withdrawal
TXN0003251,969-649-7525,26-Jun-2025,"$21,171.96",Debit Card,POS PURCHASE
TXN0000693,683-855-2407,02/13/2025,"$43,465.63",Internal Transfer,Account Transfer
TXN0003879,983-262-3144,04/16/2025,"($29,763.71)",Wire Transfer,Outgoing Wire
TXN0003554, 920-194-8225 ,04/14/2025,"$21,192.22",Debit Card,POS PURCHASE
txn0004734,731-714-9939,22-Apr-2025,"($19,150.14)",ACH Debit,Vendor Payment
TXN0001400,905-811-0635,04/22/2025,"($12,505.97)",ACH Debit,Vendor Payment
TXN0001018,995-522-4036,19-Jun-2025,"($4,517.05)",Wire Transfer,Incoming Wire
TXN0004396,131-454-1499,01/27/2025,"($3,245.35)",ACH Debit,Vendor Payment
TXN0004253,523-725-3262,29-Mar-2025,"($34,117.75)",ATM Withdrawal,ATM Cash Withdrawal
TXN0002368,879-057-7839,22-Mar-2025,"$20,911.76",ACH Credit,Payroll Deposit
TXN0004184,529-924-7333,01/03/2025,"($43,310.64)",Wire Transfer,INCOMING WIRE
TXN0001581,192-736-3077,06/29/2025,"($12,036.00)",ACH Debit,Vendor Payment
TXN0005342,115-827-7434,05/02/2025,"$7,504.25",ACH Credit,Payroll Deposit
TXN0002855,446-737-6665,05-Apr-2025,"($3,756.30)",Wire Transfer,Outgoing Wire
txn0000797,186-543-2287,02/04/2025,"$41,667.23",ACH Credit,Payroll Deposit
 TXN0003787,505-400-1154,06/25/2025,"($23,575.40)",Internal Transfer,Account Transfer
TXN0003884,367-652-8163,05/18/2025,"($16,064.00)",ATM Withdrawal,ATM Cash Withdrawal
TXN0003791,461-577-2912,03/30/2025,"$37,065.78",ACH Credit,Payroll Deposit
TXN0002708,106-093-0751,16-Mar-2025,"$39,331.92",Internal Transfer,Account Transfer
FEE00017,358-012-8490,27-May-2025,($44.10),Service Charge,Wire Fee
txn0002247,335-440-7847,04/19/2025,"($3,893.99)",ACH Debit,Vendor Payment
TXN0003347,533-377-7087,02/16/2025,"$28,537.83",Check Deposit,CHECK DEPOSIT
TXN0004941,677-893-0490,04/11/2025,"($27,281.88)",Wire Transfer,Incoming Wire
TXN0000556,952-983-1125,08-Jan-2025,"($43,589.98)",Internal Transfer,Account Transfer
TXN0001998,859-583-4995,25-Jun-2025,"($38,776.02)",Wire Transfer,INCOMING WIRE
TXN0002100,942-951-0128,03/17/2025,"($42,844.52)",Wire Transfer,Incoming Wire
txn0004758,278-860-6423,04/09/2025,"($40,147.71)",Wire Transfer,OUTGOING WIRE
TXN0001069,794-847-8070,06/27/2025,"($15,874.78)",Internal Transfer,Account Transfer
TXN0004557,186-948-9555,05/02/2025,"($11,986.26)",Debit Card,POS Purchase
TXN0004470,773-440-0924,02-May-2025,"($4,134.22)",Debit Card,POS PURCHASE
TXN0003631,968-072-5487,28-Jun-2025,"($7,796.31)",Debit Card,POS Purchase
TXN0003811,382-086-2048,06/22/2025,"$1,495.09",Check Deposit,Check Deposit
txn0000721,931-142-0949,03-Feb-2025,"($19,104.79)",ATM Withdrawal,ATM Cash Withdrawal
TXN0002094,183-787-1786,05-Apr-2025,"($4,185.83)",Wire Transfer,INCOMING WIRE
TXN0001852,535-502-3227,27-Jan-2025,"($36,814.80)",ATM Withdrawal,ATM Cash Withdrawal
txn0003478,612-742-4980,01-Feb-2025,"$10,840.84",ACH Credit,PAYROLL DEPOSIT
TXN0000824, 965-592-0433 ,06/04/2025,"($1,664.60)",Wire Transfer,INCOMING WIRE
TXN0003114,128-911-5644,04/13/2025,"($24,157.91)",Debit Card,POS Purchase
TXN0000340,430-571-9318,06/12/2025,"$20,726.49",Check Deposit,CHECK DEPOSIT
txn0003189, 416-429-3886 ,04/01/2025,"($34,446.97)",ACH Debit,Vendor Payment
TXN0000535,506-037-8729,09-Mar-2025,"$30,775.47",ACH Credit,Payroll Deposit
TXN0004346,222-692-1510,09-Jan-2025,"$5,386.74",Check Deposit,CHECK DEPOSIT
 TXN0001767,263-550-9958,01/08/2025,"($44,921.79)",Wire Transfer,OUTGOING WIRE
TXN0000958,516-384-8250,03/29/2025,"($35,873.36)",Wire Transfer,Incoming Wire
TXN0005155,513-464-7785,06/21/2025,"($4,530.16)",ACH Debit,Vendor Payment
txn0002985,137-643-9394,01/02/2025,"$34,864.24",Check Deposit,CHECK DEPOSIT
 TXN0001797,813-737-2223,28-Feb-2025,"($24,509.03)",ATM Withdrawal,ATM Cash Withdrawal
TXN0000614, 294-347-6525 ,19-May-2025,"$42,952.46",ACH Credit,Payroll Deposit
TXN0005704,479-862-7511,01/19/2025,"$21,761.43",ACH Debit,Vendor Payment
TXN0001853,318-703-0584,01/20/2025,"($20,326.68)",Debit Card,POS Purchase
txn0000546,116-930-7209,05/01/2025,"$19,026.71",ACH Credit,PAYROLL DEPOSIT
TXN0004009, 329-071-6950 ,02/18/2025,"($13,429.43)",Internal Transfer,Account Transfer
TXN0003509,281-237-0698,17-Apr-2025,"($10,448.27)",ATM Withdrawal,ATM Cash Withdrawal
TXN0004923,383-270-3087,16-Jan-2025,"$16,473.97",Internal Transfer,Account Transfer
TXN0003211, 267-788-2917 ,03/23/2025,"$43,532.11",Check Deposit,Check Deposit
 TXN0001448, 802-730-7858 ,05-Apr-2025,"($19,377.56)",Debit Card,POS Purchase
txn0005660,208-136-5767,02/18/2025,"($39,658.87)",ACH Debit,Vendor Payment
TXN0005036,660-204-1147,06/08/2025,"$41,775.84",Check Deposit,Check Deposit
TXN0004663,834-662-4263,01/06/2025,"($22,848.69)",Wire Transfer,Outgoing Wire
TXN0004397,297-651-6815,05/04/2025,"$3,903.60",ACH Credit,Payroll Deposit
TXN0002744,401-621-0271,04/18/2025,"$2,017.76",Check Deposit,Check Deposit
TXN0001697,645-563-6637,27-Jan-2025,"$31,858.74",ACH Credit,Payroll Deposit
TXN0001975,561-341-1907,04/27/2025,"($18,279.57)",ACH Debit,Vendor Payment
TXN0001038,345-911-4294,08-May-2025,"$5,394.61",ACH Credit,Payroll Deposit
TXN0000643,995-992-5071,06/05/2025,"$38,644.19",Check Deposit,Check Deposit
TXN0000657,189-884-5699,07-May-2025,"($11,383.74)",ATM Withdrawal,ATM Cash Withdrawal
TXN0004999,952-679-5316,29-Apr-2025,"$36,889.80",ACH Credit,Payroll Deposit
TXN0004912,358-521-3812,06/11/2025,"($33,726.89)",Wire Transfer,Incoming Wire
TXN0003993, 440-115-5006 ,17-Mar-2025,"$28,555.65",ACH Credit,Payroll Deposit
 TXN0004312,885-679-5045,05/03/2025,"($26,615.67)",Wire Transfer,OUTGOING WIRE
TXN0001236,501-181-2849,03/12/2025,"($26,215.55)",ACH Debit,Vendor Payment
txn0000818,498-290-7261,05/09/2025,"$20,540.98",Internal Transfer,ACCOUNT TRANSFER
TXN0004925,135-372-4463,18-Jan-2025,"($13,188.32)",Debit Card,POS PURCHASE
TXN0002620, 523-459-9620 ,01/19/2025,"($35,017.10)",Wire Transfer,Incoming Wire
txn0004287,641-200-9941,04/10/2025,"$13,566.20",Internal Transfer,Account Transfer
TXN0004487,170-338-2792,25-Jan-2025,($645.32),Debit Card,POS PURCHASE
TXN0001891,809-404-0413,03-Jan-2025,"($34,054.23)",Wire Transfer,OUTGOING WIRE
TXN0002558, 555-033-1363 ,22-Jun-2025,"($18,706.62)",Wire Transfer,OUTGOING WIRE
txn0003197,850-073-7116,06/01/2025,"($40,238.80)",Wire Transfer,Outgoing Wire
TXN0000270, 258-350-8930 ,25-Jun-2025,"$2,673.42",Check Deposit,CHECK DEPOSIT
TXN0005353,496-608-9106,24-Apr-2025,"$17,859.47",Wire Transfer,Incoming Wire
txn0004039,825-528-4190,12-Feb-2025,"($20,633.15)",ACH Debit,VENDOR PAYMENT
TXN0003270,816-197-2082,05/14/2025,"($30,767.25)",Internal Transfer,Account Transfer
TXN0002920,509-107-0138,11-Jan-2025,($522.85),ACH Debit,Vendor Payment
 txn0003149,535-875-8098,04/27/2025,"($39,825.88)",Wire Transfer,Incoming Wire
TXN0003542,921-912-1085,04-May-2025,"($29,323.97)",ATM Withdrawal,ATM Cash Withdrawal
TXN0001532,292-118-1337,02/07/2025,"($19,849.72)",Debit Card,POS Purchase
txn0004655,447-647-9966,02-Jun-2025,"($23,232.46)",Wire Transfer,Outgoing Wire
TXN0000782,946-915-0013,06/02/2025,"($40,017.96)",ACH Debit,Vendor Payment
TXN0005898,993-669-5337,06/17/2025,"($7,718.81)",Wire Transfer,Outgoing Wire
TXN0002466,456-508-9875,08-Jun-2025,"$40,421.21",ACH Credit,Payroll Deposit
TXN0003730,852-773-8547,04/19/2025,$926.53,Check Deposit,Check Deposit
TXN0003633,483-594-9168,01/05/2025,"($35,479.04)",Wire Transfer,Outgoing Wire
TXN0005764,930-233-8555,18-May-2025,"($37,955.18)",ATM Withdrawal,ATM Cash Withdrawal
TXN0004845,606-940-3731,03/04/2025,"($14,913.07)",ATM Withdrawal,ATM Cash Withdrawal
TXN0000012,107-118-8213,01/16/2025,"$20,070.61",Check Deposit,Check Deposit
TXN0004283,137-946-0069,04/07/2025,"($16,159.52)",Wire Transfer,Outgoing Wire
TXN0004041,524-949-0821,03/16/2025,"($23,646.24)",ACH Debit,VENDOR PAYMENT
TXN0002359,695-839-7358,03/07/2025,"$35,252.35",Check Deposit,Check Deposit
TXN0004351,150-979-2268,14-May-2025,"$29,673.98",Internal Transfer,Account Transfer
TXN0004790,328-946-5400,31-May-2025,"($11,501.57)",ACH Debit,VENDOR PAYMENT
txn0003640,716-106-6752,22-Mar-2025,"($15,231.17)",Wire Transfer,Outgoing Wire
TXN0003345,953-478-6779,02-Apr-2025,"$14,265.46",ACH Credit,PAYROLL DEPOSIT
TXN0000098,665-130-2886,30-Jun-2025,"$31,446.90",Internal Transfer,Account Transfer
TXN0003969,471-895-8880,02/25/2025,"$37,166.67",ACH Credit,PAYROLL DEPOSIT
TXN0003652,185-305-6662,16-May-2025,"($42,489.56)",Wire Transfer,INCOMING WIRE
txn0000951,195-949-1984,11-Mar-2025,"$42,014.18",Check Deposit,Check Deposit
TXN0001150,210-625-2515,01/16/2025,"($3,494.96)",ATM Withdrawal,ATM Cash Withdrawal
TXN0005197,743-686-3408,04/30/2025,"($17,103.82)",Debit Card,POS Purchase
TXN0001751,216-908-1193,27-May-2025,"$37,532.20",Check Deposit,Check Deposit
TXN0001417,179-566-2675,04/09/2025,"($1,450.35)",ATM Withdrawal,ATM CASH WITHDRAWAL
TXN0000580,111-711-8944,02/18/2025,"$19,357.59",Debit Card,POS PURCHASE
TXN0001926,881-852-7604,03/25/2025,"($11,827.98)",Debit Card,POS Purchase
TXN0004675, 158-450-4050 ,03/19/2025,"($27,957.83)",Wire Transfer,INCOMING WIRE
TXN0005101,975-538-0972,01/13/2025,"($42,654.62)",Wire Transfer,INCOMING WIRE
TXN0001184,458-199-6957,23-Jun-2025,"$23,806.89",Internal Transfer,ACCOUNT TRANSFER
TXN0000004, 224-141-7136 ,01/28/2025,"($4,879.01)",ACH Debit,Vendor Payment
TXN0005396,730-039-3837,02/14/2025,"($15,638.40)",Wire Transfer,INCOMING WIRE
TXN0001319,333-754-9553,05/25/2025,"($23,628.67)",Wire Transfer,Outgoing Wire
TXN0002196,698-889-2064,02/28/2025,"($3,848.14)",Wire Transfer,INCOMING WIRE
TXN0000993,153-600-7886,04/23/2025,"($29,071.57)",Wire Transfer,Outgoing Wire
TXN0000290,711-156-8410,06/25/2025,"$27,984.26",ACH Credit,Payroll Deposit
txn0000950,708-628-7693,05/27/2025,"$11,363.91",Check Deposit,Check Deposit
TXN0002025,541-379-4218,04/26/2025,"($33,788.47)",Wire Transfer,Outgoing Wire
 txn0004200,760-630-1420,17-Jan-2025,"($17,923.39)",Debit Card,POS PURCHASE
TXN0000508,399-392-7352,23-Jan-2025,"($1,197.35)",Wire Transfer,Outgoing Wire
TXN0005885,230-550-4087,05/19/2025,"($44,516.32)",ATM Withdrawal,ATM CASH WITHDRAWAL
TXN0003714, 396-580-1609 ,01/09/2025,"$9,643.04",ACH Credit,Payroll Deposit
TXN0001676,713-313-8620,30-Jan-2025,"($8,325.40)",Internal Transfer,Account Transfer
TXN0003942,696-474-1609,01/23/2025,"$30,394.41",ACH Credit,Payroll Deposit
TXN0005265,788-611-1980,04/12/2025,"($16,551.10)",Debit Card,POS Purchase
TXN0002884,106-392-9959,05-Jun-2025,"$2,029.47",ACH Credit,Payroll Deposit
TXN0002581,867-953-0080,25-Jun-2025,"$33,469.03",Internal Transfer,Account Transfer
TXN0004885,441-422-0946,05/24/2025,"$13,474.25",Internal Transfer,Account Transfer
TXN0004481,574-510-7994,22-Jan-2025,"($26,563.41)",ATM Withdrawal,ATM Cash Withdrawal
TXN0004188,197-760-2728,02/26/2025,"($1,133.54)",Wire Transfer,OUTGOING WIRE
TXN0002847,542-298-6676,02/02/2025,"($30,958.53)",Debit Card,POS Purchase
TXN0000511,890-713-4759,05/14/2025,"$23,403.27",Check Deposit,Check Deposit
TXN0002330,686-636-0953,28-Jan-2025,($236.66),ATM Withdrawal,ATM Cash Withdrawal
 TXN0002705,740-948-6456,21-Jan-2025,"($14,901.50)",ACH Debit,Vendor Payment
 TXN0003290,248-074-9051,05/05/2025,"($40,453.87)",Debit Card,POS Purchase
TXN0005261,769-564-5161,01-Jun-2025,"$34,123.26",Internal Transfer,ACCOUNT TRANSFER
txn0001249,988-094-2518,04/23/2025,"$21,885.46",Internal Transfer,Account Transfer
TXN0000594,290-039-1039,19-Feb-2025,"($31,837.77)",ATM Withdrawal,ATM Cash Withdrawal
TXN0000772, 330-170-0553 ,06/23/2025,"$9,792.48",Check Deposit,Check Deposit
TXN0002569,474-857-8177,03/19/2025,"($28,751.60)",ATM Withdrawal,ATM Cash Withdrawal
TXN0001982,393-853-7077,05/21/2025,"($13,432.90)",Debit Card,POS Purchase
txn0003173,659-258-0420,03/15/2025,"($24,505.24)",Debit Card,POS Purchase
txn0001821,256-916-5049,12-May-2025,"($27,775.84)",Debit Card,POS Purchase
TXN0001222,240-514-3423,01/20/2025,"($39,557.43)",ATM Withdrawal,ATM CASH WITHDRAWAL
FEE00051,853-661-2314,01/26/2025,($43.26),Service Charge,NSF Fee
TXN0001048,328-716-2516,01/28/2025,"($11,500.24)",Wire Transfer,Incoming Wire
TXN0004812, 963-511-0218 ,03/25/2025,"$27,891.05",ACH Credit,Payroll Deposit
 TXN0000357,333-811-9093,02/13/2025,"$21,502.09",Check Deposit,Check Deposit
TXN0000728,276-994-3364,01/21/2025,"($28,826.14)",ACH Debit,Vendor Payment
TXN0002750,229-959-5513,03/25/2025,"($5,132.35)",Wire Transfer,Incoming Wire
txn0001257,198-331-1706,01-Mar-2025,"($28,098.39)",Internal Transfer,ACCOUNT TRANSFER
TXN0004008,889-175-8128,05/23/2025,"($32,807.11)",Wire Transfer,Outgoing Wire
TXN0005351,137-673-6377,26-Jun-2025,"($31,901.18)",ACH Debit,Vendor Payment
txn0002324,102-961-3059,06-Jun-2025,"($26,043.48)",Wire Transfer,INCOMING WIRE
TXN0000060,815-857-8455,04/29/2025,"$37,526.40",ACH Credit,Payroll Deposit
 txn0000876,931-666-9975,02-Jun-2025,"($3,834.38)",ACH Debit,VENDOR PAYMENT
TXN0002693,615-832-9598,06/15/2025,"$2,854.05",Internal Transfer,ACCOUNT TRANSFER
TXN0005136,695-938-9967,05/21/2025,"($33,402.59)",ACH Debit,Vendor Payment
FEE00076,123-576-0184,01/04/2025,($19.74),Service Charge,Monthly Maintenance Fee
TXN0005386, 725-434-1807 ,03/13/2025,"$6,494.95",Check Deposit,Check Deposit
TXN0004903,449-400-5297,05-Mar-2025,"$29,322.55",ACH Credit,PAYROLL DEPOSIT
TXN0001214,338-099-7687,02/20/2025,"$11,683.93",ACH Debit,Vendor Payment
TXN0005665,589-018-1013,01/27/2025,($145.39),Internal Transfer,Account Transfer
 TXN0000859,885-177-5869,05/14/2025,"($42,609.36)",Debit Card,POS Purchase
TXN0001843,202-639-9285,02/02/2025,"$11,922.43",ACH Credit,Payroll Deposit
TXN0002844,766-522-9028,05/05/2025,"($42,880.13)",ACH Debit,Vendor Payment
txn0000137,502-737-2775,03/08/2025,"($23,034.31)",ACH Debit,VENDOR PAYMENT
TXN0003774,377-255-6738,06/06/2025,"$41,585.49",ACH Credit,Payroll Deposit
TXN0001570,111-580-4907,03/25/2025,"$24,735.22",Internal Transfer,ACCOUNT TRANSFER
TXN0004862,331-159-2640,01/09/2025,"$15,642.96",Check Deposit,Check Deposit
TXN0005856,785-920-8063,07-Apr-2025,"($10,449.37)",Wire Transfer,OUTGOING WIRE
txn0003038, 630-622-2401 ,01/17/2025,"$15,180.21",Check Deposit,CHECK DEPOSIT
txn0005064,658-326-4808,19-Mar-2025,"($28,683.93)",Internal Transfer,ACCOUNT TRANSFER
TXN0004207,150-725-6216,18-Jan-2025,"($39,965.35)",Wire Transfer,INCOMING WIRE
TXN0000465,959-989-4045,03-Feb-2025,"$29,289.56",Check Deposit,Check Deposit
TXN0004933,115-273-0028,19-Feb-2025,"($34,154.35)",ACH Debit,VENDOR PAYMENT
TXN0000927,700-494-0926,20-May-2025,($512.29),Wire Transfer,Incoming Wire
TXN0001452,188-250-6053,11-Feb-2025,"($44,761.70)",Wire Transfer,Outgoing Wire
TXN0001414,116-702-7640,06-Feb-2025,"($17,476.44)",Wire Transfer,Outgoing Wire
TXN0005728,835-131-9026,13-Apr-2025,"$43,270.75",Internal Transfer,Account Transfer
 FEE00136,137-106-8795,01/26/2025,$44.82,Interest Payment,Interest Credit
FEE00106,187-046-2165,01/25/2025,($21.62),Service Charge,Monthly Maintenance Fee
TXN0000534,355-417-6434,01/04/2025,"$12,779.22",ACH Credit,Payroll Deposit
 TXN0003084,405-938-0611,06/28/2025,"($4,573.27)",Wire Transfer,Incoming Wire
txn0001974,585-144-1102,06/29/2025,"($31,046.30)",ACH Debit,Vendor Payment
 TXN0001207,241-365-1666,04/10/2025,"$41,409.30",ACH Credit,Payroll Deposit
TXN0003819, 961-188-8419 ,02/17/2025,($480.15),Wire Transfer,Incoming Wire
TXN0004182,224-158-1621,05/13/2025,"($39,969.18)",Wire Transfer,INCOMING WIRE
txn0003326,760-368-4636,04-Jan-2025,"$32,083.55",ACH Credit,PAYROLL DEPOSIT
TXN0005144,872-961-5709,02/01/2025,"($19,756.55)",Wire Transfer,INCOMING WIRE
TXN0001864,754-516-9187,15-Apr-2025,"($33,422.30)",ACH Debit,VENDOR PAYMENT
TXN0000956,473-018-3001,06/04/2025,"$22,630.94",Check Deposit,Check Deposit
FEE00111,153-678-3358,01/05/2025,($49.35),Service Charge,Monthly Maintenance Fee
TXN0004975,229-552-4771,02/01/2025,"$44,253.52",Wire Transfer,Outgoing Wire
TXN0005358,436-396-9488,22-Mar-2025,"($18,888.03)",Debit Card,POS Purchase
TXN0001713,265-519-3953,09-Apr-2025,"($39,911.12)",Wire Transfer,INCOMING WIRE
TXN0000765,785-438-1656,05/02/2025,"($16,702.27)",Debit Card,POS Purchase
TXN0001066,360-692-0396,03/25/2025,"($32,944.67)",ACH Debit,Vendor Payment
TXN0003532,789-128-7473,10-Apr-2025,"($36,477.24)",Internal Transfer,Account Transfer
TXN0005623,307-262-7097,04/29/2025,"$43,982.29",Check Deposit,Check Deposit
TXN0001183,686-996-9535,25-May-2025,"($26,966.47)",Internal Transfer,ACCOUNT TRANSFER
TXN0005773,455-300-2286,04/20/2025,"($35,450.80)",Wire Transfer,Outgoing Wire
TXN0000221,767-316-8973,03/24/2025,"$31,305.06",ACH Credit,PAYROLL DEPOSIT
TXN0005735,261-604-1293,02-Jan-2025,"($32,120.55)",ATM Withdrawal,ATM Cash Withdrawal
TXN0003723,672-054-0014,09-Jan-2025,"($15,625.57)",Internal Transfer,ACCOUNT TRANSFER
TXN0000190,792-506-6834,03/27/2025,"($20,728.81)",ATM Withdrawal,ATM Cash Withdrawal
 TXN0005988,732-691-7367,18-Jun-2025,"($3,627.36)",ACH Debit,VENDOR PAYMENT
TXN0002709,671-688-4892,02/01/2025,"($8,226.68)",ATM Withdrawal,ATM CASH WITHDRAWAL
 TXN0000485,228-901-1870,03/07/2025,"$31,992.80",Wire Transfer,Incoming Wire
 txn0003119, 701-040-4553 ,03/08/2025,"$39,881.15",Check Deposit,CHECK DEPOSIT
TXN0004839,135-760-6254,03/18/2025,"($27,737.75)",Internal Transfer,ACCOUNT TRANSFER
 TXN0001351,614-918-5776,10-Feb-2025,"($40,939.25)",Wire Transfer,INCOMING WIRE
TXN0001022,439-055-7419,24-Mar-2025,"$7,164.65",Internal Transfer,Account Transfer
FEE00067,713-193-9644,02/11/2025,($28.45),Service Charge,Monthly Maintenance Fee
TXN0005618,618-664-7012,04/29/2025,"$14,481.34",Check Deposit,Check Deposit
TXN0005975,127-408-7081,10-Mar-2025,"($28,540.98)",Wire Transfer,Incoming Wire
 TXN0003909,537-685-3891,25-Jun-2025,"$23,004.51",ACH Credit,Payroll Deposit
TXN0003060,392-889-0346,05/22/2025,"$25,155.76",ACH Credit,Payroll Deposit
TXN0001116,102-899-4884,04/06/2025,"$6,253.89",Check Deposit,Check Deposit
txn0002206,775-769-1240,06/05/2025,"$37,113.26",Check Deposit,Check Deposit
TXN0002803,750-795-9163,03/31/2025,"($42,141.34)",Wire Transfer,Outgoing Wire
TXN0002243,856-347-3721,01/07/2025,"($25,102.33)",ATM Withdrawal,ATM Cash Withdrawal
TXN0004084,894-639-8339,04/27/2025,"$37,166.69",ATM Withdrawal,ATM CASH WITHDRAWAL
TXN0004980,132-433-9829,04/21/2025,"$29,185.09",Internal Transfer,Account Transfer
 TXN0000046,980-536-2475,20-Apr-2025,"($40,752.15)",Debit Card,POS Purchase
TXN0002018,443-374-3864,05/29/2025,"($23,887.47)",Debit Card,POS PURCHASE
 TXN0001746,609-801-8232,06/18/2025,"$1,570.95",ACH Credit,Payroll Deposit
TXN0000418,904-331-3552,06/17/2025,"($26,979.52)",Wire Transfer,Incoming Wire
TXN0004831,821-390-6079,06-Mar-2025,"($3,152.69)",Internal Transfer,ACCOUNT TRANSFER
TXN0000769,717-970-3597,05/19/2025,"($20,416.28)",Wire Transfer,Incoming Wire
TXN0000692,116-462-7519,02/20/2025,"($30,674.53)",ACH Debit,Vendor Payment
 TXN0005344,921-682-5034,19-May-2025,"($40,900.33)",Wire Transfer,INCOMING WIRE
TXN0002560,691-809-1388,03/02/2025,"($14,194.64)",Debit Card,POS Purchase
TXN0004702, 605-862-0500 ,19-Jun-2025,"($4,853.00)",Wire Transfer,INCOMING WIRE
 TXN0003769,731-089-5398,19-Apr-2025,"($6,372.00)",Wire Transfer,Outgoing Wire
txn0005245,566-998-7241,04/22/2025,"($35,020.83)",Debit Card,POS PURCHASE
TXN0001138,748-804-8589,06/13/2025,"$30,504.24",Check Deposit,Check Deposit
TXN0001916,784-271-7461,08-Jun-2025,"$11,696.29",Check Deposit,CHECK DEPOSIT
txn0005977,655-061-6835,05/19/2025,"$17,224.37",Internal Transfer,ACCOUNT TRANSFER
 TXN0005175,598-215-5181,18-May-2025,($660.39),Internal Transfer,Account Transfer
TXN0004316,460-116-5095,19-May-2025,"($36,746.91)",Wire Transfer,Incoming Wire
TXN0000324,166-036-0418,16-Mar-2025,"($23,279.37)",Wire Transfer,OUTGOING WIRE
TXN0003123,951-633-7045,01/15/2025,"($14,749.87)",ACH Debit,Vendor Payment
txn0004472,571-637-8526,18-Jan-2025,"($22,494.68)",ATM Withdrawal,ATM Cash Withdrawal
TXN0000296,830-838-6286,02/02/2025,"($37,850.12)",Debit Card,POS PURCHASE
txn0003557,553-184-6396,16-May-2025,"($35,900.11)",ACH Debit,VENDOR PAYMENT
TXN0000303,153-585-8157,05/20/2025,"($11,955.28)",ATM Withdrawal,ATM Cash Withdrawal
TXN0003520,389-056-0188,06/11/2025,"$33,421.17",Internal Transfer,Account Transfer
TXN0004126,738-838-2575,23-Apr-2025,"($32,904.01)",Wire Transfer,Incoming Wire
TXN0002513,685-807-5646,06/02/2025,"$38,597.82",Check Deposit,Check Deposit
TXN0004261,539-807-6815,02/13/2025,"$2,568.01",ATM Withdrawal,ATM Cash Withdrawal
TXN0000280,315-302-5426,02-May-2025,"($18,478.70)",Wire Transfer,Outgoing Wire
TXN0003929,119-012-8932,02/16/2025,"($19,921.91)",Wire Transfer,Incoming Wire
TXN0005272,173-093-6839,03/11/2025,"($39,047.18)",Debit Card,POS Purchase
TXN0000539,521-676-4595,06/16/2025,"$43,556.47",ACH Credit,PAYROLL DEPOSIT
 TXN0003685,495-995-5237,23-May-2025,"$14,305.34",Internal Transfer,ACCOUNT TRANSFER
 FEE00011,935-692-5262,04-May-2025,($48.21),Service Charge,Monthly Maintenance Fee
 TXN0005278,508-896-7403,04/23/2025,"($11,149.32)",ACH Debit,Vendor Payment
TXN0000276,355-565-5200,18-May-2025,$363.33,ACH Credit,PAYROLL DEPOSIT
TXN0004934,389-042-9968,02/26/2025,"($15,219.44)",Internal Transfer,Account Transfer
TXN0003169,973-012-3702,02/02/2025,"($40,402.20)",Wire Transfer,OUTGOING WIRE
TXN0002224,355-793-4324,05-Apr-2025,"$1,187.08",ACH Credit,Payroll Deposit
TXN0003711,265-763-2930,03/14/2025,"$25,198.84",Check Deposit,Check Deposit
 txn0003522,786-453-4552,10-Jan-2025,"$42,678.40",Check Deposit,CHECK DEPOSIT
TXN0003591,751-140-2627,05/08/2025,"$32,771.85",Check Deposit,CHECK DEPOSIT
 TXN0002098,852-854-2995,06/14/2025,"($14,554.43)",Wire Transfer,Outgoing Wire
TXN0005106,225-698-7140,05/14/2025,"($4,903.02)",Wire Transfer,OUTGOING WIRE
TXN0001826,517-957-1707,03/23/2025,"($18,071.65)",Internal Transfer,ACCOUNT TRANSFER
TXN0003915,918-987-2960,19-May-2025,"($44,830.44)",Internal Transfer,Account Transfer
TXN0001409,586-637-2628,14-Mar-2025,"($34,919.03)",Debit Card,POS PURCHASE
TXN0003987,193-128-1755,01-Jun-2025,"$39,306.80",Internal Transfer,Account Transfer
TXN0000197,378-745-1517,04/11/2025,"$39,051.08",ACH Credit,Payroll Deposit
TXN0001745,535-143-1595,02/23/2025,"($36,502.82)",Wire Transfer,Incoming Wire
 TXN0005331,259-484-2695,06/11/2025,"$31,605.79",Check Deposit,CHECK DEPOSIT
txn0003242,266-399-5905,22-Jun-2025,"$42,038.28",ATM Withdrawal,ATM CASH WITHDRAWAL
TXN0003991,767-877-5839,06/27/2025,"($20,475.54)",Wire Transfer,Outgoing Wire
TXN0003158,896-915-1574,02/22/2025,"($4,558.72)",Internal Transfer,Account Transfer
TXN0002966,556-190-3047,03-Jan-2025,"$34,109.67",ACH Credit,PAYROLL DEPOSIT
txn0004478,491-086-9754,27-May-2025,"$37,582.86",Internal Transfer,Account Transfer
TXN0000758,896-096-4195,05/10/2025,"($15,020.13)",Wire Transfer,Outgoing Wire
TXN0002198,640-158-8289,06/07/2025,"($16,472.21)",Wire Transfer,Outgoing Wire
TXN0005861,877-343-1417,25-Jan-2025,"($17,347.69)",Internal Transfer,ACCOUNT TRANSFER
TXN0004138,953-810-8054,12-Jan-2025,"$33,018.98",Check Deposit,Check Deposit
TXN0001929,591-443-4820,05/12/2025,"$9,521.79",Internal Transfer,Account Transfer
TXN0002907,526-130-2396,02-Apr-2025,"($43,344.84)",ATM Withdrawal,ATM Cash Withdrawal
txn0000703,424-528-4970,06/09/2025,"($19,033.42)",ATM Withdrawal,ATM Cash Withdrawal
 TXN0002158,619-884-2832,02/12/2025,"($7,853.39)",ATM Withdrawal,ATM Cash Withdrawal
TXN0004479,696-497-4307,03/08/2025,"$42,836.15",ACH Credit,Payroll Deposit
 TXN0005156,400-004-3018,04/09/2025,"($19,562.60)",Wire Transfer,Incoming Wire
TXN0002183, 581-553-0592 ,14-Jan-2025,"$2,104.44",Internal Transfer,Account Transfer
 TXN0005237,278-753-8263,06/22/2025,"($16,840.31)",ATM Withdrawal,ATM CASH WITHDRAWAL
 TXN0003423,723-196-6507,06/28/2025,"$15,917.69",ACH Credit,PAYROLL DEPOSIT
 TXN0003908,872-806-3195,18-Jan-2025,"($44,061.16)",Wire Transfer,OUTGOING WIRE
 TXN0000058,281-567-6086,03/12/2025,"$15,058.73",Check Deposit,Check Deposit
TXN0001969,497-079-7851,02/04/2025,"($21,189.69)",ATM Withdrawal,ATM Cash Withdrawal
TXN0005561,110-948-8697,17-Jan-2025,"($23,956.15)",Internal Transfer,ACCOUNT TRANSFER
TXN0001280,801-438-9879,02-Jan-2025,"($24,310.72)",Debit Card,POS Purchase
TXN0005496,138-276-5614,09-Apr-2025,"($6,386.74)",Debit Card,POS Purchase
 TXN0001774,629-191-5238,21-Jun-2025,"($41,847.45)",Wire Transfer,OUTGOING WIRE
TXN0003934,379-312-7639,03/02/2025,"($30,759.45)",ATM Withdrawal,ATM Cash Withdrawal
TXN0004103,521-915-6071,07-Jan-2025,"($19,420.33)",Internal Transfer,Account Transfer
TXN0004777,752-863-1744,06/04/2025,"($6,918.84)",Wire Transfer,Incoming Wire
txn0001208, 860-372-0043 ,10-Feb-2025,"($36,784.47)",Wire Transfer,Outgoing Wire
TXN0001027,176-530-6509,01/12/2025,$401.79,Wire Transfer,OUTGOING WIRE
TXN0000029,341-749-4046,01/17/2025,"($31,102.13)",Internal Transfer,Account Transfer
TXN0005532,729-610-8288,03/12/2025,"$11,348.64",Internal Transfer,ACCOUNT TRANSFER
FEE00132,437-076-3119,24-Apr-2025,($68.41),Service Charge,Overdraft Fee
TXN0001813,770-226-6200,04/11/2025,"$44,266.80",Wire Transfer,Outgoing Wire
TXN0000499,574-813-4603,15-Feb-2025,"($9,544.83)",Wire Transfer,OUTGOING WIRE
TXN0004344,445-377-7298,01/14/2025,"$11,368.24",Internal Transfer,ACCOUNT TRANSFER
TXN0005893,128-925-5389,03-Apr-2025,"$29,824.10",Check Deposit,Check Deposit
TXN0005291,533-740-8709,06/03/2025,"$26,902.40",ACH Credit,Payroll Deposit
txn0005763,321-522-4993,03/25/2025,"$39,498.23",Check Deposit,Check Deposit
txn0002177,730-003-7175,11-Jun-2025,"$15,650.40",ACH Credit,Payroll Deposit
TXN0001348,468-613-0590,16-Jan-2025,"$29,102.75",ATM Withdrawal,ATM Cash Withdrawal
FEE00098,558-687-5141,14-Jun-2025,($16.95),Service Charge,NSF Fee
 TXN0004943,181-959-3614,01/31/2025,"$22,162.26",ACH Credit,Payroll Deposit
TXN0002143, 927-939-1499 ,02/23/2025,"($30,998.51)",ACH Debit,VENDOR PAYMENT
txn0002678, 583-015-4588 ,03/17/2025,"($44,255.16)",ATM Withdrawal,ATM CASH WITHDRAWAL
TXN0003692,202-583-1633,01/10/2025,"$11,065.32",Check Deposit,Check Deposit
TXN0003866,494-716-3850,30-Jan-2025,"($6,512.00)",ATM Withdrawal,ATM Cash Withdrawal
TXN0001808,580-449-5060,16-Mar-2025,"($44,623.46)",Internal Transfer,Account Transfer
TXN0004892,784-549-6335,05/08/2025,"($29,975.16)",ATM Withdrawal,ATM Cash Withdrawal
txn0005314,146-278-5935,25-Mar-2025,"($26,951.54)",ACH Debit,Vendor Payment
TXN0005325,451-184-7825,04-Apr-2025,"$4,193.55",Check Deposit,Check Deposit
TXN0003789,461-791-4726,16-Mar-2025,"$29,046.47",ACH Credit,Payroll Deposit
TXN0002817,107-470-8676,02/16/2025,"($31,502.76)",Debit Card,POS PURCHASE
TXN0002715,839-524-0991,05/20/2025,"($33,187.56)",Debit Card,POS Purchase
TXN0000187, 786-193-7989 ,30-Apr-2025,"($38,074.12)",Debit Card,POS Purchase
TXN0001252, 361-520-4986 ,02/08/2025,"$44,557.24",Check Deposit,CHECK DEPOSIT
 FEE00112,132-691-8384,06/11/2025,$44.24,Interest Payment,Interest Credit
txn0002421,717-942-5519,05/25/2025,"($28,027.11)",ACH Debit,VENDOR PAYMENT
TXN0005795,855-793-8667,02/04/2025,"$31,200.29",Internal Transfer,Account Transfer
txn0000544,227-263-7408,14-Mar-2025,"$3,251.23",Check Deposit,CHECK DEPOSIT
TXN0001198,685-341-3751,04/18/2025,"($31,225.43)",Wire Transfer,OUTGOING WIRE
TXN0005706,158-247-7663,13-May-2025,"($32,944.34)",ATM Withdrawal,ATM CASH WITHDRAWAL
TXN0000642,568-574-3966,03/28/2025,"($15,143.45)",Wire Transfer,Outgoing Wire
TXN0004374,944-761-6798,02/06/2025,"$21,028.37",ACH Debit,VENDOR PAYMENT
 TXN0005432,813-946-0187,04/07/2025,"$19,687.65",ACH Credit,Payroll Deposit
TXN0004135,289-874-9263,17-Apr-2025,"($11,414.04)",Debit Card,POS Purchase
TXN0001025,670-793-5116,12-Jan-2025,"($42,174.37)",Wire Transfer,INCOMING WIRE
TXN0002339, 547-422-1081 ,03/06/2025,"$7,025.71",Internal Transfer,Account Transfer
FEE00005,459-257-8149,04-Mar-2025,($8.50),Service Charge,Wire Fee
TXN0005336,698-591-6885,23-Jun-2025,"($10,695.89)",ATM Withdrawal,ATM Cash Withdrawal
TXN0003239,916-812-7750,16-Jan-2025,"($35,245.83)",Wire Transfer,OUTGOING WIRE
TXN0004370,811-089-0593,17-Jan-2025,"($33,921.91)",Wire Transfer,Outgoing Wire
TXN0002590,531-958-4830,03/22/2025,"($22,738.56)",ATM Withdrawal,ATM Cash Withdrawal
TXN0000853,351-206-1834,05/26/2025,"($34,509.83)",Wire Transfer,INCOMING WIRE
TXN0004063,984-221-0218,01/23/2025,"($40,303.39)",ATM Withdrawal,ATM Cash Withdrawal
TXN0001657,190-124-5678,07-Mar-2025,"($33,837.03)",Wire Transfer,Outgoing Wire
TXN0005467,760-193-9349,18-Apr-2025,"$18,927.80",ACH Credit,PAYROLL DEPOSIT
txn0000115,194-513-1253,24-May-2025,$182.28,ACH Credit,Payroll Deposit
TXN0004085,643-662-2069,06/17/2025,"($3,212.16)",Wire Transfer,Incoming Wire
txn0005568,443-086-3157,01/03/2025,"($5,779.97)",Wire Transfer,Outgoing Wire
TXN0003863,614-740-2856,02/24/2025,"($14,233.38)",Debit Card,POS Purchase
TXN0005022,153-944-6309,21-Mar-2025,"($29,089.70)",Wire Transfer,OUTGOING WIRE
 txn0003030,704-371-6166,03/08/2025,"($20,208.86)",Debit Card,POS PURCHASE
 TXN0002597,869-689-1704,05/23/2025,"$20,664.45",ACH Credit,PAYROLL DEPOSIT
TXN0001487,927-571-2600,22-Mar-2025,"($30,297.41)",Wire Transfer,INCOMING WIRE
TXN0005321,418-564-8181,01/09/2025,"$4,549.91",Check Deposit,CHECK DEPOSIT
TXN0003896,318-685-4947,07-May-2025,"$4,096.40",ACH Credit,Payroll Deposit
TXN0002415,170-442-5118,03/25/2025,"($17,641.00)",ATM Withdrawal,ATM Cash Withdrawal
TXN0001074,620-391-0402,02/10/2025,"$7,110.94",ACH Credit,PAYROLL DEPOSIT
txn0001760,704-953-3963,07-Jun-2025,"($21,338.80)",Wire Transfer,Incoming Wire
TXN0004259,357-258-0085,02/12/2025,"($2,258.20)",Debit Card,POS Purchase
txn0004502,230-353-2671,23-Jan-2025,"($5,632.97)",Debit Card,POS PURCHASE
TXN0005486,465-056-3247,06/29/2025,"($36,782.75)",ACH Debit,VENDOR PAYMENT
txn0005853,923-044-3877,05/30/2025,"($12,532.30)",ACH Debit,Vendor Payment
TXN0001279,648-779-6173,04/03/2025,"($30,092.17)",ATM Withdrawal,ATM CASH WITHDRAWAL
TXN0004818,416-790-1547,03/16/2025,$585.88,ATM Withdrawal,ATM CASH WITHDRAWAL
TXN0002424,939-689-6939,10-Mar-2025,"($21,664.68)",Debit Card,POS Purchase
TXN0000665,860-250-3943,04/02/2025,"($23,591.61)",Debit Card,POS Purchase
TXN0001976,861-333-6419,06/19/2025,"($39,005.02)",Wire Transfer,OUTGOING WIRE
txn0002626,264-459-8591,02/09/2025,"$11,161.70",Check Deposit,CHECK DEPOSIT
txn0005966,774-638-0923,01/03/2025,"$12,837.59",ACH Credit,Payroll Deposit
TXN0002438,876-204-6918,09-Feb-2025,"($30,276.95)",ACH Debit,Vendor Payment
TXN0000391,798-524-4492,02/14/2025,"$13,536.78",Check Deposit,Check Deposit
TXN0003724, 835-919-7591 ,02/05/2025,"($39,208.17)",Debit Card,POS PURCHASE
TXN0004170,579-118-6411,08-Apr-2025,"($42,060.68)",ACH Debit,Vendor Payment
TXN0003002,581-328-5590,20-Feb-2025,"$20,039.53",Check Deposit,Check Deposit
TXN0001258,810-446-4403,25-May-2025,"($10,464.64)",Wire Transfer,Outgoing Wire
TXN0004317,193-081-3765,05/08/2025,"($13,552.92)",ACH Debit,Vendor Payment
TXN0003900,123-708-1050,05/16/2025,"($28,418.27)",ATM Withdrawal,ATM Cash Withdrawal
txn0000597,596-205-9707,03/27/2025,"$22,266.28",Check Deposit,Check Deposit
TXN0000311,810-419-5518,09-Jun-2025,"($37,233.45)",ACH Debit,Vendor Payment
TXN0002846,783-159-0895,01/18/2025,"$32,922.55",Check Deposit,Check Deposit
txn0000516, 326-461-3983 ,23-Apr-2025,"($40,991.86)",Wire Transfer,OUTGOING WIRE
TXN0001718,661-480-8084,01/18/2025,"$17,256.85",ACH Debit,VENDOR PAYMENT
TXN0002401,441-397-9728,05/29/2025,"($1,664.86)",Wire Transfer,OUTGOING WIRE
txn0003836, 325-160-7425 ,03/26/2025,"($36,204.35)",Wire Transfer,Incoming Wire
TXN0003580,967-695-1183,29-Apr-2025,"($33,822.86)",ATM Withdrawal,ATM Cash Withdrawal
 TXN0003128,943-983-7853,06/25/2025,"$41,211.63",ACH Credit,PAYROLL DEPOSIT
TXN0002372,333-989-2837,28-Jun-2025,"($34,338.80)",ACH Debit,Vendor Payment
TXN0003450,205-770-2825,07-Feb-2025,"($44,025.15)",Debit Card,POS Purchase
TXN0000954,757-626-7931,06/28/2025,"($7,618.37)",ACH Debit,VENDOR PAYMENT
TXN0004572,397-146-3618,20-Feb-2025,"($10,180.18)",ATM Withdrawal,ATM CASH WITHDRAWAL
 TXN0005476,598-948-5009,06/06/2025,"($11,808.10)",ACH Debit,Vendor Payment
TXN0000849,743-271-5143,01/19/2025,"($28,471.86)",Internal Transfer,Account Transfer
TXN0005748,931-291-9705,30-Mar-2025,"$6,705.71",Internal Transfer,Account Transfer
TXN0003864,602-181-5121,30-Jun-2025,"($17,315.78)",ACH Debit,Vendor Payment
 TXN0003675,343-300-2210,02/05/2025,"($9,612.26)",Debit Card,POS PURCHASE
TXN0005723,105-193-4457,06/01/2025,"($43,436.29)",ACH Debit,Vendor Payment
TXN0005046,141-892-1665,01/11/2025,"($11,759.27)",Wire Transfer,Outgoing Wire
 txn0002217,846-535-0447,03-Jun-2025,"$43,330.91",ACH Credit,Payroll Deposit
TXN0002953, 883-628-1443 ,04/22/2025,"$27,723.11",Internal Transfer,Account Transfer
txn0001161, 895-851-6184 ,01/16/2025,"($5,452.99)",Wire Transfer,Incoming Wire
TXN0001914,322-768-9725,04/22/2025,"($44,672.57)",Internal Transfer,ACCOUNT TRANSFER
 TXN0004804,478-367-6211,06/08/2025,"$23,461.69",ATM Withdrawal,ATM Cash Withdrawal
txn0001047,607-636-1938,10-Feb-2025,"$41,717.56",ACH Credit,Payroll Deposit
 TXN0000815,440-519-7521,03/24/2025,"$31,840.36",ACH Credit,Payroll Deposit
TXN0000321,619-064-0713,07-May-2025,"$34,333.39",Check Deposit,Check Deposit
TXN0000128,480-733-4871,09-Mar-2025,"($34,514.51)",ACH Debit,Vendor Payment
TXN0004550,271-227-5157,30-Mar-2025,"($12,183.97)",Wire Transfer,Outgoing Wire
FEE00083,581-438-4448,01/27/2025,($49.55),Service Charge,Wire Fee
TXN0001968,933-490-6421,02/20/2025,"($42,708.06)",Wire Transfer,Incoming Wire
TXN0003160,522-684-8851,04/03/2025,"($12,263.00)",ATM Withdrawal,ATM Cash Withdrawal
TXN0003415,233-947-8295,06/02/2025,"($24,634.06)",Internal Transfer,ACCOUNT TRANSFER
TXN0004654, 799-117-7364 ,01-Jan-2025,"($27,965.77)",Wire Transfer,Outgoing Wire
TXN0003797,964-124-6923,04/22/2025,"($14,738.42)",ACH Debit,VENDOR PAYMENT
TXN0004393,544-174-1247,03/07/2025,"$28,539.41",Check Deposit,CHECK DEPOSIT
TXN0003544,471-001-6046,05/13/2025,"($25,366.52)",Internal Transfer,Account Transfer
txn0002444,478-198-5381,09-Jun-2025,"$29,201.02",ACH Credit,Payroll Deposit
TXN0000653,340-926-2628,04/22/2025,"($36,939.69)",Wire Transfer,OUTGOING WIRE
TXN0005204,764-994-3709,03/02/2025,"($20,745.31)",Wire Transfer,OUTGOING WIRE
TXN0000106,631-845-9013,06/02/2025,"$6,810.34",ACH Credit,Payroll Deposit
TXN0004186,832-063-0028,28-Feb-2025,"$31,137.47",Internal Transfer,Account Transfer
TXN0005236,423-086-4287,19-Mar-2025,"($16,385.95)",Wire Transfer,Outgoing Wire
TXN0001300,885-480-9082,01-Mar-2025,"($41,865.71)",ACH Debit,VENDOR PAYMENT
TXN0001211,719-107-7738,04/21/2025,"($15,757.36)",Wire Transfer,Outgoing Wire
TXN0004610,458-688-7105,08-Apr-2025,"$33,026.26",ACH Credit,Payroll Deposit
txn0001956,137-642-1069,05-Mar-2025,"($35,516.71)",ACH Debit,Vendor Payment
TXN0001478,573-539-9434,05-Jan-2025,"$19,368.69",Check Deposit,Check Deposit
TXN0000887,743-093-2066,14-Mar-2025,"($6,573.46)",Wire Transfer,Outgoing Wire
TXN0000805,528-920-9469,03-Jun-2025,"($36,162.77)",ACH Debit,VENDOR PAYMENT
 TXN0003271,947-787-0997,02-Jun-2025,"($30,847.95)",Internal Transfer,Account Transfer
txn0003372,974-702-4210,04/27/2025,"$14,662.57",ACH Credit,PAYROLL DEPOSIT
txn0001742, 643-205-8439 ,06/20/2025,"$25,338.05",Check Deposit,Check Deposit
TXN0000489,876-903-6542,06/25/2025,"($25,307.39)",Debit Card,POS Purchase
TXN0000932,196-193-2569,03/11/2025,"($39,387.60)",Debit Card,POS PURCHASE
 TXN0001653,219-277-2423,09-Jan-2025,"($39,114.27)",Internal Transfer,Account Transfer
TXN0002356,945-374-6487,19-Jan-2025,"($27,323.74)",Debit Card,POS Purchase
TXN0005359,559-776-6536,06/04/2025,"($4,991.59)",ATM Withdrawal,ATM Cash Withdrawal
 TXN0004483,843-113-6379,01/28/2025,"($17,833.85)",Wire Transfer,OUTGOING WIRE
TXN0003351,949-691-1787,20-Feb-2025,"($2,374.94)",ACH Debit,VENDOR PAYMENT
TXN0002140,503-197-0550,27-Feb-2025,"($24,408.89)",Wire Transfer,Incoming Wire
TXN0004497,117-641-9094,25-Feb-2025,"($12,318.33)",Wire Transfer,Incoming Wire
TXN0001495,588-029-9342,02-May-2025,"$24,329.49",Internal Transfer,ACCOUNT TRANSFER
 TXN0004846,794-654-6169,01/18/2025,"($5,218.68)",Internal Transfer,Account Transfer
TXN0002009,110-570-2808,01/13/2025,"($3,154.35)",Wire Transfer,Outgoing Wire
TXN0005598,735-882-6289,06/17/2025,"$16,635.09",ACH Credit,Payroll Deposit
TXN0003776,234-889-2450,01-Feb-2025,"($15,723.86)",Wire Transfer,INCOMING WIRE
TXN0004190,979-399-5559,18-Mar-2025,"($8,553.50)",Wire Transfer,Incoming Wire
TXN0003164,409-070-0054,04/08/2025,"($3,625.15)",ACH Debit,VENDOR PAYMENT
TXN0001021,416-311-2498,24-Apr-2025,"($16,933.63)",Wire Transfer,Incoming Wire
TXN0001244,764-809-4774,01/03/2025,"($39,127.77)",ATM Withdrawal,ATM Cash Withdrawal
TXN0005937,827-173-5963,04/03/2025,"$44,715.44",ACH Credit,Payroll Deposit
TXN0000831,209-155-1280,04/15/2025,"($17,641.10)",Internal Transfer,Account Transfer
TXN0004693,283-597-1286,28-Jan-2025,"($44,415.68)",Debit Card,POS Purchase
TXN0005999,760-736-4614,02/22/2025,"$22,606.49",Check Deposit,Check Deposit
TXN0005696,354-142-1599,06-Mar-2025,"($40,170.68)",Wire Transfer,Incoming Wire
TXN0004910,544-636-2479,03/13/2025,"($35,842.60)",ACH Debit,Vendor Payment
TXN0003877,201-026-5668,17-Feb-2025,"$11,422.71",Check Deposit,Check Deposit
TXN0004662,561-989-7084,03/14/2025,"($8,574.41)",Debit Card,POS PURCHASE
txn0002677,258-391-7287,08-Mar-2025,"($28,100.15)",ACH Debit,Vendor Payment
TXN0004968,149-047-4824,03/16/2025,"($22,718.38)",Internal Transfer,ACCOUNT TRANSFER
TXN0002226,731-225-8023,06/25/2025,"($44,917.81)",Debit Card,POS Purchase
 TXN0005886,505-821-7687,06/28/2025,"($11,334.52)",Internal Transfer,Account Transfer
TXN0002127,452-207-0356,05/25/2025,"($25,438.81)",Wire Transfer,Outgoing Wire
txn0004819,752-150-5277,29-Mar-2025,"$19,425.97",Internal Transfer,Account Transfer
TXN0005936,731-850-3723,05/14/2025,"($1,734.99)",Internal Transfer,Account Transfer
TXN0004567,622-603-3819,04-Feb-2025,"($21,616.08)",Wire Transfer,INCOMING WIRE
TXN0000794,578-032-2333,02/15/2025,"($35,492.77)",Wire Transfer,Outgoing Wire
 TXN0001665,454-507-2757,05/06/2025,"($11,341.83)",ATM Withdrawal,ATM Cash Withdrawal
TXN0000044,516-641-8641,05/07/2025,"($19,345.28)",Internal Transfer,ACCOUNT TRANSFER
TXN0001090,937-521-0730,22-Feb-2025,"($26,206.04)",Wire Transfer,Incoming Wire
TXN0002500,962-021-8421,11-Feb-2025,"$6,996.07",ACH Credit,PAYROLL DEPOSIT
 TXN0000830,940-478-9313,05/25/2025,"$5,683.72",Check Deposit,Check Deposit
TXN0000895,435-907-6788,01-Feb-2025,"($14,312.46)",Debit Card,POS Purchase
TXN0003573,428-292-8657,03/22/2025,"($32,845.20)",ACH Debit,Vendor Payment
TXN0004415,544-063-8990,02/12/2025,"($42,764.51)",Wire Transfer,OUTGOING WIRE
TXN0004155,171-830-4642,05-Jun-2025,"$11,711.19",Check Deposit,Check Deposit
 TXN0001754,821-838-6047,02/06/2025,"$41,250.35",ACH Credit,Payroll Deposit
txn0004457,475-770-7490,03/17/2025,"($26,341.27)",Wire Transfer,Outgoing Wire
TXN0001688,984-459-0779,02-Jan-2025,"($15,542.45)",Wire Transfer,Outgoing Wire
TXN0000498,549-202-2473,06/18/2025,($134.41),Wire Transfer,Outgoing Wire
TXN0005711,798-723-7377,17-May-2025,"$17,740.63",ACH Credit,Payroll Deposit
TXN0001577,870-858-4927,03/21/2025,"($35,581.96)",Wire Transfer,Outgoing Wire
TXN0000258,652-982-9040,26-May-2025,"$17,316.94",ACH Credit,Payroll Deposit
txn0003592,718-287-1563,03/03/2025,"$28,620.89",Internal Transfer,Account Transfer
TXN0004493,210-954-8995,29-Mar-2025,"$23,240.90",Check Deposit,Check Deposit
TXN0002760,828-676-9769,06/07/2025,"$7,877.29",ACH Credit,Payroll Deposit
 TXN0000314,653-854-8253,06/23/2025,"($39,173.04)",Wire Transfer,Incoming Wire
txn0005517, 579-056-9869 ,04/07/2025,"$24,664.61",ACH Credit,PAYROLL DEPOSIT
txn0002478,987-563-6972,05/09/2025,"($12,901.43)",ACH Debit,Vendor Payment
TXN0000566, 330-516-8891 ,06/30/2025,"$40,338.08",ACH Credit,PAYROLL DEPOSIT
TXN0003632,496-672-3835,03/06/2025,"($2,792.65)",ATM Withdrawal,ATM Cash Withdrawal
TXN0003873,775-579-3107,31-Jan-2025,"($44,758.01)",ACH Debit,VENDOR PAYMENT
TXN0004841,625-187-9960,03/28/2025,"$23,190.47",Check Deposit,Check Deposit
TXN0001552,941-414-1794,05-May-2025,"($33,822.79)",ATM Withdrawal,ATM Cash Withdrawal
txn0001999,916-473-7671,06/05/2025,"($16,504.07)",Wire Transfer,Outgoing Wire
TXN0002265,781-270-1871,01/03/2025,"$35,205.59",Wire Transfer,Incoming Wire
TXN0001897,440-085-9949,03/01/2025,"($28,216.08)",ACH Debit,Vendor Payment
TXN0003397,838-497-7809,01/17/2025,"($6,997.45)",Debit Card,POS Purchase
TXN0002010,371-008-2408,06/01/2025,"$2,136.76",ACH Credit,Payroll Deposit
TXN0005802,555-833-0619,27-Apr-2025,"($23,044.13)",Wire Transfer,OUTGOING WIRE
TXN0005844,540-939-8474,03/29/2025,"($10,603.76)",Wire Transfer,INCOMING WIRE
TXN0002462,862-147-8088,04/07/2025,"$34,174.41",Internal Transfer,ACCOUNT TRANSFER
TXN0001803, 105-620-9885 ,02/14/2025,"$13,895.07",ACH Credit,Payroll Deposit
txn0003564,576-781-8328,21-Feb-2025,"($16,007.98)",Wire Transfer,Outgoing Wire
TXN0000736,137-588-9495,01/14/2025,"($10,091.78)",Wire Transfer,INCOMING WIRE
TXN0005904,385-610-8785,04/16/2025,"($4,560.49)",Wire Transfer,INCOMING WIRE
txn0003514,818-631-5066,22-Jun-2025,"$5,078.63",ACH Credit,Payroll Deposit
TXN0000564,704-708-0765,07-Mar-2025,"$2,301.89",Check Deposit,Check Deposit
txn0002952,339-218-2185,01/07/2025,"($43,282.28)",Internal Transfer,Account Transfer
TXN0000049,683-765-0372,03-Mar-2025,"$28,498.70",Check Deposit,Check Deposit
TXN0003145,185-573-0213,06/28/2025,"$18,025.03",Wire Transfer,Outgoing Wire
FEE00032,135-762-4246,06/25/2025,($37.16),Service Charge,Overdraft Fee
TXN0005055,305-323-3646,01/04/2025,"$5,861.11",Internal Transfer,Account Transfer
TXN0000492,798-572-0971,02/14/2025,"$29,966.72",Check Deposit,CHECK DEPOSIT
TXN0004574,917-946-1553,22-Jan-2025,"$38,255.60",Internal Transfer,ACCOUNT TRANSFER
TXN0002965,105-861-4938,02/10/2025,"($28,629.44)",Debit Card,POS Purchase
TXN0002367,863-272-9318,02/05/2025,"($2,314.34)",ACH Debit,Vendor Payment
TXN0005712,720-832-9731,02-Feb-2025,"$15,061.53",ACH Credit,Payroll Deposit
TXN0003496,582-826-2628,02/17/2025,"($13,285.34)",Wire Transfer,INCOMING WIRE
TXN0001004,602-048-2290,02-Feb-2025,"($36,408.70)",ACH Debit,Vendor Payment
 TXN0003827,441-308-5453,05/20/2025,"($34,146.25)",Wire Transfer,OUTGOING WIRE
TXN0000491,176-017-6576,03/16/2025,"($40,180.64)",Wire Transfer,OUTGOING WIRE
TXN0003546,197-554-9890,04/27/2025,"($30,987.21)",Wire Transfer,Outgoing Wire
TXN0002654,923-680-8379,21-May-2025,"($4,867.77)",Wire Transfer,OUTGOING WIRE
TXN0004795,663-086-0230,15-Jun-2025,"($36,694.74)",ATM Withdrawal,ATM Cash Withdrawal
txn0004406,725-216-1309,02/20/2025,"$24,749.20",Check Deposit,Check Deposit
TXN0000041,815-581-7396,02/16/2025,"($18,290.76)",Debit Card,POS Purchase
TXN0000433,344-101-7533,02/22/2025,"($26,250.68)",ATM Withdrawal,ATM Cash Withdrawal
TXN0001054,812-084-3514,03/23/2025,"($20,956.11)",ACH Debit,Vendor Payment
TXN0000175,589-417-1503,05/23/2025,"($21,925.60)",Wire Transfer,INCOMING WIRE
TXN0005437,897-913-8023,09-Jan-2025,"($31,897.88)",Wire Transfer,INCOMING WIRE
TXN0003878,723-112-1814,06/14/2025,"$8,572.26",ACH Credit,PAYROLL DEPOSIT
TXN0001259,732-594-1347,02/11/2025,"($35,795.37)",ACH Debit,Vendor Payment
TXN0000379,934-177-6385,01/20/2025,"$36,849.73",ACH Credit,Payroll Deposit
TXN0005508,442-362-9656,13-May-2025,"($34,906.50)",ATM Withdrawal,ATM Cash Withdrawal
TXN0004767,592-505-3011,06-Jan-2025,"($31,950.54)",ATM Withdrawal,ATM Cash Withdrawal
TXN0005032,307-184-8669,27-Apr-2025,"$4,687.60",Check Deposit,CHECK DEPOSIT
TXN0002470,986-486-9953,06/27/2025,"($16,810.80)",ACH Debit,Vendor Payment
TXN0002361,728-952-1622,06/21/2025,"($25,071.56)",ATM Withdrawal,ATM Cash Withdrawal
FEE00039,582-223-6308,05/10/2025,($9.60),Service Charge,Overdraft Fee
TXN0000186,139-572-1769,06/23/2025,"($41,476.92)",Wire Transfer,Incoming Wire
FEE00028,880-672-8254,22-Jun-2025,$13.63,Interest Payment,Interest Credit
TXN0003227,420-138-6967,01/23/2025,"($37,452.36)",Internal Transfer,Account Transfer
TXN0002703,698-566-2839,05/29/2025,"($22,255.76)",Wire Transfer,OUTGOING WIRE
TXN0004122, 285-544-9732 ,01/03/2025,"($1,639.57)",Wire Transfer,Outgoing Wire
TXN0005195,255-384-8235,05/09/2025,"$7,383.32",Check Deposit,CHECK DEPOSIT
TXN0003999, 356-175-5019 ,10-Apr-2025,"($33,619.91)",Wire Transfer,Outgoing Wire
TXN0002672,733-271-1670,06-May-2025,"$33,147.26",Check Deposit,Check Deposit
TXN0000982,534-841-0751,01/25/2025,"($2,031.56)",Wire Transfer,Outgoing Wire
TXN0003657,247-483-0844,05/25/2025,"$32,004.73",Check Deposit,CHECK DEPOSIT
TXN0002496,900-004-6126,25-May-2025,"$33,135.06",Check Deposit,CHECK DEPOSIT
 TXN0003539, 642-233-8197 ,08-May-2025,"($10,329.06)",Debit Card,POS Purchase
TXN0003417,376-804-6703,03/05/2025,"($8,924.56)",ATM Withdrawal,ATM Cash Withdrawal
TXN0002283,737-450-0905,12-Feb-2025,"($18,567.57)",Debit Card,POS Purchase
TXN0002240,884-664-6664,02/09/2025,"$31,984.97",ACH Credit,Payroll Deposit
TXN0001689,414-598-0119,05/21/2025,"($22,274.71)",Wire Transfer,Incoming Wire
TXN0004950,614-807-0853,13-Jan-2025,"$20,585.70",Check Deposit,Check Deposit
TXN0000355,494-491-7833,02/05/2025,"$3,596.35",ACH Debit,VENDOR PAYMENT
TXN0002725,294-521-8890,05/10/2025,"($41,115.26)",ACH Debit,Vendor Payment
TXN0002384,824-804-1516,05/24/2025,"$41,340.86",Check Deposit,CHECK DEPOSIT
TXN0002580,174-217-9161,04/18/2025,($993.47),ACH Debit,Vendor Payment
TXN0005184,147-955-7848,06/21/2025,"$16,665.45",ACH Credit,Payroll Deposit
TXN0000893,398-608-8340,03/08/2025,"$1,358.85",Check Deposit,Check Deposit
TXN0000212,268-040-8680,03/06/2025,"($26,061.73)",Debit Card,POS Purchase
TXN0001524,374-637-6292,03/06/2025,"$13,231.45",ACH Credit,PAYROLL DEPOSIT
txn0000339,858-754-8482,05/10/2025,($910.77),ACH Debit,VENDOR PAYMENT
TXN0000680,866-658-2402,10-Mar-2025,"$26,093.48",Check Deposit,CHECK DEPOSIT
TXN0004562,718-421-9028,12-May-2025,"($23,090.13)",ATM Withdrawal,ATM CASH WITHDRAWAL
 TXN0004066,499-682-1846,25-Apr-2025,"($43,331.47)",Debit Card,POS Purchase
TXN0001528,492-735-9805,19-Jun-2025,"$2,184.87",ACH Credit,Payroll Deposit
TXN0005889,307-676-7813,01/29/2025,"$12,104.98",ACH Credit,Payroll Deposit
TXN0000422,337-164-8496,02/08/2025,$722.43,ACH Credit,Payroll Deposit
TXN0005186,241-522-9966,04-Apr-2025,"($1,625.25)",Debit Card,POS Purchase
TXN0004957,300-938-0193,03/25/2025,"($40,681.76)",Debit Card,POS Purchase
TXN0000481,494-328-3687,05-Jun-2025,"$19,969.02",Internal Transfer,Account Transfer
TXN0005474,853-869-2657,03/15/2025,"($38,731.82)",Wire Transfer,INCOMING WIRE
TXN0001496,171-177-2707,24-Mar-2025,"$1,373.50",Check Deposit,CHECK DEPOSIT
 TXN0001928,296-047-8682,02/03/2025,"($11,350.86)",Wire Transfer,OUTGOING WIRE
 TXN0003041,983-801-7653,04/08/2025,"($23,798.93)",ATM Withdrawal,ATM Cash Withdrawal
TXN0002891,839-138-5516,24-Jun-2025,"$39,955.48",Check Deposit,Check Deposit
TXN0004508,114-953-8125,22-Mar-2025,"($29,633.95)",ATM Withdrawal,ATM Cash Withdrawal
TXN0003292, 497-232-5425 ,01/26/2025,"$38,013.79",Wire Transfer,Incoming Wire
txn0005284,992-488-7330,06/16/2025,"($9,855.54)",Debit Card,POS Purchase
TXN0003395,777-081-5703,05/06/2025,"$32,280.03",ATM Withdrawal,ATM CASH WITHDRAWAL
txn0003001,863-205-3818,05/05/2025,"($1,201.80)",Wire Transfer,OUTGOING WIRE
TXN0005721,801-673-3830,18-Jan-2025,"($29,636.14)",Wire Transfer,Incoming Wire
TXN0000583,858-684-3107,06/21/2025,"$15,161.06",Check Deposit,Check Deposit
TXN0001939,415-456-5607,04/08/2025,"($33,775.32)",Wire Transfer,Outgoing Wire
TXN0001078,714-296-1244,05/06/2025,"($31,799.95)",ATM Withdrawal,ATM Cash Withdrawal
TXN0005169,140-767-2109,05/29/2025,"($29,304.07)",Internal Transfer,Account Transfer
 txn0004375,150-027-2473,03/25/2025,"($29,797.73)",Wire Transfer,Outgoing Wire
TXN0004580,149-621-6523,03/14/2025,"($17,380.62)",Wire Transfer,Incoming Wire
TXN0002712,285-982-5025,21-Jun-2025,"$1,991.03",Wire Transfer,INCOMING WIRE
TXN0005542,670-677-1420,20-Mar-2025,"$34,783.15",ACH Credit,PAYROLL DEPOSIT
TXN0002480,397-460-2272,30-Apr-2025,"$20,154.04",ACH Credit,Payroll Deposit
FEE00026,158-573-6774,07-Feb-2025,$10.29,Interest Payment,Interest Credit
 TXN0005863,714-055-9917,24-May-2025,"$23,594.18",Check Deposit,Check Deposit
TXN0002425,930-361-1908,03-Jan-2025,"$19,473.29",ACH Credit,Payroll Deposit
TXN0003859,519-902-7281,05/10/2025,"($32,396.99)",Debit Card,POS Purchase
TXN0004724,389-092-7977,06/13/2025,"($22,720.38)",Wire Transfer,Incoming Wire
txn0000789,239-691-6775,09-Mar-2025,"$19,555.93",Check Deposit,Check Deposit
 TXN0001076,869-860-0484,03/20/2025,"$23,413.73",ACH Credit,PAYROLL DEPOSIT
TXN0005584,788-235-1235,01/23/2025,"$29,349.03",ACH Credit,PAYROLL DEPOSIT
 TXN0004358,728-374-8879,30-Jan-2025,"($24,631.24)",Debit Card,POS PURCHASE
txn0004914,823-194-3583,04/03/2025,"($42,176.60)",Wire Transfer,INCOMING WIRE
TXN0004119,999-583-4781,03-Jan-2025,"($7,434.70)",Wire Transfer,Outgoing Wire
TXN0004838,538-304-5699,16-Jan-2025,"($11,801.29)",Wire Transfer,Outgoing Wire
txn0005335,922-325-6025,23-May-2025,"$14,383.99",Wire Transfer,Outgoing Wire
FEE00057,252-764-0106,02/05/2025,($9.83),Service Charge,Monthly Maintenance Fee
TXN0004089,590-423-0329,06-May-2025,"($20,503.07)",Wire Transfer,Outgoing Wire
TXN0001564,802-637-5182,04/27/2025,"$9,087.72",ACH Credit,Payroll Deposit
TXN0000938,121-335-4402,01/26/2025,"($1,492.90)",Wire Transfer,Incoming Wire
TXN0000505,489-208-3008,15-Jun-2025,"$36,259.31",Check Deposit,Check Deposit
TXN0003441,694-195-7997,17-Mar-2025,"$7,798.07",Internal Transfer,Account Transfer
TXN0002945,521-738-0757,06/17/2025,"($34,607.75)",Wire Transfer,INCOMING WIRE
TXN0002024,457-776-9368,03/23/2025,"($40,447.21)",Debit Card,POS PURCHASE
txn0003296, 146-891-8356 ,04/24/2025,($171.12),ACH Debit,Vendor Payment
 txn0001108,363-580-5470,10-Feb-2025,"($6,769.36)",Debit Card,POS Purchase
TXN0003360,129-538-9934,05/09/2025,"($16,924.72)",Wire Transfer,Outgoing Wire
TXN0002271,782-913-5862,02/20/2025,"($31,010.09)",Debit Card,POS PURCHASE
TXN0001546,693-494-9955,13-Mar-2025,"$20,182.96",ACH Credit,Payroll Deposit
TXN0003747,198-916-5182,04/24/2025,"($27,558.04)",Internal Transfer,ACCOUNT TRANSFER
 TXN0003543,389-242-2680,04/12/2025,"($20,161.92)",Debit Card,POS Purchase
txn0003375,133-941-2022,02/07/2025,"($26,784.01)",Wire Transfer,Outgoing Wire
TXN0005543,382-917-7894,01/21/2025,"($8,555.28)",Wire Transfer,Incoming Wire
TXN0005599,427-571-7030,07-Apr-2025,"$16,836.77",ACH Credit,PAYROLL DEPOSIT
TXN0004369,244-590-9134,03/01/2025,"($28,506.17)",Debit Card,POS Purchase
TXN0004970,650-040-8965,05/05/2025,"$43,279.13",Wire Transfer,Outgoing Wire
 TXN0003734,971-181-7383,25-May-2025,"($1,214.38)",Wire Transfer,Incoming Wire
TXN0005033,368-959-5758,04/23/2025,"$41,522.71",Internal Transfer,Account Transfer
TXN0005666, 382-778-5173 ,01/25/2025,"($16,673.00)",ATM Withdrawal,ATM Cash Withdrawal
TXN0000754,339-212-4654,10-Jan-2025,"$39,055.03",ACH Credit,Payroll Deposit
TXN0003563,139-419-3655,23-Jun-2025,"($22,982.46)",Wire Transfer,Outgoing Wire
TXN0005579,785-421-3864,04/26/2025,"$19,217.37",ACH Credit,Payroll Deposit
TXN0001282,730-843-2672,15-Feb-2025,"($12,341.58)",Wire Transfer,INCOMING WIRE
TXN0005824,647-557-5146,18-Jan-2025,"($20,922.68)",Debit Card,POS PURCHASE
TXN0003266,507-591-6997,02/03/2025,"$3,950.65",Internal Transfer,Account Transfer
txn0003545,247-040-2123,04/03/2025,"$10,609.65",ACH Credit,Payroll Deposit
TXN0005837,748-555-9803,03/18/2025,"($27,979.94)",Wire Transfer,OUTGOING WIRE
TXN0002702,814-144-2147,05/08/2025,"($12,965.97)",Debit Card,POS PURCHASE
TXN0002785,750-359-8069,05/19/2025,"($8,689.74)",Debit Card,POS Purchase
TXN0003844,108-911-4551,03/15/2025,"($29,587.48)",ACH Debit,VENDOR PAYMENT
 TXN0004960,715-560-4711,06/19/2025,"$13,436.45",ATM Withdrawal,ATM Cash Withdrawal
TXN0001511,209-840-6715,03/15/2025,"($14,750.94)",ATM Withdrawal,ATM CASH WITHDRAWAL
TXN0003259,587-844-5519,06/01/2025,"($11,799.29)",Debit Card,POS Purchase
TXN0005772,156-834-0889,01/04/2025,"$17,420.09",Check Deposit,CHECK DEPOSIT
TXN0000381,785-662-0167,06/10/2025,"($13,109.36)",Wire Transfer,Outgoing Wire
TXN0002026,997-324-0072,05/01/2025,"$12,986.82",Check Deposit,Check Deposit
TXN0005918,870-675-5538,03/27/2025,"($11,971.65)",ATM Withdrawal,ATM CASH WITHDRAWAL
TXN0000440,820-335-8602,04/16/2025,"($11,365.70)",Debit Card,POS PURCHASE
TXN0000125,766-354-3560,21-Mar-2025,"$2,920.35",ACH Credit,Payroll Deposit
TXN0002756,404-568-6266,02/13/2025,"($18,174.41)",Internal Transfer,Account Transfer
TXN0002350,610-056-7262,04-Jun-2025,"($43,442.18)",Wire Transfer,Incoming Wire
TXN0002824,885-812-8932,01/13/2025,"$34,582.06",Internal Transfer,ACCOUNT TRANSFER
TXN0003719,286-171-0394,30-May-2025,"($17,271.99)",ATM Withdrawal,ATM Cash Withdrawal
TXN0005134,316-457-9163,04/22/2025,$671.70,ACH Credit,Payroll Deposit
txn0000252,415-127-5527,06/04/2025,"($20,079.30)",Wire Transfer,Outgoing Wire
TXN0005431, 559-784-6239 ,20-Mar-2025,"($25,084.08)",Internal Transfer,Account Transfer
txn0001671, 995-853-3208 ,28-Apr-2025,"$31,653.28",Internal Transfer,Account Transfer
txn0000053,495-491-3395,29-Apr-2025,"($26,137.02)",ATM Withdrawal,ATM CASH WITHDRAWAL
TXN0004098, 214-865-3630 ,11-May-2025,"$36,095.36",Check Deposit,Check Deposit
TXN0003096,552-212-0287,06/22/2025,"($40,199.45)",ATM Withdrawal,ATM CASH WITHDRAWAL
TXN0003285,142-987-4499,20-May-2025,($403.76),Debit Card,POS PURCHASE
TXN0002902, 610-486-2263 ,23-Feb-2025,"$16,053.59",Check Deposit,CHECK DEPOSIT
TXN0000625,335-630-2170,06/18/2025,"($43,607.42)",Internal Transfer,Account Transfer
TXN0005400,855-002-1894,06/21/2025,"($31,809.38)",Debit Card,POS PURCHASE
TXN0001401,177-119-4937,07-May-2025,"($30,526.10)",ATM Withdrawal,ATM Cash Withdrawal
TXN0002853,157-399-7935,02/20/2025,"$22,092.43",ACH Credit,PAYROLL DEPOSIT
TXN0000843,962-653-1921,06-Jun-2025,"$24,848.10",ACH Debit,Vendor Payment
txn0005089,876-700-7821,04/14/2025,"$13,826.11",Check Deposit,Check Deposit
TXN0002711,633-290-2915,03/30/2025,"($28,367.45)",Wire Transfer,Incoming Wire
TXN0002033,959-941-7978,04-Jan-2025,"$8,222.94",Check Deposit,Check Deposit
TXN0001786,877-317-4921,01/13/2025,"($31,425.15)",ACH Debit,VENDOR PAYMENT
TXN0001322,902-582-7248,03/19/2025,"($10,673.55)",Wire Transfer,Outgoing Wire
txn0004641,133-720-4130,06/29/2025,"$6,640.56",ACH Credit,Payroll Deposit
TXN0002087,811-942-8755,23-Jan-2025,"$33,030.05",Internal Transfer,ACCOUNT TRANSFER
TXN0002244,679-034-2215,18-Jun-2025,"$9,202.03",ACH Credit,Payroll Deposit
TXN0000180, 776-139-8905 ,01/17/2025,"$14,005.10",ACH Credit,PAYROLL DEPOSIT
TXN0004670,590-244-3926,02/27/2025,"$7,168.69",Wire Transfer,Incoming Wire
TXN0000309,908-870-2547,26-May-2025,"$44,451.58",Check Deposit,Check Deposit
TXN0001869,390-388-8028,04-Apr-2025,"($20,657.28)",ACH Debit,Vendor Payment
TXN0003736,218-582-6171,10-Jan-2025,"($5,914.29)",Wire Transfer,Outgoing Wire
TXN0000833,601-938-2137,17-Feb-2025,"$13,167.77",Internal Transfer,Account Transfer
TXN0001185,959-502-7907,03/08/2025,"$25,722.55",Check Deposit,Check Deposit
TXN0004273, 559-973-2307 ,04-Jun-2025,"($27,782.01)",Internal Transfer,ACCOUNT TRANSFER
TXN0002250,101-973-3137,03/23/2025,"$20,588.69",Check Deposit,Check Deposit
TXN0004003,599-604-5344,02-Apr-2025,"$43,852.64",Check Deposit,Check Deposit
txn0005969,378-563-8437,02/28/2025,"($27,682.08)",ATM Withdrawal,ATM Cash Withdrawal
txn0004153, 264-813-4595 ,01/04/2025,($895.04),Wire Transfer,Outgoing Wire
TXN0000891,332-803-5061,06/29/2025,"$4,615.83",Check Deposit,Check Deposit
TXN0003524,951-185-7696,04/15/2025,"($1,303.12)",Debit Card,POS PURCHASE
TXN0003848,419-581-9963,14-May-2025,"$32,291.57",ACH Credit,PAYROLL DEPOSIT
txn0005862,834-035-6663,04/17/2025,"$5,461.17",Check Deposit,Check Deposit
TXN0001265,874-271-8256,17-Mar-2025,"$40,225.33",Check Deposit,CHECK DEPOSIT
TXN0004105,221-066-8935,07-Mar-2025,"($22,401.12)",Internal Transfer,Account Transfer
TXN0003745,927-436-1779,26-Feb-2025,"($13,559.38)",ACH Debit,Vendor Payment
txn0005811,143-504-0587,04/29/2025,"($15,993.91)",Wire Transfer,Incoming Wire
FEE00070, 336-750-2510 ,04/14/2025,($24.04),Service Charge,Overdraft Fee
TXN0005370,967-911-1525,15-Feb-2025,"($38,542.71)",Wire Transfer,Outgoing Wire
 TXN0000426,846-551-8499,16-May-2025,"($23,876.02)",ACH Debit,VENDOR PAYMENT
TXN0005831,502-389-6187,05/21/2025,"($8,886.75)",ATM Withdrawal,ATM Cash Withdrawal
txn0001557,120-864-7883,02/08/2025,"($19,248.63)",Debit Card,POS PURCHASE
txn0005051,392-948-7538,04/20/2025,"($17,750.87)",ACH Debit,VENDOR PAYMENT
TXN0005951, 297-314-6200 ,04/07/2025,"($38,331.93)",ACH Debit,Vendor Payment
TXN0000088,915-755-8290,06/28/2025,"$28,601.13",ACH Credit,PAYROLL DEPOSIT
TXN0001502,912-962-0986,24-May-2025,"($31,264.18)",Wire Transfer,Outgoing Wire
TXN0004120,291-315-1018,05/23/2025,"($14,121.81)",Wire Transfer,Incoming Wire
TXN0005264,669-394-8639,06/14/2025,"($9,930.59)",Debit Card,POS Purchase
TXN0002370,175-574-8543,18-Jan-2025,"($3,537.63)",ATM Withdrawal,ATM Cash Withdrawal
TXN0000282,976-922-4496,01/21/2025,"($5,348.16)",Wire Transfer,INCOMING WIRE
TXN0003410,737-049-5016,01/23/2025,"$42,452.51",Check Deposit,Check Deposit
TXN0000648,927-481-9104,05/11/2025,"($26,181.64)",Wire Transfer,Incoming Wire
TXN0000178,629-154-8292,04-Jan-2025,"($15,619.55)",Debit Card,POS Purchase
TXN0004192,450-580-2832,07-Apr-2025,"($16,935.71)",Debit Card,POS PURCHASE
TXN0004688,277-883-9435,04/21/2025,($305.64),Internal Transfer,Account Transfer
TXN0003629,731-783-9926,19-Feb-2025,"($32,596.72)",ACH Debit,Vendor Payment
 TXN0000064,932-086-2043,04/14/2025,"$21,827.09",Internal Transfer,ACCOUNT TRANSFER
TXN0005460,784-895-8178,03/10/2025,($146.81),Wire Transfer,Incoming Wire
TXN0004776,957-312-0629,06/18/2025,"($43,988.71)",ATM Withdrawal,ATM Cash Withdrawal
TXN0004091,520-312-6296,09-Mar-2025,"($25,039.65)",Internal Transfer,ACCOUNT TRANSFER
TXN0004631, 218-608-7980 ,23-Feb-2025,"$41,831.62",ACH Credit,PAYROLL DEPOSIT
TXN0003882,875-439-5648,25-Apr-2025,"($5,908.86)",Debit Card,POS Purchase
 TXN0001516,728-224-0372,01/23/2025,"$1,148.27",Wire Transfer,Outgoing Wire
TXN0002592,460-178-4337,05/30/2025,"($27,356.63)",Wire Transfer,Incoming Wire
 TXN0005758, 210-317-4030 ,02/25/2025,"$44,799.65",Check Deposit,CHECK DEPOSIT
TXN0000900,298-337-2046,05/12/2025,"$5,576.62",Check Deposit,Check Deposit
TXN0001325,132-180-3742,01-Jun-2025,"($12,690.02)",ATM Withdrawal,ATM Cash Withdrawal
TXN0003886,745-511-6747,05/19/2025,"($41,375.21)",ACH Debit,Vendor Payment
TXN0001948,831-489-8657,01/24/2025,"($9,727.30)",Internal Transfer,ACCOUNT TRANSFER
TXN0001841,880-103-1816,03/07/2025,"($3,976.40)",Debit Card,POS Purchase
TXN0001815,165-175-1427,06/08/2025,"$29,830.28",Internal Transfer,Account Transfer
txn0000313,618-218-5207,24-Jan-2025,"($18,557.50)",Wire Transfer,Incoming Wire
 txn0003924,725-654-1149,06/11/2025,"$21,816.52",Check Deposit,Check Deposit
TXN0001408,921-642-8373,05/20/2025,"$5,969.73",Check Deposit,CHECK DEPOSIT
 txn0003967,306-297-8413,12-Mar-2025,"($19,344.30)",Wire Transfer,INCOMING WIRE
 TXN0003207,276-699-5737,26-Feb-2025,"($21,600.95)",Debit Card,POS PURCHASE
TXN0004300,685-379-8340,03-Mar-2025,"$3,506.36",ACH Credit,Payroll Deposit
txn0001106,505-978-2054,05/21/2025,"($22,656.78)",Internal Transfer,Account Transfer
FEE00048,387-003-8044,03/01/2025,($29.63),Service Charge,Overdraft Fee
TXN0000979,105-091-7646,06/04/2025,"$43,876.47",ACH Credit,Payroll Deposit
TXN0000200,955-424-9874,05/18/2025,"($38,816.38)",ACH Debit,VENDOR PAYMENT
TXN0005015,214-121-4351,03/24/2025,"$20,120.54",Check Deposit,Check Deposit
TXN0004271,390-951-0163,02/27/2025,"$7,847.43",ACH Credit,Payroll Deposit
TXN0002734,682-369-1821,06/03/2025,"($1,781.96)",Wire Transfer,OUTGOING WIRE
 TXN0001937,269-794-9510,03/24/2025,"$36,027.10",Check Deposit,Check Deposit
 TXN0003935,504-812-0331,15-May-2025,"$14,821.63",Check Deposit,CHECK DEPOSIT
FEE00095,127-394-8737,06/07/2025,$21.10,Interest Payment,Interest Credit
txn0004569,711-360-9720,04/28/2025,"($9,592.21)",Wire Transfer,Incoming Wire
TXN0000228,107-665-4250,06/04/2025,"($41,607.69)",Wire Transfer,Incoming Wire
TXN0002264,247-037-7510,03/27/2025,($638.44),Internal Transfer,Account Transfer
TXN0000242, 790-516-4576 ,01/01/2025,$70.71,ACH Credit,Payroll Deposit
TXN0002538,217-533-5875,04/30/2025,$268.63,ACH Credit,PAYROLL DEPOSIT
 TXN0004559,597-869-2160,05/21/2025,"$15,058.78",ACH Credit,PAYROLL DEPOSIT
TXN0000065,872-355-1522,04-Mar-2025,"$29,598.46",Check Deposit,Check Deposit
TXN0000219, 732-698-9940 ,27-Feb-2025,"($39,724.24)",Debit Card,POS PURCHASE
TXN0000928,369-918-9009,20-Apr-2025,"($10,115.66)",ATM Withdrawal,ATM CASH WITHDRAWAL
txn0002299,184-977-0467,02/18/2025,"($8,825.22)",Wire Transfer,Outgoing Wire
txn0001255,504-849-3778,25-Apr-2025,"($19,907.47)",ATM Withdrawal,ATM CASH WITHDRAWAL
TXN0003107,808-465-3550,06/08/2025,"$44,613.17",ACH Credit,Payroll Deposit
TXN0005571,964-770-5438,06/05/2025,"$12,384.40",ACH Credit,Payroll Deposit
TXN0000293,215-437-9386,06/21/2025,"$36,995.81",Internal Transfer,Account Transfer
TXN0001096,651-753-6603,06/06/2025,"($3,305.20)",ATM Withdrawal,ATM Cash Withdrawal
TXN0002437,209-771-7516,05/23/2025,"$35,478.29",Check Deposit,Check Deposit
TXN0002136,684-219-4789,04/07/2025,"$12,191.75",ACH Credit,Payroll Deposit
TXN0003037,836-817-8024,06-Mar-2025,"($38,155.60)",ATM Withdrawal,ATM Cash Withdrawal
txn0000275,389-643-7649,01/24/2025,"($35,842.56)",Debit Card,POS Purchase
TXN0001529,937-198-5124,07-Jun-2025,"($13,985.24)",Wire Transfer,Outgoing Wire
TXN0002718, 617-375-4677 ,05/18/2025,"($12,268.42)",Debit Card,POS Purchase
TXN0004599,209-818-6597,06/12/2025,"($2,470.30)",ACH Debit,Vendor Payment
txn0005063,182-028-7139,02/07/2025,"$20,545.03",ACH Credit,Payroll Deposit
TXN0001615, 450-817-8009 ,02/23/2025,($594.61),Internal Transfer,Account Transfer
TXN0003894,661-108-1076,04/24/2025,($854.40),ACH Debit,VENDOR PAYMENT
TXN0001842,147-475-7088,03/21/2025,"($41,680.80)",Wire Transfer,INCOMING WIRE
TXN0003764,345-477-0411,18-Apr-2025,"$9,981.18",ACH Credit,PAYROLL DEPOSIT
TXN0000323,770-023-1727,13-Jan-2025,"($24,683.83)",ACH Debit,VENDOR PAYMENT
TXN0000218,254-248-8683,06/15/2025,"($14,394.22)",Wire Transfer,Incoming Wire
TXN0005422,420-409-7385,01/25/2025,"($36,255.96)",ACH Debit,Vendor Payment
TXN0001206,723-743-8824,06-Feb-2025,$292.41,Check Deposit,Check Deposit
TXN0004340,607-780-5986,01/23/2025,"($7,816.52)",Internal Transfer,Account Transfer
FEE00128,110-152-5333,06/12/2025,($53.76),Service Charge,Wire Fee
TXN0004096,872-031-7383,14-Jun-2025,"($25,444.26)",Wire Transfer,Incoming Wire
TXN0000194,506-253-9694,03/22/2025,"$6,837.74",Internal Transfer,ACCOUNT TRANSFER
 TXN0001831,765-351-0819,10-Jan-2025,"($20,333.04)",Debit Card,POS PURCHASE
TXN0005919,391-821-6033,04/20/2025,"($43,694.40)",ACH Debit,Vendor Payment
TXN0001112,965-723-7341,28-Apr-2025,"$35,037.44",ACH Credit,PAYROLL DEPOSIT
txn0003009,409-490-2807,05/10/2025,"($38,003.26)",ATM Withdrawal,ATM Cash Withdrawal
TXN0005207,913-084-6071,26-Jun-2025,"($34,693.91)",Debit Card,POS Purchase
TXN0002934,115-507-2459,04/19/2025,"$25,006.92",Check Deposit,Check Deposit
TXN0005939,649-286-0907,04/21/2025,($567.30),Wire Transfer,Incoming Wire
TXN0004371, 109-721-5394 ,23-Apr-2025,"($5,395.16)",ATM Withdrawal,ATM Cash Withdrawal
txn0001428,869-736-9668,05/10/2025,"($32,456.38)",Wire Transfer,Incoming Wire
TXN0003007,583-080-8425,01/28/2025,"$44,210.97",Check Deposit,Check Deposit
 TXN0000762,500-998-5551,01/14/2025,"($8,984.00)",Debit Card,POS Purchase
 TXN0005079,395-490-7695,04/17/2025,"($34,394.30)",Wire Transfer,INCOMING WIRE
TXN0000970,168-387-7757,02/21/2025,"($7,005.27)",Wire Transfer,Incoming Wire
txn0001217,467-952-0854,03/15/2025,"($29,913.21)",Internal Transfer,Account Transfer
TXN0005420,398-275-6765,04/08/2025,"$28,368.66",ACH Credit,PAYROLL DEPOSIT
TXN0002154,932-862-0883,03/21/2025,"($40,995.06)",Wire Transfer,Incoming Wire
 TXN0002807,444-642-2195,06/15/2025,"($38,887.87)",ATM Withdrawal,ATM Cash Withdrawal
TXN0002215, 300-521-1553 ,06/24/2025,"($30,409.39)",Wire Transfer,INCOMING WIRE
txn0002095,199-698-8653,02/17/2025,"($14,047.31)",Wire Transfer,Incoming Wire
TXN0000095,788-612-2952,14-Jan-2025,"$9,132.77",Check Deposit,Check Deposit
TXN0002104,392-033-4698,05/18/2025,"($35,132.40)",Wire Transfer,Incoming Wire
TXN0005673,360-969-4669,03/25/2025,"$42,538.51",ACH Credit,Payroll Deposit
TXN0003190,408-757-1374,07-Jun-2025,"($11,900.06)",ACH Debit,VENDOR PAYMENT
TXN0004424,489-687-7330,03/25/2025,"($17,437.69)",ACH Debit,Vendor Payment
TXN0004054,144-336-3821,05-Jan-2025,"($44,068.13)",Debit Card,POS Purchase
TXN0001032,709-134-8606,03/23/2025,"$33,039.93",ACH Credit,PAYROLL DEPOSIT
txn0004123,926-892-7372,08-Apr-2025,"($6,986.42)",ACH Debit,VENDOR PAYMENT
TXN0005019,524-673-1231,02/08/2025,"($13,184.51)",Wire Transfer,OUTGOING WIRE
 TXN0001268,189-148-1805,03/11/2025,"($16,687.45)",ACH Debit,Vendor Payment
 TXN0003673,364-367-3425,01/03/2025,"($26,035.82)",ATM Withdrawal,ATM Cash Withdrawal
TXN0002717,113-766-0753,06/19/2025,"($41,122.50)",Wire Transfer,OUTGOING WIRE
 TXN0005473,687-820-8759,10-Mar-2025,"$40,371.90",Check Deposit,Check Deposit
TXN0000121,498-365-9281,11-Jun-2025,"$18,883.18",Check Deposit,Check Deposit
TXN0002586,266-125-7310,05/20/2025,"($37,880.09)",Debit Card,POS Purchase
 TXN0004441,721-999-6653,16-Mar-2025,"$16,290.50",Check Deposit,Check Deposit
 TXN0001095,112-332-4857,28-Mar-2025,"($10,306.51)",Internal Transfer,Account Transfer
TXN0004647, 660-610-1883 ,06/13/2025,"($29,754.98)",Debit Card,POS Purchase
FEE00082,213-060-0582,10-May-2025,($6.43),Service Charge,Overdraft Fee
TXN0000620,565-006-2200,05/09/2025,"($7,315.54)",Wire Transfer,OUTGOING WIRE
TXN0004664,549-964-4825,16-Feb-2025,"($2,767.14)",ACH Debit,Vendor Payment
TXN0000495,668-871-5900,04/14/2025,"$8,800.73",Wire Transfer,Incoming Wire
TXN0001121,452-897-8161,06/19/2025,"$3,037.17",Check Deposit,Check Deposit
txn0004423,892-900-6544,03/17/2025,"($15,276.92)",Wire Transfer,INCOMING WIRE
TXN0002089,196-662-5106,01/15/2025,"($28,891.72)",Wire Transfer,Outgoing Wire
TXN0003869,900-862-7273,02/05/2025,"$16,263.85",Internal Transfer,ACCOUNT TRANSFER
txn0001451,937-616-3890,07-Feb-2025,"($1,872.67)",Wire Transfer,Outgoing Wire
TXN0004582,921-589-9033,05-May-2025,"($9,034.59)",Debit Card,POS Purchase
TXN0001213,947-704-2978,05/10/2025,"($20,065.48)",ACH Debit,Vendor Payment
 TXN0002465,826-992-4855,14-Jun-2025,"$42,751.54",ACH Credit,PAYROLL DEPOSIT
TXN0005449,262-160-8693,02/08/2025,"$36,533.13",ACH Credit,PAYROLL DEPOSIT
txn0002764,140-329-1293,04/30/2025,"($23,062.57)",Internal Transfer,ACCOUNT TRANSFER
TXN0000216,207-257-1500,06/13/2025,"($40,976.52)",Wire Transfer,Outgoing Wire
TXN0003837,232-578-4887,03/20/2025,"($18,176.78)",Wire Transfer,Outgoing Wire
TXN0003506,866-997-1134,04-Mar-2025,"($12,188.02)",Wire Transfer,Incoming Wire
TXN0003284, 151-431-6406 ,05-Apr-2025,"($18,329.37)",ATM Withdrawal,ATM Cash Withdrawal
TXN0001756,167-202-7880,24-Feb-2025,"($20,245.52)",ACH Debit,Vendor Payment
txn0002362,481-391-9979,01/12/2025,"($29,049.95)",Internal Transfer,ACCOUNT TRANSFER
TXN0003238,866-182-4627,15-May-2025,"($12,820.60)",Wire Transfer,INCOMING WIRE
TXN0002494, 386-457-9405 ,11-Mar-2025,"($3,143.31)",Debit Card,POS Purchase
TXN0003359,839-663-2645,01/29/2025,"($23,464.35)",ATM Withdrawal,ATM CASH WITHDRAWAL
TXN0002660,554-867-0409,05-May-2025,"$37,320.79",Check Deposit,CHECK DEPOSIT
TXN0004307,339-272-6885,05/22/2025,"$34,099.56",ACH Credit,Payroll Deposit
TXN0005703,650-484-7491,06/20/2025,"($26,061.54)",Wire Transfer,Outgoing Wire
TXN0004748,842-516-0059,19-May-2025,"$17,803.70",Check Deposit,Check Deposit
TXN0001635,859-218-3828,01/25/2025,"($18,721.41)",ACH Debit,Vendor Payment
txn0005313,755-624-8525,11-Feb-2025,"($38,042.91)",ATM Withdrawal,ATM Cash Withdrawal
 TXN0004336,776-029-5967,04/13/2025,"($34,740.64)",ATM Withdrawal,ATM Cash Withdrawal
TXN0002409,432-850-4386,16-Jun-2025,"($44,406.05)",ACH Debit,Vendor Payment
TXN0002176,126-360-4191,10-May-2025,"($39,118.63)",Wire Transfer,Outgoing Wire
TXN0000214,162-367-3207,05/23/2025,"$20,840.99",ACH Credit,Payroll Deposit
 TXN0005308,946-940-1206,02/14/2025,"($34,769.86)",ATM Withdrawal,ATM CASH WITHDRAWAL
TXN0002446,917-249-0884,03/26/2025,"$32,842.86",ACH Credit,Payroll Deposit
TXN0000244,365-745-8122,25-Jun-2025,"($26,964.44)",Wire Transfer,Incoming Wire
TXN0001958,776-085-0431,03/18/2025,$965.56,ACH Credit,PAYROLL DEPOSIT
TXN0005113,547-163-9699,01-Mar-2025,"($25,143.45)",ATM Withdrawal,ATM Cash Withdrawal
TXN0005031,653-619-2125,29-Jun-2025,"($35,400.59)",Wire Transfer,Outgoing Wire
TXN0005456,762-311-9815,08-Mar-2025,"($37,580.56)",ACH Debit,Vendor Payment
TXN0000840,889-246-1356,05/20/2025,"($7,482.25)",Debit Card,POS Purchase
txn0004248,611-680-2496,01/03/2025,"($22,089.80)",Debit Card,POS Purchase
TXN0000459,685-584-7625,04/24/2025,"($12,175.13)",Internal Transfer,Account Transfer
TXN0005312,221-588-7023,01/20/2025,($153.74),Debit Card,POS Purchase
TXN0002767, 518-576-1723 ,02-Mar-2025,"($23,929.43)",Wire Transfer,Incoming Wire
TXN0001162,387-296-3787,04/23/2025,"($5,442.28)",ACH Debit,VENDOR PAYMENT
TXN0005906, 867-106-9321 ,06/20/2025,"$39,792.00",Internal Transfer,ACCOUNT TRANSFER
TXN0003622,342-242-7269,06/18/2025,"$44,538.09",Check Deposit,Check Deposit
TXN0003134,564-426-0100,05/18/2025,"$27,159.88",ACH Credit,Payroll Deposit
TXN0003078,613-450-6538,27-May-2025,"$7,565.80",ACH Credit,PAYROLL DEPOSIT
TXN0004679,220-984-7575,01/22/2025,"($24,033.25)",Wire Transfer,Incoming Wire
TXN0000593,681-024-9294,15-May-2025,"$18,490.07",ATM Withdrawal,ATM Cash Withdrawal
txn0004464,727-909-6834,20-Feb-2025,"($43,399.02)",Wire Transfer,Incoming Wire
 TXN0003442, 634-852-4472 ,01/16/2025,"$43,939.06",Internal Transfer,ACCOUNT TRANSFER
TXN0002034,264-686-4156,16-Mar-2025,"($12,128.37)",Wire Transfer,INCOMING WIRE
TXN0001650,216-957-0561,30-Jan-2025,"$11,890.52",Check Deposit,Check Deposit
TXN0005732,452-704-8292,25-Jun-2025,"($18,785.20)",Debit Card,POS PURCHASE
TXN0001130,354-596-7347,03/31/2025,"($28,233.61)",Wire Transfer,Outgoing Wire
TXN0000383,798-398-9796,03/07/2025,"($21,855.69)",Wire Transfer,Incoming Wire
TXN0001705, 686-096-6265 ,16-Jan-2025,"($37,594.10)",Wire Transfer,Outgoing Wire
 TXN0002755,888-689-0648,05-Apr-2025,"($22,909.94)",ATM Withdrawal,ATM Cash Withdrawal
TXN0002048,623-272-1858,02/06/2025,"($10,120.91)",ATM Withdrawal,ATM CASH WITHDRAWAL
txn0003749,839-731-5983,01/27/2025,"($5,052.96)",ACH Debit,Vendor Payment
txn0003098,802-527-9747,04/28/2025,"($13,398.48)",Wire Transfer,Incoming Wire
TXN0003063,873-876-8057,16-Apr-2025,"($38,902.59)",Wire Transfer,OUTGOING WIRE
 txn0004716,886-203-9432,17-Feb-2025,"$18,433.64",Check Deposit,CHECK DEPOSIT
 TXN0002378,467-014-7531,27-May-2025,"($10,957.11)",Debit Card,POS PURCHASE
TXN0003889,559-619-0414,23-Mar-2025,"($41,828.51)",Wire Transfer,Outgoing Wire
TXN0002728,799-046-7486,03-Jan-2025,"$36,255.73",ACH Credit,Payroll Deposit
txn0000133,217-410-4726,02-Apr-2025,"$39,668.88",ATM Withdrawal,ATM CASH WITHDRAWAL
TXN0004230,857-528-6471,04/21/2025,"$41,507.04",ACH Credit,Payroll Deposit
TXN0002099,667-692-6054,03/27/2025,"($30,551.30)",Internal Transfer,Account Transfer
TXN0005908,332-001-5942,08-Jun-2025,"($9,047.62)",ACH Debit,VENDOR PAYMENT
TXN0005683,161-624-2424,02/22/2025,"$29,233.17",Internal Transfer,ACCOUNT TRANSFER
txn0005744,597-531-3706,28-May-2025,"($1,470.94)",Debit Card,POS Purchase
txn0001385,659-612-6755,04/27/2025,"($9,154.83)",Internal Transfer,ACCOUNT TRANSFER
TXN0003638,368-825-4184,18-Feb-2025,"$22,066.07",ACH Credit,PAYROLL DEPOSIT
TXN0001777,298-102-9371,08-Apr-2025,"($29,006.09)",ATM Withdrawal,ATM Cash Withdrawal
TXN0003709,458-710-5517,05-Jan-2025,"$34,340.63",ACH Credit,Payroll Deposit
txn0000888,506-342-6161,15-Jan-2025,"($28,444.23)",Wire Transfer,OUTGOING WIRE
 txn0000008,143-092-5917,06/08/2025,"($11,641.03)",Wire Transfer,Outgoing Wire
TXN0003950,629-977-6783,06/18/2025,"($33,756.96)",Wire Transfer,Outgoing Wire
TXN0005935,165-662-4757,24-Jan-2025,$600.97,Internal Transfer,Account Transfer
TXN0005363,172-100-1746,02/25/2025,"($4,872.60)",Debit Card,POS Purchase
TXN0003670,465-367-4408,05/09/2025,"$38,762.40",ACH Credit,Payroll Deposit
txn0005468,793-373-4461,05/12/2025,"$26,137.91",ACH Credit,PAYROLL DEPOSIT
txn0000862,356-552-2098,17-Jun-2025,"($10,692.19)",ATM Withdrawal,ATM Cash Withdrawal
TXN0000825,303-530-3570,03-Jan-2025,"$31,340.05",Check Deposit,Check Deposit
 TXN0004229,981-205-2039,01/19/2025,"($19,373.67)",Debit Card,POS Purchase
TXN0005871,622-502-6093,01/28/2025,"($27,243.16)",Wire Transfer,Incoming Wire
TXN0003430,698-604-8275,03/24/2025,"($23,110.30)",Internal Transfer,Account Transfer
TXN0000865,257-632-9028,18-Mar-2025,"($15,161.56)",ATM Withdrawal,ATM Cash Withdrawal
TXN0003256,162-894-9443,05/29/2025,"($34,979.88)",Wire Transfer,Incoming Wire
 TXN0001082,265-901-9304,06/23/2025,"($28,938.84)",Internal Transfer,Account Transfer
txn0005891,679-325-7827,04/16/2025,"($42,235.25)",Wire Transfer,OUTGOING WIRE
TXN0004564,775-245-6296,03/08/2025,"$11,657.51",Wire Transfer,Outgoing Wire
TXN0001561, 802-302-3207 ,04/09/2025,"$6,215.16",Internal Transfer,Account Transfer
TXN0002732,876-258-2324,03/24/2025,"$9,227.83",Check Deposit,Check Deposit
TXN0003399,182-779-0570,24-Jun-2025,"($2,198.06)",ATM Withdrawal,ATM Cash Withdrawal
TXN0005823,825-882-9859,04/30/2025,"($11,812.72)",ATM Withdrawal,ATM Cash Withdrawal
TXN0000007,264-820-1399,11-Mar-2025,"($9,598.63)",ATM Withdrawal,ATM Cash Withdrawal
TXN0001617,408-412-2900,16-Jan-2025,"($1,583.56)",Debit Card,POS PURCHASE
TXN0000478,209-470-4314,22-Apr-2025,"$22,482.96",Check Deposit,Check Deposit
 TXN0001643,559-597-4430,22-Jun-2025,"$6,944.39",Internal Transfer,Account Transfer
TXN0003729,317-421-8605,02/04/2025,"($24,562.61)",Wire Transfer,OUTGOING WIRE
TXN0002617,778-891-0050,20-Jun-2025,"($38,564.67)",Wire Transfer,Outgoing Wire
TXN0005275,719-350-9833,02/06/2025,"$2,449.63",Check Deposit,CHECK DEPOSIT
TXN0003505,880-060-0499,03/21/2025,"($32,810.47)",Wire Transfer,OUTGOING WIRE
TXN0005139,321-447-9211,24-Jun-2025,"($4,818.72)",ACH Debit,Vendor Payment
TXN0002015, 783-574-9954 ,02/24/2025,"$25,263.51",ACH Credit,PAYROLL DEPOSIT
TXN0003977,520-787-0808,04/25/2025,"($20,103.21)",Wire Transfer,Outgoing Wire
TXN0000592,853-984-4976,06/02/2025,"($8,484.10)",Wire Transfer,Outgoing Wire
 txn0003702,230-311-2497,05/20/2025,"$15,734.73",ACH Credit,PAYROLL DEPOSIT
TXN0003384,118-673-0363,04/27/2025,"$3,287.04",ACH Credit,PAYROLL DEPOSIT
TXN0002137,662-506-2479,07-Jan-2025,"($17,011.79)",ATM Withdrawal,ATM Cash Withdrawal
TXN0001513,826-680-7849,23-Jun-2025,"($43,123.19)",Wire Transfer,Outgoing Wire
TXN0000987,257-638-5124,01/05/2025,($618.04),ACH Debit,Vendor Payment
TXN0002295,196-317-2801,23-Mar-2025,"($22,190.78)",Debit Card,POS Purchase
TXN0004813,954-409-9184,15-May-2025,"($22,888.21)",ATM Withdrawal,ATM CASH WITHDRAWAL
txn0005444,192-374-7842,05-Apr-2025,"($20,998.83)",Internal Transfer,Account Transfer
TXN0001316,824-132-2313,18-Mar-2025,"($3,982.16)",ATM Withdrawal,ATM Cash Withdrawal
TXN0005441,968-405-3820,06/23/2025,"$31,160.09",Internal Transfer,Account Transfer
FEE00123,329-737-4210,02/13/2025,($55.38),Service Charge,Monthly Maintenance Fee
TXN0001840,778-814-7431,01/10/2025,"($41,372.72)",Wire Transfer,Incoming Wire
TXN0001575, 703-014-6791 ,03/26/2025,"$35,182.19",Internal Transfer,ACCOUNT TRANSFER
TXN0004509,950-494-3025,15-Mar-2025,"($30,142.16)",ACH Debit,VENDOR PAYMENT
TXN0001404,358-405-7257,03/20/2025,"($22,128.80)",Wire Transfer,Outgoing Wire
 TXN0001062,550-925-0320,28-Feb-2025,"($31,550.27)",Wire Transfer,Outgoing Wire
TXN0001941,682-395-1496,04/02/2025,"($21,421.71)",Wire Transfer,Outgoing Wire
txn0003944, 907-164-5975 ,05/23/2025,"($31,938.02)",Wire Transfer,Incoming Wire
TXN0004543,739-869-5092,03-Apr-2025,"($22,872.20)",Debit Card,POS PURCHASE
TXN0001574,107-909-2097,10-Mar-2025,"($43,669.66)",Wire Transfer,Incoming Wire
 TXN0005138,445-290-3331,03/27/2025,"$31,223.71",ACH Credit,Payroll Deposit
TXN0005858,779-355-5789,04/10/2025,"($33,222.13)",Debit Card,POS Purchase
 TXN0001318,597-146-5519,21-May-2025,"$12,500.22",Internal Transfer,Account Transfer
TXN0001437, 875-523-9799 ,14-Apr-2025,"$21,387.55",Check Deposit,CHECK DEPOSIT
txn0001423,686-014-0015,10-Feb-2025,"$26,711.87",Check Deposit,Check Deposit
TXN0005869,830-406-2619,05/11/2025,"($21,857.21)",Debit Card,POS PURCHASE
 TXN0004602,850-591-5041,05/27/2025,"$32,171.31",ACH Credit,Payroll Deposit
TXN0004645,718-136-5581,03/26/2025,"($22,707.89)",Wire Transfer,Incoming Wire
TXN0005972,814-032-3916,02/22/2025,"($43,304.35)",Wire Transfer,Outgoing Wire
TXN0002004,545-710-7748,02/26/2025,"($23,311.54)",ATM Withdrawal,ATM CASH WITHDRAWAL
TXN0000023, 597-869-3294 ,04/10/2025,"($41,968.86)",Wire Transfer,Incoming Wire
TXN0000405,847-534-2053,05/19/2025,"$14,193.14",ACH Credit,Payroll Deposit
TXN0004330,694-413-2947,04/19/2025,"($17,871.06)",Wire Transfer,Outgoing Wire
TXN0000294,525-564-1679,29-May-2025,"$4,062.28",Check Deposit,Check Deposit
TXN0002539,810-516-7861,06/17/2025,"$39,980.20",Check Deposit,CHECK DEPOSIT
txn0003124,973-885-6411,15-May-2025,"($23,879.72)",ATM Withdrawal,ATM CASH WITHDRAWAL
TXN0000245,377-565-5864,04/28/2025,"($1,633.35)",Debit Card,POS Purchase
TXN0005548,822-333-8838,03/25/2025,"($38,789.43)",ACH Debit,Vendor Payment
txn0000010,337-911-6370,18-Apr-2025,"($27,168.95)",ATM Withdrawal,ATM CASH WITHDRAWAL
TXN0004566,888-732-8452,06/03/2025,"($14,405.10)",Wire Transfer,Outgoing Wire
TXN0000360,459-503-6695,05/02/2025,"($28,071.64)",Wire Transfer,Incoming Wire
fee00025,367-010-3353,08-May-2025,($44.69),Service Charge,Wire Fee
TXN0000243,873-656-2723,22-Jun-2025,"($38,554.29)",Wire Transfer,Outgoing Wire
TXN0000730,726-950-4431,03/03/2025,"($40,829.45)",Wire Transfer,Incoming Wire
TXN0005667,832-090-7891,06/15/2025,"$21,518.24",Internal Transfer,ACCOUNT TRANSFER
TXN0004235,555-214-7598,04/28/2025,"($26,174.16)",Debit Card,POS PURCHASE
TXN0001432,267-733-3947,27-Feb-2025,"($32,629.78)",Wire Transfer,Incoming Wire
TXN0004542,692-212-6801,03/11/2025,"($7,009.48)",ACH Debit,Vendor Payment
txn0005274,309-880-9963,02/19/2025,"($1,605.62)",Debit Card,POS Purchase
 TXN0005167,338-928-5674,21-Mar-2025,"($23,427.54)",ATM Withdrawal,ATM Cash Withdrawal
TXN0004659,962-119-5915,01/16/2025,"$11,004.66",ACH Credit,Payroll Deposit
TXN0001190,394-948-6155,03/16/2025,"($27,153.87)",ATM Withdrawal,ATM Cash Withdrawal
TXN0001921, 764-407-1288 ,15-Jun-2025,"($16,401.50)",Debit Card,POS Purchase
TXN0000048,822-416-2155,05-Feb-2025,"($23,896.21)",Debit Card,POS Purchase
TXN0002055,337-993-5538,15-Jan-2025,"($26,925.11)",Wire Transfer,INCOMING WIRE
txn0004180,887-985-1786,03/15/2025,"($7,092.52)",Internal Transfer,Account Transfer
TXN0002103,417-735-1360,13-Apr-2025,"$33,758.32",Check Deposit,Check Deposit
TXN0000990, 766-079-6730 ,05/20/2025,"$23,923.72",Internal Transfer,ACCOUNT TRANSFER
TXN0004750,548-158-8438,01-Jan-2025,"($26,790.77)",Wire Transfer,Outgoing Wire
txn0005137,373-649-9019,02/13/2025,"($32,546.89)",ACH Debit,Vendor Payment
TXN0001728,936-083-9589,06-Mar-2025,"$1,698.19",ACH Credit,Payroll Deposit
TXN0002371,711-462-5306,05/20/2025,"($15,410.78)",ACH Debit,Vendor Payment
TXN0005986,501-171-5880,26-Mar-2025,"($31,055.37)",ATM Withdrawal,ATM Cash Withdrawal
fee00050, 125-778-5111 ,26-May-2025,$72.71,Interest Payment,Interest Credit
TXN0000143,649-430-3312,30-Mar-2025,"($42,375.92)",Wire Transfer,OUTGOING WIRE
TXN0004555,991-445-5894,01/15/2025,"($28,806.16)",ACH Debit,VENDOR PAYMENT
txn0003618,705-665-4032,20-Jun-2025,"($30,967.39)",Wire Transfer,INCOMING WIRE
TXN0001830, 855-036-5743 ,02/24/2025,"$2,472.77",Internal Transfer,ACCOUNT TRANSFER
TXN0003334,232-277-6222,03/21/2025,"($30,532.42)",Debit Card,POS PURCHASE
TXN0002956,704-001-6590,01/05/2025,"($18,903.40)",Wire Transfer,INCOMING WIRE
txn0005531,828-237-2955,03-Jun-2025,"($7,468.82)",Wire Transfer,Incoming Wire
fee00034,787-373-5833,04/19/2025,($19.53),Service Charge,Wire Fee
txn0001646,150-599-6805,02-Jan-2025,"($6,610.31)",ATM Withdrawal,ATM CASH WITHDRAWAL
TXN0004299,824-218-5031,08-Jan-2025,"$28,024.84",ACH Credit,Payroll Deposit
TXN0004535,664-102-4650,27-Jan-2025,"($35,874.17)",ATM Withdrawal,ATM Cash Withdrawal
 TXN0000615,327-484-4462,01-May-2025,"$5,408.78",Check Deposit,CHECK DEPOSIT
TXN0005646,419-122-9676,05/23/2025,"($26,613.59)",Wire Transfer,Outgoing Wire
TXN0002735,363-034-5927,02/16/2025,"$14,949.88",Check Deposit,Check Deposit
TXN0002342,214-355-5058,01/30/2025,"($31,963.98)",ATM Withdrawal,ATM CASH WITHDRAWAL
TXN0000393,906-502-6044,01/16/2025,"($42,326.23)",Wire Transfer,Outgoing Wire
TXN0002875,404-582-4209,22-Jan-2025,"$14,808.61",ATM Withdrawal,ATM Cash Withdrawal
TXN0004897,401-617-4968,25-Jan-2025,"($19,455.62)",Debit Card,POS Purchase
TXN0000399,612-055-4375,07-Jun-2025,"($28,852.22)",ATM Withdrawal,ATM CASH WITHDRAWAL
TXN0001814,506-714-4882,06/23/2025,"$36,471.41",Check Deposit,Check Deposit
TXN0005074,378-528-1413,02/26/2025,"$15,912.21",Check Deposit,CHECK DEPOSIT
 txn0000281,204-986-9305,31-Mar-2025,"$27,293.75",Internal Transfer,Account Transfer
 TXN0000177,277-899-0975,14-May-2025,"($30,989.07)",Wire Transfer,OUTGOING WIRE
TXN0003209,701-199-0647,01/13/2025,"($8,581.12)",Debit Card,POS PURCHASE
TXN0002426,585-313-3946,01-Mar-2025,"$13,226.59",ACH Credit,PAYROLL DEPOSIT
TXN0000126,543-290-9126,15-Jan-2025,"($17,832.31)",Debit Card,POS Purchase
 TXN0005751,630-107-7084,03/26/2025,"($15,695.10)",ACH Debit,VENDOR PAYMENT
FEE00038,922-682-3011,21-Jan-2025,$7.54,Interest Payment,Interest Credit
TXN0002741,471-260-0840,20-May-2025,"$41,118.79",Check Deposit,CHECK DEPOSIT
TXN0005608,937-191-5223,21-Mar-2025,"$37,807.19",Check Deposit,Check Deposit
TXN0005612, 528-525-9308 ,04/16/2025,"($40,291.34)",Wire Transfer,OUTGOING WIRE
TXN0004648,421-132-9850,02/04/2025,"($33,811.82)",Wire Transfer,Incoming Wire
TXN0004628,345-609-1342,01/20/2025,"($33,705.19)",Internal Transfer,Account Transfer
TXN0005066,476-551-9758,21-Jun-2025,"$16,245.14",ACH Credit,PAYROLL DEPOSIT
TXN0005498,608-895-6360,09-Feb-2025,"($1,816.10)",Internal Transfer,ACCOUNT TRANSFER
TXN0005290,700-264-1610,30-Mar-2025,"($39,362.66)",Wire Transfer,OUTGOING WIRE
TXN0000528,139-845-8976,15-May-2025,$158.40,ACH Credit,Payroll Deposit
TXN0000537,100-136-4696,03/10/2025,"($7,868.65)",ACH Debit,VENDOR PAYMENT
TXN0002278,260-128-0801,01/17/2025,"$43,081.00",ACH Credit,Payroll Deposit
TXN0004151,773-265-0191,03-Jun-2025,"($16,453.25)",Wire Transfer,Outgoing Wire
TXN0002926,673-961-3375,05/21/2025,"$39,649.26",Internal Transfer,Account Transfer
TXN0003346,323-068-4904,15-Jan-2025,"($44,951.85)",Wire Transfer,Incoming Wire
txn0001736,306-067-4007,01/13/2025,"($1,643.06)",Debit Card,POS Purchase
txn0000663,143-285-7003,04/17/2025,"$22,230.28",Check Deposit,CHECK DEPOSIT
TXN0002013,326-130-1588,02/01/2025,"$42,042.33",Check Deposit,Check Deposit
TXN0003626,563-040-9430,01/26/2025,"($42,975.87)",Internal Transfer,Account Transfer
TXN0005329, 758-946-0373 ,01-Apr-2025,"$15,066.12",ACH Credit,PAYROLL DEPOSIT
TXN0002288,674-575-6697,05/28/2025,"($5,926.07)",ACH Debit,Vendor Payment
TXN0004209,416-290-5511,06/30/2025,"$2,739.65",Check Deposit,Check Deposit
TXN0003880,759-168-5850,04/16/2025,"$19,898.11",ACH Credit,PAYROLL DEPOSIT
TXN0001989, 696-118-1501 ,02/18/2025,"($35,867.20)",Wire Transfer,OUTGOING WIRE
 TXN0002979,692-838-9910,29-Jan-2025,"($17,248.77)",Debit Card,POS Purchase
TXN0001997,613-773-7705,05/31/2025,"($14,223.04)",Debit Card,POS Purchase
TXN0004058, 560-715-4436 ,03/09/2025,"($36,921.26)",Wire Transfer,Incoming Wire
TXN0003162,362-056-8965,01-Mar-2025,"($26,243.05)",Wire Transfer,Incoming Wire
TXN0001231,559-367-0631,04/12/2025,"($30,034.21)",Debit Card,POS Purchase
txn0005965,641-500-2450,03/30/2025,"($41,888.55)",Internal Transfer,Account Transfer
TXN0000494,434-643-3478,15-May-2025,"$17,313.47",ACH Credit,PAYROLL DEPOSIT
TXN0005594,855-886-3185,01/03/2025,"$5,565.71",Check Deposit,CHECK DEPOSIT
TXN0001804,537-709-6411,11-Mar-2025,"$9,320.72",Check Deposit,Check Deposit
TXN0003044,674-846-4360,03/14/2025,"($2,570.39)",Wire Transfer,OUTGOING WIRE
TXN0002045, 240-532-8742 ,02/28/2025,"($30,808.15)",Wire Transfer,INCOMING WIRE
TXN0001764,301-876-0051,28-Apr-2025,"($8,398.84)",Debit Card,POS Purchase
TXN0002062,647-647-4890,03/24/2025,"$36,002.50",ACH Credit,PAYROLL DEPOSIT
TXN0002021,895-289-6707,04/25/2025,"$1,895.95",ACH Debit,Vendor Payment
TXN0000319,398-048-5990,19-Jun-2025,$360.35,Check Deposit,Check Deposit
TXN0002530,982-071-2074,27-Jun-2025,"($3,096.92)",Debit Card,POS Purchase
TXN0001382,285-846-3879,13-Jun-2025,"($12,271.28)",Debit Card,POS Purchase
 txn0001589,542-319-8339,04/28/2025,"($18,430.98)",Debit Card,POS PURCHASE
TXN0002369,626-589-9238,05/09/2025,"$26,159.99",ACH Debit,Vendor Payment
TXN0005362,685-370-9759,13-Jan-2025,"($5,283.43)",Debit Card,POS Purchase
TXN0003073,831-850-4383,03/23/2025,"$37,476.96",Check Deposit,CHECK DEPOSIT
TXN0000170, 213-696-5812 ,03/06/2025,"($7,782.91)",Wire Transfer,Incoming Wire
txn0004169,457-778-6529,02/12/2025,"$3,526.88",Internal Transfer,Account Transfer
TXN0003380,538-144-2337,15-Jun-2025,"$37,587.76",Check Deposit,Check Deposit
TXN0000575,612-073-9192,02/09/2025,"($44,574.39)",Wire Transfer,OUTGOING WIRE
txn0004551,761-631-2669,02/10/2025,"($32,964.26)",Internal Transfer,Account Transfer
TXN0005406,291-741-9321,23-Jan-2025,"$27,885.24",Internal Transfer,Account Transfer
TXN0002968,774-169-2064,06/22/2025,"$34,492.10",ACH Credit,PAYROLL DEPOSIT
 txn0000874,697-621-8876,05/20/2025,"$22,890.89",Check Deposit,Check Deposit
TXN0005378,862-550-7200,01/11/2025,"($7,322.18)",ACH Debit,Vendor Payment
txn0005927,105-912-8229,22-Jan-2025,"$24,793.59",Check Deposit,CHECK DEPOSIT
TXN0003294,356-204-0386,01/22/2025,"$21,739.26",Check Deposit,Check Deposit
TXN0002341,980-653-6934,12-Jan-2025,"$1,665.29",Check Deposit,CHECK DEPOSIT
TXN0002536,678-544-8465,04/04/2025,"($12,488.10)",ATM Withdrawal,ATM Cash Withdrawal
TXN0000606,396-212-9513,02/14/2025,"($27,644.12)",Internal Transfer,Account Transfer
TXN0002950,434-068-8179,20-May-2025,"($18,213.44)",Wire Transfer,Outgoing Wire
txn0000086,842-247-7078,04/25/2025,"$7,761.28",ACH Credit,Payroll Deposit
TXN0001283,422-123-2235,23-Feb-2025,"($30,570.61)",Wire Transfer,Outgoing Wire
 txn0002031,699-163-1598,19-Jan-2025,"$3,684.39",Check Deposit,CHECK DEPOSIT
TXN0002487,194-949-9121,09-May-2025,"($27,917.88)",Internal Transfer,Account Transfer
TXN0000109, 825-510-6057 ,06/11/2025,"$10,576.15",ACH Debit,Vendor Payment
TXN0002508, 949-512-6930 ,05/22/2025,"($28,460.74)",ACH Debit,VENDOR PAYMENT
TXN0001932,404-717-4717,01-Jan-2025,"$23,789.10",Check Deposit,Check Deposit
TXN0002839,449-830-5154,14-Apr-2025,"($5,115.68)",Internal Transfer,ACCOUNT TRANSFER
TXN0000432,288-277-0533,04/12/2025,"$9,011.54",ACH Credit,Payroll Deposit
TXN0005761,693-887-2325,10-Mar-2025,"($44,714.55)",Wire Transfer,Outgoing Wire
TXN0002417,152-886-8871,05/31/2025,"$24,788.51",Check Deposit,Check Deposit
TXN0005924, 949-589-8209 ,02/23/2025,"($19,134.87)",Debit Card,POS Purchase
TXN0002854, 458-760-9334 ,06/07/2025,"($29,632.39)",Wire Transfer,Incoming Wire
TXN0003735,935-000-7943,02/22/2025,"($42,253.28)",ACH Debit,Vendor Payment
TXN0003299,895-991-7218,03/15/2025,"($37,323.13)",Wire Transfer,Outgoing Wire
txn0002547,135-156-9578,28-Jun-2025,"($16,790.25)",ACH Debit,Vendor Payment
TXN0005932,818-978-2451,04/24/2025,"($13,998.70)",Internal Transfer,ACCOUNT TRANSFER
TXN0001240,278-648-5108,11-Apr-2025,"($24,334.38)",ATM Withdrawal,ATM CASH WITHDRAWAL
TXN0003263,449-116-7213,03/19/2025,"$30,115.87",ACH Credit,Payroll Deposit
TXN0005809,723-327-1247,03/30/2025,"($21,833.19)",ACH Debit,Vendor Payment
TXN0004362,292-318-4827,08-Jan-2025,"($6,651.32)",Wire Transfer,Incoming Wire
txn0000842,144-259-1079,30-Jan-2025,"($10,646.42)",ATM Withdrawal,ATM Cash Withdrawal
TXN0001336,541-323-4420,02-Mar-2025,"$18,996.99",Check Deposit,CHECK DEPOSIT
TXN0003686,728-102-4915,03/13/2025,"$12,518.87",Check Deposit,CHECK DEPOSIT
TXN0003319,587-997-7958,05/30/2025,"($19,572.77)",ATM Withdrawal,ATM Cash Withdrawal
TXN0004076,323-493-6687,04/10/2025,"$2,370.79",Check Deposit,Check Deposit
TXN0002357,448-163-4327,01/02/2025,"($6,573.24)",Internal Transfer,Account Transfer
TXN0002798,164-806-0591,26-May-2025,"$29,175.15",Internal Transfer,Account Transfer
TXN0004946, 670-000-5151 ,05/31/2025,"$6,477.80",Internal Transfer,Account Transfer
 TXN0003663,873-573-5020,25-Mar-2025,"($31,165.17)",Debit Card,POS Purchase
TXN0000435,911-573-5678,03/06/2025,"$22,697.90",Internal Transfer,Account Transfer
TXN0002593,702-585-4620,19-Mar-2025,"($9,318.65)",Debit Card,POS Purchase
TXN0000568,713-722-0607,16-Jan-2025,"($27,370.91)",Debit Card,POS Purchase
TXN0001186,432-893-6113,02/05/2025,"($3,157.67)",Debit Card,POS PURCHASE
TXN0002575,877-885-9452,25-Feb-2025,"($39,296.93)",Wire Transfer,Incoming Wire
TXN0000616,215-564-5245,02-Jan-2025,"($44,755.52)",Wire Transfer,Outgoing Wire
txn0005714,958-841-7726,04-Jun-2025,"($23,853.74)",ATM Withdrawal,ATM CASH WITHDRAWAL
TXN0004649,326-094-5112,06/28/2025,"($28,353.43)",ATM Withdrawal,ATM CASH WITHDRAWAL
TXN0005241,640-574-0930,06/03/2025,"($41,850.86)",Debit Card,POS PURCHASE
TXN0005984,126-445-8748,24-Feb-2025,"($15,044.49)",Wire Transfer,OUTGOING WIRE
TXN0005504,549-427-5066,22-Apr-2025,"$43,911.53",Internal Transfer,Account Transfer
TXN0001510,107-200-4446,01/16/2025,"($24,558.36)",ACH Debit,VENDOR PAYMENT
 txn0003004,704-306-0890,05/07/2025,"$13,366.85",ACH Debit,Vendor Payment
txn0000804,110-549-8714,25-Jan-2025,"($28,913.54)",Wire Transfer,Incoming Wire
TXN0004754,519-703-8631,02/19/2025,"$41,739.82",Internal Transfer,ACCOUNT TRANSFER
TXN0002168,838-973-4805,01/24/2025,"($38,930.75)",Wire Transfer,OUTGOING WIRE
TXN0002281,505-286-0105,03/30/2025,"($11,387.35)",ATM Withdrawal,ATM Cash Withdrawal
TXN0005713,253-738-6514,03-Feb-2025,"($2,184.67)",Internal Transfer,Account Transfer
TXN0002758,453-262-5027,08-Jan-2025,"$43,903.74",ACH Credit,PAYROLL DEPOSIT
TXN0003356,435-716-5235,27-Jun-2025,"($7,360.13)",Debit Card,POS Purchase
TXN0004263,660-526-6371,17-Apr-2025,"$33,916.87",Check Deposit,Check Deposit
TXN0002032,969-969-2519,18-Jan-2025,"$14,606.74",Internal Transfer,Account Transfer
TXN0005085,526-553-8415,03/31/2025,"$11,478.41",ACH Credit,Payroll Deposit
TXN0003755, 919-188-8322 ,02/28/2025,"$44,802.06",Check Deposit,Check Deposit
TXN0003321,907-404-4404,02/13/2025,"($15,295.20)",ACH Debit,VENDOR PAYMENT
TXN0002266,842-306-2885,06/28/2025,"($1,293.00)",Debit Card,POS PURCHASE
TXN0000414,143-964-6647,04/29/2025,"($17,182.90)",Debit Card,POS Purchase
TXN0000286,197-388-5519,06-Jan-2025,"($30,458.87)",Wire Transfer,Incoming Wire
TXN0004720,696-568-5380,26-Jun-2025,"($25,746.76)",Wire Transfer,Outgoing Wire
TXN0002987,231-753-5494,05/04/2025,"($22,197.74)",ATM Withdrawal,ATM Cash Withdrawal
TXN0005116,306-615-7249,04-Mar-2025,"($17,624.08)",ATM Withdrawal,ATM Cash Withdrawal
 TXN0002461,460-647-9625,03/14/2025,"$27,546.26",Internal Transfer,Account Transfer
txn0001369,268-341-7615,01/28/2025,"($38,775.28)",ATM Withdrawal,ATM Cash Withdrawal
TXN0004466,159-342-0774,28-Mar-2025,"($31,397.43)",Wire Transfer,Incoming Wire
TXN0004450, 303-828-7122 ,29-Jan-2025,"($32,615.34)",ACH Debit,Vendor Payment
TXN0003851,280-652-2777,28-Jan-2025,"($43,370.38)",Internal Transfer,Account Transfer
TXN0004223,195-993-8803,15-Jan-2025,"($12,685.82)",Wire Transfer,Outgoing Wire
TXN0000407,745-192-0086,07-Mar-2025,"($18,335.49)",Debit Card,POS Purchase
TXN0000757,991-450-9613,03/20/2025,"($35,270.65)",Debit Card,POS Purchase
TXN0000404, 550-411-4850 ,06/11/2025,"($38,828.57)",ACH Debit,Vendor Payment
TXN0005631,470-112-2193,04-Jan-2025,"($1,379.37)",Wire Transfer,INCOMING WIRE
TXN0001057,544-724-2626,05/06/2025,"$37,821.70",ACH Credit,Payroll Deposit
TXN0004936,307-245-1306,05/30/2025,"($8,263.28)",Wire Transfer,OUTGOING WIRE
TXN0003828,666-047-2193,02/23/2025,"($32,218.63)",Wire Transfer,Outgoing Wire
txn0001783,882-930-3165,01/07/2025,"$38,696.92",ACH Credit,PAYROLL DEPOSIT
TXN0001872,807-974-7251,28-Feb-2025,"($7,005.90)",ATM Withdrawal,ATM Cash Withdrawal
TXN0002991,136-545-7911,01/02/2025,"$18,604.09",Check Deposit,Check Deposit
TXN0004760,665-264-8123,03/20/2025,"($8,516.98)",Internal Transfer,Account Transfer
TXN0002420,508-959-3433,20-Jun-2025,"($11,976.61)",Wire Transfer,Outgoing Wire
TXN0003560,179-846-2764,03/29/2025,"($24,201.17)",Debit Card,POS Purchase
TXN0001680,318-847-5218,28-Jan-2025,"($7,479.63)",Wire Transfer,Incoming Wire
txn0005426,489-842-2255,06/26/2025,"$22,758.12",ACH Credit,Payroll Deposit
TXN0004099,422-333-5782,03-Jun-2025,"$25,635.45",ACH Credit,Payroll Deposit
TXN0004401,613-377-5137,24-Jun-2025,"$13,782.22",Internal Transfer,Account Transfer
TXN0004045,246-433-6452,04/05/2025,"($11,074.43)",Wire Transfer,Incoming Wire
 TXN0004419,882-104-1622,05/13/2025,"$42,620.03",ACH Credit,PAYROLL DEPOSIT
TXN0003902, 922-936-7244 ,15-May-2025,"($38,397.73)",Wire Transfer,Outgoing Wire
txn0003378,309-866-6704,06/29/2025,"$44,982.89",ACH Credit,PAYROLL DEPOSIT
 TXN0000005,731-354-7272,20-Feb-2025,"($25,491.72)",ATM Withdrawal,ATM CASH WITHDRAWAL
TXN0002990,625-583-3953,06/28/2025,"$24,967.43",ACH Credit,PAYROLL DEPOSIT
TXN0005273,838-118-8727,09-Jun-2025,"($27,093.54)",Wire Transfer,Outgoing Wire
txn0002259,561-749-1106,01/15/2025,"($7,161.23)",Wire Transfer,OUTGOING WIRE
TXN0004203,217-627-3092,25-Jun-2025,"$15,456.53",Check Deposit,Check Deposit
TXN0004150,815-150-7970,05/10/2025,"($35,236.56)",Wire Transfer,Outgoing Wire
TXN0003847,535-586-3988,05/22/2025,"$3,293.81",ACH Credit,PAYROLL DEPOSIT
TXN0000617,687-088-2425,01/18/2025,"$4,823.58",Internal Transfer,Account Transfer
 TXN0002607,865-333-4634,06/05/2025,"($18,423.84)",Wire Transfer,Outgoing Wire
txn0005060,512-425-0249,24-Apr-2025,"($24,845.48)",Wire Transfer,OUTGOING WIRE
TXN0000460,657-462-2167,01/09/2025,"$12,995.01",Check Deposit,CHECK DEPOSIT
 TXN0005433,967-317-8083,02/02/2025,"($18,387.19)",Wire Transfer,Incoming Wire
TXN0003637,601-392-7027,02/19/2025,"($16,709.42)",ACH Debit,Vendor Payment
TXN0004391,964-826-0011,02/09/2025,"($29,691.62)",Wire Transfer,Incoming Wire
TXN0005382,114-219-7410,23-Jun-2025,"($11,928.61)",ACH Debit,Vendor Payment
TXN0000934,829-753-6870,20-Jan-2025,"$12,833.75",ACH Credit,Payroll Deposit
TXN0002946,813-337-8028,26-Feb-2025,"($5,576.65)",ATM Withdrawal,ATM Cash Withdrawal
TXN0002423,558-899-4830,05/14/2025,"($21,481.90)",Wire Transfer,OUTGOING WIRE
TXN0003104,310-173-9383,02/13/2025,"($39,896.57)",Debit Card,POS Purchase
 TXN0005700,900-621-9198,01/24/2025,"($18,030.72)",ATM Withdrawal,ATM Cash Withdrawal
TXN0002523,932-553-5721,01/04/2025,"$34,118.13",ACH Credit,Payroll Deposit
txn0004133,676-352-9857,02/13/2025,"($13,355.69)",Wire Transfer,OUTGOING WIRE
TXN0004024,338-222-7008,18-May-2025,"($39,876.25)",ATM Withdrawal,ATM Cash Withdrawal
 TXN0004889,478-880-4045,03/28/2025,"($6,382.61)",Wire Transfer,Incoming Wire
TXN0005805,624-613-6829,05/24/2025,"$5,435.74",Check Deposit,Check Deposit
TXN0005209,855-022-9497,03/03/2025,"$5,332.20",ACH Credit,Payroll Deposit
TXN0003664,184-055-5337,17-May-2025,"($7,441.31)",Debit Card,POS Purchase
TXN0000521,658-427-8212,01/28/2025,"($8,397.67)",ACH Debit,Vendor Payment
FEE00090,448-770-9148,26-Mar-2025,($36.81),Service Charge,NSF Fee
 TXN0004590,554-460-8617,04/10/2025,"($32,887.31)",Debit Card,POS PURCHASE
TXN0003762,488-875-4389,01/01/2025,"($1,207.47)",Debit Card,POS PURCHASE
TXN0003090,101-671-1384,30-Jan-2025,"($10,210.91)",Debit Card,POS Purchase
TXN0003253,315-556-3568,04/20/2025,"$37,020.24",ACH Credit,Payroll Deposit
TXN0000326,822-747-4536,01/12/2025,"($39,034.40)",Debit Card,POS Purchase
TXN0005529,103-741-7276,12-Mar-2025,"$37,114.37",Wire Transfer,Outgoing Wire
FEE00047,570-701-7342,11-Mar-2025,($56.87),Service Charge,Monthly Maintenance Fee
TXN0000668,388-101-3944,06/06/2025,"$16,138.49",ACH Credit,PAYROLL DEPOSIT
TXN0004136,489-669-7969,08-Feb-2025,"($35,783.31)",ATM Withdrawal,ATM Cash Withdrawal
 TXN0000507,529-478-3503,03/26/2025,"($38,765.84)",ACH Debit,Vendor Payment
TXN0002184,560-129-6053,01/18/2025,"$34,209.70",Check Deposit,Check Deposit
TXN0001088,401-822-5907,23-Mar-2025,"$18,633.66",Internal Transfer,ACCOUNT TRANSFER
TXN0004360,148-910-1335,04/13/2025,"($44,734.14)",Debit Card,POS Purchase
TXN0005191,301-160-5514,03/12/2025,"$24,184.72",ACH Credit,Payroll Deposit
TXN0005292,306-045-9152,05/25/2025,"($5,674.26)",Wire Transfer,INCOMING WIRE
TXN0003605,641-659-0485,01/06/2025,"($25,951.98)",Wire Transfer,INCOMING WIRE
TXN0002873,656-322-5013,06/15/2025,"($35,268.04)",ACH Debit,Vendor Payment
TXN0003379,755-673-8517,02/28/2025,"$34,084.12",ACH Credit,Payroll Deposit
TXN0003112,704-550-8870,05/01/2025,"($32,691.08)",ACH Debit,VENDOR PAYMENT
TXN0001778,764-018-8280,26-Mar-2025,"$10,700.92",Check Deposit,Check Deposit
TXN0001232,234-241-4250,11-Apr-2025,"($22,266.03)",Debit Card,POS Purchase
TXN0002795,934-116-2237,21-Feb-2025,"($33,744.78)",Wire Transfer,OUTGOING WIRE
TXN0003182,659-128-3856,04/10/2025,"($20,273.07)",Internal Transfer,ACCOUNT TRANSFER
TXN0003974,897-240-5339,01/14/2025,"($10,879.36)",Wire Transfer,Incoming Wire
TXN0001980,384-108-9625,06/11/2025,"($20,416.68)",ACH Debit,Vendor Payment
TXN0003446,242-316-5537,05/01/2025,"$18,544.96",Check Deposit,Check Deposit
TXN0003332,271-811-4492,27-Jan-2025,"$42,041.94",Check Deposit,Check Deposit
 txn0005140, 506-663-7234 ,01/24/2025,"($18,636.37)",ACH Debit,Vendor Payment
 TXN0001555,298-911-9299,03/10/2025,"($43,376.65)",Wire Transfer,Outgoing Wire
 TXN0003028,153-135-7894,04/01/2025,"($25,401.59)",Wire Transfer,Outgoing Wire
TXN0003786,390-534-7162,11-May-2025,"($34,552.82)",ACH Debit,Vendor Payment
TXN0002978, 450-309-8012 ,03/31/2025,"($20,693.81)",Wire Transfer,Outgoing Wire
TXN0000479,171-169-0773,14-May-2025,"$33,381.05",Wire Transfer,INCOMING WIRE
 TXN0004431,728-306-1438,03-Mar-2025,"($19,384.21)",Wire Transfer,Incoming Wire
TXN0002163,644-041-8135,02/04/2025,"($4,662.94)",Wire Transfer,Incoming Wire
TXN0005911,499-850-9059,06/26/2025,"($5,237.25)",Wire Transfer,Incoming Wire
TXN0001556, 645-632-3652 ,29-Jun-2025,"($2,128.49)",Wire Transfer,INCOMING WIRE
txn0002622,639-979-3283,01/14/2025,"($16,585.81)",Wire Transfer,Incoming Wire
txn0005799,930-232-6927,05/23/2025,"($35,511.89)",Debit Card,POS Purchase
 TXN0002273,350-753-3388,21-May-2025,"$4,313.52",ACH Credit,Payroll Deposit
txn0002492,987-792-5634,15-Apr-2025,"($10,900.35)",Wire Transfer,Incoming Wire
TXN0000841,656-504-5070,06/10/2025,"($15,916.51)",Debit Card,POS Purchase
TXN0000080,107-021-9129,05/16/2025,"($1,511.93)",Wire Transfer,Incoming Wire
TXN0001237,157-160-4999,01-Jan-2025,"($12,035.82)",Debit Card,POS PURCHASE
TXN0003258,566-881-6894,01-Jun-2025,"($16,646.18)",Debit Card,POS PURCHASE
 txn0004073,543-067-4400,05/20/2025,"$23,240.69",ACH Credit,PAYROLL DEPOSIT
TXN0000062,495-021-0465,04-May-2025,$797.22,ACH Credit,Payroll Deposit
TXN0001464, 541-123-3290 ,01/10/2025,($664.39),Wire Transfer,Incoming Wire
TXN0005524, 738-013-6712 ,05/18/2025,"($14,859.31)",Debit Card,POS PURCHASE
txn0002312,258-240-1272,03/20/2025,"($27,696.33)",ACH Debit,VENDOR PAYMENT
TXN0002528,987-279-8268,18-Mar-2025,"$6,230.52",Internal Transfer,ACCOUNT TRANSFER
TXN0000638,790-161-9068,11-May-2025,"($9,302.93)",Debit Card,POS Purchase
TXN0005920,907-549-0926,01/22/2025,"($40,281.21)",Wire Transfer,Incoming Wire
TXN0003586,921-066-6959,05/15/2025,"($43,204.99)",Debit Card,POS Purchase
TXN0005105,803-855-7806,03/03/2025,"$1,582.60",Check Deposit,Check Deposit
TXN0003970,961-514-0180,05/12/2025,"$21,607.21",Check Deposit,CHECK DEPOSIT
TXN0004558,980-075-3181,03/31/2025,"$2,895.93",Check Deposit,Check Deposit
TXN0002557,139-642-9865,03/31/2025,"$12,537.42",Wire Transfer,INCOMING WIRE
TXN0002638,181-797-6137,01/24/2025,"($29,967.36)",ACH Debit,VENDOR PAYMENT
TXN0002458,438-927-9180,08-Jan-2025,"($9,659.71)",Wire Transfer,Incoming Wire
txn0000944,577-837-8679,24-Mar-2025,"$6,731.16",Internal Transfer,ACCOUNT TRANSFER
 TXN0004698,423-339-8376,01/01/2025,"($12,991.61)",Internal Transfer,Account Transfer
TXN0003026,981-282-3105,03/23/2025,"($3,444.09)",ATM Withdrawal,ATM CASH WITHDRAWAL
TXN0000108,688-609-5863,11-Jun-2025,"($38,173.22)",Wire Transfer,Incoming Wire
txn0003099,501-301-3542,06/23/2025,"($27,279.64)",ACH Debit,VENDOR PAYMENT
 TXN0000022,992-480-6288,15-Feb-2025,"($21,394.53)",Wire Transfer,Incoming Wire
 TXN0003972,302-391-8044,28-Jan-2025,"($38,900.21)",Wire Transfer,Outgoing Wire
TXN0005011,123-595-0042,02/15/2025,"($17,731.60)",ACH Debit,Vendor Payment
TXN0003126,295-200-3783,03/07/2025,($934.59),ACH Debit,Vendor Payment
TXN0001317,558-934-0633,24-Apr-2025,"($8,604.94)",Wire Transfer,Outgoing Wire
TXN0005419,179-080-0318,12-Feb-2025,"($23,760.06)",Wire Transfer,Outgoing Wire
TXN0004974,203-686-2966,11-Feb-2025,"($18,428.77)",ATM Withdrawal,ATM Cash Withdrawal
TXN0004398, 702-238-5755 ,26-Jun-2025,"($9,957.89)",Debit Card,POS Purchase
TXN0004427,868-737-3899,02/01/2025,"$25,309.64",ACH Credit,PAYROLL DEPOSIT
TXN0002566,820-343-6379,01/08/2025,"($17,638.19)",Wire Transfer,INCOMING WIRE
TXN0003576,662-708-3826,21-Jun-2025,"$27,719.24",ACH Credit,Payroll Deposit
TXN0005771,636-667-3410,29-May-2025,"($38,990.63)",ACH Debit,Vendor Payment
fee00099,399-831-2748,14-Jun-2025,($6.27),Service Charge,Monthly Maintenance Fee
TXN0004972,608-804-0176,17-Feb-2025,"($21,152.84)",ACH Debit,Vendor Payment
TXN0000209,765-893-1286,13-Apr-2025,"($22,715.98)",ATM Withdrawal,ATM Cash Withdrawal
TXN0003628,886-957-9126,06-May-2025,"($33,411.41)",ATM Withdrawal,ATM Cash Withdrawal
TXN0001944,747-414-6742,03/10/2025,"$32,778.46",Check Deposit,Check Deposit
txn0002986,402-666-4367,05-Jun-2025,"($17,925.12)",Wire Transfer,Outgoing Wire
txn0002849,652-308-8746,06/25/2025,"($4,472.87)",ATM Withdrawal,ATM Cash Withdrawal
 TXN0005012,239-237-2050,01/26/2025,"($5,426.89)",ACH Debit,Vendor Payment
FEE00072,336-411-0705,14-Feb-2025,($61.66),Service Charge,NSF Fee
TXN0004245,888-810-0000,30-Jun-2025,"$21,136.00",ACH Credit,Payroll Deposit
TXN0002414,594-979-9805,03/30/2025,"($37,891.33)",Debit Card,POS Purchase
TXN0003185,718-042-8369,01/20/2025,"$35,390.88",Internal Transfer,ACCOUNT TRANSFER
TXN0003731,295-067-1890,20-Jan-2025,"($5,131.20)",Internal Transfer,Account Transfer
TXN0003733,980-552-9023,04/07/2025,"($26,409.48)",Internal Transfer,Account Transfer
TXN0002450,300-243-4346,03/12/2025,"($3,838.78)",ACH Debit,VENDOR PAYMENT
TXN0000253,672-224-0668,04-Jun-2025,"($37,287.15)",ATM Withdrawal,ATM CASH WITHDRAWAL
 txn0002801,784-851-3592,11-Jun-2025,"$10,835.50",ACH Credit,Payroll Deposit
 TXN0004082,766-487-6684,05/10/2025,"($21,369.44)",Wire Transfer,Outgoing Wire
txn0001367,398-430-4137,26-Apr-2025,"($40,768.22)",Debit Card,POS Purchase
TXN0005595,991-742-7540,01/27/2025,"$3,250.57",Check Deposit,CHECK DEPOSIT
 TXN0000367,306-545-5755,07-Apr-2025,"($33,270.74)",Wire Transfer,Outgoing Wire
TXN0002064,619-367-4300,02/21/2025,"($40,494.51)",ACH Debit,Vendor Payment
TXN0004400,921-208-7679,06/22/2025,"($31,012.62)",Internal Transfer,Account Transfer
TXN0005399,672-941-9911,12-Jan-2025,"$12,355.80",Internal Transfer,ACCOUNT TRANSFER
TXN0001043,450-038-8109,05/17/2025,"($42,450.30)",Wire Transfer,Outgoing Wire
TXN0005717,151-399-3909,11-Jun-2025,"$28,225.75",Check Deposit,Check Deposit
TXN0001602,897-346-8149,17-May-2025,"$4,876.46",ACH Credit,PAYROLL DEPOSIT
TXN0001136,552-491-8304,01/03/2025,"($8,664.81)",Debit Card,POS Purchase
txn0003000,699-696-4400,02/26/2025,"($30,795.16)",Debit Card,POS Purchase
 txn0004217, 480-611-2094 ,19-Feb-2025,"($5,795.41)",Wire Transfer,OUTGOING WIRE
FEE00068,867-038-6944,15-Feb-2025,($63.66),Service Charge,NSF Fee
TXN0005949,248-737-9680,14-May-2025,"($44,191.09)",Wire Transfer,OUTGOING WIRE
TXN0002422,543-313-0514,14-Jun-2025,"($2,540.47)",Debit Card,POS Purchase
TXN0003056, 225-728-6440 ,04/17/2025,"($15,832.63)",Debit Card,POS Purchase
txn0005663,270-194-0026,03/10/2025,"$25,415.06",Debit Card,POS Purchase
TXN0003053,968-730-3476,01/23/2025,"($36,043.53)",Debit Card,POS Purchase
txn0004618,734-445-8783,02/18/2025,"($27,722.44)",ATM Withdrawal,ATM Cash Withdrawal
txn0003013,379-427-0068,06/23/2025,"$9,931.75",Wire Transfer,Outgoing Wire
TXN0005076,484-122-0595,03/30/2025,"($21,158.45)",Debit Card,POS PURCHASE
txn0002169,473-912-8119,15-May-2025,"($2,378.83)",ACH Debit,VENDOR PAYMENT
TXN0000198,598-657-7660,31-Jan-2025,"($27,833.69)",Wire Transfer,Incoming Wire
TXN0001124,182-911-4917,06/08/2025,"($27,922.60)",ACH Debit,Vendor Payment
 txn0001879,319-310-6356,01/16/2025,"$3,554.15",Internal Transfer,ACCOUNT TRANSFER
txn0005979, 548-958-8305 ,18-Apr-2025,"($23,078.68)",ATM Withdrawal,ATM Cash Withdrawal
TXN0001178,472-391-7492,02/10/2025,"($22,961.24)",ACH Debit,Vendor Payment
TXN0000816,739-891-7312,05-Feb-2025,"($27,368.63)",Wire Transfer,Incoming Wire
TXN0004297,198-506-8186,03-Apr-2025,"($14,854.69)",Wire Transfer,Incoming Wire
FEE00100,796-068-0259,07-Jun-2025,($65.74),Service Charge,NSF Fee
TXN0001508,825-034-7967,01/13/2025,"($13,517.61)",Internal Transfer,ACCOUNT TRANSFER
TXN0000045,928-703-3584,04-Mar-2025,$655.21,Check Deposit,Check Deposit
TXN0005875,661-609-8162,05/29/2025,"($23,470.80)",ACH Debit,VENDOR PAYMENT
TXN0003907,831-211-2094,30-Mar-2025,"($23,682.05)",Wire Transfer,Outgoing Wire
TXN0001781,574-798-8977,16-Jun-2025,"($16,524.17)",ACH Debit,Vendor Payment
TXN0005154,763-868-3211,05/27/2025,"($2,528.83)",Wire Transfer,OUTGOING WIRE
TXN0001410,421-859-2208,06/20/2025,"($17,134.09)",Debit Card,POS PURCHASE
TXN0004255,678-414-9689,28-Mar-2025,"($21,253.98)",ACH Debit,Vendor Payment
 TXN0002614,972-256-0244,30-Apr-2025,"($30,513.72)",Wire Transfer,Outgoing Wire
TXN0001761,180-173-2660,02/06/2025,"$30,842.31",ACH Credit,Payroll Deposit
TXN0002294,610-195-7867,23-Jan-2025,"$13,375.07",Check Deposit,Check Deposit
TXN0002353,419-266-3146,22-Feb-2025,"$6,705.97",Check Deposit,CHECK DEPOSIT
TXN0001593,935-231-5263,26-Apr-2025,"$6,249.95",Check Deposit,Check Deposit
txn0003459,373-513-4815,21-Mar-2025,"$25,006.32",Debit Card,POS Purchase
TXN0000883,355-249-5268,04-Mar-2025,"($11,677.95)",Internal Transfer,Account Transfer
TXN0003262,975-864-4669,01/14/2025,"$12,378.54",ACH Credit,Payroll Deposit
txn0002433, 312-562-1038 ,06/15/2025,"($41,393.60)",ATM Withdrawal,ATM Cash Withdrawal
txn0002039,160-797-8374,03/06/2025,"($24,771.35)",Wire Transfer,OUTGOING WIRE
TXN0003144,635-102-0768,05/28/2025,"($1,683.82)",ACH Debit,Vendor Payment
TXN0005231, 117-276-2143 ,02/22/2025,"($43,577.98)",ATM Withdrawal,ATM Cash Withdrawal
FEE00043,517-237-4573,04/11/2025,($37.83),Service Charge,Overdraft Fee
TXN0004496,749-561-8478,09-Mar-2025,"($41,874.26)",ATM Withdrawal,ATM Cash Withdrawal
TXN0003678,298-597-0750,04/06/2025,"($6,543.26)",ATM Withdrawal,ATM Cash Withdrawal
TXN0000911,145-124-1003,01-Mar-2025,"($32,391.10)",ACH Debit,Vendor Payment
TXN0001295,272-043-0422,02/02/2025,"$37,514.30",Check Deposit,Check Deposit
TXN0004721,973-129-9367,05/07/2025,"($27,317.90)",ATM Withdrawal,ATM Cash Withdrawal
TXN0005896,778-604-3742,12-Mar-2025,"($19,080.53)",ATM Withdrawal,ATM CASH WITHDRAWAL
TXN0001681,275-704-5079,06/09/2025,"($9,937.56)",Wire Transfer,Outgoing Wire
TXN0005052,122-664-5815,01/05/2025,"($39,598.56)",Wire Transfer,INCOMING WIRE
 TXN0005590,226-187-9708,05/06/2025,"$7,087.52",Check Deposit,Check Deposit
txn0000892, 178-417-9808 ,17-Mar-2025,"($31,284.94)",Internal Transfer,Account Transfer
txn0000001,729-491-9105,11-Jun-2025,"($23,048.09)",Wire Transfer,Incoming Wire
TXN0005170, 220-080-6929 ,18-Mar-2025,"($4,183.29)",ACH Debit,Vendor Payment
TXN0004613, 796-330-6149 ,06/11/2025,"$35,298.64",ACH Credit,Payroll Deposit
TXN0005850,319-229-4788,06/12/2025,"$37,578.23",ACH Credit,Payroll Deposit
TXN0001752,957-726-0157,03-Jan-2025,"($36,771.66)",ATM Withdrawal,ATM Cash Withdrawal
txn0002980,664-057-6005,24-Jun-2025,"($26,086.38)",ACH Debit,VENDOR PAYMENT
TXN0001443,864-433-2775,03/29/2025,"$13,041.80",Check Deposit,CHECK DEPOSIT
TXN0002205,536-499-3807,03/08/2025,"($36,898.89)",Internal Transfer,Account Transfer
TXN0000628,236-741-7709,06/03/2025,"$27,992.56",Internal Transfer,Account Transfer
TXN0005526,439-531-3132,03/01/2025,"($35,658.17)",Debit Card,POS Purchase
 TXN0002272,998-175-4611,24-Mar-2025,"$38,006.32",ACH Credit,PAYROLL DEPOSIT
txn0004035,285-369-2465,03/09/2025,"$31,790.88",Check Deposit,CHECK DEPOSIT
TXN0005803,503-677-3877,04/01/2025,"($31,634.28)",ATM Withdrawal,ATM Cash Withdrawal
txn0000239,376-110-1149,03/06/2025,"($15,395.79)",ATM Withdrawal,ATM Cash Withdrawal
TXN0001039,510-337-1211,06/22/2025,"($41,526.21)",ACH Debit,Vendor Payment
TXN0001154,292-477-9533,27-Jun-2025,"($27,949.85)",Wire Transfer,INCOMING WIRE
txn0005888, 105-003-4064 ,24-Feb-2025,"($11,569.71)",Wire Transfer,Incoming Wire
TXN0003523,682-035-1352,01-Feb-2025,"($14,017.88)",Debit Card,POS Purchase
FEE00130,704-662-5665,27-Feb-2025,($61.16),Service Charge,Overdraft Fee
TXN0002447,227-075-3212,19-Apr-2025,"$12,976.46",ACH Credit,Payroll Deposit
TXN0002037,104-364-8199,05/13/2025,"($19,653.69)",Debit Card,POS Purchase
 TXN0001910,354-242-1993,06/22/2025,"($44,663.08)",ATM Withdrawal,ATM CASH WITHDRAWAL
TXN0001562,754-277-9622,29-Apr-2025,"$42,568.42",Check Deposit,CHECK DEPOSIT
TXN0002932,900-924-2239,13-May-2025,"$1,422.30",ACH Credit,Payroll Deposit
TXN0004173,867-817-4877,02/09/2025,"($9,303.63)",Debit Card,POS PURCHASE
TXN0005111,571-872-1763,03-Feb-2025,"($9,787.67)",Wire Transfer,OUTGOING WIRE
TXN0004811,573-025-6681,22-May-2025,"$22,304.48",ACH Credit,Payroll Deposit
txn0005013,809-890-5953,26-Feb-2025,"$35,223.38",Check Deposit,Check Deposit
TXN0005048,940-092-6342,06/23/2025,"($25,789.44)",Wire Transfer,INCOMING WIRE
TXN0003917,280-943-3230,03/10/2025,"$22,489.71",Check Deposit,CHECK DEPOSIT
txn0002376,390-179-0210,06-Jun-2025,"($41,428.92)",Internal Transfer,Account Transfer
 TXN0000013,950-615-4484,05/02/2025,"($41,563.34)",Wire Transfer,Outgoing Wire
TXN0004607,488-333-9774,05/04/2025,"($26,430.98)",Wire Transfer,OUTGOING WIRE
TXN0001870,460-150-8819,08-Apr-2025,"($2,322.93)",Wire Transfer,OUTGOING WIRE
TXN0000992,822-214-1278,03/01/2025,"($15,434.07)",ATM Withdrawal,ATM Cash Withdrawal
TXN0005189,372-176-4641,27-Jun-2025,"($9,317.49)",Wire Transfer,Incoming Wire
TXN0005298,369-936-3855,24-Mar-2025,"($43,863.59)",Wire Transfer,Outgoing Wire
TXN0002412,936-219-7551,08-Mar-2025,"($13,772.29)",Wire Transfer,Incoming Wire
TXN0002187,132-829-7861,06-Jan-2025,"($10,559.89)",ATM Withdrawal,ATM Cash Withdrawal
TXN0005769,785-120-5464,03-May-2025,"($27,570.59)",Wire Transfer,INCOMING WIRE
txn0001456,518-640-2215,23-May-2025,"($12,203.78)",ACH Debit,VENDOR PAYMENT
TXN0004029,815-292-3694,17-Apr-2025,"($25,442.73)",Wire Transfer,Outgoing Wire
TXN0005103,360-587-8498,10-Jun-2025,"($7,384.14)",ATM Withdrawal,ATM Cash Withdrawal
FEE00066,829-070-4356,04-Mar-2025,($16.00),Service Charge,Monthly Maintenance Fee
TXN0004485,953-375-5904,03/15/2025,"($4,867.01)",Debit Card,POS Purchase
TXN0004161,121-478-7880,03/03/2025,"($43,932.77)",Wire Transfer,Outgoing Wire
TXN0000151,438-969-1856,03/02/2025,"$3,071.57",Check Deposit,Check Deposit
TXN0001618,638-827-3239,06/25/2025,"($20,356.62)",Wire Transfer,Incoming Wire
TXN0001194, 518-867-6683 ,04/10/2025,"($26,276.91)",Wire Transfer,Outgoing Wire
TXN0005034, 270-941-4067 ,03/05/2025,"($11,638.57)",Debit Card,POS Purchase
TXN0005407,150-975-1285,09-Feb-2025,"($4,685.39)",Wire Transfer,OUTGOING WIRE
TXN0000152,300-303-9692,01/27/2025,"($7,679.50)",Wire Transfer,Incoming Wire
TXN0005838,404-615-1093,06/13/2025,"($20,932.11)",Wire Transfer,INCOMING WIRE
TXN0005760,872-157-1430,03/19/2025,"($22,984.53)",ATM Withdrawal,ATM CASH WITHDRAWAL
TXN0003694,969-503-5087,06/02/2025,"($4,383.19)",Wire Transfer,Outgoing Wire
TXN0003153,682-984-5277,06-Jun-2025,"($29,618.94)",Debit Card,POS PURCHASE
FEE00030,718-910-8059,25-Jan-2025,($65.05),Service Charge,Wire Fee
TXN0001370,331-260-8775,25-Apr-2025,"($38,302.51)",ATM Withdrawal,ATM Cash Withdrawal
TXN0001931,735-676-2104,01/17/2025,"($3,387.45)",Wire Transfer,Incoming Wire
 TXN0003199,908-634-3831,02/11/2025,"($31,610.66)",Wire Transfer,INCOMING WIRE
 TXN0000817,466-942-9746,01/15/2025,"($27,553.72)",Debit Card,POS PURCHASE
TXN0001247,169-956-2674,02/09/2025,"$12,622.90",Debit Card,POS Purchase
TXN0002248,676-410-4699,27-Jun-2025,"($10,614.13)",ACH Debit,Vendor Payment
txn0000882,855-791-9798,12-Mar-2025,"($1,557.89)",ACH Debit,Vendor Payment
TXN0003373,335-752-3253,04/06/2025,"($38,841.27)",Wire Transfer,Incoming Wire
 TXN0000271,135-829-7428,24-Jan-2025,"($21,166.74)",Wire Transfer,Incoming Wire
 TXN0001049,175-174-5978,02/01/2025,"$11,045.07",ACH Credit,Payroll Deposit
txn0004266,193-813-3106,05/07/2025,"$32,328.45",Internal Transfer,Account Transfer
TXN0001691,458-956-0050,01/31/2025,"($4,219.66)",ACH Debit,Vendor Payment
TXN0000123,221-862-5209,02/06/2025,"($18,383.17)",ATM Withdrawal,ATM CASH WITHDRAWAL
TXN0004651, 177-676-9143 ,02/25/2025,"($27,032.89)",Wire Transfer,Outgoing Wire
TXN0005323,676-389-0573,03/11/2025,"($5,513.90)",Wire Transfer,Incoming Wire
TXN0004311,698-898-5181,22-May-2025,"($7,874.32)",ATM Withdrawal,ATM CASH WITHDRAWAL
TXN0000963,731-712-3471,04/28/2025,"($4,323.46)",Debit Card,POS Purchase
TXN0005004,767-440-5362,26-Apr-2025,"($18,721.11)",ACH Debit,Vendor Payment
TXN0003533, 224-394-5756 ,23-Apr-2025,"$44,618.62",Internal Transfer,ACCOUNT TRANSFER
TXN0003825,762-919-1535,02/22/2025,"($43,377.25)",Wire Transfer,Incoming Wire
TXN0005653,665-901-0132,06/02/2025,"$31,955.36",Check Deposit,Check Deposit
 TXN0000935,983-856-8029,17-Apr-2025,"($17,595.18)",Wire Transfer,Outgoing Wire
FEE00002,569-508-8897,27-Jan-2025,($43.67),Service Charge,Wire Fee
TXN0004002,279-248-1830,08-Feb-2025,"$29,664.06",Check Deposit,CHECK DEPOSIT
TXN0005640,792-919-6458,01/09/2025,"($11,541.42)",Internal Transfer,Account Transfer
TXN0000486, 405-187-4932 ,05/03/2025,"($16,193.96)",Wire Transfer,Incoming Wire
TXN0004503,574-677-5787,12-Jun-2025,"($28,332.24)",Debit Card,POS Purchase
TXN0005841,110-096-4438,04/22/2025,"($8,048.29)",Wire Transfer,OUTGOING WIRE
TXN0002221,786-817-0004,01/24/2025,"$40,086.20",Check Deposit,Check Deposit
txn0004576,542-246-2088,05/09/2025,"($12,444.72)",Wire Transfer,Incoming Wire
TXN0005247,607-676-7908,02/11/2025,"$41,750.50",Check Deposit,Check Deposit
TXN0004237,669-616-7944,06/21/2025,"($12,997.72)",ACH Debit,VENDOR PAYMENT
TXN0002550,327-991-8775,05/19/2025,($529.43),Internal Transfer,ACCOUNT TRANSFER
TXN0000363,606-911-1615,04/28/2025,"($22,886.30)",ACH Debit,Vendor Payment
TXN0004178,725-907-6030,06/23/2025,"($5,714.95)",Wire Transfer,Incoming Wire
TXN0005110,669-457-4805,01/27/2025,"$27,764.27",Check Deposit,Check Deposit
 TXN0002069,111-549-4538,01/23/2025,"$8,838.06",Check Deposit,Check Deposit
TXN0002279,427-924-5848,03-Apr-2025,"($26,541.01)",ATM Withdrawal,ATM CASH WITHDRAWAL
TXN0003159,460-378-8371,04/13/2025,"$40,240.19",Wire Transfer,OUTGOING WIRE
TXN0001092,148-661-8691,03/23/2025,"($18,908.31)",ATM Withdrawal,ATM Cash Withdrawal
TXN0000761,935-994-3983,04/01/2025,"$39,831.35",Check Deposit,Check Deposit
 TXN0000512,685-144-1478,03/01/2025,"($44,966.62)",ATM Withdrawal,ATM Cash Withdrawal
TXN0001942,608-703-6032,06/15/2025,"$21,495.79",Check Deposit,Check Deposit
TXN0005380,617-748-5162,06/22/2025,"($21,849.67)",ACH Debit,Vendor Payment
TXN0005040,896-025-0580,02/08/2025,"($35,056.30)",Wire Transfer,Outgoing Wire
txn0000540,671-696-2152,06/16/2025,"($29,894.60)",Wire Transfer,OUTGOING WIRE
 TXN0005316,736-167-4511,02/19/2025,"$10,656.10",Check Deposit,Check Deposit
TXN0002777,857-122-4506,02-Feb-2025,"($2,668.74)",Debit Card,POS PURCHASE
TXN0002960,898-053-2629,05/16/2025,"($13,399.08)",Debit Card,POS Purchase
 TXN0000651,336-114-3061,01/30/2025,"($36,860.56)",ATM Withdrawal,ATM CASH WITHDRAWAL
TXN0001740,495-786-3749,01/22/2025,"$4,556.45",Check Deposit,Check Deposit
 TXN0004540,955-927-7844,03/17/2025,"($32,659.46)",ATM Withdrawal,ATM CASH WITHDRAWAL
TXN0004589,970-452-2693,03/04/2025,"($31,465.50)",Debit Card,POS PURCHASE
TXN0001153,730-966-6692,01/22/2025,"$5,832.09",ACH Credit,Payroll Deposit
TXN0003352,828-729-1586,11-May-2025,"$18,298.93",Check Deposit,Check Deposit
TXN0000994,318-098-7857,07-Jun-2025,"$10,447.41",Wire Transfer,OUTGOING WIRE
txn0000596,234-309-2197,02/19/2025,"($39,644.06)",Wire Transfer,Incoming Wire
TXN0003721,301-453-8711,06/26/2025,"($12,638.88)",Internal Transfer,Account Transfer
txn0001019, 773-438-1029 ,05/14/2025,"$29,328.44",ACH Credit,Payroll Deposit
TXN0004227,835-648-5971,05/19/2025,"($13,916.64)",ACH Debit,Vendor Payment
txn0001175,498-099-1326,04/29/2025,"$27,451.12",Check Deposit,CHECK DEPOSIT
txn0004163,214-593-2237,01/04/2025,"($39,495.20)",Wire Transfer,Incoming Wire
TXN0004012,444-020-6018,05/01/2025,"($22,613.64)",Wire Transfer,Outgoing Wire
TXN0001472,669-306-9721,05/22/2025,"($17,074.62)",Debit Card,POS Purchase
txn0005425,942-855-8515,05/05/2025,"$7,671.95",Check Deposit,Check Deposit
TXN0001645, 760-461-7223 ,24-Jun-2025,"($12,232.48)",ACH Debit,Vendor Payment
TXN0005466,648-664-7323,04-Feb-2025,"$17,945.69",Debit Card,POS Purchase
TXN0001470,647-381-5383,21-Apr-2025,"$35,583.05",Check Deposit,CHECK DEPOSIT
TXN0000162,589-635-5641,24-Apr-2025,"$35,847.69",Internal Transfer,Account Transfer
TXN0002772,575-067-0854,20-Jan-2025,"($43,150.42)",Internal Transfer,ACCOUNT TRANSFER
txn0002571,566-367-3220,11-Jan-2025,"($15,811.32)",Internal Transfer,Account Transfer
TXN0003773,689-289-8208,01/14/2025,"($6,324.37)",ATM Withdrawal,ATM Cash Withdrawal
TXN0004878,279-530-3324,24-May-2025,"($37,096.43)",Wire Transfer,Incoming Wire
TXN0003529,868-985-9945,02/27/2025,"($30,987.99)",Wire Transfer,Incoming Wire
TXN0003179,180-198-1899,31-May-2025,"($41,073.53)",ACH Debit,Vendor Payment
txn0000696, 431-063-5332 ,03-Jun-2025,"$13,782.89",ACH Credit,PAYROLL DEPOSIT
fee00073,164-578-8826,06-Jun-2025,($59.37),Service Charge,Monthly Maintenance Fee
txn0002796,345-966-5591,04-Apr-2025,"($44,751.18)",Wire Transfer,INCOMING WIRE
txn0004546, 523-508-5847 ,04/10/2025,"($5,809.19)",Wire Transfer,Outgoing Wire
TXN0004238, 223-147-6677 ,04-Feb-2025,"$17,192.07",ACH Credit,PAYROLL DEPOSIT
FEE00116,507-351-7402,06/05/2025,($39.13),Service Charge,NSF Fee
TXN0005872,930-625-1864,29-Jan-2025,"($31,757.17)",ACH Debit,VENDOR PAYMENT
 TXN0005024,747-023-5260,09-Feb-2025,"($25,028.57)",ATM Withdrawal,ATM Cash Withdrawal
TXN0002565,125-802-9314,11-Jun-2025,"($24,029.51)",ACH Debit,VENDOR PAYMENT
TXN0004219,837-214-8762,02-Feb-2025,"($10,446.42)",Wire Transfer,Outgoing Wire
TXN0003995,275-340-3925,23-Jun-2025,($550.19),Wire Transfer,Outgoing Wire
 TXN0005238,282-797-4787,04/26/2025,"$28,071.78",Check Deposit,Check Deposit
TXN0000230, 910-230-2215 ,02/17/2025,"($40,558.28)",Debit Card,POS Purchase
TXN0002628, 605-854-3130 ,02/02/2025,"($34,270.16)",ACH Debit,Vendor Payment
TXN0000502,237-294-2242,18-Mar-2025,"($4,324.06)",Debit Card,POS Purchase
TXN0004918,125-643-6263,01/20/2025,"$33,905.24",Internal Transfer,Account Transfer
txn0003092,384-376-0001,02/21/2025,"($15,251.61)",ATM Withdrawal,ATM Cash Withdrawal
TXN0005403,208-190-4522,10-Feb-2025,"$36,790.15",Check Deposit,Check Deposit
FEE00124, 150-583-2337 ,06/29/2025,($28.56),Service Charge,Overdraft Fee
TXN0002806,503-925-6034,25-Apr-2025,"($32,834.05)",ATM Withdrawal,ATM CASH WITHDRAWAL
TXN0005572,124-025-3244,19-Jun-2025,"$43,315.41",ACH Credit,PAYROLL DEPOSIT
txn0000802,855-422-5509,01/18/2025,"$41,591.68",Debit Card,POS Purchase
txn0004061,536-534-2694,02/05/2025,"($5,207.59)",Wire Transfer,OUTGOING WIRE
TXN0004177,848-096-5139,28-May-2025,"($5,569.65)",ACH Debit,Vendor Payment
TXN0004860,460-980-2143,21-Jan-2025,"$7,096.97",ACH Credit,Payroll Deposit
TXN0003428,469-727-5776,06/15/2025,"($16,405.98)",ATM Withdrawal,ATM Cash Withdrawal
TXN0004148,950-694-6283,15-Feb-2025,"$39,424.07",Internal Transfer,Account Transfer
TXN0005109, 269-884-1183 ,01/20/2025,"($24,129.86)",ATM Withdrawal,ATM CASH WITHDRAWAL
FEE00133,987-124-8456,02/16/2025,($15.60),Service Charge,Wire Fee
TXN0002129,691-157-4736,06/24/2025,"($43,433.82)",ACH Debit,Vendor Payment
 TXN0002896,963-007-0914,03/15/2025,"$29,683.25",ACH Credit,Payroll Deposit
TXN0000687,851-067-3771,15-Mar-2025,"$23,102.48",ATM Withdrawal,ATM Cash Withdrawal
TXN0002793,774-437-8984,02/23/2025,"($14,082.60)",ACH Debit,Vendor Payment
TXN0002866,513-706-0321,20-Apr-2025,"$27,965.34",ACH Credit,PAYROLL DEPOSIT
txn0001913,910-517-3355,10-Mar-2025,"($43,485.34)",ATM Withdrawal,ATM Cash Withdrawal
TXN0003467,744-198-1456,05/01/2025,"($26,081.93)",Wire Transfer,OUTGOING WIRE
TXN0002269,644-868-7310,02/28/2025,"$38,513.67",Wire Transfer,INCOMING WIRE
fee00092,369-814-2059,26-May-2025,($30.61),Service Charge,Overdraft Fee
txn0004726,638-942-4914,06/12/2025,"($24,634.00)",ATM Withdrawal,ATM Cash Withdrawal
TXN0005798,834-608-4678,04/24/2025,"($33,721.71)",Wire Transfer,Incoming Wire
TXN0005095,806-437-9434,13-Jan-2025,"($2,472.00)",ATM Withdrawal,ATM CASH WITHDRAWAL
TXN0005092,731-370-1840,02/05/2025,"($15,739.13)",Wire Transfer,Outgoing Wire
TXN0002328,351-515-0150,16-Jan-2025,"$10,696.82",Check Deposit,Check Deposit
TXN0001378,549-519-2442,09-May-2025,"$11,264.38",Check Deposit,Check Deposit
txn0001630,111-369-4342,03/31/2025,"$18,914.77",Internal Transfer,Account Transfer
TXN0005989,752-673-2675,06/25/2025,"($10,718.79)",ATM Withdrawal,ATM Cash Withdrawal
TXN0002119,350-850-5369,05/11/2025,"$27,607.62",Check Deposit,Check Deposit
TXN0001800,259-071-0370,21-Jan-2025,"($26,151.43)",Wire Transfer,Outgoing Wire
TXN0002398,486-890-6328,02-Jun-2025,"$29,957.74",ATM Withdrawal,ATM Cash Withdrawal
TXN0003328, 445-020-9513 ,05/31/2025,"$21,509.90",ACH Credit,Payroll Deposit
TXN0002028,256-471-2837,16-Mar-2025,"$14,012.75",ACH Credit,Payroll Deposit
TXN0005617,542-203-3857,19-May-2025,"($36,520.60)",Wire Transfer,Outgoing Wire
TXN0000952,780-845-7468,18-May-2025,"$5,558.65",Wire Transfer,OUTGOING WIRE
TXN0003325,380-200-9415,04/06/2025,"$40,422.14",Internal Transfer,ACCOUNT TRANSFER
TXN0003718,793-681-8921,10-Apr-2025,"$24,201.79",Check Deposit,Check Deposit
TXN0000732,512-550-7394,04/20/2025,"($38,875.91)",Wire Transfer,Incoming Wire
TXN0002254,333-814-3496,19-May-2025,"$41,045.47",ACH Credit,Payroll Deposit
TXN0003147,933-202-1608,05/11/2025,"($12,332.77)",Wire Transfer,Outgoing Wire
txn0001425,332-668-9805,23-May-2025,"($20,642.51)",ATM Withdrawal,ATM Cash Withdrawal
txn0005567,277-598-2030,06/12/2025,"($40,904.84)",Debit Card,POS Purchase
TXN0004426,705-917-5389,14-Apr-2025,"($27,376.47)",Internal Transfer,Account Transfer
TXN0003881,118-765-8710,04/16/2025,"($24,291.81)",ACH Debit,VENDOR PAYMENT
TXN0003921,513-547-1442,04/20/2025,"($38,729.30)",Debit Card,POS PURCHASE
TXN0000279,133-080-0960,02/13/2025,"$11,209.52",Internal Transfer,Account Transfer
TXN0004706, 763-757-9979 ,04/05/2025,"($33,757.87)",Debit Card,POS Purchase
TXN0001580,872-512-8542,04/18/2025,"($39,203.13)",ATM Withdrawal,ATM CASH WITHDRAWAL
TXN0001721,343-286-2704,06/29/2025,"($30,893.32)",Debit Card,POS Purchase
TXN0001584,229-312-3409,07-Feb-2025,"$35,940.78",Check Deposit,Check Deposit
TXN0004298,299-002-5316,27-Jan-2025,"($17,427.83)",Wire Transfer,Outgoing Wire
TXN0004964,115-078-6761,13-Jan-2025,"$14,813.57",ACH Credit,PAYROLL DEPOSIT
TXN0005192,775-955-0175,02/14/2025,"($36,254.32)",Wire Transfer,INCOMING WIRE
TXN0005829,477-476-2840,02/23/2025,"($41,462.95)",Wire Transfer,INCOMING WIRE
TXN0000837, 248-153-2633 ,29-Jan-2025,"($38,820.22)",Wire Transfer,Incoming Wire
TXN0004292,769-262-5680,06/04/2025,"$39,835.54",Internal Transfer,ACCOUNT TRANSFER
TXN0001548,342-275-7213,05/10/2025,"($35,909.24)",Wire Transfer,INCOMING WIRE
TXN0001919,438-137-9576,05/28/2025,"($39,949.74)",Debit Card,POS Purchase
TXN0002147,322-973-0546,06/29/2025,"$43,266.63",Check Deposit,Check Deposit
FEE00037,797-253-3327,05/05/2025,$55.23,Interest Payment,Interest Credit
FEE00119,810-659-0886,03/09/2025,$59.30,Interest Payment,Interest Credit
TXN0000611,928-759-9841,02/28/2025,"$18,828.64",Check Deposit,Check Deposit
TXN0001519,611-338-8545,09-Apr-2025,"($26,427.97)",Wire Transfer,Outgoing Wire
TXN0003072,394-229-8073,02/21/2025,"($14,319.09)",Wire Transfer,OUTGOING WIRE
TXN0004390,461-613-3069,06/11/2025,"$28,720.59",Internal Transfer,Account Transfer
TXN0000838,268-879-8197,01/29/2025,"($19,296.88)",Debit Card,POS Purchase
TXN0000744,248-690-4069,14-Apr-2025,"$13,515.60",ACH Credit,Payroll Deposit
TXN0005121,792-942-4323,04/13/2025,"($28,078.14)",ACH Debit,VENDOR PAYMENT
TXN0002576,418-120-7769,05/29/2025,"($40,182.79)",Wire Transfer,Outgoing Wire
TXN0000401,458-384-3991,01/02/2025,"$1,627.08",ACH Credit,PAYROLL DEPOSIT
TXN0001023,349-125-9034,27-Jun-2025,($847.06),Debit Card,POS Purchase
txn0003278,643-799-8162,04/14/2025,"($25,039.53)",ACH Debit,VENDOR PAYMENT
TXN0002208,948-635-6300,21-Apr-2025,"($21,026.10)",ACH Debit,Vendor Payment
TXN0000002, 976-980-9255 ,05/16/2025,"($28,050.20)",ATM Withdrawal,ATM Cash Withdrawal
txn0003770,949-976-5769,20-Feb-2025,"$17,055.11",Check Deposit,Check Deposit
txn0001034,781-407-5946,01/11/2025,"($2,193.95)",ATM Withdrawal,ATM Cash Withdrawal
TXN0001908,176-063-6005,04/05/2025,"$17,210.90",Check Deposit,CHECK DEPOSIT
TXN0000052,430-256-3702,04/10/2025,"$33,635.75",Internal Transfer,Account Transfer
TXN0005982,651-768-7523,08-May-2025,"$34,004.52",ACH Credit,PAYROLL DEPOSIT
TXN0004328,932-925-1127,03/18/2025,"($9,347.16)",Debit Card,POS Purchase
 FEE00080,777-348-5571,02/08/2025,$9.46,Interest Payment,Interest Credit
TXN0005008,596-557-3794,02/06/2025,"$32,676.58",Internal Transfer,ACCOUNT TRANSFER
TXN0000973,256-383-2738,06-Apr-2025,"($4,999.32)",Wire Transfer,INCOMING WIRE
TXN0005672,421-492-8432,01/29/2025,"($29,429.96)",Wire Transfer,Outgoing Wire
TXN0003959,284-393-0571,07-Jan-2025,"($33,842.67)",ACH Debit,Vendor Payment
TXN0003148,704-507-5330,06/20/2025,"$17,122.19",Check Deposit,Check Deposit
TXN0001141, 494-416-1059 ,09-Jan-2025,"$40,179.46",Check Deposit,Check Deposit
TXN0005797,803-235-2404,24-May-2025,"($15,634.18)",Wire Transfer,Outgoing Wire
txn0001228,263-717-0512,02/09/2025,"$35,903.23",ACH Credit,Payroll Deposit
TXN0005084,557-608-0307,01/07/2025,"$15,703.60",ACH Debit,Vendor Payment
TXN0001690,826-613-1182,29-May-2025,"($2,532.29)",Wire Transfer,Incoming Wire
txn0000129,937-681-4624,06/09/2025,"($18,398.95)",ATM Withdrawal,ATM CASH WITHDRAWAL
TXN0001711,928-298-7725,06/11/2025,"$1,310.52",ACH Credit,Payroll Deposit
TXN0002181,171-154-3107,17-May-2025,"($20,283.80)",ATM Withdrawal,ATM CASH WITHDRAWAL
TXN0004129,869-918-6965,03-Apr-2025,"$19,520.71",Check Deposit,Check Deposit
TXN0004343,857-824-6603,26-Mar-2025,"($26,032.50)",Wire Transfer,Incoming Wire
TXN0005160,384-025-2451,01/17/2025,"($34,515.81)",ATM Withdrawal,ATM CASH WITHDRAWAL
txn0005636,157-237-7729,06/17/2025,"$1,786.58",Internal Transfer,Account Transfer
TXN0003015,949-244-7268,19-Jun-2025,"($28,380.97)",Internal Transfer,ACCOUNT TRANSFER
TXN0004455,231-727-0855,19-Jan-2025,"$4,566.79",Check Deposit,CHECK DEPOSIT
TXN0001708, 268-178-1199 ,06/24/2025,"($27,548.89)",Wire Transfer,OUTGOING WIRE
TXN0001531,421-992-8472,02/19/2025,"($8,627.13)",Internal Transfer,ACCOUNT TRANSFER
 TXN0000884,657-340-3242,02/20/2025,"($8,660.43)",Debit Card,POS Purchase
TXN0004366,832-237-6127,31-Mar-2025,"$26,829.49",ACH Credit,Payroll Deposit
TXN0001261,677-140-9397,07-May-2025,"($26,878.59)",Wire Transfer,INCOMING WIRE
txn0003814,232-882-5306,01/26/2025,"$4,237.33",ACH Credit,PAYROLL DEPOSIT
TXN0004728, 606-460-3730 ,04/21/2025,"($5,079.14)",Wire Transfer,Incoming Wire
 TXN0000392,449-926-8229,03/11/2025,"($1,536.81)",ACH Debit,Vendor Payment
txn0005223,110-541-1464,16-Apr-2025,"$43,100.48",Check Deposit,CHECK DEPOSIT
TXN0002374,605-968-3971,29-May-2025,"$33,045.73",Check Deposit,Check Deposit
TXN0004954, 538-752-5551 ,05/02/2025,"($42,844.23)",ACH Debit,Vendor Payment
TXN0001829,594-165-3325,05/10/2025,"($29,048.73)",ATM Withdrawal,ATM Cash Withdrawal
TXN0005661,309-866-5538,11-Mar-2025,"$14,456.21",Check Deposit,CHECK DEPOSIT
TXN0001629,136-794-1091,05/27/2025,"($21,009.63)",Wire Transfer,Incoming Wire
TXN0000522,303-041-1081,13-Feb-2025,"($38,333.42)",Debit Card,POS Purchase
TXN0003488,848-583-0747,02/19/2025,"($22,291.54)",Wire Transfer,Outgoing Wire
 TXN0001812,612-692-7761,05/11/2025,"$8,771.15",Wire Transfer,OUTGOING WIRE
txn0001714,853-002-5960,04/01/2025,"($40,117.09)",ACH Debit,Vendor Payment
TXN0005506,513-981-2365,01/10/2025,$215.95,ACH Credit,Payroll Deposit
TXN0005615,642-443-4647,03/21/2025,"($41,551.54)",ACH Debit,VENDOR PAYMENT
TXN0004269,278-961-5147,02/26/2025,"($34,331.64)",Wire Transfer,INCOMING WIRE
TXN0002882,403-667-0801,21-Feb-2025,"($43,023.04)",Wire Transfer,Incoming Wire
TXN0005874, 770-546-3382 ,06-Feb-2025,"($1,233.28)",Internal Transfer,Account Transfer
 TXN0001126, 295-411-2246 ,08-Feb-2025,"($44,388.52)",Internal Transfer,Account Transfer
TXN0001759,926-207-2171,03/08/2025,"($1,431.17)",ATM Withdrawal,ATM Cash Withdrawal
txn0002468,176-276-9501,05-Jan-2025,"$8,841.08",ACH Credit,Payroll Deposit
TXN0002845,384-559-7648,02/17/2025,"($37,456.20)",Internal Transfer,ACCOUNT TRANSFER
TXN0004498,101-657-9131,03/31/2025,"($6,412.34)",ACH Debit,Vendor Payment
TXN0005720,848-295-3210,06/22/2025,"($15,857.76)",ATM Withdrawal,ATM CASH WITHDRAWAL
TXN0005183, 534-226-2371 ,02/11/2025,"($44,469.10)",ACH Debit,VENDOR PAYMENT
 txn0002483,665-495-2165,27-Mar-2025,"($9,550.54)",Internal Transfer,Account Transfer
txn0002655,312-589-8644,28-Jun-2025,"($41,996.70)",Wire Transfer,Incoming Wire
TXN0004519,965-836-9100,01/29/2025,"($35,066.40)",ACH Debit,VENDOR PAYMENT
txn0000723,329-190-1035,25-Jan-2025,"$24,021.45",Check Deposit,Check Deposit
txn0003817,890-367-1388,18-Mar-2025,"($41,917.93)",Wire Transfer,OUTGOING WIRE
TXN0005552,536-952-6523,03/26/2025,"$17,369.02",Check Deposit,CHECK DEPOSIT
TXN0002518,649-236-2151,19-Jun-2025,"($35,017.34)",Wire Transfer,OUTGOING WIRE
TXN0001374,615-854-0957,05/15/2025,"$23,395.21",Check Deposit,Check Deposit
TXN0000259,370-420-0443,18-Jan-2025,"$10,184.09",Check Deposit,Check Deposit
TXN0002587,148-597-6964,23-Jan-2025,"$28,011.38",ACH Credit,Payroll Deposit
TXN0000267,523-976-0414,06/19/2025,"($21,436.66)",ATM Withdrawal,ATM CASH WITHDRAWAL
 TXN0004547,753-002-9329,11-Feb-2025,"$27,790.22",Internal Transfer,Account Transfer
TXN0001102,211-341-8596,03/03/2025,"($44,468.45)",ACH Debit,Vendor Payment
TXN0002413, 465-227-6437 ,03/09/2025,"$4,461.00",ACH Credit,PAYROLL DEPOSIT
TXN0001993,920-683-5504,06/26/2025,"($25,760.82)",ATM Withdrawal,ATM Cash Withdrawal
TXN0004680,289-760-6275,01/31/2025,"($6,342.75)",ACH Debit,Vendor Payment
TXN0000925,855-801-0205,03/01/2025,"($7,188.91)",Wire Transfer,Outgoing Wire
txn0005777,230-963-8227,05/03/2025,"$28,870.84",Internal Transfer,Account Transfer
txn0005228,361-823-2765,04/28/2025,"$33,765.01",Check Deposit,CHECK DEPOSIT
 TXN0002961,724-165-5833,02/06/2025,"($2,516.15)",ACH Debit,VENDOR PAYMENT
txn0003823,721-425-1682,08-Jan-2025,"$31,558.62",ACH Debit,Vendor Payment
 TXN0002284,292-710-9280,08-Jun-2025,"($15,032.72)",ACH Debit,Vendor Payment
TXN0003742,701-609-7729,05/13/2025,"($4,413.89)",Wire Transfer,Incoming Wire
TXN0004280,601-687-7798,03/12/2025,"($9,375.10)",ACH Debit,VENDOR PAYMENT
TXN0001623,104-412-8032,08-May-2025,"($43,454.06)",ATM Withdrawal,ATM Cash Withdrawal
TXN0000933,408-629-1783,03/23/2025,"$20,893.15",Check Deposit,CHECK DEPOSIT
TXN0004913,722-681-5042,21-Feb-2025,"$29,041.33",ACH Credit,Payroll Deposit
TXN0001152,984-712-0676,02/04/2025,"($35,671.92)",Debit Card,POS Purchase
TXN0000574,198-785-0460,04/16/2025,"($35,164.98)",Debit Card,POS Purchase
TXN0000845,699-549-8354,15-Mar-2025,"$42,831.72",Internal Transfer,Account Transfer
txn0005239,586-480-1037,06/03/2025,"($35,879.13)",Debit Card,POS PURCHASE
TXN0000310,692-007-4688,02/01/2025,"($42,616.54)",Internal Transfer,Account Transfer
 txn0004744,344-631-2239,04/20/2025,"($20,575.71)",ATM Withdrawal,ATM Cash Withdrawal
TXN0003432,674-729-8766,01/02/2025,"$43,299.73",ATM Withdrawal,ATM Cash Withdrawal
TXN0002955,837-058-7912,03/16/2025,"($18,053.42)",Debit Card,POS Purchase
TXN0005912,386-702-9476,04/13/2025,"($7,421.56)",Debit Card,POS PURCHASE
 TXN0002510,457-122-0835,02/01/2025,"($23,646.53)",ACH Debit,Vendor Payment
TXN0003716,127-235-3149,05/01/2025,"($44,826.32)",Wire Transfer,Incoming Wire
TXN0002391,838-048-2625,19-Mar-2025,"($31,260.97)",Wire Transfer,Outgoing Wire
txn0005513,471-698-4646,30-Jun-2025,"$14,131.43",Check Deposit,Check Deposit
TXN0001033,180-555-1323,10-Jun-2025,"$14,894.52",Check Deposit,Check Deposit
TXN0005395,669-585-7388,28-Jan-2025,"($19,992.64)",Wire Transfer,INCOMING WIRE
TXN0005059,238-701-4951,06/03/2025,"($23,164.90)",ACH Debit,Vendor Payment
TXN0000518,575-868-9307,06/14/2025,"($24,360.46)",Wire Transfer,OUTGOING WIRE
TXN0004768,551-589-7935,02/21/2025,"($33,987.46)",ATM Withdrawal,ATM Cash Withdrawal
TXN0005377,930-186-2598,26-Jan-2025,"$31,265.56",ACH Credit,PAYROLL DEPOSIT
TXN0005909,145-673-4481,03-May-2025,"$40,254.96",ACH Credit,PAYROLL DEPOSIT
TXN0002282,561-089-3128,05/13/2025,"($42,322.83)",ATM Withdrawal,ATM Cash Withdrawal
TXN0004056,573-536-5429,08-May-2025,"($44,125.68)",ACH Debit,VENDOR PAYMENT
TXN0003706,348-023-6966,18-May-2025,"$41,389.71",ACH Credit,PAYROLL DEPOSIT
txn0000145,939-455-8532,03/04/2025,"$30,251.06",Check Deposit,Check Deposit
 TXN0000370,194-217-7509,03-Apr-2025,"($38,363.95)",Internal Transfer,Account Transfer
txn0003621,520-124-8992,06/05/2025,"($31,963.58)",ATM Withdrawal,ATM CASH WITHDRAWAL
TXN0004388,885-093-7096,01/16/2025,"($7,206.64)",ATM Withdrawal,ATM Cash Withdrawal
TXN0005102,324-209-4402,06/19/2025,"($7,138.34)",ATM Withdrawal,ATM CASH WITHDRAWAL
TXN0001446,935-313-6008,30-Mar-2025,"($37,853.52)",Wire Transfer,Incoming Wire
TXN0005843,158-743-3630,17-Jan-2025,"($6,784.65)",Wire Transfer,Outgoing Wire
TXN0005464,173-073-8738,13-May-2025,"($34,059.53)",ATM Withdrawal,ATM Cash Withdrawal
TXN0004482,928-834-6394,04/26/2025,"($14,048.56)",Debit Card,POS Purchase
TXN0004836,155-013-6727,06/29/2025,"($43,663.73)",Wire Transfer,Incoming Wire
TXN0001771,240-115-7719,17-Jun-2025,"($39,960.00)",ATM Withdrawal,ATM CASH WITHDRAWAL
TXN0000136,760-124-2323,05/01/2025,"$8,493.55",Debit Card,POS PURCHASE
txn0003941,559-090-9541,10-Feb-2025,"$39,784.39",Check Deposit,Check Deposit
TXN0004932,849-693-1907,03/19/2025,"($33,466.97)",ACH Debit,Vendor Payment
txn0004090,959-907-2474,06/24/2025,"($1,799.36)",Debit Card,POS PURCHASE
TXN0002515,583-384-5110,06/05/2025,"$27,719.28",Check Deposit,CHECK DEPOSIT
TXN0002583,391-341-9011,04/11/2025,"($14,126.56)",Internal Transfer,Account Transfer
TXN0001333,610-013-2007,15-Apr-2025,"($14,501.05)",Wire Transfer,OUTGOING WIRE
txn0001952,400-279-0142,05/07/2025,"$2,866.96",ACH Credit,Payroll Deposit
TXN0002786, 766-126-2324 ,01/09/2025,"($42,550.17)",ATM Withdrawal,ATM Cash Withdrawal
 TXN0004669,417-114-5325,06/18/2025,"($31,999.82)",ACH Debit,VENDOR PAYMENT
TXN0003240,101-526-1148,05-Apr-2025,"($16,290.21)",ACH Debit,Vendor Payment
TXN0004842,154-253-9000,09-May-2025,"$40,602.31",ACH Credit,Payroll Deposit
TXN0002123,161-455-8217,01/03/2025,"($21,774.09)",Internal Transfer,Account Transfer
TXN0001963,972-116-3421,04/19/2025,"($33,199.07)",Debit Card,POS Purchase
TXN0000014,236-968-4368,12-Jan-2025,"($24,585.64)",ACH Debit,Vendor Payment
TXN0001103,757-358-0910,26-Jun-2025,"($21,682.33)",ATM Withdrawal,ATM CASH WITHDRAWAL
txn0000067,100-586-4017,11-Mar-2025,"($3,732.13)",Wire Transfer,Outgoing Wire
TXN0002019,847-835-1456,23-May-2025,"($12,674.97)",Debit Card,POS Purchase
TXN0004522,381-738-5353,06/30/2025,"($6,657.50)",ATM Withdrawal,ATM Cash Withdrawal
 txn0001715, 877-948-4072 ,03/26/2025,"$14,061.64",ACH Credit,PAYROLL DEPOSIT
TXN0005162,426-574-8794,01/06/2025,"($42,896.70)",Debit Card,POS Purchase
TXN0003046,688-300-0643,20-Feb-2025,"$8,045.42",Check Deposit,CHECK DEPOSIT
txn0003367,337-357-3523,20-Jan-2025,"$37,505.31",Check Deposit,Check Deposit
txn0003565, 753-314-4084 ,04/10/2025,"($5,249.62)",Internal Transfer,Account Transfer
TXN0002599,607-907-2823,06/09/2025,"$21,708.09",ACH Credit,PAYROLL DEPOSIT
 TXN0004614,148-899-2418,06/28/2025,"($32,749.83)",ACH Debit,Vendor Payment
TXN0004699,765-864-0032,02/12/2025,"$2,680.39",ACH Credit,Payroll Deposit
TXN0000164,929-129-3912,07-May-2025,"($41,769.49)",Wire Transfer,INCOMING WIRE
TXN0003490,489-055-8457,10-Jan-2025,"($28,501.96)",ACH Debit,Vendor Payment
TXN0001297,887-528-8218,02/17/2025,"$17,802.17",Check Deposit,CHECK DEPOSIT
TXN0002860, 390-756-0426 ,02-Feb-2025,"$36,718.81",Debit Card,POS Purchase
TXN0005251,960-950-4143,03/08/2025,"($32,062.02)",Debit Card,POS Purchase
TXN0004622,512-819-2421,06/23/2025,"($22,213.83)",Wire Transfer,Outgoing Wire
TXN0000111,779-737-6948,31-Jan-2025,"$40,687.99",Check Deposit,Check Deposit
TXN0004321,334-339-2084,04/18/2025,"($35,143.44)",Wire Transfer,INCOMING WIRE
TXN0003449,728-645-3961,09-Jan-2025,($691.64),Internal Transfer,ACCOUNT TRANSFER
 TXN0000411,514-510-6202,02/06/2025,"($33,886.50)",ATM Withdrawal,ATM CASH WITHDRAWAL
TXN0003129,978-917-4528,19-Mar-2025,"$28,974.07",ACH Credit,Payroll Deposit
TXN0001949,193-973-1617,21-Apr-2025,"($41,739.70)",Wire Transfer,Outgoing Wire
TXN0002153,141-437-7607,20-May-2025,"($9,744.82)",Wire Transfer,Outgoing Wire
TXN0002995,832-317-9273,05/10/2025,"($13,025.79)",Wire Transfer,Outgoing Wire
TXN0002775,570-419-4461,05/20/2025,($962.72),Debit Card,POS Purchase
 TXN0004837,320-886-5043,27-Mar-2025,"$15,628.47",ACH Credit,Payroll Deposit
TXN0001809,509-745-9533,03/04/2025,"$18,439.50",Check Deposit,Check Deposit
txn0001599,332-793-6242,01/28/2025,"$3,052.75",Check Deposit,Check Deposit
TXN0001477,678-782-5135,04/09/2025,"($38,127.02)",Internal Transfer,Account Transfer
TXN0003951,482-998-3671,04/09/2025,"($9,952.16)",ACH Debit,Vendor Payment
TXN0002778,474-359-0397,25-Apr-2025,"($21,552.90)",Debit Card,POS Purchase
TXN0005675,205-362-7159,08-Jun-2025,"($29,741.84)",ACH Debit,Vendor Payment
TXN0002358,152-508-1989,04/17/2025,"$23,744.29",Check Deposit,Check Deposit
TXN0004856,603-098-5523,27-Jan-2025,"($21,467.74)",Debit Card,POS Purchase
TXN0005784,286-461-0025,06/23/2025,"($32,794.10)",Wire Transfer,Incoming Wire
TXN0003661,285-993-1244,03/25/2025,"($14,540.04)",Wire Transfer,Outgoing Wire
TXN0003832,121-676-8758,23-Apr-2025,"$14,900.88",ACH Credit,Payroll Deposit
TXN0003246,822-219-7545,06/25/2025,"($3,813.59)",ATM Withdrawal,ATM Cash Withdrawal
TXN0000016,842-259-2892,05/19/2025,"$19,837.50",ATM Withdrawal,ATM Cash Withdrawal
TXN0002345, 815-278-3034 ,01/11/2025,"$12,266.86",Internal Transfer,ACCOUNT TRANSFER
TXN0001087,517-370-6154,25-May-2025,"($26,794.75)",ATM Withdrawal,ATM CASH WITHDRAWAL
TXN0005030,413-065-5321,02/22/2025,"($39,568.99)",Wire Transfer,OUTGOING WIRE
TXN0004243,766-296-8480,05/12/2025,"($33,562.23)",ATM Withdrawal,ATM Cash Withdrawal
 TXN0002679,932-465-1570,02/02/2025,$539.66,Check Deposit,Check Deposit
TXN0003748,113-098-9559,02/02/2025,"$20,728.85",Debit Card,POS PURCHASE
TXN0002584,999-778-7829,02/05/2025,"($8,469.98)",Wire Transfer,INCOMING WIRE
TXN0005480, 428-074-3071 ,02/11/2025,($856.96),Wire Transfer,Outgoing Wire
TXN0005202,825-023-7745,02/10/2025,"($12,454.37)",Wire Transfer,Outgoing Wire
TXN0004872,591-144-9613,03/10/2025,"$22,329.85",Check Deposit,Check Deposit
txn0005970,245-374-1023,19-Apr-2025,"$21,261.89",ACH Credit,PAYROLL DEPOSIT
TXN0003662,695-681-8018,29-Jun-2025,"($33,779.25)",Wire Transfer,Incoming Wire
txn0001476,827-187-9403,14-Apr-2025,"($18,859.26)",Wire Transfer,INCOMING WIRE
FEE00004,814-249-5836,26-Feb-2025,($46.58),Service Charge,Monthly Maintenance Fee
FEE00003,986-409-8820,02/07/2025,($45.95),Service Charge,Monthly Maintenance Fee
TXN0004114,182-762-9088,04-Mar-2025,"($3,153.24)",Internal Transfer,ACCOUNT TRANSFER
TXN0004554,567-923-9407,21-Jun-2025,"($40,039.68)",Internal Transfer,ACCOUNT TRANSFER
TXN0005783,459-634-1015,03/14/2025,"($41,050.71)",ACH Debit,Vendor Payment
TXN0002608,318-961-8947,02/13/2025,"$38,888.09",Check Deposit,Check Deposit
TXN0000896,315-008-7236,03/19/2025,"$42,012.64",ACH Credit,Payroll Deposit
 TXN0002921,870-235-0233,30-Jan-2025,"($3,434.07)",Wire Transfer,Incoming Wire
TXN0004826,138-587-6529,05/19/2025,"$22,038.17",Internal Transfer,Account Transfer
TXN0005727,161-594-2807,01/03/2025,"($30,364.30)",Wire Transfer,Outgoing Wire
TXN0005828,882-301-7565,02-Jan-2025,"$13,397.26",Debit Card,POS PURCHASE
 txn0003799,553-140-5275,03/15/2025,"($6,279.69)",Wire Transfer,INCOMING WIRE
 TXN0004445, 877-501-2724 ,01/13/2025,"($31,673.13)",Wire Transfer,Incoming Wire
TXN0000906, 936-004-9557 ,02-Jun-2025,"($7,630.69)",Wire Transfer,Incoming Wire
TXN0005081,148-347-1466,06/23/2025,"($17,857.89)",Internal Transfer,ACCOUNT TRANSFER
TXN0003422, 933-588-4145 ,06/23/2025,"$16,252.46",Internal Transfer,Account Transfer
TXN0002001,229-939-4194,18-May-2025,"$4,652.47",ACH Credit,Payroll Deposit
TXN0001710,749-381-7905,20-Jan-2025,"($39,879.42)",ATM Withdrawal,ATM Cash Withdrawal
TXN0005126,211-158-3184,21-Apr-2025,"$39,286.84",Check Deposit,Check Deposit
TXN0004158,691-700-4963,02-Jun-2025,"($26,583.74)",Debit Card,POS PURCHASE
txn0003568,506-422-0407,02/01/2025,"($11,560.09)",ACH Debit,VENDOR PAYMENT
TXN0001413,626-296-4613,03/11/2025,"($37,019.25)",ATM Withdrawal,ATM CASH WITHDRAWAL
 TXN0003140,317-712-3605,01/19/2025,"$35,576.80",ACH Credit,Payroll Deposit
TXN0002148,341-145-7508,31-Mar-2025,"($39,369.77)",Debit Card,POS PURCHASE
TXN0004828,988-127-7791,14-Feb-2025,"($20,141.05)",ATM Withdrawal,ATM Cash Withdrawal
TXN0003344,639-128-6991,12-Apr-2025,"($16,697.32)",Debit Card,POS PURCHASE
TXN0000778,313-342-4744,25-Apr-2025,"($19,533.25)",Internal Transfer,Account Transfer
TXN0001638,680-899-7940,08-Jan-2025,"($28,803.04)",Debit Card,POS Purchase
TXN0002729,415-014-6178,06-Jan-2025,"($23,261.28)",Debit Card,POS Purchase
TXN0002804,366-491-1441,26-Mar-2025,"$5,145.51",ACH Credit,PAYROLL DEPOSIT
TXN0001696,878-876-1305,03/21/2025,"$4,208.69",Check Deposit,Check Deposit
TXN0005348,700-811-5182,06/22/2025,"($6,060.85)",ACH Debit,Vendor Payment
TXN0004257,721-515-2313,03/21/2025,"$23,850.94",Check Deposit,Check Deposit
TXN0000112,131-040-3486,04/06/2025,"$14,576.35",ACH Credit,Payroll Deposit
 TXN0001789,919-896-8191,24-Jun-2025,"($4,988.56)",ATM Withdrawal,ATM CASH WITHDRAWAL
TXN0001361,919-954-2532,04/21/2025,"$1,726.22",Check Deposit,Check Deposit
FEE00065,999-513-2461,19-Jan-2025,($52.15),Service Charge,NSF Fee
TXN0005234,232-634-8563,05/29/2025,"($16,673.81)",Debit Card,POS Purchase
txn0005181,171-521-9297,03/11/2025,"($29,828.21)",Internal Transfer,Account Transfer
TXN0000880,329-509-6169,04-Jun-2025,"$42,022.38",ACH Credit,Payroll Deposit
TXN0000913,425-891-8090,25-Jun-2025,"($26,634.59)",ATM Withdrawal,ATM Cash Withdrawal
TXN0005788,986-790-5069,01-Apr-2025,"$11,529.84",Internal Transfer,ACCOUNT TRANSFER
TXN0002909,691-568-0917,03/28/2025,"($15,633.62)",Wire Transfer,Outgoing Wire
TXN0001017,195-401-1698,05/22/2025,($994.87),ACH Debit,Vendor Payment
TXN0003820,844-344-0035,06/27/2025,"$29,962.27",ACH Credit,PAYROLL DEPOSIT
TXN0005029, 117-282-9542 ,21-Jun-2025,"($15,957.36)",Debit Card,POS Purchase
 txn0003777,487-569-1471,06/05/2025,"($44,411.89)",Wire Transfer,Incoming Wire
TXN0003102,782-186-0818,04/08/2025,"($33,991.23)",ACH Debit,Vendor Payment
TXN0005280,580-825-8775,16-Jan-2025,"($28,125.24)",Debit Card,POS Purchase
TXN0003980,746-320-1405,01/16/2025,"($10,801.28)",ATM Withdrawal,ATM Cash Withdrawal
txn0004608,146-559-1159,03/02/2025,"$3,097.98",ACH Credit,Payroll Deposit
TXN0005745,900-711-3588,16-Apr-2025,"($27,128.70)",Wire Transfer,INCOMING WIRE
TXN0001682,389-761-2194,04/26/2025,"($7,887.60)",Debit Card,POS PURCHASE
TXN0004402,486-591-4855,05/25/2025,"($2,958.97)",ATM Withdrawal,ATM Cash Withdrawal
txn0002650,681-214-9457,11-Mar-2025,"$39,524.17",ACH Credit,PAYROLL DEPOSIT
TXN0000677,617-521-0419,01/27/2025,"$7,023.33",ACH Credit,Payroll Deposit
TXN0001149,603-794-2642,05/01/2025,"($41,431.30)",Debit Card,POS Purchase
TXN0000541,433-039-1121,04/14/2025,"($7,776.92)",Debit Card,POS Purchase
TXN0005910,170-939-2414,03/05/2025,"$7,420.84",ACH Credit,Payroll Deposit
TXN0002078,758-765-3832,05/18/2025,"$32,517.67",Check Deposit,CHECK DEPOSIT
TXN0001454,609-243-2559,03/31/2025,"($29,027.85)",ACH Debit,Vendor Payment
TXN0000444,745-716-8288,01/21/2025,"$5,096.51",Check Deposit,Check Deposit
TXN0000903,394-584-9376,23-Jan-2025,"($10,311.74)",ACH Debit,VENDOR PAYMENT
txn0002863,229-029-2997,11-Feb-2025,"$20,724.01",ACH Credit,Payroll Deposit
TXN0002903,430-681-6140,06/10/2025,"($2,593.58)",Wire Transfer,INCOMING WIRE
TXN0003230,512-034-5636,03/04/2025,"($26,180.65)",Internal Transfer,Account Transfer
TXN0000526,127-273-2666,04/16/2025,"$3,207.00",ACH Debit,Vendor Payment
 TXN0005699,771-124-5691,05/19/2025,"($24,925.02)",ACH Debit,Vendor Payment
txn0001144,901-980-8747,30-Apr-2025,"$2,109.26",Wire Transfer,Outgoing Wire
TXN0005847,934-517-2164,06-Feb-2025,"($13,288.34)",Debit Card,POS Purchase
TXN0005836,367-836-8002,31-May-2025,"($42,687.52)",Wire Transfer,OUTGOING WIRE
 TXN0005409,343-446-9499,27-Jan-2025,"($12,635.56)",Wire Transfer,OUTGOING WIRE
 TXN0004840, 451-126-8586 ,01/08/2025,"($32,679.09)",ACH Debit,Vendor Payment
TXN0005539,550-474-6171,11-Apr-2025,"$4,937.00",Check Deposit,Check Deposit
TXN0003536,690-196-9329,02-Jan-2025,"($8,343.75)",Wire Transfer,Outgoing Wire
TXN0002606,986-024-3870,21-Jun-2025,"($43,299.86)",Wire Transfer,Outgoing Wire
TXN0003725, 431-331-9517 ,10-May-2025,"($1,273.72)",Internal Transfer,ACCOUNT TRANSFER
TXN0005132,548-145-4812,05-Jan-2025,"($41,251.69)",Wire Transfer,OUTGOING WIRE
TXN0000618,155-395-1943,06/17/2025,"($42,215.14)",Wire Transfer,OUTGOING WIRE
FEE00075,972-599-2990,03/08/2025,($44.13),Service Charge,NSF Fee
TXN0001994,622-639-9303,28-Jan-2025,"($33,272.88)",Debit Card,POS PURCHASE
 TXN0005887,734-261-8151,06-Jan-2025,"$16,867.81",Internal Transfer,ACCOUNT TRANSFER
TXN0005557,509-378-2356,06/17/2025,"$32,855.60",Internal Transfer,Account Transfer
TXN0000997,260-550-7297,04/18/2025,"($2,994.57)",ACH Debit,VENDOR PAYMENT
txn0002213,915-679-1214,04/20/2025,"($41,376.75)",ACH Debit,Vendor Payment
TXN0004594,586-799-7951,01/13/2025,"($26,613.35)",Wire Transfer,OUTGOING WIRE
TXN0003206, 131-781-6786 ,04-May-2025,"($9,931.92)",Wire Transfer,Outgoing Wire
txn0000955,821-977-9323,05/29/2025,"$1,819.34",Internal Transfer,ACCOUNT TRANSFER
TXN0004382,599-816-3440,07-Jan-2025,"($33,689.17)",Wire Transfer,INCOMING WIRE
TXN0001455,728-199-9310,02/06/2025,"($28,070.46)",Wire Transfer,Incoming Wire
TXN0003304,243-760-7648,06/29/2025,"$10,380.46",Check Deposit,Check Deposit
TXN0004539,733-610-4718,05/13/2025,"($21,395.58)",ATM Withdrawal,ATM Cash Withdrawal
TXN0005267,388-856-2164,10-Mar-2025,"($1,254.90)",Wire Transfer,Outgoing Wire
txn0005471,615-515-0168,20-Feb-2025,"($5,884.86)",Debit Card,POS Purchase
 TXN0001820,452-146-4119,27-Feb-2025,"($18,845.99)",Debit Card,POS Purchase
TXN0001235,396-627-4029,02/10/2025,"($35,962.18)",Wire Transfer,OUTGOING WIRE
TXN0001353,419-516-0340,01-May-2025,$437.60,ACH Credit,Payroll Deposit
TXN0002526,471-727-2737,05/28/2025,"($18,846.55)",ATM Withdrawal,ATM Cash Withdrawal
 TXN0004827,626-034-1997,03/26/2025,"($7,669.11)",ACH Debit,Vendor Payment
TXN0004354,105-657-3151,04/30/2025,"($37,387.00)",Internal Transfer,ACCOUNT TRANSFER
TXN0001723,871-656-6211,18-May-2025,"$20,306.57",ACH Credit,Payroll Deposit
FEE00125,580-213-4796,05/27/2025,($60.00),Service Charge,Overdraft Fee
TXN0005357,752-423-1400,15-Jun-2025,"($7,170.07)",Debit Card,POS Purchase
TXN0002766,137-585-3978,06/21/2025,"($28,978.18)",Wire Transfer,INCOMING WIRE
TXN0005311,280-050-7089,04-Mar-2025,"$36,473.71",ACH Credit,Payroll Deposit
 txn0003841,829-837-3505,01/08/2025,"($31,964.95)",ATM Withdrawal,ATM Cash Withdrawal
TXN0003754,190-313-3301,06/11/2025,"($17,425.52)",ATM Withdrawal,ATM Cash Withdrawal
TXN0002249,669-472-7831,02/26/2025,"$2,016.25",ACH Credit,PAYROLL DEPOSIT
TXN0004938,928-140-3350,06/18/2025,"($1,725.35)",Wire Transfer,OUTGOING WIRE
 TXN0005210,364-388-8902,02-Feb-2025,"($19,999.47)",ATM Withdrawal,ATM Cash Withdrawal
TXN0001220,799-030-3987,04/08/2025,"($32,886.54)",Wire Transfer,Outgoing Wire
TXN0000790,807-509-3087,22-Jun-2025,"$38,294.28",Internal Transfer,Account Transfer
TXN0004753,748-242-1891,06/06/2025,"($9,339.29)",Internal Transfer,Account Transfer
 TXN0002542,746-830-1760,06/06/2025,"($9,319.19)",ACH Debit,Vendor Payment
TXN0003064,627-388-6759,22-May-2025,"$36,902.40",ACH Credit,Payroll Deposit
TXN0000079,775-849-3526,20-Jan-2025,"($24,664.86)",Wire Transfer,Outgoing Wire
TXN0000821,776-106-3599,01/15/2025,"($2,248.47)",ATM Withdrawal,ATM Cash Withdrawal
TXN0001024,522-878-9846,06/04/2025,"$41,904.28",ATM Withdrawal,ATM CASH WITHDRAWAL
TXN0005620,589-541-2119,20-Apr-2025,"$35,128.07",ACH Credit,Payroll Deposit
 TXN0001796,366-633-9211,04/06/2025,"($4,506.44)",Wire Transfer,INCOMING WIRE
txn0001196,864-209-0239,06/29/2025,"($10,752.70)",Debit Card,POS PURCHASE
TXN0004359,712-825-0783,03/05/2025,"($36,852.69)",ATM Withdrawal,ATM CASH WITHDRAWAL
TXN0002616,647-649-4629,05/09/2025,"$5,206.67",Internal Transfer,ACCOUNT TRANSFER
TXN0005201,865-818-4968,20-Feb-2025,"$22,653.82",Internal Transfer,Account Transfer
TXN0005315,759-841-9997,06/06/2025,"($6,792.29)",ACH Debit,Vendor Payment
TXN0002000, 278-743-9364 ,01/16/2025,"($19,373.57)",Internal Transfer,Account Transfer
TXN0003137,163-552-3774,05/20/2025,"($9,578.16)",ACH Debit,VENDOR PAYMENT
FEE00101,927-882-7040,02/05/2025,($54.84),Service Charge,Wire Fee
TXN0001839,821-361-4632,05/29/2025,"($5,088.97)",Wire Transfer,Incoming Wire
TXN0005778,323-394-9397,21-Jan-2025,"$41,097.49",ACH Credit,Payroll Deposit
TXN0003457,180-197-4813,17-Jan-2025,"($7,292.22)",ACH Debit,VENDOR PAYMENT
TXN0003765,774-910-6889,11-Jan-2025,"$40,222.31",ACH Credit,Payroll Deposit
TXN0003247,202-082-7945,06/12/2025,"($41,523.72)",Debit Card,POS Purchase
TXN0005333,236-518-5236,03/21/2025,"$22,117.98",ACH Credit,PAYROLL DEPOSIT
TXN0002922,520-319-5384,04/02/2025,"($24,615.29)",Wire Transfer,Outgoing Wire
txn0005334,923-000-7651,09-Jun-2025,"($10,785.84)",Debit Card,POS Purchase
TXN0003968,593-329-8360,05/25/2025,"($28,023.01)",ATM Withdrawal,ATM CASH WITHDRAWAL
TXN0002216,744-324-8837,10-May-2025,"($6,106.88)",Wire Transfer,Outgoing Wire
TXN0002310, 367-929-6845 ,29-Jan-2025,($163.67),Debit Card,POS Purchase
TXN0002948,569-796-6161,09-Feb-2025,"($41,002.50)",Wire Transfer,Incoming Wire
txn0002691,417-711-1723,03/06/2025,"$8,275.13",Wire Transfer,INCOMING WIRE
TXN0002700,186-957-0565,03-Mar-2025,"($40,119.84)",Wire Transfer,Incoming Wire
TXN0001549,457-455-6323,06/12/2025,"$35,965.74",ACH Credit,Payroll Deposit
TXN0003804,834-897-7922,17-Apr-2025,"($20,247.68)",ACH Debit,VENDOR PAYMENT
TXN0001917,551-041-7831,17-Apr-2025,"($34,313.99)",Wire Transfer,Outgoing Wire
txn0001065,187-586-5888,05/26/2025,"($35,108.94)",Wire Transfer,Incoming Wire
TXN0005365,602-521-1153,04/25/2025,"($14,250.53)",ACH Debit,Vendor Payment
txn0000775,148-948-7421,05/24/2025,"$18,846.01",Check Deposit,CHECK DEPOSIT
txn0000763, 590-967-2769 ,04/28/2025,"($41,689.56)",Wire Transfer,Outgoing Wire
TXN0004142,428-638-2844,01-Jun-2025,($575.23),Debit Card,POS Purchase
 TXN0000890,792-596-9118,05-Mar-2025,"$30,138.56",Check Deposit,CHECK DEPOSIT
TXN0003087,149-773-9668,02/08/2025,"($34,141.03)",Wire Transfer,Outgoing Wire
TXN0003623,165-312-5864,07-Mar-2025,"($8,302.70)",Debit Card,POS Purchase
TXN0002838,465-149-2863,06/24/2025,"($27,572.29)",Wire Transfer,Incoming Wire
TXN0005392,822-727-3417,29-Jun-2025,"$20,256.59",Check Deposit,Check Deposit
TXN0000456,456-082-2438,02/25/2025,"($27,080.98)",Wire Transfer,Outgoing Wire
TXN0002553,634-471-5758,18-Jun-2025,"($25,776.95)",ACH Debit,VENDOR PAYMENT
txn0005730,627-908-9448,02/23/2025,"($4,348.53)",ACH Debit,Vendor Payment
TXN0000174,542-240-7131,23-Jun-2025,"($19,668.95)",Wire Transfer,OUTGOING WIRE
TXN0001755,347-843-6229,04/02/2025,"$30,022.46",Check Deposit,Check Deposit
TXN0005482,290-599-0636,04/07/2025,($530.33),Wire Transfer,Incoming Wire
TXN0003365,912-053-7717,01/07/2025,"($37,947.77)",ATM Withdrawal,ATM CASH WITHDRAWAL
txn0003699,917-596-9950,05/04/2025,"($6,257.02)",ATM Withdrawal,ATM CASH WITHDRAWAL
TXN0004044,653-466-8842,06/01/2025,"$15,092.57",Check Deposit,Check Deposit
TXN0001845,741-644-0800,06/13/2025,"($1,643.62)",ATM Withdrawal,ATM Cash Withdrawal
TXN0001744,649-735-2381,23-May-2025,"$39,907.95",Check Deposit,Check Deposit
TXN0001001,533-186-6616,05/26/2025,"($1,791.83)",Debit Card,POS Purchase
TXN0005546,235-288-2009,14-Apr-2025,"($25,337.69)",Debit Card,POS PURCHASE
TXN0003369,236-545-9889,28-Jan-2025,"($16,440.97)",Wire Transfer,INCOMING WIRE
TXN0001488,636-729-6396,04/17/2025,"($1,045.99)",ACH Debit,Vendor Payment
TXN0003891,415-231-9311,03/13/2025,"($21,859.69)",Debit Card,POS PURCHASE
TXN0002388,873-752-6093,02/05/2025,"$43,590.06",Check Deposit,Check Deposit
TXN0001429,330-828-8179,05/07/2025,"($16,843.33)",ATM Withdrawal,ATM Cash Withdrawal
TXN0002868,363-276-9093,03/13/2025,"($5,209.46)",Wire Transfer,INCOMING WIRE
txn0003871,147-712-9972,04/04/2025,"($31,105.32)",ACH Debit,Vendor Payment
TXN0002286,104-094-2629,15-Mar-2025,"($35,421.48)",ATM Withdrawal,ATM CASH WITHDRAWAL
TXN0005299,612-065-2206,06/17/2025,"($6,099.91)",ACH Debit,Vendor Payment
 TXN0004027,210-053-7793,19-Mar-2025,"($42,681.04)",Wire Transfer,Incoming Wire
TXN0005738,439-824-1104,01/16/2025,"($32,244.71)",Wire Transfer,Outgoing Wire
TXN0002132,828-546-9359,06/22/2025,"($15,794.04)",Wire Transfer,Outgoing Wire
TXN0002431,544-750-7233,02-Jun-2025,"$38,195.04",ACH Credit,PAYROLL DEPOSIT
TXN0004053,671-568-4985,06/11/2025,"($21,358.37)",Internal Transfer,Account Transfer
 TXN0002108,483-022-9474,04/02/2025,"$32,689.75",ACH Credit,PAYROLL DEPOSIT
TXN0001758, 811-138-2052 ,06-Mar-2025,"($44,610.47)",Wire Transfer,INCOMING WIRE
TXN0000265,279-854-8228,02/24/2025,"$4,211.74",Internal Transfer,Account Transfer
TXN0001955,175-748-5580,04/23/2025,"($14,017.54)",Wire Transfer,OUTGOING WIRE
txn0002851,887-507-3269,03/19/2025,"($11,522.17)",Wire Transfer,OUTGOING WIRE
TXN0001739,843-049-2355,18-Apr-2025,"($25,546.08)",Internal Transfer,ACCOUNT TRANSFER
TXN0001482,939-389-0556,03/20/2025,"$11,981.67",ACH Credit,PAYROLL DEPOSIT
TXN0002504, 276-548-1025 ,05-Mar-2025,"$25,093.61",ACH Credit,Payroll Deposit
TXN0004131,339-335-0394,01/11/2025,"$6,258.64",Internal Transfer,Account Transfer
TXN0004403,760-028-6510,02/08/2025,"($1,862.02)",ATM Withdrawal,ATM CASH WITHDRAWAL
TXN0001075, 710-139-5276 ,05/14/2025,"($28,787.12)",Debit Card,POS PURCHASE
TXN0005159,134-419-2979,03/28/2025,"($5,896.21)",Internal Transfer,Account Transfer
TXN0001307,118-954-2071,16-Jun-2025,"($36,079.88)",Debit Card,POS Purchase
TXN0004086,224-089-0305,06/08/2025,"($38,730.88)",ATM Withdrawal,ATM Cash Withdrawal
TXN0003617,130-343-3475,01/04/2025,"($24,464.97)",Debit Card,POS Purchase
TXN0005691,390-582-8245,15-Apr-2025,"($26,682.10)",Wire Transfer,Outgoing Wire
TXN0003244,751-319-9966,19-Jun-2025,"$27,477.28",ACH Credit,Payroll Deposit
TXN0000076,597-504-1015,09-May-2025,"$15,881.43",Check Deposit,Check Deposit
TXN0005634,877-560-1962,05/03/2025,"($33,184.96)",Wire Transfer,OUTGOING WIRE
TXN0001395,866-567-6403,04/04/2025,"($37,959.25)",ATM Withdrawal,ATM Cash Withdrawal
TXN0003005,474-082-5308,06/21/2025,"($4,949.28)",Debit Card,POS PURCHASE
TXN0001567,583-424-7623,14-May-2025,"($20,148.49)",Wire Transfer,Incoming Wire
txn0003181,879-564-9565,12-May-2025,"($20,736.96)",Wire Transfer,Incoming Wire
txn0005840, 228-390-5524 ,05/04/2025,"($27,124.78)",ACH Debit,VENDOR PAYMENT
TXN0004104,454-526-6495,25-May-2025,"$27,308.09",Check Deposit,CHECK DEPOSIT
TXN0004994,642-480-6816,03/09/2025,"($36,320.93)",ACH Debit,Vendor Payment
 txn0002471,432-473-9781,07-Apr-2025,"($40,487.94)",Debit Card,POS Purchase
txn0003690,529-170-7795,05/19/2025,"($31,271.72)",Wire Transfer,Outgoing Wire
TXN0001320, 775-949-2287 ,24-Apr-2025,"($33,046.19)",Wire Transfer,INCOMING WIRE
TXN0004052,146-987-6953,03/26/2025,"($27,256.07)",Debit Card,POS PURCHASE
TXN0001730,938-908-3182,12-Feb-2025,"$18,133.84",Internal Transfer,ACCOUNT TRANSFER
TXN0002522,150-662-3897,26-Mar-2025,"($9,471.98)",ATM Withdrawal,ATM Cash Withdrawal
txn0004660,932-648-5900,06/16/2025,"$25,719.26",ACH Credit,Payroll Deposit
TXN0005603,629-261-1133,03/23/2025,"($2,966.69)",Wire Transfer,OUTGOING WIRE
TXN0003870,781-413-6643,18-May-2025,"$40,093.33",ACH Credit,Payroll Deposit
 TXN0004904,532-608-7716,05/15/2025,"$29,563.69",ACH Debit,Vendor Payment
TXN0004757,970-075-4936,03/17/2025,"($20,933.25)",Wire Transfer,Incoming Wire
FEE00139,866-620-3830,04/22/2025,($70.61),Service Charge,Wire Fee
 TXN0002041,310-835-4367,15-Feb-2025,"($17,229.02)",ATM Withdrawal,ATM Cash Withdrawal
 TXN0003961,935-749-5962,04/14/2025,"($38,497.77)",Wire Transfer,Outgoing Wire
TXN0004745, 535-646-6031 ,03/15/2025,"$23,878.56",Check Deposit,Check Deposit
TXN0001372,227-653-9708,15-Mar-2025,"($25,484.51)",ATM Withdrawal,ATM Cash Withdrawal
 TXN0003429,321-341-3303,05/19/2025,"($3,844.08)",Debit Card,POS Purchase
TXN0004637,701-364-3887,29-May-2025,"($4,094.53)",Debit Card,POS PURCHASE
TXN0005541, 689-219-0234 ,27-Jan-2025,"($34,986.30)",ATM Withdrawal,ATM Cash Withdrawal
TXN0004650,161-688-9874,11-Feb-2025,"$7,327.17",Internal Transfer,ACCOUNT TRANSFER
TXN0002141,627-432-5136,05/13/2025,"($42,646.09)",ACH Debit,Vendor Payment
TXN0004244,702-629-5096,05/08/2025,"($22,986.73)",Wire Transfer,Incoming Wire
TXN0000767,279-241-9343,29-May-2025,"($6,836.22)",Debit Card,POS Purchase
 TXN0004387,998-011-3351,01/22/2025,"($7,234.25)",ACH Debit,Vendor Payment
TXN0004277,958-100-8253,02/06/2025,"($14,660.40)",Wire Transfer,OUTGOING WIRE
 TXN0001547,475-176-3012,13-Feb-2025,"($15,976.52)",ACH Debit,Vendor Payment
TXN0002408,932-048-4554,02/10/2025,"($18,205.74)",ATM Withdrawal,ATM Cash Withdrawal
TXN0005655,505-115-6901,06/27/2025,"($2,209.88)",Wire Transfer,Outgoing Wire
TXN0004231,845-889-0313,03/16/2025,"($34,008.27)",ATM Withdrawal,ATM Cash Withdrawal
 TXN0004040, 828-668-7051 ,04/18/2025,"$34,468.78",Check Deposit,Check Deposit
TXN0002120,456-060-5140,05/18/2025,"($12,467.79)",ACH Debit,Vendor Payment
TXN0003032,561-276-3436,03/27/2025,"($1,423.47)",ATM Withdrawal,ATM Cash Withdrawal
TXN0005161,373-451-0891,05/16/2025,"($8,242.16)",ACH Debit,Vendor Payment
TXN0001586,179-539-5347,05/15/2025,"($36,401.61)",ACH Debit,VENDOR PAYMENT
TXN0001191,484-178-2732,30-Apr-2025,"($30,508.91)",Wire Transfer,Outgoing Wire
TXN0003952,484-249-0372,04/22/2025,"$14,279.84",Check Deposit,Check Deposit
TXN0001132,802-487-7642,04/06/2025,"($13,374.69)",Wire Transfer,Incoming Wire
TXN0003548,229-022-8734,06/30/2025,"($4,037.91)",ACH Debit,Vendor Payment
TXN0005592,826-970-3631,18-Jun-2025,"$5,876.65",ACH Credit,Payroll Deposit
TXN0000025,667-105-2181,01/10/2025,"$22,724.75",ACH Credit,Payroll Deposit
TXN0005569,853-233-5222,06/18/2025,"($4,535.77)",Debit Card,POS Purchase
TXN0000704, 774-806-4476 ,03/23/2025,"($3,244.10)",ATM Withdrawal,ATM Cash Withdrawal
 TXN0000806,683-661-4116,05/01/2025,"$32,310.04",Check Deposit,Check Deposit
TXN0003196, 483-396-1633 ,06/25/2025,"$38,701.16",Check Deposit,Check Deposit
TXN0003775,640-297-2495,04/28/2025,"$14,994.87",ACH Debit,Vendor Payment
txn0002710,425-478-8358,03/05/2025,"($17,650.69)",ATM Withdrawal,ATM CASH WITHDRAWAL
TXN0001607,620-207-3653,06/08/2025,"($18,574.29)",Wire Transfer,Outgoing Wire
TXN0004935, 484-766-5685 ,03/06/2025,"($27,281.57)",Internal Transfer,Account Transfer
TXN0004302,847-408-8798,06-Feb-2025,"$28,793.78",ACH Credit,Payroll Deposit
TXN0005547,788-025-9937,27-Feb-2025,"($32,619.51)",Wire Transfer,Incoming Wire
TXN0004236,493-672-4744,13-Jun-2025,"$34,687.92",Check Deposit,Check Deposit
txn0004357,886-315-0494,31-May-2025,"$10,019.90",Check Deposit,Check Deposit
txn0001619,841-879-8847,04/30/2025,"($31,323.06)",ACH Debit,Vendor Payment
TXN0000989,917-736-7893,05/17/2025,"($33,130.86)",ATM Withdrawal,ATM Cash Withdrawal
TXN0000055,669-970-4676,06/02/2025,"($19,858.11)",ACH Debit,Vendor Payment
TXN0005613, 129-486-2985 ,06/25/2025,"($4,044.73)",ACH Debit,Vendor Payment
TXN0000975,361-252-6541,26-May-2025,"($33,897.51)",Wire Transfer,Incoming Wire
TXN0001735,672-526-1464,03/12/2025,"($28,421.39)",Wire Transfer,INCOMING WIRE
TXN0005945,167-516-0099,06/04/2025,"$12,619.26",Check Deposit,CHECK DEPOSIT
TXN0004597, 346-292-0726 ,03/14/2025,"$33,195.01",ACH Credit,Payroll Deposit
TXN0002489,883-441-5913,09-May-2025,"($29,295.07)",ATM Withdrawal,ATM CASH WITHDRAWAL
TXN0003165,896-776-7879,04/29/2025,"($14,470.05)",Wire Transfer,Incoming Wire
TXN0003477,857-108-2807,06/20/2025,"($19,966.11)",Internal Transfer,ACCOUNT TRANSFER
TXN0004331,203-306-5903,04/29/2025,"$12,493.18",ACH Credit,PAYROLL DEPOSIT
txn0004926,888-065-5968,07-Feb-2025,"($32,303.82)",Wire Transfer,Incoming Wire
txn0004157,491-708-5037,06/15/2025,"($5,950.04)",Wire Transfer,Outgoing Wire
TXN0002052,201-743-4840,28-Apr-2025,"$34,561.92",Check Deposit,CHECK DEPOSIT
TXN0004617,480-668-6598,08-May-2025,"$10,384.64",Internal Transfer,Account Transfer
txn0005279,135-315-5794,03/04/2025,"$8,274.12",Internal Transfer,Account Transfer
TXN0000940,230-175-0470,06/04/2025,"($11,785.77)",Wire Transfer,Outgoing Wire
txn0000236, 445-039-8819 ,26-Apr-2025,"($8,117.97)",ACH Debit,Vendor Payment
TXN0000632,834-634-0764,28-Jan-2025,"$30,584.13",Check Deposit,Check Deposit
txn0000873,184-128-0030,06/20/2025,"($13,703.92)",Internal Transfer,Account Transfer
TXN0003110,882-039-9510,06/24/2025,"$23,574.35",Wire Transfer,Incoming Wire
txn0003487, 801-698-7348 ,03/04/2025,"($31,305.50)",ACH Debit,Vendor Payment
txn0002303,737-851-0707,02/23/2025,"($17,101.41)",ATM Withdrawal,ATM Cash Withdrawal
TXN0003232,561-038-8917,06/10/2025,"($26,167.83)",Debit Card,POS Purchase
 TXN0001920, 485-723-3664 ,06/16/2025,"($2,645.27)",ACH Debit,Vendor Payment
TXN0003414,496-335-7721,23-Feb-2025,"($27,345.54)",Wire Transfer,INCOMING WIRE
TXN0003205,872-832-9631,04/18/2025,"($29,005.07)",ATM Withdrawal,ATM Cash Withdrawal
TXN0003387,949-593-7134,06/30/2025,"($40,284.34)",Debit Card,POS Purchase
txn0002548,451-343-8691,01/20/2025,"($40,775.23)",Debit Card,POS Purchase
TXN0005621,551-156-0432,02/12/2025,"$28,696.47",Internal Transfer,ACCOUNT TRANSFER
TXN0005825,734-488-8604,01/02/2025,"$9,514.37",Check Deposit,Check Deposit
TXN0003500,622-885-3430,06/15/2025,"$1,424.53",ACH Credit,PAYROLL DEPOSIT
TXN0004743,656-587-4946,05/13/2025,"$21,878.21",ACH Credit,Payroll Deposit
TXN0005248,478-998-7477,01/18/2025,"$40,144.19",ACH Credit,Payroll Deposit
 TXN0002697,533-710-9552,03-Jan-2025,"($15,434.76)",ACH Debit,VENDOR PAYMENT
TXN0005651,278-578-6863,13-May-2025,"($38,530.70)",ACH Debit,Vendor Payment
TXN0002562,462-635-6889,06/07/2025,"($41,530.78)",Debit Card,POS Purchase
TXN0004379,218-135-8245,06/21/2025,"($16,178.94)",Debit Card,POS Purchase
TXN0000582,886-400-5665,31-Jan-2025,"$14,881.62",Internal Transfer,ACCOUNT TRANSFER
 txn0004022,409-314-4851,01-Jan-2025,"($13,016.19)",ATM Withdrawal,ATM Cash Withdrawal
TXN0001100,533-634-3133,01/17/2025,"($36,244.61)",ATM Withdrawal,ATM CASH WITHDRAWAL
TXN0005220, 598-221-4668 ,01/19/2025,"($17,579.41)",Wire Transfer,Outgoing Wire
TXN0000402,931-408-3071,03/31/2025,($308.43),Wire Transfer,Outgoing Wire
TXN0005576,447-708-4628,05/26/2025,"($25,032.86)",Wire Transfer,INCOMING WIRE
TXN0001884,472-483-8996,04/15/2025,"$9,371.37",Check Deposit,CHECK DEPOSIT
txn0002200,218-192-6235,29-Jun-2025,"$12,101.94",ACH Credit,PAYROLL DEPOSIT
TXN0001822,269-248-1286,22-Jan-2025,"($29,868.57)",Wire Transfer,OUTGOING WIRE
txn0003956,988-326-3508,20-Feb-2025,"$16,576.15",ACH Debit,Vendor Payment
TXN0003885,958-144-0848,13-Jan-2025,"($22,373.29)",Debit Card,POS Purchase
TXN0000904,644-425-6361,03/17/2025,"($33,182.01)",ACH Debit,Vendor Payment
TXN0001505,656-380-0193,03/16/2025,"($10,936.73)",Wire Transfer,Incoming Wire
 TXN0004644,608-275-2306,03/16/2025,"($41,832.00)",Wire Transfer,INCOMING WIRE
TXN0004484,116-891-0411,01/22/2025,"$12,883.32",Wire Transfer,Outgoing Wire
TXN0003343,753-581-4289,23-Jun-2025,"($30,111.26)",Wire Transfer,Outgoing Wire
FEE00137,162-180-3512,02/05/2025,$40.74,Interest Payment,Interest Credit
TXN0003784,945-429-4290,06/08/2025,"($18,311.42)",Wire Transfer,INCOMING WIRE
TXN0000476,127-707-9339,03/10/2025,"$11,074.10",Internal Transfer,Account Transfer
 txn0002499,477-392-3621,02-Apr-2025,"$31,251.53",ACH Credit,Payroll Deposit
TXN0002173,189-377-8431,01/07/2025,"$5,752.62",Internal Transfer,Account Transfer
TXN0000858,154-676-3730,04/24/2025,"($36,075.49)",Debit Card,POS PURCHASE
TXN0005852,692-374-7815,24-Mar-2025,"($27,718.49)",Wire Transfer,Incoming Wire
TXN0005782,120-437-2081,06/02/2025,"$15,083.29",Internal Transfer,ACCOUNT TRANSFER
TXN0003095,845-883-2531,02/01/2025,"($42,295.61)",Debit Card,POS Purchase
FEE00062,754-645-2770,13-Jun-2025,($26.21),Service Charge,Monthly Maintenance Fee
 TXN0003510,295-686-6066,30-Mar-2025,"($14,586.38)",ATM Withdrawal,ATM CASH WITHDRAWAL
TXN0002656,879-277-9316,01/22/2025,"$13,200.90",ACH Credit,Payroll Deposit
TXN0005688,992-424-8871,23-Jan-2025,"($6,490.72)",ATM Withdrawal,ATM Cash Withdrawal
txn0002726,903-905-7495,04/09/2025,"$6,601.15",Check Deposit,Check Deposit
TXN0001923,498-541-1784,05/14/2025,"($41,851.98)",Internal Transfer,Account Transfer
 TXN0000301,761-888-6593,25-Feb-2025,"$38,277.35",ACH Credit,Payroll Deposit
TXN0002419,486-854-4667,04/12/2025,"$30,399.68",Check Deposit,Check Deposit
TXN0005710,880-060-3547,06/05/2025,"($40,803.00)",Debit Card,POS Purchase
 TXN0003069,757-966-0033,05/23/2025,"($15,882.59)",Internal Transfer,Account Transfer
 FEE00087,731-557-8530,27-Apr-2025,($36.61),Service Charge,Wire Fee
TXN0000202,133-957-2328,14-Jun-2025,"($30,861.48)",ATM Withdrawal,ATM Cash Withdrawal
TXN0001647,907-452-4728,01/20/2025,"($15,061.01)",ACH Debit,Vendor Payment
TXN0003480,857-286-4210,28-Jun-2025,"$35,857.72",Check Deposit,Check Deposit
TXN0005996,685-060-8478,03/22/2025,"($39,010.96)",Internal Transfer,Account Transfer
 TXN0003212,459-830-3623,01/27/2025,"($38,419.38)",Wire Transfer,OUTGOING WIRE
TXN0005827,849-606-6181,04/01/2025,"($17,091.81)",Debit Card,POS Purchase
 TXN0003562, 553-386-7984 ,17-May-2025,"($6,036.99)",ACH Debit,VENDOR PAYMENT
txn0000974,453-014-9662,05-Feb-2025,"($34,824.05)",Debit Card,POS PURCHASE
TXN0004214,358-998-0390,02/12/2025,"($35,673.98)",Debit Card,POS Purchase
TXN0004658,375-229-0119,06/04/2025,"$30,253.58",ACH Credit,Payroll Deposit
TXN0004671,964-462-8517,20-Jan-2025,"($1,911.52)",ATM Withdrawal,ATM Cash Withdrawal
TXN0000130,955-684-7957,01/18/2025,"$14,064.15",Internal Transfer,ACCOUNT TRANSFER
txn0001163,803-465-1730,04/12/2025,"$17,858.71",ACH Credit,Payroll Deposit
TXN0001877, 216-345-0131 ,01-Apr-2025,"($9,142.88)",ACH Debit,VENDOR PAYMENT
TXN0004463,658-230-1748,03/10/2025,"($21,066.26)",ACH Debit,Vendor Payment
TXN0004766, 395-668-9744 ,30-Apr-2025,"($26,968.47)",Wire Transfer,Outgoing Wire
TXN0004164, 661-346-4399 ,17-May-2025,"($11,862.47)",Internal Transfer,Account Transfer
txn0003973,510-926-2133,01/22/2025,"($24,577.94)",Debit Card,POS Purchase
txn0005320,895-270-8012,02/15/2025,"($21,864.66)",Wire Transfer,OUTGOING WIRE
TXN0002030,916-042-6651,03/29/2025,"($31,309.74)",ATM Withdrawal,ATM CASH WITHDRAWAL
TXN0000398,140-099-6651,04/25/2025,"$23,647.59",Check Deposit,CHECK DEPOSIT
 TXN0005724,154-881-8135,05/20/2025,"($10,186.91)",Debit Card,POS PURCHASE
TXN0005678,123-966-8107,02/17/2025,"$10,973.65",Internal Transfer,Account Transfer
txn0002833,136-799-2190,08-May-2025,"$7,420.88",ACH Credit,Payroll Deposit
TXN0005035,893-221-3335,11-Apr-2025,"($10,484.97)",Wire Transfer,Outgoing Wire
TXN0000690,319-664-9758,01/22/2025,"($15,878.02)",ACH Debit,Vendor Payment
TXN0000047,403-399-0956,02/22/2025,"$20,519.60",ACH Credit,Payroll Deposit
TXN0001044,997-224-6134,06/21/2025,"($15,165.87)",ACH Debit,Vendor Payment
txn0003219, 971-905-6747 ,06/28/2025,"($34,971.66)",ACH Debit,Vendor Payment
TXN0005411,648-589-9596,29-Mar-2025,"($21,584.27)",ATM Withdrawal,ATM Cash Withdrawal
TXN0003579,575-564-1237,20-May-2025,"($15,222.41)",Wire Transfer,Incoming Wire
TXN0004386,925-572-4058,03/29/2025,"$3,395.98",Check Deposit,CHECK DEPOSIT
TXN0005091,877-644-8268,04/06/2025,"$9,518.75",ACH Credit,Payroll Deposit
TXN0004741, 628-383-0837 ,05/16/2025,"($24,194.06)",Debit Card,POS Purchase
TXN0005894,837-728-5129,05/07/2025,"($31,936.42)",Wire Transfer,Incoming Wire
TXN0005224,515-328-0522,03-Feb-2025,"$4,633.15",ACH Credit,Payroll Deposit
TXN0003435,371-036-7832,01/23/2025,"$2,890.97",ACH Credit,Payroll Deposit
 TXN0000549,491-732-4244,02/13/2025,"($4,200.21)",ACH Debit,Vendor Payment
 TXN0001792,216-644-0344,05/01/2025,"($31,614.76)",Debit Card,POS Purchase
TXN0003963,304-915-6198,03/12/2025,"($29,942.99)",Wire Transfer,Outgoing Wire
TXN0003018,425-272-6083,29-Jun-2025,"$23,828.12",ACH Credit,Payroll Deposit
txn0002171,476-263-7528,06/07/2025,"$28,958.56",ACH Credit,Payroll Deposit
TXN0004315,517-124-0673,03/30/2025,"($25,881.22)",ACH Debit,Vendor Payment
TXN0001791,571-608-4758,05/08/2025,"$1,519.72",ACH Credit,Payroll Deposit
TXN0001012,348-111-2314,03-Apr-2025,"$37,740.91",ACH Credit,PAYROLL DEPOSIT
txn0005814,603-560-4974,01/02/2025,"$12,404.48",Check Deposit,CHECK DEPOSIT
 TXN0005864,700-362-5421,06/28/2025,"($37,638.57)",ATM Withdrawal,ATM Cash Withdrawal
TXN0002671, 652-921-6122 ,02/15/2025,"($1,206.17)",Wire Transfer,Outgoing Wire
TXN0004832,810-795-9944,02/13/2025,"($14,782.23)",Wire Transfer,INCOMING WIRE
txn0003314,969-134-3448,06/22/2025,"$27,530.27",ACH Credit,Payroll Deposit
TXN0000297,699-463-8775,01/24/2025,($88.02),Wire Transfer,Incoming Wire
txn0005746,397-129-6600,05-May-2025,"($34,567.75)",ATM Withdrawal,ATM Cash Withdrawal
TXN0002899,768-753-2064,02/17/2025,"$38,754.79",Check Deposit,Check Deposit
TXN0002253,416-906-2075,17-Jan-2025,"$38,577.29",ACH Credit,Payroll Deposit
TXN0004276,770-580-0797,19-Jun-2025,"$28,601.29",Check Deposit,Check Deposit
TXN0004797,829-019-3794,04/25/2025,"$21,887.87",Check Deposit,Check Deposit
 txn0001466, 663-843-7562 ,27-Jun-2025,"$31,170.42",ACH Credit,Payroll Deposit
TXN0002316,822-144-6014,04/17/2025,"($3,434.31)",ATM Withdrawal,ATM Cash Withdrawal
TXN0001858,809-535-1983,05/19/2025,"($6,135.38)",Wire Transfer,Incoming Wire
 TXN0004145,976-286-5421,05/25/2025,($254.68),ACH Debit,VENDOR PAYMENT
 TXN0002684,707-019-5292,07-Mar-2025,"($43,146.68)",Wire Transfer,Outgoing Wire
TXN0001610,155-137-7661,05/04/2025,"$36,804.67",ACH Credit,PAYROLL DEPOSIT
TXN0003858,559-459-6318,05/26/2025,"($24,966.70)",Wire Transfer,Incoming Wire
TXN0001906,124-755-2305,01/11/2025,"$24,210.56",Check Deposit,Check Deposit
TXN0001827,606-526-5742,02/17/2025,"$32,865.43",ACH Credit,PAYROLL DEPOSIT
TXN0005376,324-072-8687,02-Jun-2025,"$20,087.17",ACH Credit,Payroll Deposit
TXN0001882,425-154-4058,04/20/2025,"($29,466.84)",ATM Withdrawal,ATM CASH WITHDRAWAL
txn0001819,873-144-9753,04/27/2025,"($13,655.41)",Debit Card,POS Purchase
TXN0000388,731-145-2953,01/24/2025,"$43,809.03",ACH Debit,Vendor Payment
TXN0005206,202-813-9770,03/19/2025,"($9,233.13)",Wire Transfer,Incoming Wire
FEE00060, 861-901-3342 ,03/21/2025,($59.19),Service Charge,NSF Fee
txn0005813,618-873-9777,05/10/2025,"($35,003.03)",ACH Debit,Vendor Payment
TXN0001041,569-528-0990,06/22/2025,"($9,988.02)",ACH Debit,Vendor Payment
TXN0003318,207-003-5963,01/21/2025,"($41,985.77)",Wire Transfer,OUTGOING WIRE
TXN0004432,997-546-3678,10-Mar-2025,"$36,493.76",ACH Credit,Payroll Deposit
TXN0002307,154-065-6574,03/22/2025,"($18,943.17)",Wire Transfer,OUTGOING WIRE
TXN0005058,880-206-8817,01/08/2025,"$9,924.63",Check Deposit,Check Deposit
txn0001239,917-830-0104,04/17/2025,"($22,677.15)",Debit Card,POS Purchase
TXN0005883,538-558-9197,16-Apr-2025,"$4,013.06",Check Deposit,Check Deposit
txn0003905,167-716-0676,06/21/2025,"($28,179.83)",ATM Withdrawal,ATM Cash Withdrawal
 TXN0005901,211-990-9896,26-May-2025,"($17,747.79)",Wire Transfer,INCOMING WIRE
txn0001912,981-116-9485,05/24/2025,"($37,031.09)",ATM Withdrawal,ATM Cash Withdrawal
TXN0000860,336-484-8214,03/31/2025,"($25,279.44)",ATM Withdrawal,ATM Cash Withdrawal
txn0002640,113-318-7628,02/26/2025,"($28,158.80)",ATM Withdrawal,ATM Cash Withdrawal
 TXN0004774,123-019-7991,17-Apr-2025,"($42,110.26)",Debit Card,POS Purchase
TXN0004896,249-307-4759,05-Apr-2025,"($18,013.36)",Debit Card,POS Purchase
TXN0001105,194-160-9773,02/20/2025,"($13,181.37)",ATM Withdrawal,ATM Cash Withdrawal
TXN0000171,267-359-1367,02/11/2025,"($24,481.88)",Wire Transfer,Outgoing Wire
TXN0004334, 287-435-5442 ,03/08/2025,"($9,100.39)",ACH Debit,Vendor Payment
txn0002346,233-391-4947,02/06/2025,"($11,494.03)",Wire Transfer,Outgoing Wire
TXN0004541,535-748-9602,29-Mar-2025,"($23,183.39)",ACH Debit,Vendor Payment
TXN0000165,781-105-6430,06/16/2025,"($37,050.56)",Wire Transfer,Incoming Wire
 TXN0002768,925-799-2545,02/02/2025,"($39,827.01)",Wire Transfer,Incoming Wire
 TXN0000114,920-172-4189,03/11/2025,"$30,762.07",ACH Credit,PAYROLL DEPOSIT
 TXN0003357,102-508-6386,12-Mar-2025,"($14,108.70)",Wire Transfer,Incoming Wire
TXN0004605, 286-396-5947 ,06/18/2025,"($40,647.10)",ATM Withdrawal,ATM Cash Withdrawal
 TXN0002543,867-840-8882,26-Mar-2025,"$27,171.99",Check Deposit,CHECK DEPOSIT
 TXN0000543,561-546-3340,06/28/2025,"$4,600.16",Check Deposit,Check Deposit
txn0003795,186-514-5848,05/30/2025,"$14,900.83",Check Deposit,Check Deposit
TXN0002698,747-328-6705,01/29/2025,"($26,279.62)",Wire Transfer,INCOMING WIRE
txn0000670,188-385-7707,06/10/2025,"$41,351.13",ACH Credit,Payroll Deposit
TXN0004384, 335-034-7340 ,05/31/2025,"($9,921.95)",Wire Transfer,INCOMING WIRE
TXN0002644,346-971-4075,04/20/2025,"$44,105.32",Check Deposit,Check Deposit
txn0005668, 287-995-4994 ,05/20/2025,"($31,688.96)",Wire Transfer,Incoming Wire
fee00071,731-923-6210,30-Jun-2025,($64.22),Service Charge,Wire Fee
TXN0000548,339-164-4997,09-Apr-2025,"$7,553.44",Check Deposit,Check Deposit
TXN0000056,206-646-2799,06/23/2025,"($1,109.67)",Debit Card,POS PURCHASE
TXN0002892,247-830-9813,04/16/2025,"($10,395.12)",ATM Withdrawal,ATM Cash Withdrawal
 TXN0001799,234-708-1522,02-Jul-2025,"($25,128.28)",Wire Transfer,INCOMING WIRE
txn0004971,344-091-2729,01/04/2025,$852.61,Check Deposit,Check Deposit
TXN0000636,793-845-5364,06-May-2025,"($37,779.71)",Internal Transfer,Account Transfer
TXN0000132,187-912-1024,01/28/2025,"($33,942.16)",Wire Transfer,Outgoing Wire
 TXN0001245,294-237-4848,05/15/2025,"($8,263.93)",ACH Debit,Vendor Payment
TXN0001597,567-432-2521,03/11/2025,"($17,682.12)",Debit Card,POS Purchase
TXN0004799,910-142-3288,05/12/2025,"($14,621.40)",ACH Debit,Vendor Payment
TXN0001314,933-569-7681,21-May-2025,"$28,811.22",Check Deposit,Check Deposit
TXN0005346,166-034-5562,03/22/2025,"($16,208.43)",ATM Withdrawal,ATM CASH WITHDRAWAL
txn0004305,310-513-5703,01/11/2025,"$41,838.17",Check Deposit,Check Deposit
txn0002603,663-147-7020,02/01/2025,"($39,799.13)",Debit Card,POS Purchase
TXN0002612,281-356-7061,06/15/2025,"$6,212.04",ACH Credit,PAYROLL DEPOSIT
TXN0002949,500-827-8820,02/11/2025,"$42,251.98",ACH Credit,PAYROLL DEPOSIT
TXN0003528,164-195-2334,05-Mar-2025,"($9,775.17)",ATM Withdrawal,ATM Cash Withdrawal
TXN0002101, 214-504-2949 ,06/16/2025,"$27,645.47",Check Deposit,Check Deposit
txn0004042,644-015-3931,13-Mar-2025,"$17,349.59",ACH Credit,Payroll Deposit
TXN0004294,336-530-6906,06/20/2025,"($13,379.93)",ACH Debit,VENDOR PAYMENT
TXN0001596,528-862-0289,23-Feb-2025,($514.38),Wire Transfer,Outgoing Wire
TXN0001127,720-604-2126,12-Jun-2025,"($17,057.43)",Wire Transfer,Outgoing Wire
TXN0005123,364-253-7891,04/11/2025,"($24,098.42)",ATM Withdrawal,ATM CASH WITHDRAWAL
TXN0000441,141-596-1997,12-Feb-2025,"$29,168.18",Check Deposit,Check Deposit
TXN0001563,928-073-3482,02/15/2025,"$31,196.46",Internal Transfer,Account Transfer
TXN0000986,615-352-6031,09-Mar-2025,"($14,984.80)",Wire Transfer,Outgoing Wire
TXN0004718,572-569-5302,02/21/2025,"($20,914.16)",Wire Transfer,OUTGOING WIRE
 TXN0004532,681-950-6485,09-Jun-2025,"$2,927.09",ACH Credit,Payroll Deposit
TXN0001652,516-164-7665,03/17/2025,"($14,419.54)",Debit Card,POS Purchase
TXN0003322,453-248-3206,06/22/2025,"($32,719.34)",Wire Transfer,Outgoing Wire
TXN0004579, 740-313-0630 ,06/01/2025,"$44,800.68",Check Deposit,Check Deposit
TXN0000936,340-893-5462,03-Mar-2025,"($33,275.15)",ACH Debit,Vendor Payment
TXN0003677,939-164-9609,02/03/2025,"$16,064.68",Internal Transfer,Account Transfer
TXN0000455,810-690-1099,13-Mar-2025,"($21,337.15)",Internal Transfer,ACCOUNT TRANSFER
TXN0004830,116-294-1223,09-May-2025,"$19,755.09",ACH Credit,PAYROLL DEPOSIT
TXN0001216,170-403-9075,14-May-2025,"($16,386.85)",ACH Debit,Vendor Payment
TXN0002689,362-215-0729,21-May-2025,"($23,387.92)",Internal Transfer,ACCOUNT TRANSFER
TXN0004134,517-302-1652,15-Mar-2025,"$35,577.30",ACH Credit,PAYROLL DEPOSIT
TXN0001717,653-854-5037,03/29/2025,"$35,967.48",Check Deposit,Check Deposit
TXN0001402,609-626-4696,06/11/2025,"($39,041.55)",Wire Transfer,Outgoing Wire
TXN0000645,920-250-8454,06/18/2025,"$39,889.42",Check Deposit,CHECK DEPOSIT
FEE00110,843-636-0981,10-Jan-2025,($72.32),Service Charge,Wire Fee
TXN0004786,552-761-2768,02/20/2025,"$38,544.71",ACH Credit,Payroll Deposit
txn0002186,169-085-0715,09-Jan-2025,"($8,351.72)",ATM Withdrawal,ATM Cash Withdrawal
 TXN0002814, 972-048-4415 ,07-Jun-2025,"($32,550.53)",Wire Transfer,INCOMING WIRE
txn0001122,587-295-5782,21-Mar-2025,"$17,120.58",ACH Credit,Payroll Deposit
TXN0003171,375-077-9867,08-Apr-2025,"$20,132.38",ACH Debit,Vendor Payment
TXN0002165,605-616-9644,02/08/2025,"($37,097.51)",Debit Card,POS Purchase
txn0004399,107-008-6464,05/15/2025,"($27,798.05)",Wire Transfer,Incoming Wire
TXN0002830,817-300-3374,04-Feb-2025,"($10,239.62)",Wire Transfer,INCOMING WIRE
TXN0003055,653-582-6837,05/28/2025,"$6,205.66",Check Deposit,Check Deposit
txn0002859,183-148-6065,04/25/2025,"($41,427.58)",Debit Card,POS PURCHASE
TXN0003039,350-120-2262,06/01/2025,"($4,626.46)",Wire Transfer,Incoming Wire
txn0003752,700-183-8675,17-Mar-2025,"$3,001.98",Internal Transfer,ACCOUNT TRANSFER
txn0001651,308-054-0739,03/18/2025,"($29,438.81)",ATM Withdrawal,ATM Cash Withdrawal
 TXN0002577,106-284-2983,05/31/2025,"$3,078.14",Wire Transfer,Incoming Wire
TXN0000262,153-011-9624,05/23/2025,"($4,080.01)",Debit Card,POS PURCHASE
TXN0000899,779-527-8739,04/10/2025,"$35,253.70",ACH Credit,PAYROLL DEPOSIT
TXN0005122,932-782-5884,25-May-2025,"($32,948.48)",ACH Debit,VENDOR PAYMENT
TXN0002344,618-942-3650,04/28/2025,"($3,642.98)",Internal Transfer,Account Transfer
txn0005736,533-051-5406,03/02/2025,"($10,483.65)",ACH Debit,Vendor Payment
TXN0001097,476-470-7759,27-Apr-2025,"$25,581.55",ACH Credit,PAYROLL DEPOSIT
 TXN0001060,485-402-7609,23-Mar-2025,"($12,379.42)",ACH Debit,VENDOR PAYMENT
 TXN0000598, 367-182-3991 ,01-May-2025,"$16,249.17",Debit Card,POS Purchase
TXN0000998,827-219-8499,04/28/2025,"($8,177.18)",Wire Transfer,Incoming Wire
TXN0005583,997-984-9273,06-Feb-2025,"$19,451.51",Check Deposit,Check Deposit
txn0005491,537-320-3170,03-Feb-2025,"$13,162.56",ACH Credit,Payroll Deposit
TXN0001748,394-759-3041,19-Feb-2025,"($25,734.08)",Wire Transfer,Incoming Wire
TXN0001113, 787-381-9927 ,14-Apr-2025,"($17,269.65)",ATM Withdrawal,ATM Cash Withdrawal
 TXN0003202,757-284-2063,04/02/2025,"$36,769.18",ACH Credit,PAYROLL DEPOSIT
TXN0002858,682-386-8088,04/08/2025,"($16,733.58)",ATM Withdrawal,ATM CASH WITHDRAWAL
TXN0001683,466-290-1298,04/16/2025,"$11,125.43",Check Deposit,Check Deposit
 TXN0003188,777-413-0097,01/14/2025,"($40,431.66)",Wire Transfer,OUTGOING WIRE
TXN0003213,143-438-7760,06/13/2025,"($28,869.64)",ATM Withdrawal,ATM Cash Withdrawal
TXN0005530,219-995-8465,04/23/2025,"($3,446.89)",ATM Withdrawal,ATM Cash Withdrawal
TXN0005976,127-524-8397,16-Jun-2025,"($44,495.35)",Debit Card,POS Purchase
TXN0003183,854-138-3544,05/21/2025,"($44,136.49)",Internal Transfer,ACCOUNT TRANSFER
TXN0004060,633-524-1734,05/09/2025,"($39,701.78)",Wire Transfer,Outgoing Wire
TXN0004696,408-342-7278,05/09/2025,"($21,046.32)",Internal Transfer,ACCOUNT TRANSFER
TXN0001344,905-946-3269,02/20/2025,"($9,410.99)",ATM Withdrawal,ATM Cash Withdrawal
TXN0004944,682-213-9685,02/01/2025,"($6,499.17)",Internal Transfer,ACCOUNT TRANSFER
TXN0005326,944-977-4023,03/13/2025,"$36,467.00",Check Deposit,Check Deposit
TXN0002912,743-473-6821,05/06/2025,"($16,534.48)",Wire Transfer,Outgoing Wire
TXN0001397, 913-137-7472 ,06/17/2025,"$24,236.54",ACH Credit,Payroll Deposit
TXN0004523,243-508-6113,03/26/2025,"($23,504.82)",Wire Transfer,Outgoing Wire
TXN0005489,819-034-1044,12-Jun-2025,"($6,006.19)",ACH Debit,VENDOR PAYMENT
TXN0003295,642-059-1152,04/10/2025,"($16,228.33)",Debit Card,POS Purchase
txn0000752,545-466-9226,11-May-2025,"$5,301.38",Debit Card,POS PURCHASE
 TXN0000356,544-579-4898,21-Apr-2025,"($4,789.45)",Wire Transfer,Incoming Wire
TXN0002977,698-805-0863,04/23/2025,"($34,575.06)",Debit Card,POS Purchase
txn0001641,803-628-9141,04/17/2025,"$20,778.10",Check Deposit,Check Deposit
 TXN0003308,784-352-1059,29-Mar-2025,"($30,733.00)",Wire Transfer,Outgoing Wire
 txn0003331,192-462-5953,01/23/2025,"($44,976.73)",Wire Transfer,Outgoing Wire
 TXN0003913,622-357-1177,13-Apr-2025,"($44,289.05)",Wire Transfer,Outgoing Wire
TXN0001579,988-447-1032,01/15/2025,"($26,289.56)",Debit Card,POS PURCHASE
 TXN0003495,326-173-4826,17-May-2025,"$28,163.80",ACH Credit,PAYROLL DEPOSIT
TXN0002782, 644-360-1303 ,04-Jun-2025,"$30,622.98",ACH Credit,Payroll Deposit
FEE00054,403-588-9882,22-Feb-2025,($18.96),Service Charge,Wire Fee
TXN0005950,287-434-3674,18-May-2025,"($8,009.85)",Wire Transfer,Outgoing Wire
txn0003790,738-603-5791,01/05/2025,"($7,786.96)",Wire Transfer,Incoming Wire
TXN0000348,279-769-5751,01/07/2025,"$5,352.80",Check Deposit,Check Deposit
TXN0000031,964-075-5789,04-Mar-2025,"$32,569.03",Check Deposit,Check Deposit
TXN0001558,936-974-9508,03/31/2025,"($25,759.10)",ATM Withdrawal,ATM CASH WITHDRAWAL
TXN0003607,943-000-5575,03/05/2025,"$6,449.17",ACH Credit,Payroll Deposit
txn0003738,771-976-4363,05/03/2025,"($22,354.36)",Wire Transfer,Outgoing Wire
TXN0003109,716-022-9011,22-Apr-2025,"($4,837.56)",ATM Withdrawal,ATM Cash Withdrawal
 txn0002683,761-855-0437,01/13/2025,"$4,696.34",ACH Credit,PAYROLL DEPOSIT
TXN0000343,704-345-6429,10-Mar-2025,"$14,141.77",Internal Transfer,Account Transfer
txn0003658,412-701-8213,27-Apr-2025,"($23,670.92)",Wire Transfer,Incoming Wire
TXN0003501,500-264-3958,03/28/2025,"($20,834.95)",Internal Transfer,ACCOUNT TRANSFER
TXN0002624,820-634-9207,05/18/2025,"($24,504.81)",Debit Card,POS Purchase
txn0002794,846-777-0607,31-Mar-2025,"($34,606.39)",ACH Debit,VENDOR PAYMENT
txn0002230,205-788-4354,02/11/2025,"$1,145.22",Internal Transfer,Account Transfer
TXN0005005,337-734-9974,14-Mar-2025,"($35,466.17)",ATM Withdrawal,ATM Cash Withdrawal
TXN0003911,447-919-4012,29-Jun-2025,"($3,277.56)",Wire Transfer,Outgoing Wire
TXN0001709,761-466-9327,21-Mar-2025,"$7,813.25",ACH Credit,Payroll Deposit
TXN0004789,651-544-4947,02/17/2025,"($21,947.04)",Internal Transfer,Account Transfer
TXN0005682,262-174-9246,04/07/2025,"($28,269.20)",Debit Card,POS Purchase
TXN0002989,177-519-4277,06/18/2025,"($7,042.24)",ATM Withdrawal,ATM Cash Withdrawal
TXN0002670,763-383-8953,10-Jan-2025,"($20,288.60)",Debit Card,POS Purchase
TXN0005176,975-905-5725,24-May-2025,"$41,907.83",Check Deposit,Check Deposit
TXN0003077,521-838-4979,06/17/2025,"($15,060.34)",Wire Transfer,Incoming Wire
TXN0003603,159-213-7675,03/29/2025,"$17,450.05",ACH Credit,Payroll Deposit
TXN0005614,118-591-7746,05/21/2025,$322.10,Internal Transfer,Account Transfer
TXN0002382,253-798-8711,06/14/2025,"($7,818.94)",ATM Withdrawal,ATM Cash Withdrawal
TXN0005484, 671-540-8416 ,03/05/2025,"$43,590.49",ACH Credit,Payroll Deposit
txn0004320,149-387-8062,23-Jun-2025,"$22,620.84",ACH Credit,PAYROLL DEPOSIT
txn0003178,973-733-8430,22-Apr-2025,"($28,533.10)",ATM Withdrawal,ATM Cash Withdrawal
TXN0001290,553-304-9036,28-Mar-2025,"$20,989.84",Internal Transfer,ACCOUNT TRANSFER
TXN0005519, 120-354-7032 ,01/26/2025,"($37,207.96)",Debit Card,POS Purchase
TXN0004621,851-727-5508,02/16/2025,"($32,956.55)",Wire Transfer,Outgoing Wire
txn0005071,669-705-8939,06/22/2025,"($40,682.18)",Debit Card,POS Purchase
TXN0000847,111-489-3435,02/09/2025,"($33,742.75)",Wire Transfer,Incoming Wire
txn0000254,496-672-4555,18-Apr-2025,"($14,433.23)",Internal Transfer,ACCOUNT TRANSFER
FEE00024,524-798-6993,05/13/2025,($17.62),Service Charge,Overdraft Fee
txn0001947,325-281-9921,06/10/2025,"($23,466.22)",ACH Debit,Vendor Payment
TXN0001164,938-635-2617,01/19/2025,"$16,878.38",Check Deposit,Check Deposit
TXN0002745,421-160-3435,01/04/2025,"($24,167.41)",ACH Debit,Vendor Payment
TXN0004779,910-893-3452,01/24/2025,"($7,370.31)",Internal Transfer,Account Transfer
txn0000878,245-965-4420,05/04/2025,"($11,228.08)",Wire Transfer,Outgoing Wire
TXN0002291,806-757-3378,01/31/2025,"($19,660.71)",Wire Transfer,Outgoing Wire
 TXN0001031,534-530-8576,01/15/2025,"($7,620.37)",Wire Transfer,Outgoing Wire
TXN0002430,907-529-2576,05-Jan-2025,"($40,951.25)",Wire Transfer,Outgoing Wire
TXN0003575,708-784-2908,06/24/2025,"($24,445.92)",Internal Transfer,Account Transfer
TXN0001420, 864-763-3457 ,08-Apr-2025,"($2,165.83)",ACH Debit,Vendor Payment
TXN0005488,704-032-9688,04/15/2025,"$28,059.84",ACH Credit,PAYROLL DEPOSIT
TXN0005416,813-384-1425,22-Feb-2025,"$3,703.71",Internal Transfer,Account Transfer
TXN0004689,118-029-9355,01/09/2025,"$14,945.69",ACH Credit,PAYROLL DEPOSIT
TXN0002204,909-521-0214,02/20/2025,"$14,878.30",ACH Credit,PAYROLL DEPOSIT
TXN0003204,769-637-4751,01/28/2025,"($30,360.72)",ACH Debit,Vendor Payment
TXN0002113,288-169-9060,05/02/2025,"($22,431.11)",ACH Debit,VENDOR PAYMENT
TXN0000113,915-054-7904,10-Jun-2025,"$34,721.99",ACH Credit,Payroll Deposit
TXN0002268,154-027-4903,22-Apr-2025,"$1,327.37",ACH Credit,Payroll Deposit
TXN0000781,220-857-0775,04/06/2025,"$15,249.31",ACH Credit,Payroll Deposit
TXN0004815,413-651-0542,01/03/2025,"($21,633.68)",Wire Transfer,INCOMING WIRE
TXN0001818,943-919-3644,01/31/2025,"($38,229.23)",Internal Transfer,Account Transfer
 TXN0001981,542-179-0137,05-Jun-2025,"($37,826.04)",Debit Card,POS PURCHASE
txn0003388,689-406-5086,06/23/2025,"$8,514.57",ACH Credit,PAYROLL DEPOSIT
TXN0001514,391-069-7236,04/06/2025,"($12,858.95)",Internal Transfer,ACCOUNT TRANSFER
TXN0002114,971-107-5781,13-Jun-2025,"($27,737.95)",Debit Card,POS PURCHASE
TXN0004577,550-106-9106,20-Jun-2025,"$27,086.85",ACH Credit,Payroll Deposit
TXN0003237,461-190-4725,15-Jun-2025,"$19,864.83",ACH Credit,PAYROLL DEPOSIT
TXN0000562,921-416-1467,01/19/2025,"($26,132.51)",ACH Debit,VENDOR PAYMENT
TXN0005469,865-030-2463,07-Jun-2025,"$26,088.93",Check Deposit,Check Deposit
TXN0000179,908-255-9118,26-Apr-2025,"($9,534.31)",Wire Transfer,Outgoing Wire
TXN0004866,994-195-8903,07-Jun-2025,"($8,134.14)",ACH Debit,Vendor Payment
 txn0004979, 506-024-4870 ,12-Apr-2025,"$44,868.74",Check Deposit,CHECK DEPOSIT
TXN0001527,890-617-6626,03/27/2025,"$36,036.54",ATM Withdrawal,ATM Cash Withdrawal
TXN0003683,286-134-3312,23-Jun-2025,"($31,948.55)",Wire Transfer,Incoming Wire
TXN0003641, 141-874-4212 ,26-Feb-2025,"($33,240.07)",Internal Transfer,Account Transfer
txn0000040,607-471-6658,29-Mar-2025,"($3,198.06)",Wire Transfer,INCOMING WIRE
TXN0005390,650-965-5174,19-Jan-2025,"($20,827.35)",Wire Transfer,Outgoing Wire
TXN0000272,140-937-1092,02/01/2025,"($36,214.14)",Debit Card,POS Purchase
TXN0004922,242-264-1848,14-Mar-2025,"($32,941.09)",Debit Card,POS Purchase
TXN0004806,655-895-8302,11-Feb-2025,"($19,992.94)",Debit Card,POS PURCHASE
TXN0001704,710-502-7200,03/06/2025,"($18,431.15)",ACH Debit,Vendor Payment
 txn0001267,560-891-3396,06/30/2025,"($31,955.97)",ATM Withdrawal,ATM Cash Withdrawal
TXN0002940,322-063-6777,25-Jun-2025,"$18,516.70",ACH Credit,Payroll Deposit
TXN0001009, 186-043-8730 ,01-Mar-2025,"($25,681.25)",ATM Withdrawal,ATM CASH WITHDRAWAL
TXN0000291,675-073-5377,03/31/2025,"$2,966.97",Check Deposit,Check Deposit
TXN0002976,589-983-1531,09-Jun-2025,"($3,261.88)",ATM Withdrawal,ATM Cash Withdrawal
TXN0003504, 721-691-7111 ,01/26/2025,"($12,736.26)",Wire Transfer,Outgoing Wire
TXN0003074,648-923-4643,06/02/2025,"$38,149.16",Check Deposit,Check Deposit
TXN0005258,577-191-7249,02/27/2025,"$4,874.80",ACH Credit,Payroll Deposit
txn0004616,204-478-0625,04/08/2025,"($33,720.73)",ACH Debit,Vendor Payment
TXN0001143,217-766-7591,02/12/2025,"($40,304.55)",Wire Transfer,Incoming Wire
TXN0002585,236-484-8490,24-Jan-2025,"($22,388.50)",ACH Debit,VENDOR PAYMENT
TXN0005429,437-498-0039,06-Mar-2025,"($2,842.30)",ATM Withdrawal,ATM Cash Withdrawal
TXN0001973,974-721-5737,22-Jan-2025,"$38,466.18",ACH Credit,Payroll Deposit
TXN0004762,591-688-7432,02/19/2025,"($34,543.89)",Wire Transfer,Outgoing Wire
TXN0001673,138-189-3711,28-Apr-2025,"$12,207.14",Check Deposit,Check Deposit
TXN0004383,955-923-7035,31-Mar-2025,"$34,183.67",Check Deposit,Check Deposit
TXN0001192,151-515-3334,01-Jun-2025,"$8,743.43",ACH Credit,Payroll Deposit
TXN0004440,916-076-5314,05/12/2025,"($3,432.16)",ATM Withdrawal,ATM Cash Withdrawal
TXN0003570,312-125-7555,11-Mar-2025,"($20,275.85)",ACH Debit,Vendor Payment
TXN0002822,137-850-8086,03/05/2025,"($10,021.18)",Debit Card,POS Purchase
TXN0004355, 550-098-6775 ,05/12/2025,"$4,292.04",Check Deposit,Check Deposit
txn0003925,571-730-1193,02/12/2025,"($35,113.98)",ACH Debit,Vendor Payment
TXN0001474,660-657-7201,01/18/2025,"($19,046.11)",Debit Card,POS Purchase
TXN0004881,493-931-1242,02/08/2025,"($29,005.34)",ATM Withdrawal,ATM CASH WITHDRAWAL
 TXN0000800,630-490-5676,04/17/2025,"($32,798.10)",ATM Withdrawal,ATM CASH WITHDRAWAL
TXN0003474,353-176-2614,05/21/2025,"($30,591.45)",Internal Transfer,ACCOUNT TRANSFER
txn0005288,575-433-3124,05/28/2025,"$6,799.41",ACH Credit,PAYROLL DEPOSIT
TXN0000325, 866-780-1609 ,03/15/2025,"($16,637.08)",Wire Transfer,Outgoing Wire
TXN0004077,896-031-4219,02/18/2025,"($16,258.99)",ACH Debit,Vendor Payment
TXN0004197,288-765-9247,20-Jan-2025,"$3,615.83",Check Deposit,CHECK DEPOSIT
 TXN0005770,197-996-7288,24-Mar-2025,"($20,121.49)",ACH Debit,VENDOR PAYMENT
TXN0000493,518-486-7427,05/15/2025,$248.85,ACH Credit,PAYROLL DEPOSIT
txn0005774,459-845-4301,05/21/2025,"($41,677.07)",ATM Withdrawal,ATM CASH WITHDRAWAL
TXN0000431,130-165-5811,03/08/2025,"$30,184.20",Internal Transfer,Account Transfer
TXN0005545,551-093-2762,06/14/2025,"$39,448.03",Check Deposit,Check Deposit
FEE00015,900-781-7984,06/22/2025,($16.25),Service Charge,Overdraft Fee
FEE00013,126-176-9262,03/10/2025,($29.24),Service Charge,NSF Fee
TXN0002688, 566-390-8501 ,04/13/2025,"$27,898.38",ACH Credit,Payroll Deposit
TXN0005213,873-543-4070,02/10/2025,"($9,100.58)",Internal Transfer,Account Transfer
TXN0000520,963-549-2146,18-Jan-2025,"$33,782.91",Check Deposit,Check Deposit
TXN0003216,983-729-7466,26-May-2025,"$7,421.21",Check Deposit,Check Deposit
TXN0005753,368-785-9287,02/19/2025,"$5,302.03",ACH Credit,Payroll Deposit
TXN0004593,190-134-4209,06/17/2025,"$33,509.29",ATM Withdrawal,ATM Cash Withdrawal
TXN0001205,656-585-7447,05/09/2025,"($22,295.41)",Wire Transfer,Incoming Wire
TXN0001627,240-531-1499,04/17/2025,"$28,705.80",ACH Credit,PAYROLL DEPOSIT
txn0000771,170-339-7324,03/20/2025,"$5,488.98",Check Deposit,Check Deposit
TXN0002763,549-277-4146,04/17/2025,"($5,614.79)",Debit Card,POS Purchase
TXN0000706,861-197-4133,05/09/2025,"($9,091.67)",ATM Withdrawal,ATM Cash Withdrawal
 TXN0004199,632-071-4260,06/23/2025,"$10,832.07",ATM Withdrawal,ATM CASH WITHDRAWAL
TXN0002843,352-117-9661,03/14/2025,"($40,734.01)",Internal Transfer,ACCOUNT TRANSFER
TXN0005166,481-808-7356,04/02/2025,"($12,239.24)",ACH Debit,VENDOR PAYMENT
TXN0004418,102-416-7967,01/30/2025,"($39,862.16)",Debit Card,POS Purchase
TXN0001212,454-776-7635,05-Feb-2025,"($12,889.39)",ATM Withdrawal,ATM Cash Withdrawal
TXN0000148,699-207-9729,01/15/2025,"($31,554.50)",Wire Transfer,Incoming Wire
TXN0005367,211-201-4062,05/02/2025,"($14,518.92)",Debit Card,POS Purchase
TXN0003912,312-965-6383,22-Mar-2025,"$21,717.50",Check Deposit,CHECK DEPOSIT
txn0002106,289-430-6307,25-Jun-2025,"$2,335.88",Wire Transfer,Outgoing Wire
TXN0001850,837-064-7811,15-Jun-2025,"($14,719.85)",Wire Transfer,Outgoing Wire
TXN0003125,129-793-6930,01/31/2025,"$30,326.34",Check Deposit,Check Deposit
TXN0003315,329-260-6028,06-May-2025,"$41,343.95",ACH Credit,PAYROLL DEPOSIT
txn0001953,451-117-0362,04/06/2025,"($27,774.03)",Debit Card,POS PURCHASE
txn0000472,745-203-1946,08-Apr-2025,"($29,390.11)",ATM Withdrawal,ATM Cash Withdrawal
TXN0004117,442-606-5749,04/15/2025,"($26,681.56)",Wire Transfer,Outgoing Wire
TXN0003419,687-450-0263,06/17/2025,"$22,293.30",Check Deposit,Check Deposit
TXN0001907,986-377-5733,03/03/2025,"$42,788.38",Check Deposit,Check Deposit
TXN0000134,794-182-9992,05/26/2025,"$22,730.62",Internal Transfer,Account Transfer
TXN0003923,471-192-3322,05/26/2025,"$32,051.29",ACH Credit,Payroll Deposit
TXN0001670,237-528-5540,03/15/2025,"($32,683.17)",Wire Transfer,Outgoing Wire
TXN0005516,821-493-3173,22-Jan-2025,"($26,990.21)",Debit Card,POS Purchase
TXN0001296,257-172-0197,13-Jun-2025,"($35,497.10)",Wire Transfer,OUTGOING WIRE
TXN0004746,317-869-3586,01/03/2025,"$35,729.40",Internal Transfer,Account Transfer
TXN0001905,139-492-0309,21-Feb-2025,"($3,621.29)",Wire Transfer,Outgoing Wire
TXN0000854,463-143-6934,03/01/2025,"($22,887.34)",Wire Transfer,Incoming Wire
TXN0000027,395-950-3530,05/24/2025,"($25,155.90)",Wire Transfer,Incoming Wire
TXN0000972, 217-825-0407 ,17-Jun-2025,"($37,056.12)",ACH Debit,VENDOR PAYMENT
TXN0000213,508-170-0854,05/07/2025,"$23,785.33",Check Deposit,Check Deposit
TXN0000780,296-167-8255,16-Jun-2025,"$25,578.82",ACH Credit,PAYROLL DEPOSIT
 TXN0004666,686-298-3857,04/27/2025,"$2,586.75",Internal Transfer,Account Transfer
TXN0000231,637-855-4108,01/10/2025,"($29,479.48)",Wire Transfer,Outgoing Wire
TXN0004211,289-495-3260,05-Jan-2025,"($20,949.77)",Wire Transfer,Incoming Wire
txn0004258,751-156-9550,04/03/2025,"($21,315.26)",ATM Withdrawal,ATM Cash Withdrawal
TXN0001922,368-021-4318,05/20/2025,"($29,169.58)",Wire Transfer,INCOMING WIRE
TXN0003743,871-244-5570,05-Feb-2025,"($3,461.93)",ACH Debit,Vendor Payment
TXN0004863,357-226-5642,06/09/2025,"($17,424.18)",ACH Debit,Vendor Payment
TXN0003016,130-320-6795,04/28/2025,"($41,319.32)",Internal Transfer,Account Transfer
 TXN0002145, 113-736-7896 ,05/17/2025,"$42,948.24",Internal Transfer,Account Transfer
TXN0003113,836-884-1861,03/22/2025,"($2,955.45)",Internal Transfer,Account Transfer
 TXN0004425,151-501-5067,04/19/2025,"$15,247.71",Internal Transfer,Account Transfer
TXN0000801,942-724-0003,01/12/2025,"($44,918.85)",Internal Transfer,Account Transfer
TXN0000600,571-217-5513,21-May-2025,"($16,360.18)",ACH Debit,Vendor Payment
TXN0002681,516-856-3910,06/14/2025,"($4,118.87)",ATM Withdrawal,ATM Cash Withdrawal
 TXN0005607,797-832-1782,04/06/2025,"$35,347.43",ACH Credit,Payroll Deposit
TXN0004958,752-848-0094,25-Feb-2025,"($42,400.91)",ATM Withdrawal,ATM CASH WITHDRAWAL
 TXN0000517,653-334-0472,06/30/2025,"$20,503.90",Internal Transfer,Account Transfer
TXN0004709,179-966-9624,06/11/2025,"$31,405.39",ACH Credit,PAYROLL DEPOSIT
TXN0004121,260-923-1329,04/22/2025,"($24,407.97)",ATM Withdrawal,ATM Cash Withdrawal
TXN0003919,405-017-8638,06/02/2025,"$13,105.61",ACH Credit,Payroll Deposit
 TXN0002081,576-298-7692,13-Jan-2025,"($41,061.62)",Wire Transfer,OUTGOING WIRE
TXN0000674,371-469-2475,19-Jan-2025,"($1,247.08)",Wire Transfer,Outgoing Wire
TXN0002541,977-551-6141,03-Jun-2025,"$20,664.09",Check Deposit,CHECK DEPOSIT
TXN0004490,121-250-3812,02/02/2025,"$17,819.10",ACH Credit,PAYROLL DEPOSIT
TXN0000946,948-295-2406,05/25/2025,"$39,893.96",Check Deposit,Check Deposit
TXN0002360, 201-123-3621 ,22-Jun-2025,"($40,125.26)",Wire Transfer,Outgoing Wire
 TXN0004939,306-294-7744,03/10/2025,"($38,651.76)",Wire Transfer,Outgoing Wire
TXN0004352,240-127-0482,01/09/2025,"$7,123.42",ACH Credit,Payroll Deposit
TXN0002439,240-270-7839,05/28/2025,"($16,930.97)",Debit Card,POS PURCHASE
txn0005283,602-111-8731,22-Mar-2025,"($3,462.96)",ACH Debit,Vendor Payment
TXN0004495,870-320-4038,06/17/2025,"($2,156.16)",Wire Transfer,Incoming Wire
TXN0001238,604-995-0976,30-Apr-2025,"$11,453.25",Check Deposit,Check Deposit
txn0001644,252-705-2314,15-May-2025,"$2,472.21",ACH Credit,PAYROLL DEPOSIT
TXN0003601,640-512-3704,01-Jan-2025,"($30,880.15)",ACH Debit,Vendor Payment
TXN0005104,299-940-5005,04/28/2025,"($36,898.13)",ACH Debit,VENDOR PAYMENT
TXN0005235, 661-654-4781 ,16-Jun-2025,"($27,692.07)",Internal Transfer,ACCOUNT TRANSFER
 TXN0003024,273-958-4296,02-Jan-2025,"($43,321.58)",Wire Transfer,Outgoing Wire
TXN0000097,828-274-8081,05/11/2025,"$4,004.25",Check Deposit,Check Deposit
 TXN0005804,637-345-7567,29-Apr-2025,"($14,623.01)",Wire Transfer,Incoming Wire
TXN0000844,195-759-6327,04/10/2025,"($3,722.77)",Debit Card,POS PURCHASE
TXN0002124,228-626-7426,05/12/2025,"$7,183.75",Check Deposit,CHECK DEPOSIT
TXN0004520,499-719-7534,28-Jun-2025,"($41,340.16)",ATM Withdrawal,ATM Cash Withdrawal
 TXN0005718, 825-544-4629 ,21-Feb-2025,"$31,756.10",ACH Credit,PAYROLL DEPOSIT
 txn0000260,306-009-1930,25-Mar-2025,"($36,120.33)",Wire Transfer,INCOMING WIRE
TXN0003455,497-186-9202,04-Jun-2025,"($44,556.56)",Debit Card,POS Purchase
TXN0004256,958-418-5472,05/11/2025,"$22,171.35",ACH Credit,Payroll Deposit
txn0003486,608-455-5519,27-May-2025,"$16,598.28",ACH Credit,Payroll Deposit
 TXN0005868,755-970-7238,06-May-2025,"($11,122.23)",Wire Transfer,Incoming Wire
TXN0005180,872-746-8025,02-May-2025,"($8,647.73)",Internal Transfer,ACCOUNT TRANSFER
TXN0003368,959-179-4825,04/07/2025,"($5,351.26)",ATM Withdrawal,ATM CASH WITHDRAWAL
TXN0002242, 352-390-0437 ,06/13/2025,"($7,743.33)",ATM Withdrawal,ATM Cash Withdrawal
TXN0003720,153-297-8258,09-May-2025,"($18,214.92)",Debit Card,POS Purchase
txn0005294,942-675-6825,28-Feb-2025,"($30,943.54)",ACH Debit,VENDOR PAYMENT
 TXN0000142,683-058-2792,02/24/2025,"($3,129.30)",Wire Transfer,Incoming Wire
 TXN0002905,276-876-3162,01/18/2025,($199.42),Debit Card,POS Purchase
 TXN0000857,512-722-1266,08-Apr-2025,"($22,403.12)",Wire Transfer,Outgoing Wire
 TXN0002869,708-828-7336,08-Feb-2025,"($16,515.95)",Wire Transfer,INCOMING WIRE
TXN0001984,891-574-1047,05/28/2025,"$17,033.93",ACH Credit,Payroll Deposit
TXN0002984,100-912-8474,22-Jun-2025,"$4,832.69",Internal Transfer,Account Transfer
TXN0001747,228-448-1324,04/20/2025,"($16,620.19)",Wire Transfer,INCOMING WIRE
TXN0002075,977-813-6292,05/09/2025,"($10,257.25)",ATM Withdrawal,ATM Cash Withdrawal
TXN0001061,617-154-6195,06/03/2025,"$25,847.25",Check Deposit,Check Deposit
 TXN0001988,883-817-6887,05/04/2025,"($34,830.11)",ATM Withdrawal,ATM Cash Withdrawal
 TXN0005455,589-094-6740,13-Apr-2025,"($36,736.36)",ATM Withdrawal,ATM Cash Withdrawal
TXN0004381,672-529-5354,06/26/2025,"$2,786.28",Check Deposit,Check Deposit
TXN0003120,566-004-8620,02/04/2025,"($23,366.51)",Wire Transfer,Outgoing Wire
TXN0004604,414-827-7759,01/24/2025,"$38,041.68",ACH Credit,Payroll Deposit
 txn0002315,303-893-2482,04/21/2025,"$10,471.16",Check Deposit,CHECK DEPOSIT
TXN0002551,486-493-1245,03/05/2025,"($34,460.56)",Wire Transfer,Outgoing Wire
TXN0004011,747-818-5233,06/23/2025,"($9,013.11)",ACH Debit,Vendor Payment
TXN0005854,966-601-0211,03/04/2025,"$35,957.21",Internal Transfer,Account Transfer
TXN0000241,267-220-3765,01/08/2025,"$30,063.50",Check Deposit,Check Deposit
TXN0002906, 454-115-5909 ,01/14/2025,"$30,981.18",Internal Transfer,ACCOUNT TRANSFER
TXN0002023, 839-501-1709 ,16-Jan-2025,"($17,476.95)",ACH Debit,VENDOR PAYMENT
 TXN0005565,842-827-8438,04-Mar-2025,"$4,537.94",Check Deposit,Check Deposit
TXN0005933,546-126-5827,24-Apr-2025,"$11,681.84",ACH Credit,PAYROLL DEPOSIT
 TXN0004603,687-471-4000,03/17/2025,"($27,695.89)",Wire Transfer,Outgoing Wire
txn0003834, 757-186-8991 ,06/20/2025,"($33,184.32)",ATM Withdrawal,ATM CASH WITHDRAWAL
txn0002570,108-102-8093,06/26/2025,"$36,913.27",ACH Credit,Payroll Deposit
TXN0003411,228-166-3891,03/20/2025,$467.68,Check Deposit,Check Deposit
txn0005266,862-349-3652,11-Apr-2025,"($3,668.52)",Debit Card,POS Purchase
txn0000384,352-540-4975,03/23/2025,"($16,262.93)",ATM Withdrawal,ATM Cash Withdrawal
TXN0000812,277-193-1587,08-Jan-2025,"($32,305.41)",Internal Transfer,Account Transfer
TXN0002084,157-892-7902,10-May-2025,"$4,437.76",ACH Credit,PAYROLL DEPOSIT
TXN0001606,333-350-7516,03/31/2025,"($13,671.81)",Debit Card,POS Purchase
 TXN0001672,403-801-7814,12-Apr-2025,"($17,677.87)",Wire Transfer,Incoming Wire
TXN0001498,523-528-8495,01/20/2025,"$4,566.91",ACH Credit,Payroll Deposit
 TXN0005878,744-975-6859,10-Apr-2025,"($13,847.72)",Debit Card,POS Purchase
TXN0001294,155-373-1733,02-Mar-2025,"$4,118.66",Check Deposit,Check Deposit
 TXN0004473,800-090-9541,20-May-2025,"$9,597.85",Check Deposit,Check Deposit
TXN0001624,117-744-6556,30-Jan-2025,"$40,067.37",Check Deposit,Check Deposit
TXN0004700,471-201-7905,04-May-2025,"($32,314.83)",ATM Withdrawal,ATM Cash Withdrawal
TXN0005096,969-325-1574,15-Mar-2025,"($9,937.22)",Wire Transfer,Incoming Wire
txn0001868,425-400-5848,14-Feb-2025,"($18,671.40)",ACH Debit,Vendor Payment
 TXN0000400,295-024-1516,03/28/2025,"$13,103.21",Check Deposit,CHECK DEPOSIT
TXN0004270,295-330-5820,02-Apr-2025,"($38,499.56)",Debit Card,POS Purchase
TXN0005360,731-325-3920,02/06/2025,"($1,276.74)",Wire Transfer,INCOMING WIRE
TXN0002941,629-620-7178,04/26/2025,"$16,421.03",ACH Credit,Payroll Deposit
TXN0000397,347-229-7223,01/15/2025,"($23,418.62)",ACH Debit,Vendor Payment
TXN0000868,926-997-2503,03/28/2025,"$38,826.12",ACH Credit,Payroll Deposit
TXN0001016,254-277-6190,06/05/2025,"($11,111.10)",Wire Transfer,INCOMING WIRE
TXN0001160,915-515-7025,03/17/2025,($387.03),Internal Transfer,Account Transfer
TXN0001595,110-523-9620,03/07/2025,"($32,240.36)",ATM Withdrawal,ATM Cash Withdrawal
TXN0002910,425-928-4910,04/23/2025,"($28,996.70)",Wire Transfer,Incoming Wire
TXN0004886,256-124-0173,23-Apr-2025,"$21,680.92",Internal Transfer,ACCOUNT TRANSFER
TXN0003688, 113-094-5600 ,20-Jun-2025,"$40,457.26",Check Deposit,CHECK DEPOSIT
TXN0005164, 252-822-4544 ,06/29/2025,"($34,703.01)",ACH Debit,Vendor Payment
TXN0002675,723-388-8338,06/24/2025,"($24,217.72)",Wire Transfer,OUTGOING WIRE
TXN0000389,716-183-2140,10-Jan-2025,"($44,424.46)",Internal Transfer,ACCOUNT TRANSFER
txn0001856,757-585-0774,04/14/2025,"$7,952.93",ACH Credit,PAYROLL DEPOSIT
TXN0000864,416-299-4490,05/23/2025,"$26,547.26",ACH Credit,Payroll Deposit
TXN0003613,922-319-3688,03/27/2025,"($14,018.29)",ATM Withdrawal,ATM Cash Withdrawal
TXN0000814,202-082-1600,09-Jun-2025,"($9,776.52)",Internal Transfer,Account Transfer
TXN0002251,855-044-6786,05/20/2025,"$34,774.64",ACH Credit,PAYROLL DEPOSIT
TXN0003916,614-200-2655,19-Jun-2025,"$10,499.46",ACH Credit,Payroll Deposit
TXN0002933,549-331-3762,01-Jun-2025,"($15,937.72)",Debit Card,POS PURCHASE
txn0005600,878-631-4750,10-Feb-2025,"($14,812.85)",Wire Transfer,Outgoing Wire
txn0001782,159-696-5331,04/16/2025,"$19,594.65",ACH Credit,Payroll Deposit
 TXN0005163,904-904-1799,06/30/2025,"$23,532.33",Internal Transfer,ACCOUNT TRANSFER
txn0000910,396-975-3415,01/28/2025,"($37,659.88)",Internal Transfer,ACCOUNT TRANSFER
TXN0002410,934-724-1347,19-Feb-2025,"($4,882.41)",Wire Transfer,INCOMING WIRE
TXN0003674,791-453-0253,27-May-2025,"($34,178.98)",ACH Debit,Vendor Payment
TXN0004288,322-486-1707,06/30/2025,"($40,198.67)",Internal Transfer,Account Transfer
txn0000631,983-116-0729,07-May-2025,"($29,245.28)",ATM Withdrawal,ATM Cash Withdrawal
TXN0003578, 707-962-2779 ,01/15/2025,"$11,818.12",ACH Credit,Payroll Deposit
TXN0005451,413-225-8934,06/30/2025,"($33,537.63)",ATM Withdrawal,ATM Cash Withdrawal
TXN0000667,511-611-0648,05/14/2025,"($38,753.62)",ACH Debit,Vendor Payment
TXN0000248,642-618-6351,02/03/2025,"($2,668.09)",Wire Transfer,Outgoing Wire
TXN0001500,708-676-2538,02/05/2025,"($23,221.12)",ATM Withdrawal,ATM CASH WITHDRAWAL
TXN0000713,603-585-1729,05/31/2025,"($11,310.32)",Debit Card,POS PURCHASE
TXN0004765,877-551-8600,06/27/2025,"($18,836.26)",Debit Card,POS PURCHASE
TXN0003101,629-459-5452,06/05/2025,"$5,027.34",Internal Transfer,ACCOUNT TRANSFER
TXN0005715,919-853-8226,03/23/2025,"($36,971.80)",Wire Transfer,INCOMING WIRE
TXN0002519,407-434-0434,05/04/2025,"$19,260.49",ACH Credit,Payroll Deposit
 TXN0000915, 724-754-0770 ,06-Apr-2025,"($32,505.55)",ATM Withdrawal,ATM Cash Withdrawal
TXN0001459,898-085-0083,24-Jan-2025,"($27,780.51)",Debit Card,POS PURCHASE
 TXN0002759,688-585-1098,05/27/2025,"($38,742.46)",Debit Card,POS Purchase
TXN0005832, 932-089-0119 ,06/23/2025,"($11,317.79)",ACH Debit,Vendor Payment
txn0000784, 280-881-2401 ,16-Jan-2025,"($17,989.01)",Wire Transfer,INCOMING WIRE
TXN0003982,714-141-7657,06-Jan-2025,"($5,280.94)",Wire Transfer,Outgoing Wire
TXN0000358,735-267-8864,05/14/2025,"$35,171.11",Check Deposit,Check Deposit
TXN0003920,168-620-1552,01/07/2025,"$43,691.63",ACH Debit,Vendor Payment
TXN0001894,186-351-4106,17-May-2025,"($1,575.86)",Wire Transfer,Outgoing Wire
txn0004220,155-459-7583,01/18/2025,"($17,922.42)",Internal Transfer,Account Transfer
TXN0003059,318-999-1760,02/23/2025,"($34,897.43)",Wire Transfer,Outgoing Wire
txn0001387,304-764-4165,02/09/2025,"$4,091.95",ACH Credit,Payroll Deposit
FEE00063,542-594-0194,05/19/2025,($70.46),Service Charge,Overdraft Fee
fee00031,349-661-6618,30-Jan-2025,$35.78,Interest Payment,Interest Credit
TXN0003918,527-887-5681,02-Feb-2025,"$12,323.66",ACH Credit,Payroll Deposit
TXN0002719,686-262-6821,18-Mar-2025,"($39,338.89)",Wire Transfer,Incoming Wire
TXN0001656,249-282-6269,05/22/2025,"($14,318.81)",Wire Transfer,OUTGOING WIRE
TXN0001816,409-679-6205,04/15/2025,"($37,748.29)",Internal Transfer,Account Transfer
 TXN0003108,960-888-6678,06/26/2025,"($39,568.35)",Debit Card,POS PURCHASE
TXN0005657,117-194-9063,08-Mar-2025,"($15,948.49)",ATM Withdrawal,ATM CASH WITHDRAWAL
TXN0000268,600-160-4498,05/02/2025,"($40,884.55)",Wire Transfer,Incoming Wire
TXN0000096,745-840-1271,02/15/2025,"$3,287.30",Check Deposit,Check Deposit
TXN0001823,285-635-9774,03/08/2025,"($26,964.88)",ACH Debit,Vendor Payment
TXN0001779,522-634-1114,03/06/2025,"($12,297.51)",Internal Transfer,ACCOUNT TRANSFER
txn0004465, 634-295-9104 ,02/13/2025,"($13,832.75)",ACH Debit,VENDOR PAYMENT
txn0001828,370-648-3630,02/04/2025,"($23,653.42)",Wire Transfer,Outgoing Wire
txn0000948,757-125-6392,12-Jan-2025,"$16,176.76",Internal Transfer,Account Transfer
TXN0004630,796-382-7641,05/13/2025,"($15,163.09)",ACH Debit,Vendor Payment
TXN0002365,464-700-7715,02-May-2025,"($3,191.12)",Internal Transfer,Account Transfer
TXN0003940,368-189-2453,04/26/2025,"$43,360.45",ACH Credit,Payroll Deposit
TXN0005855,887-133-8062,02/10/2025,"($21,198.30)",Debit Card,POS Purchase
TXN0001142,732-897-2890,02/26/2025,"($16,716.14)",Wire Transfer,Outgoing Wire
TXN0002776,899-464-7004,03/10/2025,"($22,254.87)",ACH Debit,VENDOR PAYMENT
TXN0001604,315-383-0778,03/23/2025,"($23,071.09)",Debit Card,POS Purchase
TXN0000453,641-686-5095,02-Jan-2025,"$23,337.40",Check Deposit,Check Deposit
TXN0005375,125-502-7829,04/20/2025,"($28,670.76)",Wire Transfer,Outgoing Wire
TXN0000093,780-707-5286,01/17/2025,"$2,733.28",ACH Credit,PAYROLL DEPOSIT
txn0000070,456-371-1754,02-May-2025,"($38,868.96)",Internal Transfer,Account Transfer
TXN0000081,981-959-9565,05/08/2025,"$18,157.92",ACH Credit,Payroll Deposit
TXN0001256,542-992-7559,06-Mar-2025,"($37,059.72)",ACH Debit,VENDOR PAYMENT
TXN0002837,184-091-9374,22-Jan-2025,"$1,593.92",Check Deposit,Check Deposit
TXN0003394,223-516-8001,05/01/2025,"$26,130.67",ACH Debit,Vendor Payment
TXN0004492,149-312-4942,01/01/2025,"($38,369.77)",ACH Debit,VENDOR PAYMENT
 TXN0000902,686-758-3384,07-Apr-2025,"($2,535.19)",ACH Debit,Vendor Payment
TXN0000702,689-156-0495,01/23/2025,"($20,581.07)",Debit Card,POS PURCHASE
TXN0001449,324-218-9691,02/07/2025,"($20,198.02)",Wire Transfer,Outgoing Wire
TXN0003933,361-166-0648,05/06/2025,"($31,891.98)",Debit Card,POS PURCHASE
TXN0002914,867-912-4243,06-Jan-2025,"($43,602.93)",Debit Card,POS Purchase
TXN0003029,948-934-3629,04/12/2025,"($24,574.04)",Wire Transfer,OUTGOING WIRE
txn0003426,366-275-5863,03/10/2025,"($29,892.98)",Wire Transfer,Incoming Wire
TXN0003404,186-213-7478,03/02/2025,"($24,740.33)",ATM Withdrawal,ATM CASH WITHDRAWAL
TXN0001264,128-037-7530,28-Mar-2025,"($15,221.35)",Internal Transfer,Account Transfer
TXN0003268,500-211-1015,04/09/2025,"($19,082.31)",ACH Debit,VENDOR PAYMENT
TXN0000037,999-901-4859,04/29/2025,"$42,818.48",ACH Credit,Payroll Deposit
TXN0005848,783-787-1094,04/21/2025,"$33,104.12",ACH Credit,PAYROLL DEPOSIT
TXN0001766,890-951-7868,12-Jan-2025,"($44,002.99)",Internal Transfer,Account Transfer
txn0005434,597-693-2616,03/29/2025,"($41,709.27)",ATM Withdrawal,ATM Cash Withdrawal
TXN0003150,395-098-1854,05/16/2025,"($36,163.94)",ACH Debit,Vendor Payment
TXN0005374,176-530-5524,22-Mar-2025,"($22,923.95)",ACH Debit,Vendor Payment
TXN0005252,164-234-5839,02/03/2025,"($39,064.44)",Wire Transfer,OUTGOING WIRE
txn0003744,486-401-8332,10-Mar-2025,"($7,496.34)",Wire Transfer,INCOMING WIRE
TXN0002302,779-437-1289,06/02/2025,"$17,047.62",ACH Credit,Payroll Deposit
TXN0001810,636-253-1960,01/13/2025,"($40,249.05)",Debit Card,POS PURCHASE
TXN0004272,857-157-6505,01-Jun-2025,"($10,355.42)",ACH Debit,Vendor Payment
TXN0003079,188-981-3171,01/04/2025,"$22,031.57",Internal Transfer,Account Transfer
TXN0003076,405-925-2825,02/17/2025,"($37,304.14)",ACH Debit,Vendor Payment
TXN0001542,327-737-6673,02-Feb-2025,"($41,851.98)",ACH Debit,Vendor Payment
 TXN0004995, 282-906-5719 ,05/18/2025,"$22,416.50",ACH Credit,Payroll Deposit
TXN0001857,124-759-3284,22-Feb-2025,"($21,334.60)",Debit Card,POS Purchase
TXN0003021,352-020-9517,01/17/2025,"($4,658.83)",Wire Transfer,OUTGOING WIRE
 TXN0005256, 463-840-5204 ,05/16/2025,"$42,849.38",ACH Credit,Payroll Deposit
 TXN0000150,843-404-6217,04/05/2025,"($7,032.23)",ACH Debit,Vendor Payment
TXN0004636,409-515-9537,02/28/2025,"($22,758.53)",ATM Withdrawal,ATM Cash Withdrawal
TXN0001104,255-675-6237,04/01/2025,"($17,834.80)",ACH Debit,Vendor Payment
txn0004740,566-277-7112,02/15/2025,"($26,487.15)",ACH Debit,VENDOR PAYMENT
TXN0001716,447-729-5507,08-May-2025,"$19,578.33",ACH Credit,Payroll Deposit
TXN0002802,352-310-8783,05/26/2025,"($8,513.16)",Wire Transfer,Incoming Wire
TXN0000557,730-171-7844,06/13/2025,"($11,496.90)",ATM Withdrawal,ATM Cash Withdrawal
TXN0002864,424-934-5449,07-May-2025,"$41,309.49",Internal Transfer,Account Transfer
TXN0000284,392-290-5846,05/12/2025,"$17,710.88",ACH Credit,Payroll Deposit
TXN0005230,332-547-5552,04/28/2025,"$35,986.99",ACH Credit,Payroll Deposit
TXN0000199,504-677-4809,01/07/2025,"($2,466.76)",Debit Card,POS PURCHASE
TXN0000043,918-467-5510,15-Jun-2025,"($28,719.62)",ATM Withdrawal,ATM Cash Withdrawal
TXN0004682,421-211-7822,03/03/2025,"($36,594.70)",ATM Withdrawal,ATM Cash Withdrawal
TXN0003892,590-597-3688,01/08/2025,"$20,186.11",ACH Credit,PAYROLL DEPOSIT
TXN0001036,269-031-8093,21-Feb-2025,"($40,570.61)",ATM Withdrawal,ATM Cash Withdrawal
TXN0000866,805-288-6911,03/23/2025,"($17,267.43)",Debit Card,POS Purchase
TXN0003932,593-232-2771,19-Jun-2025,"($18,452.60)",ATM Withdrawal,ATM Cash Withdrawal
 txn0001174,343-451-7632,02/27/2025,"$6,581.73",ACH Credit,Payroll Deposit
TXN0002629,538-195-3593,29-Apr-2025,"($17,722.20)",Debit Card,POS PURCHASE
TXN0004891,535-512-8501,04/06/2025,"$33,382.80",ACH Credit,Payroll Deposit
TXN0000234,610-955-7218,09-Jan-2025,"$24,429.40",ACH Credit,Payroll Deposit
TXN0003010,872-600-5289,06-Jun-2025,"$37,248.83",ACH Credit,PAYROLL DEPOSIT
TXN0004901,414-750-8884,08-Mar-2025,"($35,494.56)",ACH Debit,Vendor Payment
TXN0004875,692-768-1642,04/17/2025,"$5,793.14",Wire Transfer,INCOMING WIRE
txn0004722,957-419-0266,11-Mar-2025,"($6,800.58)",Wire Transfer,Incoming Wire
 TXN0004065,444-008-0672,06/24/2025,"$23,299.82",Check Deposit,Check Deposit
TXN0002497,518-763-3737,16-Apr-2025,"($28,928.15)",Debit Card,POS Purchase
TXN0001669,765-147-9454,01-Jan-2025,"$37,827.21",ACH Credit,PAYROLL DEPOSIT
TXN0003339,312-111-6274,04/14/2025,"($30,627.24)",ACH Debit,VENDOR PAYMENT
TXN0003393,811-208-9027,06/30/2025,"$1,768.88",ACH Credit,Payroll Deposit
txn0005389,184-666-8589,05-May-2025,"($39,383.49)",Internal Transfer,Account Transfer
txn0002982,324-113-6017,02/12/2025,"$2,028.05",ACH Debit,Vendor Payment
TXN0002895, 487-566-8680 ,02/16/2025,"($3,747.64)",Debit Card,POS Purchase
TXN0002509,856-244-1782,11-Apr-2025,"($2,980.03)",ATM Withdrawal,ATM Cash Withdrawal
TXN0002160,963-518-2434,06/24/2025,"($18,139.36)",Wire Transfer,Outgoing Wire
 txn0003222,407-526-3886,06/20/2025,"($10,122.17)",ACH Debit,Vendor Payment
TXN0002309, 986-740-7646 ,01/22/2025,"($37,949.09)",Wire Transfer,OUTGOING WIRE
TXN0000232,693-120-1782,03/23/2025,"$42,082.05",ACH Debit,VENDOR PAYMENT
TXN0000371,986-154-2643,03-May-2025,"$1,105.38",Check Deposit,Check Deposit
TXN0000354,864-569-6919,07-Apr-2025,"($28,240.59)",ACH Debit,Vendor Payment
TXN0000682,295-263-1517,01/18/2025,"$19,882.34",Check Deposit,Check Deposit
txn0001179,120-429-5844,04-Mar-2025,"$32,675.25",ACH Credit,Payroll Deposit
TXN0004378,352-016-9597,30-Apr-2025,"($5,803.32)",ACH Debit,Vendor Payment
TXN0000318,630-842-5671,28-Jan-2025,"($14,067.33)",ACH Debit,Vendor Payment
TXN0002552,551-480-2954,03-Jun-2025,"($20,407.72)",ACH Debit,Vendor Payment
 TXN0003229,376-886-3803,01/22/2025,"($36,613.78)",ATM Withdrawal,ATM CASH WITHDRAWAL
TXN0003521, 558-155-2089 ,02/02/2025,"$40,401.66",Internal Transfer,ACCOUNT TRANSFER
TXN0004676,518-168-0468,04/12/2025,"($14,029.73)",Debit Card,POS Purchase
 txn0004074,801-420-5722,01-Feb-2025,"($20,236.05)",Wire Transfer,Outgoing Wire
TXN0005289,227-291-8723,01/03/2025,"($10,468.32)",ATM Withdrawal,ATM Cash Withdrawal
 TXN0002924,390-611-3209,09-May-2025,$158.73,ACH Credit,Payroll Deposit
 txn0005734,851-133-9234,01/01/2025,"($18,644.85)",Wire Transfer,Outgoing Wire
TXN0000445,516-960-5796,05/22/2025,"($36,255.29)",Wire Transfer,OUTGOING WIRE
TXN0002531,420-457-0965,05/06/2025,"$1,723.66",Internal Transfer,Account Transfer
TXN0002970,778-151-4679,13-Mar-2025,"$3,498.33",ACH Credit,PAYROLL DEPOSIT
txn0001491,471-561-5954,02/17/2025,"$17,325.62",ACH Credit,Payroll Deposit
TXN0005188,229-872-7872,13-Feb-2025,"$1,649.85",ACH Credit,Payroll Deposit
TXN0000675,523-259-9576,04-Feb-2025,"($44,939.27)",Debit Card,POS Purchase
TXN0004816,173-172-7668,02/08/2025,"$15,014.92",ACH Credit,Payroll Deposit
TXN0002724,397-729-5214,14-Jun-2025,"($41,868.04)",Wire Transfer,Outgoing Wire
TXN0000172,864-481-3959,03/30/2025,"($30,887.04)",Wire Transfer,Incoming Wire
TXN0002436,364-139-3537,23-May-2025,"$27,669.97",ACH Credit,Payroll Deposit
TXN0002134,895-411-2207,24-Apr-2025,"($34,115.47)",Wire Transfer,Incoming Wire
TXN0002770,381-434-2001,01/20/2025,"$40,247.15",Check Deposit,Check Deposit
TXN0004213,714-427-5137,29-Jun-2025,"$6,889.83",Check Deposit,Check Deposit
txn0001943,204-373-7138,13-Jun-2025,"$3,416.76",ACH Credit,Payroll Deposit
TXN0001193,855-728-6145,01/12/2025,"($11,525.71)",ATM Withdrawal,ATM Cash Withdrawal
 txn0003463,297-759-4871,02/20/2025,"($5,028.39)",Wire Transfer,Incoming Wire
txn0005229,451-446-0541,29-Jan-2025,"($2,314.83)",Debit Card,POS PURCHASE
TXN0003003,774-625-1197,05/15/2025,"($37,119.61)",ACH Debit,Vendor Payment
 TXN0000774,887-933-8407,02/20/2025,"($3,816.04)",Internal Transfer,ACCOUNT TRANSFER
txn0005750,300-846-8947,04/12/2025,"($12,128.31)",ACH Debit,VENDOR PAYMENT
TXN0002918,469-062-2024,03/25/2025,"($23,955.38)",Internal Transfer,ACCOUNT TRANSFER
TXN0003276,512-272-6010,01/04/2025,"($7,656.66)",Internal Transfer,ACCOUNT TRANSFER
TXN0005964,557-033-9927,04/07/2025,"($1,111.86)",ACH Debit,VENDOR PAYMENT
TXN0003499,356-185-6688,13-Jan-2025,"$16,503.83",ACH Credit,Payroll Deposit
TXN0004921,352-726-8566,31-Jan-2025,"($38,573.19)",Wire Transfer,Outgoing Wire
TXN0001309,208-187-6637,04-Mar-2025,"($14,258.20)",Wire Transfer,Incoming Wire
TXN0003401,829-528-3838,24-Mar-2025,"($24,522.64)",Wire Transfer,Outgoing Wire
TXN0000886,785-641-3514,21-Feb-2025,"($27,490.53)",Internal Transfer,Account Transfer
 TXN0001321,647-817-7572,05/06/2025,"($16,813.64)",ATM Withdrawal,ATM Cash Withdrawal
TXN0002819,521-443-1497,18-Feb-2025,"($1,956.19)",Wire Transfer,Incoming Wire
 TXN0003200,321-091-5235,17-Feb-2025,"($18,289.73)",ACH Debit,Vendor Payment
txn0002071,894-953-3962,08-Feb-2025,"$15,291.32",Check Deposit,Check Deposit
TXN0001490,863-887-6795,04/25/2025,"($24,725.62)",Wire Transfer,Incoming Wire
TXN0000103, 855-742-0993 ,06/11/2025,"$22,072.43",Internal Transfer,Account Transfer
TXN0001010,398-277-5170,05/29/2025,"$38,311.00",Internal Transfer,Account Transfer
txn0000057,176-144-7600,03/14/2025,"($39,643.40)",ACH Debit,Vendor Payment
TXN0004747,120-698-5517,05/07/2025,"($21,132.88)",Debit Card,POS PURCHASE
txn0001225,346-247-1715,04/16/2025,"($22,866.92)",ACH Debit,VENDOR PAYMENT
TXN0000622,770-041-0414,06/09/2025,"($34,443.71)",ATM Withdrawal,ATM CASH WITHDRAWAL
TXN0005722,856-538-7378,01/16/2025,"$17,250.43",ACH Credit,Payroll Deposit
TXN0004160,193-178-2025,20-May-2025,"($22,500.93)",Wire Transfer,Incoming Wire
TXN0000647,435-132-3948,01/05/2025,"$38,425.35",ACH Credit,PAYROLL DEPOSIT
TXN0004707,257-325-2724,21-Mar-2025,"($18,644.14)",Debit Card,POS Purchase
TXN0004857,106-763-6278,12-Feb-2025,"($37,964.39)",ACH Debit,Vendor Payment
TXN0004018,604-562-6034,06/02/2025,"$7,201.78",Internal Transfer,Account Transfer
TXN0002997,891-216-3293,02/18/2025,"$23,501.74",ACH Credit,Payroll Deposit
TXN0002327,332-289-4333,04/16/2025,"($16,640.12)",ATM Withdrawal,ATM Cash Withdrawal
TXN0005971,542-866-9366,07-Feb-2025,"($8,361.80)",ACH Debit,Vendor Payment
TXN0004573,292-813-3354,06/02/2025,"($38,334.62)",ACH Debit,Vendor Payment
TXN0005014,411-056-6731,02/17/2025,"$38,975.28",Wire Transfer,Outgoing Wire
TXN0005922,434-223-3376,19-Mar-2025,"$30,451.95",Check Deposit,Check Deposit
txn0000879,378-587-5720,01/08/2025,"($19,565.77)",ATM Withdrawal,ATM Cash Withdrawal
TXN0005259,759-688-4300,06/12/2025,"($6,006.92)",Debit Card,POS Purchase
TXN0004587,984-970-9834,13-Jan-2025,"$32,217.08",Check Deposit,Check Deposit
 TXN0000127,411-370-9281,05/18/2025,"($42,512.88)",Wire Transfer,Outgoing Wire
TXN0000135, 315-397-5118 ,05/12/2025,"($25,785.00)",ATM Withdrawal,ATM Cash Withdrawal
 TXN0003354,230-762-1425,06/05/2025,"($18,052.02)",Wire Transfer,Outgoing Wire
TXN0004581,192-905-6975,06/28/2025,"($28,499.75)",ATM Withdrawal,ATM Cash Withdrawal
TXN0000173, 560-330-4320 ,31-Jan-2025,"$42,007.61",ACH Credit,PAYROLL DEPOSIT
TXN0005687, 947-514-5396 ,22-May-2025,"$15,604.24",Internal Transfer,ACCOUNT TRANSFER
txn0004326,438-357-0066,31-Jan-2025,"($5,114.35)",Wire Transfer,Incoming Wire
TXN0005926,810-662-8531,06-Jun-2025,"($12,704.77)",Internal Transfer,ACCOUNT TRANSFER
TXN0002747,675-604-6074,05/23/2025,"$29,160.66",ACH Credit,Payroll Deposit
txn0003922,200-347-9835,04/04/2025,"($6,772.74)",Wire Transfer,Outgoing Wire
TXN0003141,336-823-7181,01/24/2025,"($32,412.33)",ATM Withdrawal,ATM Cash Withdrawal
TXN0004563,572-954-0531,03/10/2025,"$15,003.87",Check Deposit,Check Deposit
TXN0001776,610-344-4840,13-Apr-2025,"($3,330.18)",ATM Withdrawal,ATM Cash Withdrawal
TXN0003427,830-835-5086,02/17/2025,"$41,362.03",Internal Transfer,Account Transfer
TXN0004843,961-927-7845,03/30/2025,"($35,679.96)",Wire Transfer,Incoming Wire
txn0005119,482-035-6371,04/21/2025,"($6,191.53)",ATM Withdrawal,ATM Cash Withdrawal
TXN0003275, 250-687-1451 ,31-Jan-2025,"($42,660.94)",ACH Debit,VENDOR PAYMENT
 TXN0005602,836-614-7676,08-Jun-2025,"($36,839.53)",Wire Transfer,INCOMING WIRE
txn0002964,370-239-4338,05/30/2025,"($20,699.86)",Wire Transfer,Outgoing Wire
txn0005242,684-643-3879,06/16/2025,"($25,832.51)",Wire Transfer,OUTGOING WIRE
TXN0002886,724-379-5532,08-May-2025,"($9,059.65)",ATM Withdrawal,ATM Cash Withdrawal
txn0003265,550-336-8137,04/10/2025,"($21,273.45)",Debit Card,POS Purchase
TXN0002451,646-172-0863,30-Apr-2025,"($15,617.50)",Wire Transfer,OUTGOING WIRE
TXN0004444,374-773-1746,02-Feb-2025,$25.69,Check Deposit,CHECK DEPOSIT
TXN0002917,175-204-6382,05/30/2025,"($44,123.81)",Debit Card,POS Purchase
 txn0000957,617-281-5679,30-Jun-2025,"($38,219.78)",Wire Transfer,Incoming Wire
TXN0003581,272-265-0603,02/14/2025,"($8,227.19)",Wire Transfer,Incoming Wire
TXN0004887,927-665-4493,04/03/2025,"$15,606.85",Check Deposit,CHECK DEPOSIT
txn0003166,556-843-8068,26-Mar-2025,"($34,373.78)",Debit Card,POS Purchase
TXN0001666,455-161-8067,10-Mar-2025,"($33,895.17)",Wire Transfer,Outgoing Wire
TXN0005574,801-026-2894,04/12/2025,"($27,016.16)",Wire Transfer,Incoming Wire
TXN0001572,975-295-1153,06/10/2025,$123.48,ACH Credit,Payroll Deposit
txn0002476,350-206-0912,16-Mar-2025,"($24,365.16)",Wire Transfer,Incoming Wire
TXN0005820,141-287-6610,03/10/2025,"$11,848.57",Check Deposit,Check Deposit
TXN0003611, 202-449-4015 ,04/25/2025,"($27,665.92)",Wire Transfer,Outgoing Wire
TXN0005391,491-778-6356,03/30/2025,"$5,108.27",ACH Credit,Payroll Deposit
TXN0005340,240-589-1906,03/02/2025,"($4,389.10)",ACH Debit,VENDOR PAYMENT
TXN0003960,516-246-4558,06/19/2025,"$43,409.71",Wire Transfer,Incoming Wire
TXN0004951,238-296-6177,08-Jan-2025,"($14,756.25)",Debit Card,POS Purchase
TXN0003756,743-609-3980,06/05/2025,"($18,847.10)",Internal Transfer,Account Transfer
TXN0000588,715-016-9098,31-Jan-2025,"($27,345.88)",ACH Debit,Vendor Payment
TXN0002061,971-503-5823,12-May-2025,"($31,189.61)",ACH Debit,VENDOR PAYMENT
TXN0005558,778-772-6926,03/14/2025,"$31,520.65",ACH Credit,Payroll Deposit
TXN0004204,952-665-3304,05-Jun-2025,($699.14),Debit Card,POS Purchase
TXN0005435,548-808-6518,29-Jun-2025,"($43,089.34)",Debit Card,POS Purchase
txn0005177,111-298-3950,04/24/2025,"($35,802.68)",Wire Transfer,OUTGOING WIRE
 TXN0000312,334-049-0042,01/25/2025,"$15,639.51",ACH Credit,Payroll Deposit
TXN0002713, 744-178-9278 ,05/17/2025,"($38,719.96)",Debit Card,POS Purchase
TXN0000295,156-394-5320,04/25/2025,"$22,303.54",Internal Transfer,Account Transfer
TXN0002738,606-008-0626,29-Jan-2025,"($7,479.89)",Debit Card,POS Purchase
TXN0002743,704-242-6039,03/17/2025,"($12,565.44)",Wire Transfer,Outgoing Wire
txn0003050,862-753-9158,04/07/2025,"($34,889.93)",Wire Transfer,Outgoing Wire
TXN0000225,934-998-8755,05/29/2025,"($24,890.32)",ACH Debit,Vendor Payment
TXN0003861,218-294-5960,03/07/2025,"($14,679.96)",ACH Debit,Vendor Payment
TXN0004552,336-954-1717,03/13/2025,"$3,266.69",ACH Credit,Payroll Deposit
TXN0002085,657-229-1713,25-Mar-2025,"($16,594.55)",Internal Transfer,Account Transfer
txn0000715,365-809-6049,02/24/2025,"$15,646.03",Internal Transfer,Account Transfer
txn0004982,573-168-7194,05/09/2025,"($33,870.86)",ACH Debit,Vendor Payment
 TXN0000156,550-786-1159,05/21/2025,"$23,766.08",ACH Credit,Payroll Deposit
TXN0000210,286-877-5197,22-Jan-2025,"$27,042.53",Check Deposit,Check Deposit
TXN0005174,514-541-1016,10-Apr-2025,"($38,446.89)",ATM Withdrawal,ATM Cash Withdrawal
TXN0000705,645-201-8694,07-Jan-2025,"($5,095.58)",Debit Card,POS Purchase
TXN0000685,489-358-7592,01/01/2025,"($8,334.08)",Wire Transfer,OUTGOING WIRE
TXN0004534,783-846-2097,03/06/2025,"($2,281.54)",Debit Card,POS Purchase
TXN0000969,196-143-7356,01/05/2025,"($36,413.25)",Wire Transfer,Outgoing Wire
txn0004005,458-185-1266,13-May-2025,"($44,560.23)",Wire Transfer,INCOMING WIRE
TXN0000871,703-746-1780,22-Feb-2025,"$27,084.76",ACH Credit,Payroll Deposit
TXN0004467,883-665-1619,05/04/2025,"($43,617.77)",ACH Debit,Vendor Payment
TXN0003089,708-765-0465,01/15/2025,"$20,514.30",Check Deposit,CHECK DEPOSIT
txn0003594,450-798-1083,05/19/2025,"$29,180.45",Internal Transfer,ACCOUNT TRANSFER
txn0005928,744-981-6844,10-Jan-2025,"$15,107.24",ACH Credit,Payroll Deposit
txn0003156,698-910-1340,01/07/2025,"($37,373.18)",Wire Transfer,OUTGOING WIRE
TXN0001050, 552-155-9141 ,13-Feb-2025,"$27,790.39",ACH Credit,Payroll Deposit
TXN0002664,672-858-0779,09-Jun-2025,($278.11),Debit Card,POS PURCHASE
TXN0005929,684-714-1644,04/27/2025,"($26,917.19)",Debit Card,POS Purchase
txn0003648,327-902-1767,23-Feb-2025,"($31,665.82)",Wire Transfer,Outgoing Wire
TXN0004798,771-912-7302,01/21/2025,"($38,771.03)",Internal Transfer,Account Transfer
txn0001494, 959-965-1758 ,04/08/2025,"$14,075.55",ACH Credit,Payroll Deposit
TXN0003243,493-038-1579,06/25/2025,"($8,862.26)",Debit Card,POS Purchase
TXN0003291,847-916-9220,11-Mar-2025,"($1,271.05)",ATM Withdrawal,ATM CASH WITHDRAWAL
txn0005643,429-769-6286,25-May-2025,"$20,757.80",ACH Credit,PAYROLL DEPOSIT
TXN0001081,302-182-7642,25-Apr-2025,"($38,824.26)",ACH Debit,Vendor Payment
TXN0004738, 813-017-5885 ,05-Mar-2025,"$16,515.33",Internal Transfer,ACCOUNT TRANSFER
txn0002632,996-860-9138,02/13/2025,"($44,648.82)",Wire Transfer,Incoming Wire
 TXN0004010,347-154-1799,25-Jun-2025,"$26,740.03",ACH Credit,Payroll Deposit
TXN0004627,724-584-2299,07-Jan-2025,"($16,806.35)",Wire Transfer,Outgoing Wire
TXN0000003,461-819-6973,19-Jun-2025,"($22,502.30)",Wire Transfer,Incoming Wire
 txn0005472, 171-358-7469 ,03/31/2025,"($41,228.08)",Debit Card,POS Purchase
TXN0002263,483-435-2429,07-Jan-2025,"$18,133.66",ACH Credit,Payroll Deposit
TXN0004585,610-491-5601,06/05/2025,"($14,516.01)",Internal Transfer,Account Transfer
TXN0002525,824-962-1271,13-Apr-2025,"$30,847.90",ACH Credit,Payroll Deposit
txn0000192,959-700-5553,27-May-2025,"$12,126.72",Internal Transfer,Account Transfer
TXN0005350,724-471-3428,01/07/2025,"($16,813.43)",Wire Transfer,Incoming Wire
TXN0004870,484-964-5677,02/20/2025,"($7,731.15)",Wire Transfer,Outgoing Wire
TXN0001273,167-127-6112,02/17/2025,"($10,958.56)",ACH Debit,VENDOR PAYMENT
TXN0001620,546-104-4988,05/17/2025,"($41,219.72)",Wire Transfer,Incoming Wire
TXN0003071,164-961-3760,01/04/2025,"($7,411.46)",Debit Card,POS Purchase
TXN0003746,835-179-3692,05-Apr-2025,"($17,924.27)",Wire Transfer,Outgoing Wire
TXN0001312,297-020-9105,03/07/2025,"$9,172.84",Check Deposit,Check Deposit
TXN0000996,540-972-1767,23-Feb-2025,"($44,532.03)",ACH Debit,Vendor Payment
TXN0003839,144-454-1567,03/24/2025,"($18,007.22)",Wire Transfer,OUTGOING WIRE
 TXN0004755, 131-593-6658 ,01-Feb-2025,"($35,880.26)",ATM Withdrawal,ATM Cash Withdrawal
TXN0001915,494-540-5406,02/21/2025,"($26,007.31)",Debit Card,POS Purchase
TXN0002783,941-563-7449,05/20/2025,"$34,089.81",Check Deposit,CHECK DEPOSIT
TXN0003342,741-389-2352,04/09/2025,"($11,567.93)",Wire Transfer,Incoming Wire
TXN0001117,629-350-0069,25-Jun-2025,"$16,531.19",Check Deposit,CHECK DEPOSIT
TXN0003899,362-558-6640,13-Jan-2025,"($34,721.63)",Wire Transfer,Incoming Wire
TXN0002236,219-742-9299,07-May-2025,"($23,116.12)",Debit Card,POS PURCHASE
TXN0003846,353-382-7816,06/18/2025,"($38,364.67)",Debit Card,POS Purchase
 TXN0004422,722-469-2160,03/20/2025,"$28,867.28",ACH Credit,Payroll Deposit
TXN0001925,592-381-7497,24-Mar-2025,"($2,514.81)",Wire Transfer,Incoming Wire
 TXN0005520,566-311-4627,04/24/2025,"($22,790.62)",Wire Transfer,Incoming Wire
TXN0002937,523-785-8653,01-May-2025,"($6,516.09)",Debit Card,POS Purchase
TXN0004439,259-059-9972,28-Feb-2025,"($32,283.69)",Wire Transfer,Incoming Wire
TXN0002110, 242-298-8451 ,05/02/2025,"$30,730.76",ACH Credit,Payroll Deposit
TXN0005630,442-325-2613,06/05/2025,"($9,016.71)",ACH Debit,VENDOR PAYMENT
 TXN0004081,153-371-9845,01/19/2025,"$15,698.66",Check Deposit,Check Deposit
TXN0004571,937-919-8529,04/09/2025,"($37,938.78)",ATM Withdrawal,ATM Cash Withdrawal
TXN0003407,752-782-1881,04-Feb-2025,"($14,050.71)",Wire Transfer,Outgoing Wire
TXN0004246,139-294-0394,19-Jun-2025,"($34,868.09)",Debit Card,POS Purchase
TXN0001874,304-613-4575,06/13/2025,"$39,287.68",Check Deposit,Check Deposit
txn0003042,743-883-3572,03/07/2025,"($15,231.24)",ACH Debit,VENDOR PAYMENT
 txn0000205,634-636-9285,01/12/2025,"($27,714.66)",Wire Transfer,INCOMING WIRE
txn0004101,937-093-0250,01/08/2025,"($6,933.97)",Internal Transfer,Account Transfer
txn0005277,606-635-9491,12-May-2025,"($16,959.17)",Wire Transfer,OUTGOING WIRE
TXN0002349, 254-993-2233 ,01/10/2025,"($18,553.49)",Wire Transfer,Incoming Wire
 TXN0005690,254-118-7737,04/08/2025,"$12,269.03",Check Deposit,Check Deposit
TXN0002338, 623-561-0916 ,02/27/2025,"($9,881.77)",Wire Transfer,Outgoing Wire
TXN0005000,856-478-6943,19-Jun-2025,"($24,522.99)",ATM Withdrawal,ATM Cash Withdrawal
TXN0001242,962-415-8706,01/27/2025,"($40,492.95)",Internal Transfer,Account Transfer
TXN0000011,785-677-0577,01/18/2025,"$41,817.40",Check Deposit,Check Deposit
TXN0003853,138-805-5018,22-Mar-2025,"($31,902.61)",Internal Transfer,Account Transfer
txn0003566,336-081-8602,04/05/2025,"$11,240.23",Check Deposit,CHECK DEPOSIT
TXN0004924,343-985-3040,06/25/2025,"($9,969.57)",Wire Transfer,INCOMING WIRE
 TXN0002927,153-684-6334,02/11/2025,"($29,834.13)",ACH Debit,Vendor Payment
TXN0003785,739-040-3263,01/16/2025,"($10,380.46)",Internal Transfer,Account Transfer
TXN0003888,819-610-5682,26-Mar-2025,"($8,181.41)",Debit Card,POS Purchase
TXN0005361,707-998-6542,03/30/2025,"($33,928.73)",ATM Withdrawal,ATM CASH WITHDRAWAL
TXN0000608,832-053-0735,05-Jan-2025,"($41,958.47)",ACH Debit,Vendor Payment
TXN0005707,233-672-4115,05/23/2025,"$28,015.05",ACH Credit,Payroll Deposit
TXN0000604,468-516-3964,05/13/2025,"($24,220.18)",Wire Transfer,Outgoing Wire
TXN0000734,122-375-3589,01/03/2025,"($28,193.43)",ATM Withdrawal,ATM CASH WITHDRAWAL
TXN0001272,152-432-1380,05/26/2025,"($36,551.46)",Wire Transfer,INCOMING WIRE
TXN0002364,475-987-6088,05/15/2025,"($36,634.52)",Debit Card,POS Purchase
TXN0004338,461-467-2677,02-Feb-2025,"($31,289.48)",Debit Card,POS Purchase
FEE00118,627-830-8100,03/12/2025,$58.03,Interest Payment,Interest Credit
TXN0005775,677-661-0805,26-May-2025,"($9,029.15)",ATM Withdrawal,ATM CASH WITHDRAWAL
TXN0002967,453-523-6035,26-Jun-2025,"$7,129.94",Internal Transfer,Account Transfer
TXN0002988,189-732-9660,03/10/2025,"$13,799.11",ACH Credit,PAYROLL DEPOSIT
TXN0005582,169-360-1915,16-May-2025,"$23,794.45",Check Deposit,Check Deposit
TXN0005625,537-691-6750,17-Jan-2025,"($2,605.66)",ACH Debit,VENDOR PAYMENT
TXN0003936,275-111-3068,05/28/2025,"($1,026.04)",Wire Transfer,Outgoing Wire
TXN0002533,568-168-4148,12-Jan-2025,"$9,456.63",Check Deposit,Check Deposit
TXN0005902,118-156-5060,10-Mar-2025,"($44,264.23)",ACH Debit,Vendor Payment
TXN0003309,952-544-9374,24-Mar-2025,"($38,938.38)",Debit Card,POS Purchase
TXN0005042, 353-450-6684 ,03/16/2025,"($42,648.03)",Internal Transfer,Account Transfer
txn0005767,209-699-6244,05/28/2025,"($10,618.61)",ATM Withdrawal,ATM CASH WITHDRAWAL
TXN0004015,850-220-9278,04-Mar-2025,"($34,444.48)",Debit Card,POS PURCHASE
 TXN0000475,971-416-0083,02/11/2025,"($41,130.93)",ACH Debit,Vendor Payment
TXN0004684,310-531-4158,04/01/2025,"($16,439.19)",Wire Transfer,OUTGOING WIRE
txn0005306,714-923-9235,21-May-2025,"($25,648.23)",Wire Transfer,OUTGOING WIRE
TXN0003813,463-105-0264,03/22/2025,"($10,125.17)",Wire Transfer,Outgoing Wire
 txn0003317,415-695-3921,02/10/2025,"($21,184.23)",ATM Withdrawal,ATM CASH WITHDRAWAL
TXN0003085,208-433-8813,03/11/2025,"$21,688.59",ACH Credit,Payroll Deposit
 TXN0004583,475-155-8965,01/16/2025,"$5,263.95",Wire Transfer,Incoming Wire
TXN0000168,164-539-2764,03/27/2025,"($24,828.94)",Debit Card,POS Purchase
TXN0004723,804-361-8848,11-Jun-2025,"($7,012.35)",Wire Transfer,Outgoing Wire
TXN0002092, 132-710-6161 ,01/02/2025,"($7,819.47)",ACH Debit,Vendor Payment
TXN0003006,679-977-2874,01/20/2025,"($27,001.07)",ACH Debit,VENDOR PAYMENT
TXN0004895,377-330-2314,22-Apr-2025,"($31,090.53)",ATM Withdrawal,ATM Cash Withdrawal
 TXN0004678,902-182-8864,19-Apr-2025,"($5,159.22)",Wire Transfer,Incoming Wire
 txn0001886,704-827-9651,06/18/2025,"($43,675.10)",Debit Card,POS PURCHASE
 TXN0003910,372-694-7583,04-Jan-2025,"($38,210.30)",Debit Card,POS Purchase
TXN0003333,488-495-8324,06/08/2025,"$15,615.10",Internal Transfer,ACCOUNT TRANSFER
TXN0004516,458-299-6042,02/25/2025,"($6,533.72)",Internal Transfer,ACCOUNT TRANSFER
TXN0002611,719-589-3920,20-May-2025,"($2,724.70)",Wire Transfer,Incoming Wire
TXN0002245,236-218-2662,03/06/2025,"($5,971.50)",Wire Transfer,Incoming Wire
TXN0003324,659-050-2238,01/14/2025,"$18,499.15",Check Deposit,CHECK DEPOSIT
txn0001140,537-541-5819,22-Jan-2025,"$15,805.65",Wire Transfer,Outgoing Wire
TXN0000949,655-264-7609,03/11/2025,"$8,026.26",ACH Credit,Payroll Deposit
TXN0001427,118-596-7124,09-Jun-2025,"($36,133.29)",Wire Transfer,Incoming Wire
TXN0002017,185-892-0069,06/09/2025,"($38,027.69)",Debit Card,POS Purchase
TXN0000497,862-093-0587,11-Mar-2025,"($29,040.53)",Internal Transfer,ACCOUNT TRANSFER
txn0002663,106-627-6590,05/03/2025,"$44,478.59",ACH Credit,Payroll Deposit
TXN0003876,530-777-0480,03/24/2025,"($7,224.45)",Debit Card,POS Purchase
TXN0005931,706-599-3421,03/15/2025,"($6,895.91)",Wire Transfer,OUTGOING WIRE
TXN0000116,642-912-5048,23-Feb-2025,"($14,118.25)",ACH Debit,Vendor Payment
TXN0002865,761-028-9269,03/24/2025,"$21,351.49",Internal Transfer,Account Transfer
TXN0002879, 444-395-1052 ,04-Jun-2025,$645.91,Check Deposit,CHECK DEPOSIT
TXN0004834, 158-050-2901 ,15-Mar-2025,"($35,582.02)",ATM Withdrawal,ATM CASH WITHDRAWAL
TXN0002156, 779-537-0041 ,01/15/2025,"($19,802.20)",Debit Card,POS Purchase
TXN0002808, 837-723-9212 ,08-Jun-2025,"$43,868.15",Internal Transfer,ACCOUNT TRANSFER
txn0004442,773-543-4342,06/21/2025,"$37,696.03",Check Deposit,CHECK DEPOSIT
TXN0003297, 681-341-5490 ,02/01/2025,"($39,905.95)",Wire Transfer,Outgoing Wire
TXN0004791,187-666-6753,14-Jun-2025,"($35,099.76)",ACH Debit,Vendor Payment
 TXN0002192,879-313-9563,28-Apr-2025,"$27,579.48",Check Deposit,CHECK DEPOSIT
TXN0005016,617-563-5572,05/28/2025,$305.97,ACH Credit,Payroll Deposit
TXN0001664,460-605-7917,06/15/2025,"($31,157.66)",Wire Transfer,Incoming Wire
TXN0001335,956-792-6917,22-Jan-2025,$837.63,Check Deposit,CHECK DEPOSIT
TXN0002493,254-617-0034,05/10/2025,"($43,588.76)",Wire Transfer,Outgoing Wire
TXN0003287,642-042-1605,03/18/2025,"($25,847.96)",Wire Transfer,OUTGOING WIRE
TXN0003272,342-833-5865,05/15/2025,"($18,432.86)",Wire Transfer,OUTGOING WIRE
TXN0000786,906-965-3463,01-Apr-2025,"($15,592.23)",ACH Debit,Vendor Payment
TXN0004001,303-025-7682,01/15/2025,"($14,943.78)",ATM Withdrawal,ATM Cash Withdrawal
txn0001611,511-088-1053,08-Feb-2025,"($19,013.58)",Debit Card,POS Purchase
TXN0001600,738-111-1965,29-Jun-2025,($369.09),Debit Card,POS PURCHASE
TXN0002757,644-305-7355,09-May-2025,"($13,127.60)",ATM Withdrawal,ATM Cash Withdrawal
TXN0001431,551-272-1877,27-Apr-2025,"($23,823.66)",Wire Transfer,Outgoing Wire
TXN0002036,958-497-1535,02/06/2025,"$30,938.44",Check Deposit,Check Deposit
TXN0001732,355-244-4962,02/15/2025,"$10,907.49",Check Deposit,Check Deposit
TXN0000090,409-299-6547,06/22/2025,"$16,778.90",Check Deposit,CHECK DEPOSIT
TXN0005960,179-315-6494,06/11/2025,"$41,497.59",Internal Transfer,Account Transfer
TXN0002301,772-980-5862,28-May-2025,"($21,751.41)",Wire Transfer,Incoming Wire
TXN0000298,957-344-5667,06-Jan-2025,"$3,826.18",Check Deposit,Check Deposit
TXN0001909,405-837-8595,01/03/2025,($651.60),Wire Transfer,Incoming Wire
TXN0005503, 416-610-2931 ,03/29/2025,"$22,873.64",ACH Credit,Payroll Deposit
TXN0004984,900-272-3718,04/26/2025,"($32,812.30)",Wire Transfer,Incoming Wire
TXN0003630, 899-145-4216 ,02/28/2025,"$38,593.93",Internal Transfer,Account Transfer
TXN0002276, 715-311-2211 ,23-Jun-2025,"($7,938.12)",ACH Debit,Vendor Payment
TXN0005115,232-901-6060,13-Mar-2025,"($36,268.61)",ATM Withdrawal,ATM Cash Withdrawal
TXN0000527,686-568-2801,02/28/2025,"$12,237.74",Internal Transfer,ACCOUNT TRANSFER
TXN0001480,530-225-3396,29-Apr-2025,"($42,783.30)",Debit Card,POS Purchase
TXN0002053,550-233-9548,03/27/2025,"($38,926.50)",Internal Transfer,Account Transfer
txn0000266,381-015-0220,06/22/2025,"($11,595.44)",ATM Withdrawal,ATM CASH WITHDRAWAL
TXN0001345,791-025-7759,02/28/2025,"$40,846.08",ACH Credit,PAYROLL DEPOSIT
TXN0000743,315-382-0227,06/14/2025,"$43,156.08",Check Deposit,Check Deposit
 TXN0000304,583-130-2781,23-Jan-2025,"$24,907.84",Check Deposit,Check Deposit
TXN0001506,289-224-9303,04/16/2025,"($22,720.28)",Wire Transfer,Outgoing Wire
TXN0004094,738-987-6629,03/29/2025,($274.13),Wire Transfer,INCOMING WIRE
TXN0001085,253-059-2323,06/29/2025,"($43,509.88)",ATM Withdrawal,ATM Cash Withdrawal
TXN0002930,357-644-7182,03/24/2025,"($2,586.79)",ACH Debit,VENDOR PAYMENT
TXN0002514,177-028-7784,19-May-2025,"($26,084.49)",Wire Transfer,Outgoing Wire
TXN0001327,670-967-6668,02/12/2025,"$43,466.98",Check Deposit,CHECK DEPOSIT
TXN0004783,626-510-7548,01/07/2025,"$11,279.45",Check Deposit,Check Deposit
TXN0003248,500-803-6054,17-Apr-2025,"$20,985.55",Internal Transfer,Account Transfer
TXN0004409,512-454-4403,03/15/2025,"$14,795.93",ACH Credit,Payroll Deposit
 txn0004525,240-440-1219,01/21/2025,"$8,571.31",ACH Credit,Payroll Deposit
TXN0002058,876-851-1941,03/06/2025,"$28,957.63",Internal Transfer,Account Transfer
 txn0004446,811-676-4602,03/18/2025,"$23,931.21",ACH Credit,Payroll Deposit
 TXN0003358,773-519-4726,03/10/2025,"($40,931.87)",Debit Card,POS Purchase
TXN0003103, 541-401-5793 ,02/02/2025,"($29,561.95)",Debit Card,POS Purchase
TXN0004911,865-484-7987,04/02/2025,"$13,498.18",Check Deposit,Check Deposit
 TXN0002751,607-345-9070,12-Jun-2025,"($24,634.44)",ACH Debit,Vendor Payment
TXN0003645,768-768-1385,06-Jun-2025,"($39,644.58)",ACH Debit,Vendor Payment
TXN0002211,517-343-8684,01/16/2025,"$3,795.12",ACH Credit,Payroll Deposit
txn0005505,633-099-6847,01/05/2025,"$27,759.15",ACH Credit,Payroll Deposit
txn0000718,103-005-6083,06/08/2025,"($22,612.97)",ATM Withdrawal,ATM Cash Withdrawal
txn0003667,628-881-0602,05/13/2025,"$14,184.43",Check Deposit,Check Deposit
TXN0002280,783-277-1244,03-Jan-2025,"($27,290.47)",ATM Withdrawal,ATM CASH WITHDRAWAL
TXN0002815,423-120-3236,05/17/2025,"$29,282.31",Check Deposit,Check Deposit
FEE00135,319-650-9844,15-May-2025,($37.78),Service Charge,Wire Fee
TXN0004176, 974-857-3611 ,12-Apr-2025,"($29,037.24)",Wire Transfer,Outgoing Wire
txn0001659,215-770-7757,03/28/2025,"($34,130.29)",Wire Transfer,Incoming Wire
TXN0002193,489-045-3097,02/10/2025,"($43,657.32)",Internal Transfer,ACCOUNT TRANSFER
TXN0003298,573-435-2353,03/25/2025,"($34,119.45)",Wire Transfer,Incoming Wire
TXN0001436,195-143-8444,04/03/2025,"$8,493.11",Check Deposit,Check Deposit
TXN0000945,848-675-6410,04/25/2025,"$40,908.68",Wire Transfer,Incoming Wire
TXN0004333,612-031-4894,01/05/2025,"$27,240.35",Check Deposit,Check Deposit
TXN0000146,353-707-3672,04-Apr-2025,"($9,435.36)",ACH Debit,Vendor Payment
TXN0001411,548-403-3026,02-May-2025,"$44,759.07",ACH Credit,Payroll Deposit
txn0000167,621-129-1940,16-May-2025,"($43,909.09)",ACH Debit,Vendor Payment
TXN0003890,485-717-8722,03/20/2025,"$36,326.46",Internal Transfer,Account Transfer
TXN0005865,740-649-9539,05/10/2025,"($19,166.84)",Wire Transfer,OUTGOING WIRE
 TXN0002813,930-086-2583,03/17/2025,"($13,228.32)",ATM Withdrawal,ATM Cash Withdrawal
TXN0005566,954-449-3685,24-Feb-2025,"($10,573.40)",Wire Transfer,Outgoing Wire
FEE00061, 275-970-5380 ,28-Mar-2025,($27.07),Service Charge,Overdraft Fee
TXN0003507,489-368-9326,09-Apr-2025,"$29,640.13",Check Deposit,Check Deposit
TXN0001794,841-791-8711,18-May-2025,"($1,944.51)",Debit Card,POS Purchase
TXN0005208,157-183-9894,06/10/2025,"($40,280.95)",Wire Transfer,Outgoing Wire
TXN0004961, 392-285-0888 ,05-Jan-2025,"$41,764.77",ACH Credit,Payroll Deposit
TXN0005450,128-337-5293,28-Apr-2025,"($44,543.82)",Wire Transfer,Outgoing Wire
TXN0005716,124-328-3104,07/01/2025,"($43,688.42)",ATM Withdrawal,ATM Cash Withdrawal
TXN0004072,411-696-5941,02/15/2025,"($28,383.22)",Debit Card,POS Purchase
TXN0003713,303-547-4459,03/06/2025,"($13,762.18)",Internal Transfer,Account Transfer
TXN0000773,303-049-1742,20-May-2025,"($11,769.08)",ATM Withdrawal,ATM Cash Withdrawal
txn0001371,415-252-5309,04/12/2025,"$30,449.18",ACH Credit,Payroll Deposit
TXN0004802,489-369-4016,14-May-2025,"($9,741.73)",ACH Debit,Vendor Payment
TXN0002643,977-253-4799,06/08/2025,"($29,278.63)",ACH Debit,Vendor Payment
TXN0004763,584-301-5602,03/17/2025,"($7,762.14)",Wire Transfer,Outgoing Wire
TXN0002790, 303-257-5362 ,04/17/2025,"$37,752.65",Internal Transfer,Account Transfer
TXN0001406,408-121-4662,28-Feb-2025,"$40,846.94",ACH Credit,Payroll Deposit
TXN0003066,834-664-6630,04/09/2025,"($18,950.51)",ATM Withdrawal,ATM Cash Withdrawal
txn0000423,931-786-6222,27-May-2025,"$19,044.32",ACH Credit,Payroll Deposit
TXN0005211,214-687-7988,24-Apr-2025,"$15,517.74",Check Deposit,Check Deposit
TXN0002179,940-327-2998,01/01/2025,"$40,763.68",Internal Transfer,Account Transfer
TXN0003717,113-412-8894,05/09/2025,"($17,761.76)",Wire Transfer,Incoming Wire
TXN0002931, 619-136-5694 ,02/20/2025,"$17,084.72",Check Deposit,Check Deposit
TXN0000678,487-545-2950,13-Jan-2025,"($10,597.18)",Debit Card,POS PURCHASE
TXN0003047,742-362-7338,05/31/2025,"($36,721.70)",Wire Transfer,Outgoing Wire
txn0000589,156-140-0446,03/05/2025,"($37,712.50)",Internal Transfer,Account Transfer
TXN0005776,949-163-3334,06-Jun-2025,"$40,119.73",ACH Credit,PAYROLL DEPOSIT
TXN0004347,324-634-2659,04/15/2025,"($16,969.45)",Wire Transfer,Incoming Wire
TXN0001135,263-779-0520,19-Apr-2025,"($22,885.09)",ACH Debit,VENDOR PAYMENT
TXN0002159,786-240-5045,06/15/2025,"($13,415.58)",Internal Transfer,Account Transfer
TXN0005286,459-335-6508,16-Jan-2025,"($35,050.95)",Debit Card,POS Purchase
TXN0003830,575-399-2501,15-Apr-2025,"($6,337.40)",Wire Transfer,Outgoing Wire
txn0001337, 466-843-2966 ,03/30/2025,"$5,625.67",Check Deposit,Check Deposit
TXN0001550,938-396-2184,06/26/2025,"($39,107.54)",ATM Withdrawal,ATM CASH WITHDRAWAL
TXN0004981,358-134-5404,14-May-2025,"$38,418.48",ACH Credit,Payroll Deposit
TXN0005152,331-055-3625,05/31/2025,"$38,989.76",Check Deposit,Check Deposit
txn0000246,540-492-7650,01/17/2025,"($26,392.48)",Wire Transfer,INCOMING WIRE
TXN0001578,187-857-5283,07-Mar-2025,"($39,598.60)",Internal Transfer,ACCOUNT TRANSFER
TXN0001576,759-621-5058,01/27/2025,"($13,062.76)",Debit Card,POS Purchase
TXN0000722,270-367-8898,02/28/2025,"($27,080.59)",Debit Card,POS Purchase
TXN0005200,424-209-0635,01/31/2025,"$35,921.83",Internal Transfer,Account Transfer
TXN0005877,563-413-7437,05/03/2025,"($43,306.95)",ACH Debit,Vendor Payment
TXN0003033,630-913-5507,05/16/2025,"($21,607.96)",Internal Transfer,ACCOUNT TRANSFER
TXN0002942,966-421-3891,17-Apr-2025,"($13,654.39)",Wire Transfer,Incoming Wire
TXN0003651,411-918-5245,26-Mar-2025,"$3,763.70",ACH Credit,Payroll Deposit
TXN0000107,641-333-9495,02/22/2025,"$6,644.92",Internal Transfer,ACCOUNT TRANSFER
 TXN0000700, 596-376-4787 ,05-Jun-2025,"($34,365.08)",Debit Card,POS Purchase
TXN0001535, 435-058-6775 ,04/02/2025,"$15,790.52",Debit Card,POS Purchase
TXN0004025,214-402-7071,10-Apr-2025,"($1,771.73)",Internal Transfer,Account Transfer
TXN0003425,356-297-6622,04/05/2025,"($38,599.61)",ACH Debit,VENDOR PAYMENT
TXN0000233,791-097-6110,06/14/2025,"($42,431.87)",Debit Card,POS PURCHASE
TXN0001134,350-822-5169,01/31/2025,"($38,139.50)",Wire Transfer,OUTGOING WIRE
TXN0000470,294-335-6391,02/09/2025,"$15,230.90",ACH Credit,Payroll Deposit
TXN0004050,236-905-8247,03/07/2025,"($24,463.39)",Wire Transfer,Incoming Wire
TXN0003408,366-543-3401,22-May-2025,"($39,073.24)",Wire Transfer,INCOMING WIRE
TXN0005061,862-299-8316,08-Jan-2025,"($11,739.88)",Internal Transfer,ACCOUNT TRANSFER
txn0005179,962-051-3940,03/08/2025,"($27,665.13)",Wire Transfer,Outgoing Wire
txn0002529,770-639-5846,03/02/2025,"($17,666.18)",Wire Transfer,Outgoing Wire
TXN0004363,788-011-4625,04/23/2025,"($2,232.75)",Internal Transfer,Account Transfer
TXN0003595,632-607-0977,23-May-2025,"($37,035.17)",ACH Debit,Vendor Payment
TXN0005178,808-410-6847,05/05/2025,"$10,910.81",Check Deposit,Check Deposit
TXN0001390,415-734-8134,05/22/2025,"($1,427.86)",Debit Card,POS PURCHASE
TXN0004146,636-439-5517,24-Jun-2025,"($5,781.81)",Debit Card,POS Purchase
TXN0003796,525-858-2271,23-Feb-2025,"($10,430.45)",ACH Debit,VENDOR PAYMENT
TXN0003386,441-550-9253,03/18/2025,"$12,590.71",Check Deposit,Check Deposit
TXN0002170, 807-200-4914 ,09-Feb-2025,"$13,898.89",Check Deposit,Check Deposit
txn0000872,351-652-2100,02/05/2025,"($39,241.58)",ATM Withdrawal,ATM Cash Withdrawal
TXN0005808, 413-190-6074 ,06-Jan-2025,"($23,674.55)",Wire Transfer,Incoming Wire
txn0004858,724-599-1797,02/23/2025,"$35,298.29",Check Deposit,Check Deposit
TXN0005384, 802-947-6522 ,13-Jan-2025,"($13,559.77)",ATM Withdrawal,ATM Cash Withdrawal
TXN0004642,429-924-7003,03/27/2025,"($6,680.50)",ACH Debit,Vendor Payment
TXN0004468,653-578-8912,10-Feb-2025,"($12,977.80)",ATM Withdrawal,ATM CASH WITHDRAWAL
TXN0004673, 811-632-1446 ,10-Jun-2025,"$16,895.35",Check Deposit,Check Deposit
TXN0001386,550-682-3444,06/01/2025,"$27,207.63",Check Deposit,CHECK DEPOSIT
txn0001678,242-014-2027,11-Apr-2025,"($18,228.65)",ATM Withdrawal,ATM Cash Withdrawal
TXN0000742,419-250-9470,06/14/2025,"$24,568.71",Internal Transfer,Account Transfer
TXN0003855,680-868-7844,18-May-2025,($73.46),Debit Card,POS PURCHASE
txn0001701,613-926-2910,06-Jan-2025,"($6,144.14)",Internal Transfer,Account Transfer
 TXN0001737,508-319-5603,22-Feb-2025,"$33,145.61",ACH Credit,Payroll Deposit
TXN0004267,361-357-8535,01/05/2025,"$19,566.05",ACH Credit,Payroll Deposit
TXN0000839,714-143-7272,13-Jun-2025,"($39,325.56)",Wire Transfer,Outgoing Wire
txn0001114,314-366-4488,01/22/2025,"$16,929.42",ACH Credit,Payroll Deposit
TXN0001824,365-071-3549,02-Jan-2025,"($12,281.75)",ATM Withdrawal,ATM CASH WITHDRAWAL
TXN0002805,960-960-6984,03/09/2025,"$30,435.11",ACH Credit,PAYROLL DEPOSIT
TXN0000327,645-617-2493,06/24/2025,"($10,691.53)",Internal Transfer,Account Transfer
TXN0002706,252-247-6704,06-Jun-2025,"($9,126.69)",ACH Debit,Vendor Payment
TXN0002005,296-556-9497,12-May-2025,"($41,577.43)",Wire Transfer,Outgoing Wire
TXN0004917,443-697-8817,04/15/2025,"($21,535.03)",ACH Debit,Vendor Payment
TXN0000104,366-704-2458,05/26/2025,"($23,058.05)",Wire Transfer,Outgoing Wire
TXN0000686,232-517-2993,04/21/2025,"$20,495.57",ACH Credit,PAYROLL DEPOSIT
 txn0000255,848-929-5161,28-Jun-2025,"($18,923.96)",Wire Transfer,Incoming Wire
TXN0000741,626-076-4046,05/06/2025,"($42,724.41)",ATM Withdrawal,ATM Cash Withdrawal
txn0000856,639-629-9651,02/23/2025,"$36,972.68",Check Deposit,CHECK DEPOSIT
TXN0001930,750-524-0114,31-May-2025,"($11,335.25)",Debit Card,POS Purchase
 TXN0003669,312-784-6667,01/25/2025,"($31,090.57)",Wire Transfer,Incoming Wire
TXN0002609,573-539-1808,06/20/2025,"($18,019.83)",Debit Card,POS Purchase
TXN0004809, 216-504-5861 ,04/18/2025,"($39,262.93)",ATM Withdrawal,ATM CASH WITHDRAWAL
TXN0005190,825-198-0460,26-May-2025,"($15,976.25)",ACH Debit,Vendor Payment
TXN0000919,726-825-5239,03/27/2025,"$11,241.29",Internal Transfer,ACCOUNT TRANSFER
 TXN0003513,293-855-0926,11-Mar-2025,"($28,474.97)",Debit Card,POS Purchase
TXN0003136,574-827-8580,03-Apr-2025,"($8,537.75)",Wire Transfer,Outgoing Wire
 TXN0005622,616-506-7838,04/14/2025,"($27,924.12)",Debit Card,POS Purchase
TXN0002610,920-929-3607,03/16/2025,"($32,902.85)",ACH Debit,Vendor Payment
TXN0005006,492-418-8950,06/02/2025,"($29,151.21)",Wire Transfer,Incoming Wire
TXN0001522,444-711-6598,23-Mar-2025,"($2,795.90)",ACH Debit,Vendor Payment
TXN0002109,418-673-6947,05/28/2025,"($32,336.06)",ATM Withdrawal,ATM Cash Withdrawal
TXN0002047,855-060-6018,03/23/2025,"($30,176.68)",Wire Transfer,Outgoing Wire
TXN0003316,413-647-0471,14-Jun-2025,"($8,500.89)",ACH Debit,Vendor Payment
txn0005947,969-461-4284,05-Mar-2025,"($13,852.97)",Debit Card,POS Purchase
TXN0003186,819-059-3435,06/24/2025,"($21,173.99)",Debit Card,POS Purchase
txn0000072,771-221-0597,01/27/2025,"($17,225.15)",Debit Card,POS PURCHASE
TXN0000409,344-835-2771,23-Jan-2025,"$6,964.79",Check Deposit,CHECK DEPOSIT
 TXN0005786,128-678-2898,02/19/2025,"($39,798.68)",Wire Transfer,Incoming Wire
TXN0002521,371-738-0504,27-Apr-2025,"($38,523.25)",ATM Withdrawal,ATM CASH WITHDRAWAL
TXN0001422,646-090-8068,06/29/2025,"($31,571.57)",ATM Withdrawal,ATM Cash Withdrawal
FEE00035,687-853-6960,25-Jan-2025,$27.89,Interest Payment,Interest Credit
 TXN0003483,739-699-7816,06/29/2025,"($36,854.20)",Wire Transfer,Outgoing Wire
TXN0002540,939-799-0974,01/10/2025,"($38,814.41)",ACH Debit,Vendor Payment
TXN0003649,462-854-8625,08-Feb-2025,"($19,059.00)",ACH Debit,Vendor Payment
txn0001686,231-649-5094,02/06/2025,"$14,097.35",Check Deposit,Check Deposit
TXN0001951,690-153-8761,21-Mar-2025,($809.65),Debit Card,POS Purchase
TXN0001846,789-234-5490,09-Jan-2025,"$36,532.81",Check Deposit,Check Deposit
TXN0000510, 187-292-0873 ,04/24/2025,"$12,288.08",Internal Transfer,Account Transfer
TXN0005047,108-428-2438,02/27/2025,"$14,536.86",Check Deposit,Check Deposit
TXN0000726,452-803-1502,31-May-2025,"($3,280.34)",ACH Debit,Vendor Payment
TXN0000068,230-392-6814,24-Jan-2025,"($41,256.20)",Wire Transfer,Incoming Wire
TXN0000672,642-682-6395,27-Jun-2025,"($43,512.42)",ACH Debit,Vendor Payment
TXN0002093,978-359-3680,03/16/2025,"$31,132.98",Check Deposit,Check Deposit
txn0002721,497-399-1102,19-May-2025,"($36,152.51)",Wire Transfer,Incoming Wire
TXN0000251,593-117-7077,02/24/2025,"$16,569.73",Check Deposit,Check Deposit
TXN0005153,677-567-3106,19-Jun-2025,"$20,368.41",ACH Credit,Payroll Deposit
TXN0001772,261-116-7089,23-Mar-2025,"$9,113.03",Internal Transfer,Account Transfer
TXN0003988,164-115-4081,03/18/2025,"$18,386.26",Check Deposit,CHECK DEPOSIT
TXN0005065,697-850-7608,18-Apr-2025,"($33,232.09)",ACH Debit,Vendor Payment
TXN0002352,591-540-8070,06-May-2025,"$3,130.55",Internal Transfer,Account Transfer
TXN0004224,517-653-2438,05/31/2025,"($14,430.64)",ATM Withdrawal,ATM CASH WITHDRAWAL
TXN0002255, 719-981-4212 ,04/13/2025,"($25,359.23)",ATM Withdrawal,ATM CASH WITHDRAWAL
TXN0003895,206-587-5649,04/09/2025,"($34,463.46)",ATM Withdrawal,ATM Cash Withdrawal
 TXN0004601,670-936-5049,22-Jan-2025,"($34,394.98)",Wire Transfer,OUTGOING WIRE
TXN0002578, 977-710-6285 ,09-Jan-2025,"$37,943.08",Check Deposit,Check Deposit
TXN0005458,570-685-8033,01/17/2025,"$36,563.51",Internal Transfer,Account Transfer
TXN0005564, 982-851-2279 ,07-Jun-2025,"($16,858.85)",ACH Debit,Vendor Payment
TXN0003772,929-942-6028,03/23/2025,"($16,135.77)",Internal Transfer,Account Transfer
txn0002260,467-784-9715,03/29/2025,"($41,121.43)",ACH Debit,Vendor Payment
fee00105,670-758-1270,20-Feb-2025,($45.48),Service Charge,NSF Fee
txn0004210, 569-760-6036 ,24-May-2025,"($23,003.91)",ACH Debit,Vendor Payment
TXN0002867,184-003-2439,03-Jan-2025,"$8,272.95",ACH Credit,Payroll Deposit
TXN0002669,206-195-0282,02/08/2025,"($4,338.45)",Wire Transfer,Outgoing Wire
txn0004712,192-291-8484,04/10/2025,"($15,333.08)",Internal Transfer,Account Transfer
TXN0003492,240-619-0660,04/15/2025,"($5,665.30)",ACH Debit,Vendor Payment
TXN0003093,968-376-4435,05/19/2025,"$25,907.73",Wire Transfer,OUTGOING WIRE
 TXN0001263, 448-704-1639 ,06-Feb-2025,"($15,993.76)",ACH Debit,Vendor Payment
TXN0002290,460-359-9080,05/20/2025,"($39,630.76)",Internal Transfer,Account Transfer
 TXN0000698,899-927-1788,02-Mar-2025,"($4,351.16)",Debit Card,POS Purchase
TXN0004242,425-800-9890,19-Jun-2025,"($21,017.50)",Debit Card,POS PURCHASE
TXN0005693,796-926-8204,03/04/2025,"($19,233.70)",Wire Transfer,Outgoing Wire
TXN0000430,168-861-8759,10-Apr-2025,"($17,015.03)",Debit Card,POS Purchase
TXN0005830,408-857-6511,01/09/2025,"($39,557.71)",Internal Transfer,Account Transfer
TXN0004955,279-020-4255,04/28/2025,"($31,838.45)",Wire Transfer,Incoming Wire
TXN0002936,799-647-0949,02/23/2025,"($42,087.57)",ATM Withdrawal,ATM Cash Withdrawal
TXN0000569, 965-383-1685 ,24-Apr-2025,"$9,495.72",ACH Credit,Payroll Deposit
TXN0004205,316-431-5627,03/31/2025,"$34,955.35",ACH Credit,Payroll Deposit
txn0005633,436-123-6164,02/18/2025,"($27,494.90)",ATM Withdrawal,ATM CASH WITHDRAWAL
txn0002474,374-222-4805,21-Apr-2025,"($19,158.31)",Wire Transfer,Outgoing Wire
TXN0000766,732-490-5489,06/30/2025,"($39,134.82)",Wire Transfer,Outgoing Wire
TXN0003473,677-702-2807,10-Jun-2025,"($24,551.03)",ATM Withdrawal,ATM Cash Withdrawal
txn0000610,549-652-0157,01/27/2025,"($24,886.81)",ATM Withdrawal,ATM Cash Withdrawal
txn0001416,681-859-4943,19-Apr-2025,"($34,725.70)",ACH Debit,Vendor Payment
TXN0001453,170-183-2310,04/23/2025,"($34,839.07)",Wire Transfer,Outgoing Wire
TXN0004634,876-950-2299,03/31/2025,"($4,963.69)",Debit Card,POS Purchase
FEE00018,732-311-3577,06/25/2025,$65.95,Interest Payment,Interest Credit
 txn0002261, 112-553-7133 ,06-Jun-2025,"($10,150.72)",Wire Transfer,Outgoing Wire
txn0000783,112-552-1145,06/06/2025,"$18,803.46",Check Deposit,Check Deposit
txn0004247,980-506-4040,05/23/2025,"$22,743.16",Internal Transfer,Account Transfer
txn0004619,977-283-0738,03/07/2025,"($43,371.60)",Wire Transfer,Incoming Wire
TXN0005754,679-033-3067,04/21/2025,"$12,182.14",ACH Credit,Payroll Deposit
TXN0004865,640-755-5988,01/29/2025,"($40,693.16)",Wire Transfer,Incoming Wire
TXN0002840,677-365-8759,05/08/2025,"$33,161.28",Check Deposit,Check Deposit
TXN0000329,569-162-2383,12-Mar-2025,"($2,396.79)",ACH Debit,Vendor Payment
TXN0005295,163-894-1173,02/20/2025,"$16,382.56",ACH Credit,PAYROLL DEPOSIT
TXN0000725,689-573-2590,02-Apr-2025,"$6,161.28",Internal Transfer,Account Transfer
TXN0000229,608-518-0667,12-Feb-2025,"($32,593.82)",Wire Transfer,Incoming Wire
 TXN0000215,397-179-6731,12-Mar-2025,"($17,123.29)",Debit Card,POS PURCHASE
TXN0004989,815-151-4626,08-Feb-2025,"($38,940.02)",ACH Debit,VENDOR PAYMENT
TXN0005880,394-488-3833,06/20/2025,"($30,302.26)",ACH Debit,Vendor Payment
TXN0005387,826-270-3397,02/11/2025,"($13,003.63)",Debit Card,POS Purchase
txn0003901, 570-155-1994 ,16-May-2025,"($18,982.95)",Wire Transfer,OUTGOING WIRE
TXN0001966,242-783-0931,03/17/2025,"($15,255.71)",Internal Transfer,ACCOUNT TRANSFER
TXN0003527,464-806-2862,01/25/2025,"($2,644.07)",Debit Card,POS Purchase
TXN0005635,248-904-5994,04/02/2025,"($22,134.53)",Debit Card,POS Purchase
TXN0000504,668-499-1869,06/22/2025,"($27,487.04)",Wire Transfer,Outgoing Wire
TXN0003472,989-374-9227,04/14/2025,"($8,346.34)",Wire Transfer,Outgoing Wire
 TXN0005762,516-377-4194,05/13/2025,"$44,293.04",Check Deposit,Check Deposit
TXN0004759, 428-069-0768 ,11-Jan-2025,"$3,741.93",Internal Transfer,Account Transfer
TXN0004560, 283-564-0754 ,03-Mar-2025,"($27,301.18)",Wire Transfer,Incoming Wire
fee00046,599-206-7433,06/04/2025,$26.74,Interest Payment,Interest Credit
TXN0002532,953-378-0550,03-Mar-2025,"$3,782.67",ACH Credit,Payroll Deposit
TXN0005685,338-643-8764,06/23/2025,"$24,291.43",ACH Credit,Payroll Deposit
TXN0002841,281-791-7561,12-Jan-2025,"$22,345.58",Debit Card,POS Purchase
TXN0004965,560-733-5020,04-Feb-2025,"($24,700.96)",Wire Transfer,Incoming Wire
TXN0002789,901-848-6497,04-Mar-2025,"$13,408.17",ACH Credit,Payroll Deposit
TXN0003555,110-996-2147,04-Feb-2025,"$9,352.35",ACH Credit,Payroll Deposit
TXN0005255,863-551-8671,14-Feb-2025,"$33,357.45",Check Deposit,Check Deposit
TXN0002135,653-957-9126,06/06/2025,($302.67),ACH Debit,Vendor Payment
TXN0000374,666-568-8762,05-Feb-2025,"$15,861.64",ACH Credit,Payroll Deposit
TXN0001773,664-749-9133,13-Apr-2025,"($34,624.66)",Internal Transfer,Account Transfer
txn0005642,556-519-3463,02/27/2025,"$25,106.73",ATM Withdrawal,ATM Cash Withdrawal
TXN0004591,442-730-3401,03/27/2025,"$14,512.63",ACH Credit,Payroll Deposit
TXN0000448,346-334-7492,31-Jan-2025,"($9,603.75)",ACH Debit,Vendor Payment
txn0001892,872-269-7727,25-Jun-2025,"($27,950.89)",ACH Debit,Vendor Payment
TXN0004501,553-214-7120,04/27/2025,"($19,045.86)",Wire Transfer,Outgoing Wire
TXN0000155,571-227-7527,03/08/2025,"$33,276.18",Check Deposit,Check Deposit
TXN0001888,480-855-2217,06/07/2025,"($4,364.14)",ACH Debit,VENDOR PAYMENT
TXN0002556,313-870-1055,05/05/2025,"$24,100.19",ACH Credit,Payroll Deposit
TXN0005973,235-543-2224,05/25/2025,"$36,209.40",ACH Credit,PAYROLL DEPOSIT
TXN0002287,448-211-3394,25-Jan-2025,"$11,943.01",ACH Credit,PAYROLL DEPOSIT
txn0003283,201-289-0847,28-May-2025,"($10,781.40)",ATM Withdrawal,ATM Cash Withdrawal
TXN0002699,776-077-4457,05/26/2025,"$16,340.72",Check Deposit,Check Deposit
TXN0001329, 165-138-0363 ,06-Feb-2025,"($34,225.75)",Debit Card,POS Purchase
TXN0005107,829-240-9398,16-May-2025,"$14,776.34",ACH Credit,Payroll Deposit
TXN0001359,478-067-7660,12-Feb-2025,"$1,189.41",ACH Credit,Payroll Deposit
TXN0003569,116-140-6027,03/31/2025,"($27,033.66)",Wire Transfer,OUTGOING WIRE
TXN0001486,236-684-0188,05-Jun-2025,"($27,030.65)",Wire Transfer,Incoming Wire
TXN0005897,192-623-0101,19-May-2025,"($4,758.75)",Wire Transfer,OUTGOING WIRE
 TXN0001389,740-056-9931,05/15/2025,"($27,258.62)",Wire Transfer,Incoming Wire
TXN0001467,669-678-1322,06/15/2025,"($33,058.94)",ATM Withdrawal,ATM Cash Withdrawal
txn0002800,371-108-8120,09-Mar-2025,"($3,920.83)",Internal Transfer,Account Transfer
TXN0005347,992-390-4864,06/20/2025,"($10,322.52)",Wire Transfer,Outgoing Wire
TXN0001093,156-955-2493,06/29/2025,"($44,202.15)",Debit Card,POS Purchase
TXN0004940,688-071-9985,05/30/2025,"($33,516.02)",Debit Card,POS Purchase
TXN0005263,600-970-8404,05/24/2025,"$17,109.44",ACH Credit,Payroll Deposit
TXN0005417,773-007-4303,02/04/2025,"($27,938.42)",ATM Withdrawal,ATM Cash Withdrawal
TXN0002332,788-775-3860,05/28/2025,"($2,386.49)",Internal Transfer,Account Transfer
TXN0003665,710-738-0935,08-Jun-2025,"$6,143.08",Check Deposit,Check Deposit
TXN0000835, 874-399-0143 ,03/24/2025,"$13,411.45",Check Deposit,Check Deposit
TXN0005447,995-803-4273,03/06/2025,"($39,357.37)",Internal Transfer,Account Transfer
TXN0003146,881-711-6582,06-May-2025,"($16,645.90)",ATM Withdrawal,ATM CASH WITHDRAWAL
TXN0000035,822-578-0556,03/29/2025,"($22,768.00)",Debit Card,POS Purchase
txn0002387,366-699-8697,06/03/2025,"($23,815.15)",Debit Card,POS PURCHASE
TXN0004078,855-006-5729,13-Feb-2025,"($5,488.04)",Wire Transfer,INCOMING WIRE
 TXN0004852, 755-882-6644 ,05/10/2025,"$39,048.00",Internal Transfer,Account Transfer
TXN0005638,336-754-7485,02-May-2025,"($40,437.79)",Internal Transfer,Account Transfer
TXN0002601,875-292-8694,05/09/2025,"($5,733.68)",ATM Withdrawal,ATM CASH WITHDRAWAL
TXN0000099,523-329-2436,15-May-2025,"$18,458.29",ACH Credit,Payroll Deposit
TXN0004187,169-185-2183,06/26/2025,"$24,559.18",ACH Credit,Payroll Deposit
TXN0001530,725-187-8518,03/26/2025,"$24,264.21",Internal Transfer,Account Transfer
TXN0004014,968-522-5810,04/06/2025,"($8,128.80)",Wire Transfer,INCOMING WIRE
TXN0002298,427-168-1146,01-Feb-2025,"($36,036.17)",ACH Debit,Vendor Payment
FEE00001,192-536-4410,21-Jan-2025,($7.22),Service Charge,NSF Fee
txn0005145,799-651-2602,05/08/2025,"$6,406.26",ACH Credit,Payroll Deposit
TXN0004769,829-286-1660,06/28/2025,"$28,858.59",Internal Transfer,Account Transfer
TXN0004737, 943-236-1189 ,01-May-2025,"($26,333.50)",Internal Transfer,Account Transfer
TXN0001089,499-896-6114,03/19/2025,"($27,529.04)",Wire Transfer,Outgoing Wire
TXN0005232,534-817-8209,04/29/2025,"($38,761.52)",ATM Withdrawal,ATM Cash Withdrawal
txn0003286,559-158-6637,03/07/2025,"($36,329.09)",Wire Transfer,Incoming Wire
TXN0001990,991-961-3154,02/13/2025,"$14,535.73",Internal Transfer,Account Transfer
TXN0004661,986-132-8187,02/03/2025,"($24,210.75)",Debit Card,POS Purchase
TXN0001648, 172-200-5426 ,21-Apr-2025,"($41,752.56)",Debit Card,POS Purchase
 TXN0005427,804-829-8784,27-Jan-2025,"($12,803.57)",ACH Debit,Vendor Payment
TXN0002963,331-892-3885,04/15/2025,"($42,373.24)",ATM Withdrawal,ATM Cash Withdrawal
TXN0003671,809-320-2665,02/04/2025,"($13,576.73)",Wire Transfer,OUTGOING WIRE
TXN0003975,546-713-6794,06/19/2025,"($44,334.15)",Wire Transfer,Incoming Wire
 TXN0002973,490-591-3857,15-Jun-2025,"($28,802.21)",ATM Withdrawal,ATM CASH WITHDRAWAL
txn0000576,629-874-5701,05/12/2025,"($40,120.08)",Internal Transfer,Account Transfer
FEE00078,244-665-9749,23-Jun-2025,($53.82),Service Charge,Overdraft Fee
TXN0005588,140-266-1884,02/23/2025,"$10,546.23",Internal Transfer,Account Transfer
txn0002517, 567-718-6616 ,03/11/2025,"($43,796.13)",Wire Transfer,INCOMING WIRE
TXN0000523, 489-179-2695 ,29-Mar-2025,"($31,214.92)",Debit Card,POS PURCHASE
 TXN0003998,135-008-5548,02/13/2025,"($44,701.93)",Debit Card,POS Purchase
 TXN0000289,404-324-8671,04/12/2025,"($44,655.07)",Debit Card,POS PURCHASE
TXN0004991,925-135-9840,12-Apr-2025,"($11,946.48)",ATM Withdrawal,ATM Cash Withdrawal
txn0004556,884-475-5219,06/16/2025,"$12,698.85",Check Deposit,CHECK DEPOSIT
TXN0003045,129-050-6105,03/21/2025,"($34,324.59)",Debit Card,POS Purchase
fee00000,979-495-8715,03/16/2025,$7.83,Interest Payment,Interest Credit
TXN0004730,943-278-2683,01/29/2025,"$37,762.81",Check Deposit,Check Deposit
TXN0004969,574-160-5559,12-Jan-2025,"($15,756.60)",ACH Debit,Vendor Payment
TXN0002994,616-325-5160,04/12/2025,"$3,950.53",ACH Debit,VENDOR PAYMENT
TXN0004674,177-164-0107,01-Jan-2025,"$24,942.68",Check Deposit,Check Deposit
TXN0003122, 809-768-1890 ,17-May-2025,"($11,401.69)",ACH Debit,Vendor Payment
TXN0002680,572-064-6320,06/20/2025,"($15,392.31)",ACH Debit,VENDOR PAYMENT
txn0004296,955-741-5986,01/24/2025,"($14,991.29)",Debit Card,POS Purchase
TXN0004447,595-953-7635,03/22/2025,"$25,156.22",ACH Credit,Payroll Deposit
TXN0000739,883-637-0618,05-Jan-2025,"($14,075.38)",Internal Transfer,ACCOUNT TRANSFER
TXN0002823,996-423-2108,06/20/2025,"($19,380.77)",Wire Transfer,Incoming Wire
TXN0005942,269-636-1197,03/05/2025,"($12,562.90)",ATM Withdrawal,ATM Cash Withdrawal
txn0002277, 314-577-2375 ,01/19/2025,"$21,998.38",Internal Transfer,ACCOUNT TRANSFER
TXN0001899,553-088-1934,25-Jan-2025,"($17,780.78)",ACH Debit,Vendor Payment
txn0002512,373-299-6560,03/05/2025,"$26,175.38",Check Deposit,CHECK DEPOSIT
TXN0001695,498-152-9730,02/08/2025,"($20,110.25)",Debit Card,POS Purchase
 TXN0001286,280-998-9896,03/06/2025,"($14,976.47)",Wire Transfer,Incoming Wire
TXN0005385,853-827-0789,06/06/2025,"$36,772.41",Check Deposit,Check Deposit
TXN0003170, 187-788-3897 ,02/13/2025,"($38,791.42)",ACH Debit,Vendor Payment
TXN0000437,741-179-3174,23-Apr-2025,"($26,600.57)",Wire Transfer,OUTGOING WIRE
TXN0003067,693-392-4617,04/12/2025,"($42,018.61)",ATM Withdrawal,ATM CASH WITHDRAWAL
TXN0004869, 681-102-7443 ,03/12/2025,"($16,192.48)",Wire Transfer,Outgoing Wire
 TXN0004553,350-353-9242,04/09/2025,"$18,061.50",ACH Credit,Payroll Deposit
TXN0004285,442-368-5192,05/03/2025,"($30,022.27)",Wire Transfer,Incoming Wire
TXN0003552,904-017-0728,27-Mar-2025,"($33,537.40)",Wire Transfer,Outgoing Wire
TXN0000471,572-652-9550,05/13/2025,"$15,436.56",Internal Transfer,Account Transfer
TXN0005842,650-534-2457,03/23/2025,"($8,392.39)",Wire Transfer,Incoming Wire
TXN0002139,318-479-0362,03/14/2025,"($17,750.78)",ACH Debit,Vendor Payment
FEE00126,229-831-1984,12-Jun-2025,($10.80),Service Charge,Monthly Maintenance Fee
txn0000353,292-862-2459,27-Mar-2025,"$38,365.55",Check Deposit,Check Deposit
TXN0004322,749-896-4867,05-Jun-2025,"($20,234.67)",ATM Withdrawal,ATM Cash Withdrawal
FEE00074,262-172-0824,07-Feb-2025,($51.40),Service Charge,NSF Fee
TXN0000350,204-349-1301,01-Apr-2025,"($4,227.26)",Wire Transfer,Outgoing Wire
TXN0000796,740-727-0404,04/12/2025,"$4,552.82",Internal Transfer,Account Transfer
TXN0003606,137-368-5984,04/27/2025,"($27,411.39)",Wire Transfer,Outgoing Wire
TXN0002331,641-742-5907,05/18/2025,"($25,414.91)",Debit Card,POS Purchase
TXN0003508,202-058-6956,05/07/2025,"($19,414.97)",ATM Withdrawal,ATM Cash Withdrawal
TXN0000157,533-344-6706,26-Jun-2025,"($4,743.96)",ATM Withdrawal,ATM CASH WITHDRAWAL
TXN0002809,546-874-4242,12-Apr-2025,"$5,624.10",Wire Transfer,Incoming Wire
TXN0004612, 781-445-2981 ,04/17/2025,"($38,462.59)",Internal Transfer,Account Transfer
TXN0003809,673-542-7695,01-Feb-2025,"($26,505.42)",Wire Transfer,Incoming Wire
TXN0003852,552-004-7094,09-May-2025,"$7,361.49",Internal Transfer,Account Transfer
TXN0005445,479-712-7328,05/31/2025,"($2,542.06)",Wire Transfer,Outgoing Wire
TXN0005118,318-897-2053,04-May-2025,"($6,064.36)",ACH Debit,Vendor Payment
TXN0003117,458-091-8684,22-Apr-2025,"($16,946.08)",Debit Card,POS Purchase
TXN0004309,188-872-4677,04/24/2025,"$31,577.65",Check Deposit,Check Deposit
TXN0004021,539-099-7919,06/10/2025,"($25,109.86)",Wire Transfer,Outgoing Wire
TXN0003875,309-222-4319,28-Mar-2025,"$11,567.64",Check Deposit,Check Deposit
TXN0000188,551-783-8114,02/24/2025,"($18,068.62)",Wire Transfer,OUTGOING WIRE
txn0003992,204-485-4736,02-Feb-2025,"($40,251.48)",Internal Transfer,Account Transfer
TXN0001415,432-503-6665,01/30/2025,"($38,109.67)",Wire Transfer,Outgoing Wire
TXN0000375,740-886-4669,01/31/2025,"($2,379.35)",Debit Card,POS PURCHASE
TXN0002076,896-489-5934,03/07/2025,"($35,474.97)",ACH Debit,VENDOR PAYMENT
TXN0001859,226-248-1296,06/19/2025,"$15,328.31",ACH Credit,PAYROLL DEPOSIT
TXN0002498,466-895-5561,03/15/2025,"($34,577.07)",Debit Card,POS PURCHASE
TXN0005628,772-505-2079,02/02/2025,"($32,694.28)",Wire Transfer,Outgoing Wire
TXN0004512,704-278-2110,04/02/2025,"$24,718.37",Check Deposit,Check Deposit
txn0000122,612-733-7308,01/31/2025,"($44,713.30)",Debit Card,POS Purchase
TXN0001101,301-160-3976,04/22/2025,"($17,661.71)",Wire Transfer,Outgoing Wire
TXN0003782,911-350-4274,10-Apr-2025,"$3,305.93",ACH Credit,PAYROLL DEPOSIT
TXN0001052,202-369-0753,30-Jun-2025,"($40,954.41)",ACH Debit,VENDOR PAYMENT
TXN0003470,873-422-6041,08-Jan-2025,"($30,581.72)",Debit Card,POS Purchase
TXN0004475,881-116-8710,01/14/2025,"($40,110.70)",ACH Debit,VENDOR PAYMENT
txn0003172,491-119-6200,01/12/2025,"$18,798.47",Wire Transfer,Incoming Wire
TXN0002222,382-148-2279,03/20/2025,"($42,088.60)",Wire Transfer,OUTGOING WIRE
TXN0002126,318-767-7117,02/25/2025,"($32,615.19)",Wire Transfer,Outgoing Wire
TXN0000738,363-793-9244,02/26/2025,"($5,381.23)",Wire Transfer,INCOMING WIRE
TXN0005098,328-319-9517,06/23/2025,"$3,877.66",ACH Credit,Payroll Deposit
TXN0004977,616-826-5362,06/30/2025,"($23,145.77)",ACH Debit,VENDOR PAYMENT
TXN0002613,745-884-2141,06/15/2025,"($17,342.25)",Wire Transfer,OUTGOING WIRE
TXN0001940,463-279-0997,05/10/2025,"($25,796.94)",Wire Transfer,Outgoing Wire
TXN0003215,114-840-5076,05/01/2025,"$42,446.55",ACH Credit,Payroll Deposit
TXN0002079,343-682-3842,05/18/2025,"($16,282.78)",Wire Transfer,Incoming Wire
TXN0005253,422-557-1523,05-Jan-2025,"$9,217.67",ACH Credit,Payroll Deposit
TXN0003135,685-307-3118,18-Jan-2025,"$6,428.53",Check Deposit,Check Deposit
TXN0003597,663-138-4540,13-Jan-2025,"($37,301.40)",ATM Withdrawal,ATM Cash Withdrawal
TXN0001509,284-912-5844,14-Jun-2025,"$12,499.17",ACH Credit,PAYROLL DEPOSIT
TXN0004822,491-451-7114,22-May-2025,"$43,612.37",Internal Transfer,ACCOUNT TRANSFER
 TXN0005497,617-349-6659,05/07/2025,"$40,436.05",Check Deposit,Check Deposit
FEE00009,422-831-6723,15-Mar-2025,($66.64),Service Charge,Overdraft Fee
TXN0005379,973-197-4832,05/23/2025,"$3,370.84",Check Deposit,Check Deposit
TXN0003418,754-719-8145,02/13/2025,"($14,482.88)",Wire Transfer,Outgoing Wire
txn0001418,983-382-5625,16-May-2025,"($30,031.97)",Wire Transfer,INCOMING WIRE
TXN0001612,390-395-8703,13-Mar-2025,"($30,526.40)",ACH Debit,Vendor Payment
TXN0005709,790-943-8694,04/11/2025,$471.80,Check Deposit,CHECK DEPOSIT
TXN0001201,855-330-5143,02/04/2025,"($41,667.40)",ACH Debit,Vendor Payment
txn0005141,322-156-5263,03/06/2025,"($2,681.74)",ATM Withdrawal,ATM CASH WITHDRAWAL
 TXN0001326,841-467-7296,05/31/2025,"($23,277.42)",Debit Card,POS Purchase
TXN0004222,976-811-7938,04/15/2025,"($7,387.19)",ATM Withdrawal,ATM Cash Withdrawal
TXN0005522,604-353-2144,05/23/2025,"$37,519.55",ACH Credit,Payroll Deposit
TXN0004714,372-028-7567,27-Jun-2025,"($32,927.25)",ATM Withdrawal,ATM Cash Withdrawal
TXN0000795,866-170-2672,03/12/2025,"$10,794.57",Internal Transfer,Account Transfer
TXN0000930,525-301-2412,06/30/2025,"($32,014.72)",Wire Transfer,Outgoing Wire
FEE00053,911-582-5696,06/19/2025,($56.20),Service Charge,Overdraft Fee
TXN0003174,569-238-8731,18-Feb-2025,"$37,805.40",ACH Credit,Payroll Deposit
TXN0001866,403-740-2049,04/23/2025,"($10,594.60)",ACH Debit,Vendor Payment
TXN0003494,160-178-6277,11-Apr-2025,"($31,010.51)",Wire Transfer,Outgoing Wire
TXN0003604,974-166-5003,02/01/2025,"($25,786.23)",Wire Transfer,Outgoing Wire
TXN0002893,871-613-3322,07-Jan-2025,"($34,351.63)",ATM Withdrawal,ATM Cash Withdrawal
TXN0005446, 686-594-3254 ,15-Feb-2025,"$28,879.02",ACH Credit,Payroll Deposit
TXN0000144, 466-993-0138 ,04/10/2025,"($42,017.58)",Internal Transfer,ACCOUNT TRANSFER
TXN0001621,650-899-7590,30-Jun-2025,"($35,556.98)",Internal Transfer,Account Transfer
TXN0005373,678-877-5416,24-Feb-2025,"($30,264.34)",Wire Transfer,Incoming Wire
txn0002861,135-400-2961,05/08/2025,"($23,231.88)",Debit Card,POS Purchase
TXN0004144,225-102-9204,04/03/2025,"$17,041.09",ACH Credit,PAYROLL DEPOSIT
TXN0001663, 885-410-3949 ,01/29/2025,"($9,575.96)",Wire Transfer,OUTGOING WIRE
TXN0002083, 933-487-9094 ,18-Feb-2025,"$27,261.40",Check Deposit,Check Deposit
TXN0004814,720-974-5753,05/20/2025,"($26,030.72)",ATM Withdrawal,ATM Cash Withdrawal
TXN0004997, 338-621-0163 ,13-Jun-2025,"$12,873.00",Internal Transfer,Account Transfer
TXN0000119,552-449-7168,06/27/2025,"$22,847.56",Check Deposit,Check Deposit
TXN0003139,689-745-5406,04/29/2025,"$34,849.48",ACH Credit,Payroll Deposit
txn0004028,880-219-2255,13-Jun-2025,"($21,373.85)",Wire Transfer,Outgoing Wire
TXN0000533,131-216-9660,01/11/2025,"$25,138.15",Internal Transfer,Account Transfer
txn0001067,903-319-5362,01/13/2025,"($9,671.67)",ATM Withdrawal,ATM Cash Withdrawal
txn0003338,705-220-2576,04/10/2025,"$3,940.44",ACH Credit,Payroll Deposit
TXN0005108,337-057-8863,02/01/2025,"$27,994.66",ACH Credit,PAYROLL DEPOSIT
TXN0000542,475-143-1795,01/07/2025,"($38,304.09)",ACH Debit,Vendor Payment
TXN0005481,822-076-3086,04/23/2025,"$3,027.21",Check Deposit,CHECK DEPOSIT
TXN0001685,488-676-6743,30-May-2025,"($4,263.54)",ATM Withdrawal,ATM Cash Withdrawal
FEE00085,794-260-7378,02-Apr-2025,$32.59,Interest Payment,Interest Credit
TXN0002199,137-658-8402,20-Jan-2025,"($23,888.90)",Debit Card,POS Purchase
TXN0002621,883-987-1297,01/25/2025,"$7,611.97",Check Deposit,Check Deposit
TXN0002285,891-520-0597,03/14/2025,"($31,095.33)",Wire Transfer,INCOMING WIRE
TXN0005147,903-301-1673,01/24/2025,"$2,254.90",Check Deposit,Check Deposit
txn0005604,877-005-0678,24-Feb-2025,"($6,560.57)",Wire Transfer,Outgoing Wire
TXN0003443,119-796-2947,01/17/2025,"$17,173.68",Check Deposit,Check Deposit
TXN0004372,600-540-6180,14-Jun-2025,"$31,868.58",ACH Credit,Payroll Deposit
TXN0005465,170-737-4137,03/29/2025,"($27,446.81)",Wire Transfer,OUTGOING WIRE
TXN0001253,551-682-3809,02/08/2025,"($7,586.18)",Wire Transfer,Incoming Wire
TXN0002262,931-035-5759,25-Jun-2025,"($18,381.86)",Wire Transfer,Outgoing Wire
TXN0000922, 912-956-7774 ,01/27/2025,"($30,304.58)",ATM Withdrawal,ATM CASH WITHDRAWAL
TXN0000867, 576-553-9411 ,22-Apr-2025,"($13,537.20)",Internal Transfer,Account Transfer
TXN0002939,515-842-2617,02/13/2025,"($43,144.18)",ACH Debit,Vendor Payment
TXN0004907,278-081-4202,02/06/2025,"$20,435.38",ACH Credit,Payroll Deposit
TXN0005125, 137-600-0193 ,05/19/2025,"$11,339.55",ACH Credit,Payroll Deposit
 TXN0002722,782-354-7384,06/26/2025,"$20,457.71",Check Deposit,Check Deposit
TXN0001182,466-101-6373,05/08/2025,"($26,133.58)",ACH Debit,Vendor Payment
TXN0001298,427-422-5629,27-May-2025,"$6,340.13",Check Deposit,CHECK DEPOSIT
TXN0002380,275-122-0327,16-Jan-2025,"$37,369.78",ACH Credit,Payroll Deposit
 TXN0000396,256-713-9924,24-Feb-2025,"($10,310.37)",Wire Transfer,Outgoing Wire
FEE00040,938-697-9460,04-Jan-2025,($25.97),Service Charge,Monthly Maintenance Fee
txn0002097,816-367-9205,04/11/2025,"($15,719.64)",Debit Card,POS PURCHASE
TXN0004469,903-097-1744,06/26/2025,"($32,894.23)",ATM Withdrawal,ATM Cash Withdrawal
txn0003043,990-649-6988,01-Jan-2025,"($37,797.01)",Wire Transfer,INCOMING WIRE
FEE00055,172-383-6991,12-Jan-2025,($37.36),Service Charge,Overdraft Fee
TXN0000154,549-286-5400,18-May-2025,"($9,679.35)",ATM Withdrawal,ATM Cash Withdrawal
 TXN0000681,889-996-3358,04/22/2025,"($19,190.60)",Wire Transfer,INCOMING WIRE
TXN0005381,642-204-9136,28-Feb-2025,"$17,156.78",Check Deposit,CHECK DEPOSIT
TXN0004537,391-982-2163,01/02/2025,"($5,185.10)",ATM Withdrawal,ATM Cash Withdrawal
TXN0000603,441-108-5199,01/04/2025,"($24,753.25)",Wire Transfer,Incoming Wire
txn0004949,689-961-6217,01/07/2025,"$42,052.11",ACH Credit,Payroll Deposit
TXN0004088,857-572-7706,01/10/2025,"($27,553.04)",ATM Withdrawal,ATM Cash Withdrawal
TXN0005884,527-740-0939,04/16/2025,"($12,611.57)",ACH Debit,Vendor Payment
TXN0000695,120-949-8319,03/04/2025,"($22,652.34)",ACH Debit,Vendor Payment
TXN0005555,859-693-0354,05/12/2025,"$32,279.15",ACH Credit,Payroll Deposit
TXN0000599,100-417-3220,02/08/2025,"$21,127.66",ACH Credit,PAYROLL DEPOSIT
TXN0002314,330-603-9830,11-Mar-2025,"($35,245.07)",ATM Withdrawal,ATM CASH WITHDRAWAL
FEE00134,300-126-9010,06/08/2025,$53.52,Interest Payment,Interest Credit
TXN0001165,576-591-6255,05/22/2025,"($32,051.87)",ATM Withdrawal,ATM Cash Withdrawal
TXN0005610,836-347-3929,10-Feb-2025,"$16,198.61",ACH Credit,Payroll Deposit
TXN0004429,967-623-7765,02/08/2025,"$21,009.91",ACH Credit,PAYROLL DEPOSIT
TXN0004458,668-487-4690,26-Mar-2025,"$12,172.41",ACH Credit,Payroll Deposit
TXN0000299,455-254-5247,06-Jun-2025,"($1,356.16)",ATM Withdrawal,ATM Cash Withdrawal
TXN0002505,759-604-8790,10-Mar-2025,"$44,455.51",ACH Credit,PAYROLL DEPOSIT
TXN0000745,132-651-0423,17-Feb-2025,"($7,825.48)",Debit Card,POS Purchase
txn0005501,959-560-8881,02/08/2025,"$42,450.81",Check Deposit,Check Deposit
 txn0002748,343-922-5034,04/13/2025,"$31,302.80",Check Deposit,Check Deposit
TXN0004565,379-327-2331,04-Mar-2025,"($7,628.39)",Internal Transfer,Account Transfer
txn0005779,433-011-8106,05-Mar-2025,"($31,599.31)",ATM Withdrawal,ATM CASH WITHDRAWAL
TXN0004919, 380-093-2720 ,02/26/2025,"($37,569.85)",ATM Withdrawal,ATM Cash Withdrawal
TXN0004657,314-486-0917,23-Jan-2025,"$5,702.85",Internal Transfer,Account Transfer
TXN0002063,383-817-6247,17-Feb-2025,"($11,448.62)",Wire Transfer,INCOMING WIRE
 TXN0000733,536-610-2907,01/06/2025,"$6,036.22",ACH Credit,Payroll Deposit
 TXN0005309, 653-499-1839 ,18-Apr-2025,"($11,671.36)",Debit Card,POS Purchase
TXN0000315,431-238-8824,22-Jun-2025,"($4,597.05)",Wire Transfer,Incoming Wire
 TXN0005586,554-558-5847,06/14/2025,"($17,953.54)",Debit Card,POS Purchase
TXN0003753,445-322-1613,06/06/2025,"$18,282.58",ATM Withdrawal,ATM CASH WITHDRAWAL
 TXN0000759,334-953-1661,23-Jun-2025,"($15,037.43)",Debit Card,POS Purchase
TXN0003313, 820-961-6828 ,05/27/2025,"($33,467.46)",Wire Transfer,Incoming Wire
FEE00019,706-180-7256,30-Apr-2025,($26.88),Service Charge,Overdraft Fee
TXN0000626,565-681-2783,03/04/2025,"($30,170.01)",Wire Transfer,INCOMING WIRE
TXN0005534, 938-454-5041 ,08-Feb-2025,"($35,583.18)",Wire Transfer,OUTGOING WIRE
 TXN0001590,593-012-5554,06/20/2025,"($33,222.53)",Debit Card,POS Purchase
TXN0005523,360-447-0681,05/30/2025,"($31,602.22)",Wire Transfer,INCOMING WIRE
txn0000042,346-923-3215,03/07/2025,"($33,252.30)",ACH Debit,VENDOR PAYMENT
TXN0001987,784-191-2728,17-May-2025,"($31,385.60)",Wire Transfer,Incoming Wire
TXN0001377,352-289-0846,04-Mar-2025,"$35,421.59",Internal Transfer,Account Transfer
TXN0004233,947-430-3087,01/03/2025,"($10,235.30)",Debit Card,POS Purchase
txn0003475,164-307-4180,06-May-2025,"$9,438.75",ACH Credit,Payroll Deposit
TXN0005112,273-167-6905,16-Apr-2025,"($39,724.96)",Wire Transfer,Outgoing Wire
TXN0001339,550-163-7645,20-May-2025,"$10,476.08",Check Deposit,Check Deposit
TXN0000926,414-147-3952,03-Apr-2025,"($31,604.82)",Debit Card,POS PURCHASE
TXN0003203,262-257-5813,25-Jun-2025,"($43,520.87)",Internal Transfer,Account Transfer
TXN0004174,659-777-5253,05/20/2025,"$12,188.85",Internal Transfer,ACCOUNT TRANSFER
TXN0002637,102-955-5314,04/02/2025,"($9,340.14)",ATM Withdrawal,ATM CASH WITHDRAWAL
TXN0005067,973-479-2355,06/17/2025,"$4,393.05",Internal Transfer,Account Transfer
 TXN0003567,408-800-1531,03/08/2025,"($18,507.46)",Wire Transfer,OUTGOING WIRE
TXN0002212,737-257-2667,05-Apr-2025,"($19,198.12)",Debit Card,POS PURCHASE
TXN0002653,559-070-2208,02/27/2025,"($16,794.93)",ATM Withdrawal,ATM CASH WITHDRAWAL
txn0001384, 900-783-7055 ,03/20/2025,"($7,046.50)",Wire Transfer,Outgoing Wire
TXN0004598,923-518-4104,04/13/2025,"($18,325.39)",Debit Card,POS Purchase
TXN0005940,319-943-3543,24-Apr-2025,"$15,154.92",ACH Credit,PAYROLL DEPOSIT
TXN0003759,341-966-4521,11-Feb-2025,"($28,713.02)",Wire Transfer,Outgoing Wire
txn0005900,915-751-6681,01/04/2025,"$20,389.70",ACH Credit,PAYROLL DEPOSIT
TXN0002300,396-641-5850,22-Apr-2025,"($11,383.91)",ATM Withdrawal,ATM CASH WITHDRAWAL
TXN0001077,107-901-1097,09-Jun-2025,"($38,435.47)",ATM Withdrawal,ATM Cash Withdrawal
 txn0005412,922-667-3933,04/16/2025,($940.65),Wire Transfer,Incoming Wire
 TXN0005146,214-028-9248,30-Apr-2025,"($21,874.86)",ATM Withdrawal,ATM Cash Withdrawal
TXN0000082,650-428-8488,01/31/2025,"$37,134.56",Internal Transfer,ACCOUNT TRANSFER
TXN0003132,505-478-3925,01/14/2025,"($20,704.75)",ATM Withdrawal,ATM CASH WITHDRAWAL
TXN0002117,958-854-5618,28-Jan-2025,"$17,002.03",ACH Credit,Payroll Deposit
TXN0001898,532-144-1089,26-Jan-2025,"$38,881.73",Internal Transfer,Account Transfer
TXN0005818,830-794-2112,03/04/2025,"($38,531.07)",ACH Debit,Vendor Payment
txn0002754,822-072-8087,06/05/2025,"($34,644.23)",Debit Card,POS Purchase
TXN0001614,340-850-0111,01/05/2025,"($40,154.94)",Internal Transfer,ACCOUNT TRANSFER
TXN0001965,283-504-6850,18-Jun-2025,"($28,821.14)",Internal Transfer,Account Transfer
TXN0002239, 770-022-9778 ,03/20/2025,"($28,255.40)",Debit Card,POS Purchase
 TXN0000500,396-842-4277,05/22/2025,"($10,401.44)",Wire Transfer,Outgoing Wire
TXN0004048,518-768-6774,06/05/2025,"$25,276.06",ACH Credit,Payroll Deposit
 TXN0001311,974-108-6677,24-May-2025,"$22,479.37",Check Deposit,Check Deposit
txn0002898,197-304-6709,03/19/2025,"($32,943.93)",ATM Withdrawal,ATM Cash Withdrawal
TXN0003805,714-113-9692,01/08/2025,"($35,207.77)",Wire Transfer,Outgoing Wire
TXN0001497,911-063-7714,27-May-2025,"($33,048.16)",ACH Debit,VENDOR PAYMENT
TXN0002472,789-472-4508,06/13/2025,"$2,807.09",Check Deposit,Check Deposit
txn0000256,806-294-6583,27-Feb-2025,"($3,492.39)",Debit Card,POS Purchase
TXN0001058,626-431-0691,21-Feb-2025,"($17,306.72)",Wire Transfer,Outgoing Wire
TXN0000964, 704-755-7425 ,08-Mar-2025,"($16,502.78)",ATM Withdrawal,ATM Cash Withdrawal
TXN0005974,619-686-7160,04/17/2025,"($13,702.03)",ATM Withdrawal,ATM CASH WITHDRAWAL
FEE00052, 154-857-2429 ,04-Feb-2025,$32.06,Interest Payment,Interest Credit
TXN0005637,134-684-5233,30-May-2025,"($36,347.33)",Debit Card,POS PURCHASE
TXN0003194, 749-782-8212 ,02/20/2025,"$31,430.96",ACH Credit,PAYROLL DEPOSIT
TXN0001440,218-644-3848,02-May-2025,"($32,570.26)",Wire Transfer,Outgoing Wire
txn0000091,386-818-2364,05/16/2025,"($19,829.45)",Internal Transfer,Account Transfer
FEE00108,808-274-6915,05/24/2025,$11.58,Interest Payment,Interest Credit
txn0003558,591-670-3413,08-Jun-2025,"($35,895.52)",Internal Transfer,Account Transfer
TXN0000967,761-743-7960,04/02/2025,"($41,130.39)",ATM Withdrawal,ATM Cash Withdrawal
TXN0001310,897-440-1986,30-Jan-2025,"$15,850.19",Wire Transfer,INCOMING WIRE
TXN0005606,630-015-5573,03/25/2025,"$5,527.84",Check Deposit,Check Deposit
FEE00012,728-913-2341,05/08/2025,($37.54),Service Charge,NSF Fee
TXN0005502,787-315-7505,01/11/2025,"$18,535.96",Check Deposit,CHECK DEPOSIT
TXN0005045,671-160-8739,02-Feb-2025,"$42,414.58",ACH Credit,Payroll Deposit
TXN0003100,860-622-2720,03/23/2025,"($35,512.13)",Wire Transfer,Outgoing Wire
txn0000760,552-813-4672,04/05/2025,"$1,783.44",ACH Credit,Payroll Deposit
TXN0005269,607-189-7555,28-May-2025,"($4,202.33)",Wire Transfer,Outgoing Wire
txn0005088,176-142-5055,06/28/2025,"$5,993.56",Internal Transfer,ACCOUNT TRANSFER
TXN0005790,159-994-6723,04/24/2025,"($10,505.37)",Debit Card,POS Purchase
txn0004282,105-511-6543,09-Apr-2025,"($5,344.19)",ACH Debit,Vendor Payment
TXN0004474,915-646-8881,03/19/2025,"$15,565.49",Check Deposit,Check Deposit
TXN0001457,204-544-0669,06/14/2025,"$28,907.15",ACH Credit,PAYROLL DEPOSIT
TXN0005737,842-546-0849,01/19/2025,"($32,819.90)",Wire Transfer,Incoming Wire
TXN0005260,452-516-1875,03/09/2025,"$43,157.45",Check Deposit,Check Deposit
TXN0005393, 416-535-7154 ,03/14/2025,"$25,629.11",Check Deposit,Check Deposit
TXN0001407,846-477-2192,03/21/2025,"$28,400.23",Internal Transfer,Account Transfer
txn0001274,803-414-4091,25-Feb-2025,"$44,665.00",Check Deposit,Check Deposit
 TXN0005757, 408-601-0558 ,12-May-2025,"($6,149.54)",Internal Transfer,Account Transfer
 TXN0001073,786-731-6976,10-May-2025,"$5,308.48",ATM Withdrawal,ATM CASH WITHDRAWAL
TXN0005332,562-121-5068,05/04/2025,"$42,964.06",ACH Credit,PAYROLL DEPOSIT
TXN0005756,117-475-9409,28-Apr-2025,"($38,993.13)",Wire Transfer,Incoming Wire
TXN0005605,927-238-0712,06/21/2025,"($35,153.55)",ATM Withdrawal,ATM CASH WITHDRAWAL
TXN0004624,233-738-7650,02/16/2025,"($30,405.16)",Internal Transfer,ACCOUNT TRANSFER
TXN0004310,375-782-7036,03-Feb-2025,"($29,337.11)",Wire Transfer,Incoming Wire
TXN0002150,779-549-2827,11-Mar-2025,"($5,951.22)",Debit Card,POS Purchase
txn0001173, 377-397-8319 ,05-Jun-2025,"$7,188.01",Internal Transfer,Account Transfer
TXN0003646,920-605-4611,03/21/2025,"($20,403.00)",ACH Debit,Vendor Payment
TXN0003491,524-328-3863,01/10/2025,"($18,246.33)",ATM Withdrawal,ATM Cash Withdrawal
TXN0005980,968-994-1759,24-May-2025,"($34,061.41)",Wire Transfer,Incoming Wire
TXN0002674,428-303-7599,16-Jan-2025,"($32,934.64)",Debit Card,POS Purchase
txn0005563,537-175-4816,08-Apr-2025,"$44,463.48",Internal Transfer,Account Transfer
TXN0003306,635-530-5434,02/18/2025,"($29,382.70)",Wire Transfer,Incoming Wire
TXN0002003,688-492-8935,26-Jun-2025,"($10,683.97)",ACH Debit,Vendor Payment
TXN0005992,318-118-5642,03/01/2025,"($8,782.60)",ACH Debit,Vendor Payment
TXN0004116,116-888-2433,13-Jan-2025,"$34,113.11",ACH Credit,PAYROLL DEPOSIT
TXN0004794,740-273-6727,17-Jun-2025,"$10,807.27",ACH Credit,PAYROLL DEPOSIT
TXN0003842,149-573-7559,01/10/2025,"($41,889.21)",Wire Transfer,Outgoing Wire
TXN0002602,392-209-4181,02/25/2025,"($36,817.86)",Internal Transfer,Account Transfer
TXN0000352,870-935-8998,01/14/2025,"$32,623.46",ACH Credit,Payroll Deposit
TXN0005452,883-655-2392,04/02/2025,($788.60),Wire Transfer,Incoming Wire
TXN0003057,224-363-5813,23-Feb-2025,"$21,619.30",Check Deposit,Check Deposit
TXN0003635,315-374-5873,03/26/2025,"$17,583.08",ACH Credit,Payroll Deposit
TXN0005742,677-157-8769,04/11/2025,"$3,593.61",Debit Card,POS Purchase
TXN0005573,265-209-1467,05-Jan-2025,"($34,288.41)",ATM Withdrawal,ATM Cash Withdrawal
TXN0002166,999-961-5831,03/12/2025,"($12,649.63)",Debit Card,POS PURCHASE
TXN0000425,285-483-4388,19-Mar-2025,"($14,412.42)",ACH Debit,VENDOR PAYMENT
txn0003757,672-374-7055,02/02/2025,"$3,796.67",ACH Credit,PAYROLL DEPOSIT
TXN0000277,658-674-9773,03-Feb-2025,"$26,977.51",ACH Credit,Payroll Deposit
txn0002658, 369-459-3133 ,01/23/2025,"$43,493.97",ACH Credit,PAYROLL DEPOSIT
txn0005822,262-191-0478,05/20/2025,"($38,967.80)",Debit Card,POS PURCHASE
TXN0001566,610-085-4800,14-Apr-2025,"$35,920.61",Wire Transfer,Incoming Wire
TXN0004152,736-780-5315,04/06/2025,"($22,984.67)",ACH Debit,VENDOR PAYMENT
TXN0003737,415-058-9878,15-Mar-2025,"($38,195.36)",Debit Card,POS Purchase
TXN0000644,906-298-3375,03/06/2025,"$17,411.01",Internal Transfer,ACCOUNT TRANSFER
txn0005835,566-138-6216,06/11/2025,"($14,392.58)",Internal Transfer,Account Transfer
TXN0000823,352-373-7817,03-Feb-2025,"($2,690.28)",ACH Debit,Vendor Payment
TXN0003225,602-123-9929,23-Jan-2025,"($29,673.26)",Internal Transfer,Account Transfer
TXN0002739,167-332-9158,05/19/2025,"($39,877.09)",Internal Transfer,Account Transfer
TXN0002234,808-186-0979,03/10/2025,"($25,334.56)",ACH Debit,VENDOR PAYMENT
 txn0001543,736-595-1000,03/11/2025,"($25,737.80)",Wire Transfer,Outgoing Wire
TXN0005250,428-067-6082,29-Jan-2025,"($16,715.01)",ATM Withdrawal,ATM Cash Withdrawal
TXN0005408,408-887-0019,01/26/2025,"($42,215.73)",Wire Transfer,Outgoing Wire
 TXN0002144,816-263-1060,25-Apr-2025,"($22,579.01)",Wire Transfer,INCOMING WIRE
TXN0004708,473-075-6593,01/14/2025,"($38,445.18)",Internal Transfer,Account Transfer
TXN0004668,806-887-4343,03/21/2025,($42.25),ATM Withdrawal,ATM Cash Withdrawal
TXN0000623,828-384-5167,17-Mar-2025,"($4,781.44)",Wire Transfer,INCOMING WIRE
txn0001145,632-751-0780,03/05/2025,"$2,068.09",Check Deposit,CHECK DEPOSIT
 TXN0003593,958-755-9590,02/26/2025,"($4,046.72)",Debit Card,POS Purchase
TXN0000978,604-165-0856,04/26/2025,"($26,080.74)",Wire Transfer,INCOMING WIRE
txn0004900,159-772-8280,03/06/2025,"($36,650.65)",ATM Withdrawal,ATM Cash Withdrawal
TXN0000069,662-961-4125,06/20/2025,"($44,877.14)",ACH Debit,Vendor Payment
 txn0003985,228-679-5073,04-Apr-2025,"($26,719.20)",ACH Debit,Vendor Payment
TXN0003058,339-263-8713,08-Feb-2025,"$11,701.93",ACH Credit,PAYROLL DEPOSIT
TXN0003655,391-742-3044,01/12/2025,($862.51),Wire Transfer,OUTGOING WIRE
TXN0001306,305-678-9529,03/26/2025,"$2,248.88",Internal Transfer,Account Transfer
TXN0001890,709-120-1536,14-May-2025,"($12,235.35)",Wire Transfer,INCOMING WIRE
TXN0004570,502-021-8935,27-Feb-2025,"$41,567.43",Check Deposit,Check Deposit
TXN0005510,613-288-3658,25-Jan-2025,"$8,392.09",ATM Withdrawal,ATM Cash Withdrawal
 txn0001863,140-757-1024,01/16/2025,"$11,376.33",Internal Transfer,Account Transfer
TXN0002320,965-620-8308,03/25/2025,"($18,646.09)",Wire Transfer,OUTGOING WIRE
TXN0003390,874-175-0849,04/18/2025,"($31,572.07)",Internal Transfer,Account Transfer
FEE00058,231-801-1800,01/17/2025,($71.50),Service Charge,Overdraft Fee
TXN0000163,700-080-0937,03/24/2025,"($4,387.70)",ACH Debit,Vendor Payment
TXN0004561,779-093-0898,17-Apr-2025,"($4,202.92)",Wire Transfer,INCOMING WIRE
TXN0003382, 390-404-9661 ,06/24/2025,"$36,158.25",Check Deposit,Check Deposit
TXN0003020,688-846-2886,06-Feb-2025,"$3,303.12",Check Deposit,Check Deposit
TXN0004851,327-311-1618,05/08/2025,"($24,357.22)",ACH Debit,Vendor Payment
TXN0003660,606-749-5508,06/18/2025,"$33,949.19",Internal Transfer,ACCOUNT TRANSFER
TXN0004437,140-251-3683,04/24/2025,"($5,936.91)",Wire Transfer,Outgoing Wire
TXN0005556,811-458-8012,07-Feb-2025,"$14,019.16",ACH Credit,PAYROLL DEPOSIT
TXN0004692,120-491-3585,05/03/2025,"$21,075.59",Check Deposit,CHECK DEPOSIT
TXN0005171,749-222-2236,14-Apr-2025,"$34,581.85",ACH Credit,Payroll Deposit
TXN0002572,352-119-8349,04/13/2025,"($39,106.74)",Debit Card,POS Purchase
TXN0003155,328-758-8894,01/16/2025,"($34,080.66)",Wire Transfer,Incoming Wire
txn0000984,390-568-7514,23-Apr-2025,"($10,572.02)",Wire Transfer,Incoming Wire
TXN0004037, 283-462-5544 ,16-Jan-2025,"$9,580.53",Internal Transfer,Account Transfer
TXN0001137,142-127-8299,05/31/2025,"$28,617.33",Check Deposit,Check Deposit
TXN0002107,623-003-5544,06-Feb-2025,"$32,565.18",Check Deposit,Check Deposit
TXN0002162,801-157-9629,02/08/2025,"$4,338.65",ACH Credit,Payroll Deposit
TXN0005493,782-993-9532,26-Jun-2025,"($31,303.80)",ATM Withdrawal,ATM Cash Withdrawal
TXN0003656,376-260-4885,17-Jun-2025,"($14,547.14)",Wire Transfer,INCOMING WIRE
TXN0002232,447-565-7263,01/07/2025,"$25,400.60",Internal Transfer,ACCOUNT TRANSFER
TXN0002223, 720-853-5621 ,03/07/2025,"($8,323.37)",Wire Transfer,Outgoing Wire
TXN0000488,443-520-9526,23-Jan-2025,"($15,620.45)",Wire Transfer,Incoming Wire
TXN0003363,809-291-2577,02/09/2025,"$39,345.29",Internal Transfer,Account Transfer
 txn0004629,148-285-3064,04/12/2025,"$41,129.87",Internal Transfer,Account Transfer
TXN0003986,960-572-0255,01/02/2025,"($31,293.47)",Wire Transfer,OUTGOING WIRE
fee00064,320-521-3527,03/24/2025,$28.59,Interest Payment,Interest Credit
TXN0001188,467-052-7848,03/19/2025,"($7,263.65)",ACH Debit,Vendor Payment
TXN0001807,898-042-1533,01/26/2025,"($6,582.45)",ATM Withdrawal,ATM Cash Withdrawal
FEE00042,642-516-8375,06/24/2025,($41.51),Service Charge,Overdraft Fee
TXN0004327, 453-522-9722 ,04/27/2025,"($10,988.04)",Debit Card,POS Purchase
txn0002544,470-073-9247,04-Feb-2025,"($33,156.07)",ACH Debit,Vendor Payment
TXN0005938,438-483-5675,28-Jan-2025,"$35,002.15",Check Deposit,Check Deposit
TXN0003994,520-516-7738,10-Jun-2025,"($21,377.60)",Wire Transfer,Incoming Wire
TXN0000124,739-206-0054,03/11/2025,"($39,802.18)",ACH Debit,VENDOR PAYMENT
TXN0005494,185-180-8351,06/27/2025,"$23,901.13",ACH Credit,Payroll Deposit
TXN0002563,738-961-2244,22-Mar-2025,"($1,483.90)",ATM Withdrawal,ATM Cash Withdrawal
txn0002029,998-626-2675,10-Mar-2025,"$31,878.35",ACH Credit,Payroll Deposit
txn0001046,123-910-3686,06/23/2025,"($8,436.68)",ACH Debit,Vendor Payment
TXN0004683,273-453-3164,05/09/2025,"($24,315.43)",Wire Transfer,Outgoing Wire
TXN0005185,201-894-9557,03/14/2025,"($19,026.41)",Wire Transfer,Outgoing Wire
TXN0000810,923-083-1102,06/04/2025,"($19,726.79)",ACH Debit,Vendor Payment
TXN0000247,842-392-9954,01/14/2025,"($26,203.05)",ATM Withdrawal,ATM CASH WITHDRAWAL
TXN0003931,477-537-3126,05/25/2025,"($25,222.56)",Wire Transfer,OUTGOING WIRE
fee00138,765-189-3604,14-Jan-2025,($58.37),Service Charge,NSF Fee
TXN0004268,317-311-0764,13-Jan-2025,"($3,488.77)",Wire Transfer,Incoming Wire
TXN0002329,336-346-2694,03/12/2025,"$31,538.42",ACH Credit,PAYROLL DEPOSIT
TXN0005436,310-863-5402,05/21/2025,"$16,764.48",Check Deposit,Check Deposit
TXN0003981,109-712-6575,06-Feb-2025,"($44,792.39)",Internal Transfer,Account Transfer
TXN0005026,511-369-1816,04-Feb-2025,"$5,001.79",ACH Credit,Payroll Deposit
TXN0004517,180-611-7549,04-May-2025,"($16,896.91)",ACH Debit,Vendor Payment
TXN0005934,656-585-7485,05-Jan-2025,"($2,884.75)",ATM Withdrawal,ATM Cash Withdrawal
txn0003599,785-199-0609,04/15/2025,"($6,773.11)",ATM Withdrawal,ATM Cash Withdrawal
TXN0000920,908-362-2268,05-Feb-2025,"($29,119.98)",ATM Withdrawal,ATM Cash Withdrawal
TXN0002810,263-442-4434,02-Mar-2025,"$40,230.15",Check Deposit,Check Deposit
TXN0001241,425-419-0460,02/18/2025,"$23,786.46",ACH Credit,PAYROLL DEPOSIT
TXN0002122,826-238-0409,06/06/2025,"$34,003.79",ACH Credit,Payroll Deposit
TXN0005021,900-007-5627,04/26/2025,"($29,233.81)",Wire Transfer,OUTGOING WIRE
TXN0000305,522-787-8924,24-May-2025,"($20,297.88)",Wire Transfer,Outgoing Wire
txn0000051,951-043-5244,03/28/2025,"$15,950.61",Internal Transfer,Account Transfer
FEE00020,451-983-1964,02/22/2025,($23.89),Service Charge,Wire Fee
FEE00097,628-781-4447,13-Mar-2025,($45.77),Service Charge,Wire Fee
TXN0002935,424-451-4165,03-Feb-2025,"($44,198.35)",ATM Withdrawal,ATM Cash Withdrawal
TXN0004172,188-444-7455,06/29/2025,"$12,935.91",Internal Transfer,ACCOUNT TRANSFER
txn0001328,714-491-6392,30-Apr-2025,"($35,026.42)",Wire Transfer,Outgoing Wire
TXN0004108,132-695-0999,11-Mar-2025,"($43,841.21)",ACH Debit,Vendor Payment
TXN0005860,868-562-1892,06/20/2025,"($2,259.54)",ATM Withdrawal,ATM Cash Withdrawal
TXN0000714, 937-133-4762 ,04/07/2025,"($10,468.30)",Wire Transfer,INCOMING WIRE
 TXN0005817,789-868-6907,24-Feb-2025,"($16,635.38)",Wire Transfer,Outgoing Wire
TXN0004998,870-354-8996,03-Mar-2025,"($3,757.57)",ACH Debit,Vendor Payment
TXN0004124,914-268-9825,01/04/2025,"$22,413.39",ACH Credit,Payroll Deposit
TXN0005227,322-732-0989,24-Apr-2025,"$42,791.55",Check Deposit,Check Deposit
TXN0003201,921-343-6080,05/31/2025,"$14,412.86",Internal Transfer,Account Transfer
TXN0000138,283-326-0914,03/03/2025,"$43,278.97",Internal Transfer,Account Transfer
TXN0003965,117-880-8641,06/29/2025,"($18,338.10)",ATM Withdrawal,ATM Cash Withdrawal
TXN0000634,689-490-5599,31-Jan-2025,"$18,327.65",ACH Credit,PAYROLL DEPOSIT
TXN0001544,156-415-7587,02/28/2025,"($21,754.70)",Wire Transfer,Incoming Wire
TXN0002627,955-943-3124,06/14/2025,"$11,262.61",ACH Debit,VENDOR PAYMENT
txn0000191,840-191-7317,06/29/2025,"($18,179.92)",Wire Transfer,Incoming Wire
txn0000436,158-454-1161,04/16/2025,"($31,735.97)",Internal Transfer,ACCOUNT TRANSFER
TXN0003650,699-130-9472,05/21/2025,"$44,587.32",Internal Transfer,Account Transfer
TXN0005330,768-104-0154,09-Jun-2025,"($16,187.46)",Internal Transfer,Account Transfer
txn0004198,646-677-3148,15-Mar-2025,"$34,508.60",ATM Withdrawal,ATM Cash Withdrawal
TXN0002191,282-144-2020,01/12/2025,"($24,793.76)",Wire Transfer,Incoming Wire
 txn0003639,280-679-7802,05/24/2025,"($9,766.39)",Internal Transfer,Account Transfer
TXN0005282,160-863-5377,09-Apr-2025,"($6,260.31)",Debit Card,POS PURCHASE
TXN0005664,441-829-5034,17-Mar-2025,($135.48),Debit Card,POS Purchase
TXN0000428, 568-692-8544 ,01/28/2025,"($41,644.00)",ATM Withdrawal,ATM Cash Withdrawal
TXN0000368,995-501-4177,29-Apr-2025,"$43,949.91",Internal Transfer,ACCOUNT TRANSFER
 TXN0000077,505-827-3628,05/03/2025,"($6,153.99)",Wire Transfer,Incoming Wire
TXN0000193,290-153-5700,05/30/2025,"($2,298.57)",ACH Debit,Vendor Payment
TXN0004262,579-187-7747,05/05/2025,"$44,663.39",ACH Credit,Payroll Deposit
TXN0003051,175-434-0200,07-Jun-2025,"$44,261.07",Internal Transfer,Account Transfer
TXN0002826,182-123-9979,01/29/2025,"$19,635.08",Internal Transfer,Account Transfer
TXN0005705,577-298-1968,16-Feb-2025,"($20,505.48)",Wire Transfer,OUTGOING WIRE
txn0003355,446-772-1378,05/22/2025,"($35,364.58)",Internal Transfer,Account Transfer
TXN0002088,623-921-2115,01/08/2025,"($8,960.41)",Debit Card,POS Purchase
TXN0005158,817-945-6025,02/23/2025,"($21,971.57)",Wire Transfer,OUTGOING WIRE
TXN0001269,101-019-7809,08-May-2025,"($39,195.65)",ACH Debit,Vendor Payment
TXN0002121,241-921-5154,06/20/2025,"($41,469.44)",Debit Card,POS Purchase
txn0001399,987-152-8022,06/01/2025,"($40,095.93)",Wire Transfer,Incoming Wire
txn0002292,412-726-3411,18-Jun-2025,"($10,246.32)",ATM Withdrawal,ATM Cash Withdrawal
TXN0005650,834-056-7033,30-Apr-2025,"$22,318.50",Check Deposit,Check Deposit
TXN0004421,989-425-9663,05-Jan-2025,"($7,149.41)",Wire Transfer,Outgoing Wire
TXN0000943,970-939-4049,16-Mar-2025,"($4,371.91)",ACH Debit,Vendor Payment
TXN0005654, 493-283-1076 ,02-May-2025,"$14,998.54",Check Deposit,Check Deposit
TXN0004988,848-541-1978,06-Mar-2025,"$28,901.52",Check Deposit,CHECK DEPOSIT
 TXN0002477,881-231-7874,14-Mar-2025,"($13,439.59)",Wire Transfer,Outgoing Wire
txn0003971,212-232-4154,06/08/2025,"($25,492.75)",Wire Transfer,Incoming Wire
TXN0001293,287-852-6108,23-Jan-2025,"($32,608.14)",Wire Transfer,Incoming Wire
TXN0000149,743-104-3759,01/22/2025,"($4,338.87)",Wire Transfer,Outgoing Wire
FEE00117,705-141-0820,10-Jun-2025,($68.96),Service Charge,NSF Fee
TXN0003052, 662-439-8246 ,01/15/2025,"($20,921.55)",ACH Debit,VENDOR PAYMENT
 TXN0002077,277-203-6725,04/27/2025,"($12,975.59)",Wire Transfer,INCOMING WIRE
txn0000073,402-338-4852,02/01/2025,"($7,089.93)",ACH Debit,Vendor Payment
TXN0005679,149-772-5768,03/23/2025,"($37,700.66)",ATM Withdrawal,ATM Cash Withdrawal
TXN0004515,839-904-0854,08-May-2025,"$41,737.60",ACH Credit,Payroll Deposit
TXN0004848,289-946-6158,05/06/2025,"$44,015.05",Check Deposit,CHECK DEPOSIT
 TXN0001802,948-290-3186,02/19/2025,"($3,223.46)",Wire Transfer,Outgoing Wire
TXN0003666,179-015-2946,03-Jan-2025,"($37,148.36)",Debit Card,POS Purchase
TXN0001289,896-378-9255,05-Jun-2025,"$42,398.07",Check Deposit,CHECK DEPOSIT
TXN0005131,973-034-0963,21-Feb-2025,"$8,992.65",ACH Credit,Payroll Deposit
txn0000529,148-133-1997,05/22/2025,"$35,022.91",ACH Credit,PAYROLL DEPOSIT
TXN0000182,435-996-6875,03/15/2025,"($17,091.82)",Debit Card,POS Purchase
TXN0001489,606-490-3091,24-May-2025,"($2,013.28)",Wire Transfer,Incoming Wire
TXN0005681,671-452-9599,05/05/2025,"$3,606.15",ACH Credit,PAYROLL DEPOSIT
 TXN0002742,489-757-1561,16-Apr-2025,"($2,791.27)",Wire Transfer,Outgoing Wire
TXN0005322,129-494-0190,04/15/2025,"($22,248.56)",ATM Withdrawal,ATM Cash Withdrawal
TXN0000474,298-255-3141,31-Mar-2025,"$38,842.83",ACH Credit,Payroll Deposit
txn0000532,951-660-2342,03/06/2025,"($25,400.61)",ACH Debit,Vendor Payment
txn0004736,804-041-2445,26-Mar-2025,"($28,334.83)",ATM Withdrawal,ATM Cash Withdrawal
TXN0001426,691-373-5651,01/12/2025,"($13,394.05)",Wire Transfer,Outgoing Wire
TXN0003689,785-535-3587,03/01/2025,"($2,652.12)",Wire Transfer,Outgoing Wire
txn0001616,347-569-8111,15-May-2025,"($35,039.29)",ATM Withdrawal,ATM Cash Withdrawal
 TXN0004365,276-665-5982,06-Jan-2025,"($15,292.71)",Wire Transfer,Incoming Wire
TXN0002375,818-558-9096,10-Apr-2025,"($4,724.57)",Debit Card,POS Purchase
TXN0003081,718-024-7909,02/03/2025,"($24,714.25)",Wire Transfer,INCOMING WIRE
TXN0001072,110-544-4089,01/11/2025,$890.91,Wire Transfer,Incoming Wire
TXN0003302,947-648-3331,03/08/2025,"$4,511.37",ACH Credit,Payroll Deposit
TXN0000501, 354-783-4877 ,03/29/2025,"($9,264.05)",Wire Transfer,INCOMING WIRE
 TXN0005792,178-271-0399,01/18/2025,"$26,607.23",ACH Credit,Payroll Deposit
TXN0000941,916-923-7685,12-Jan-2025,"($40,320.63)",ACH Debit,Vendor Payment
TXN0000820,614-597-3983,29-Jun-2025,"$36,176.23",Check Deposit,Check Deposit
TXN0001156, 159-137-5981 ,04/18/2025,"($44,608.43)",ATM Withdrawal,ATM Cash Withdrawal
TXN0001424,622-807-0887,06/28/2025,"($25,380.07)",Debit Card,POS Purchase
TXN0005070,805-257-7243,01/08/2025,$140.34,ACH Credit,Payroll Deposit
TXN0005518,396-680-1820,10-Feb-2025,"($4,718.36)",Wire Transfer,Incoming Wire
TXN0003761,219-626-3296,03/21/2025,"$22,901.69",Wire Transfer,Outgoing Wire
 txn0004252,850-851-5663,05/05/2025,"($1,491.23)",Debit Card,POS Purchase
TXN0004201,963-527-5448,01/10/2025,"$16,536.02",Check Deposit,Check Deposit
TXN0001900,386-241-3008,04/12/2025,"($18,282.26)",Debit Card,POS Purchase
txn0001698,398-562-7196,02/20/2025,"$14,071.91",Check Deposit,Check Deposit
 TXN0005535,226-152-0719,04/11/2025,"$17,755.83",ACH Credit,PAYROLL DEPOSIT
TXN0005027,481-929-7281,06/06/2025,"$11,460.13",ACH Credit,Payroll Deposit
TXN0005226,872-014-9514,01/25/2025,"($42,823.60)",ATM Withdrawal,ATM CASH WITHDRAWAL
 TXN0002389,611-223-7697,02/21/2025,"($24,598.02)",Debit Card,POS PURCHASE
TXN0004111, 670-467-5095 ,17-May-2025,"($24,226.47)",Wire Transfer,Outgoing Wire
TXN0004677,906-724-3303,04-May-2025,"($32,719.12)",ATM Withdrawal,ATM Cash Withdrawal
txn0003293,675-237-3133,21-May-2025,"$35,783.69",ACH Credit,Payroll Deposit
TXN0000307,701-214-2327,06/20/2025,"$30,683.39",ACH Credit,Payroll Deposit
TXN0003434,474-036-5522,04/27/2025,"$38,002.21",Check Deposit,Check Deposit
TXN0002207,261-841-7778,20-Mar-2025,"$17,236.42",ACH Credit,Payroll Deposit
TXN0003979,336-817-0247,27-Jan-2025,"($12,161.23)",ATM Withdrawal,ATM Cash Withdrawal
TXN0003937,899-010-9257,06/26/2025,"$36,641.71",Check Deposit,Check Deposit
 TXN0001541,594-868-1620,02/02/2025,"($19,856.82)",Wire Transfer,INCOMING WIRE
TXN0004004,780-912-6825,01/29/2025,"($13,009.15)",Debit Card,POS Purchase
fee00077,827-020-1523,06/14/2025,($11.02),Service Charge,Monthly Maintenance Fee
TXN0004775,957-279-4797,19-Feb-2025,"($1,384.88)",Wire Transfer,Incoming Wire
TXN0005083,506-155-3140,03/01/2025,"($14,309.34)",Debit Card,POS Purchase
TXN0003642,783-060-8061,03/23/2025,"($44,801.68)",ACH Debit,Vendor Payment
txn0004824, 874-103-1402 ,05/13/2025,"($32,191.73)",Wire Transfer,Incoming Wire
TXN0001304,837-787-9704,31-May-2025,"$11,331.76",ACH Debit,VENDOR PAYMENT
TXN0002662,356-905-3623,02/12/2025,"($38,793.21)",Debit Card,POS Purchase
TXN0002781,502-450-2960,06/11/2025,"($37,617.70)",ACH Debit,Vendor Payment
txn0004055,668-708-7101,06/08/2025,"($34,294.11)",Wire Transfer,INCOMING WIRE
TXN0000332,395-351-7802,03/09/2025,"($41,922.16)",Wire Transfer,INCOMING WIRE
TXN0004906,507-975-4330,11-Apr-2025,"($30,142.95)",ATM Withdrawal,ATM Cash Withdrawal
TXN0001637,308-756-4262,04/06/2025,"($16,103.92)",Wire Transfer,Outgoing Wire
TXN0003943,953-642-6117,04/23/2025,"$23,844.10",Check Deposit,Check Deposit
TXN0005801,230-057-5261,03/05/2025,"($25,893.36)",Wire Transfer,Incoming Wire
FEE00079,491-691-0201,04/08/2025,($64.41),Service Charge,Overdraft Fee
TXN0001013,133-623-2419,27-Jun-2025,"$20,163.40",Internal Transfer,ACCOUNT TRANSFER
TXN0005354,543-903-7574,02/06/2025,"($21,445.80)",Debit Card,POS PURCHASE
 TXN0004179,821-260-1301,04/24/2025,"$14,636.41",ACH Credit,PAYROLL DEPOSIT
TXN0003431,831-331-0760,09-Mar-2025,"($4,644.72)",Wire Transfer,Incoming Wire
TXN0002962,734-672-8991,01/20/2025,"$34,695.76",Internal Transfer,Account Transfer
TXN0004823,536-225-7250,31-Jan-2025,"($6,101.50)",Wire Transfer,Outgoing Wire
TXN0004883,640-137-5521,06/30/2025,"$44,242.35",Check Deposit,Check Deposit
TXN0000785,540-228-2339,01/18/2025,"($5,321.13)",Debit Card,POS PURCHASE
txn0004301,254-724-5156,01/30/2025,"($20,694.60)",Wire Transfer,Outgoing Wire
txn0001365,835-875-6673,31-May-2025,"($30,510.44)",Wire Transfer,Outgoing Wire
TXN0005677,218-700-0542,05-Feb-2025,"($37,943.87)",ACH Debit,Vendor Payment
TXN0004348,244-103-3675,20-Apr-2025,"$23,512.33",Wire Transfer,OUTGOING WIRE
TXN0003535,420-000-0895,14-Feb-2025,"($23,414.04)",Debit Card,POS Purchase
TXN0000560,946-137-7731,01/09/2025,"$33,235.19",Debit Card,POS Purchase
TXN0000406,959-919-1007,16-Jan-2025,"($21,579.72)",ATM Withdrawal,ATM Cash Withdrawal
 TXN0002241, 467-923-7996 ,06/25/2025,"$18,578.10",Internal Transfer,Account Transfer
TXN0003094,944-429-8203,06/09/2025,"($26,457.54)",Wire Transfer,Incoming Wire
TXN0004183,192-102-7802,19-Jan-2025,"($11,354.91)",Internal Transfer,ACCOUNT TRANSFER
 TXN0003610,719-887-9889,01/30/2025,"($9,164.40)",ATM Withdrawal,ATM Cash Withdrawal
TXN0001834,880-279-8672,15-Jun-2025,"($4,717.69)",Debit Card,POS Purchase
txn0001938,819-122-6997,25-Feb-2025,"($16,724.14)",ACH Debit,Vendor Payment
 TXN0001308,393-585-2683,27-Jun-2025,"$14,885.81",Check Deposit,CHECK DEPOSIT
TXN0003534,617-578-1397,01/18/2025,"($2,578.76)",Wire Transfer,Outgoing Wire
TXN0004588,519-027-5490,27-Jun-2025,"$33,581.78",Check Deposit,CHECK DEPOSIT
TXN0003329,597-751-7903,06/14/2025,"($4,323.16)",Debit Card,POS PURCHASE
TXN0005806,448-477-4560,02/28/2025,"($40,865.24)",Wire Transfer,OUTGOING WIRE
TXN0003525,887-187-9055,20-Jan-2025,"$30,759.72",Check Deposit,Check Deposit
TXN0000977,399-788-4823,14-Jan-2025,"($15,084.04)",Debit Card,POS Purchase
txn0002066,813-599-3628,09-Apr-2025,"$17,441.25",ACH Credit,Payroll Deposit
TXN0003118,326-950-8553,19-Jan-2025,"($1,671.05)",Debit Card,POS Purchase
TXN0002180,116-379-9274,21-Apr-2025,"($17,251.87)",Wire Transfer,INCOMING WIRE
TXN0001849,356-351-7037,12-May-2025,"$10,752.96",ACH Credit,Payroll Deposit
TXN0003214,230-678-9454,02/28/2025,"($20,342.25)",Wire Transfer,Incoming Wire
txn0003515,842-054-3975,25-Mar-2025,"($1,141.53)",Debit Card,POS Purchase
txn0005366,370-537-2288,05/27/2025,"($25,007.80)",Debit Card,POS PURCHASE
TXN0001507, 296-466-0580 ,01/15/2025,"($18,404.92)",Debit Card,POS Purchase
TXN0003954,967-044-8026,28-Feb-2025,"($17,039.61)",Wire Transfer,Incoming Wire
txn0000877,107-258-0310,04/22/2025,"($23,101.58)",ATM Withdrawal,ATM CASH WITHDRAWAL
TXN0005726,591-814-9350,19-Jun-2025,"($36,675.55)",Wire Transfer,Outgoing Wire
txn0001622,436-016-5104,02/07/2025,"$15,058.04",Check Deposit,CHECK DEPOSIT
TXN0002773,833-221-2932,06-Apr-2025,"($10,671.00)",Internal Transfer,Account Transfer
TXN0005415,597-110-8808,04/01/2025,"($17,794.91)",Wire Transfer,Incoming Wire
txn0000711,297-137-2939,03/10/2025,"($19,890.98)",Wire Transfer,Incoming Wire
TXN0001725,403-529-9082,02/18/2025,"($11,504.57)",ATM Withdrawal,ATM Cash Withdrawal
TXN0003712,318-817-7463,12-Mar-2025,"($32,245.84)",ATM Withdrawal,ATM Cash Withdrawal
TXN0002527,809-010-2602,01/10/2025,"($6,808.09)",ATM Withdrawal,ATM Cash Withdrawal
TXN0002008,761-256-3887,03/16/2025,"($20,753.99)",Wire Transfer,INCOMING WIRE
TXN0001450,954-325-4034,01/18/2025,"($9,599.56)",ATM Withdrawal,ATM Cash Withdrawal
TXN0002473,262-040-5517,04/04/2025,"($21,535.95)",ATM Withdrawal,ATM Cash Withdrawal
txn0002435,269-523-8342,03/21/2025,"($28,147.84)",ATM Withdrawal,ATM Cash Withdrawal
 TXN0004927,372-015-0460,26-May-2025,($801.03),Wire Transfer,Outgoing Wire
TXN0001248,415-942-4340,15-May-2025,"$9,151.53",Check Deposit,CHECK DEPOSIT
TXN0003700,202-099-5019,02/19/2025,"($28,949.59)",Wire Transfer,INCOMING WIRE
TXN0003503,759-876-2434,25-Jan-2025,"($23,116.87)",ACH Debit,Vendor Payment
txn0004719,225-614-1065,03/11/2025,"($12,617.39)",Wire Transfer,Incoming Wire
TXN0005876,537-935-6518,05/11/2025,"($25,488.36)",Wire Transfer,Incoming Wire
TXN0002832,489-946-8732,01/27/2025,"($22,644.06)",Internal Transfer,Account Transfer
TXN0001720,884-968-8858,15-Apr-2025,"($38,016.16)",Internal Transfer,ACCOUNT TRANSFER
TXN0004047,931-418-4637,04-Apr-2025,"($17,814.00)",ATM Withdrawal,ATM CASH WITHDRAWAL
 TXN0001703,404-140-3801,02/08/2025,"($25,946.66)",ACH Debit,VENDOR PAYMENT
TXN0000581,992-209-9312,03/06/2025,"($35,084.24)",ATM Withdrawal,ATM Cash Withdrawal
TXN0003547,602-168-3767,05/12/2025,"$42,769.53",ACH Credit,Payroll Deposit
TXN0002128,257-680-1626,04/01/2025,"$32,571.07",Check Deposit,Check Deposit
TXN0003416,685-885-3028,01/09/2025,"($25,927.25)",Wire Transfer,Incoming Wire
TXN0003400,197-361-4357,02/23/2025,"$17,171.20",ACH Credit,PAYROLL DEPOSIT
TXN0004202,190-123-4298,22-Jun-2025,"($13,883.80)",Wire Transfer,Outgoing Wire
TXN0003750,377-043-9110,19-Mar-2025,"$35,896.00",Internal Transfer,Account Transfer
TXN0000536,673-600-4119,28-Mar-2025,"($27,090.96)",Internal Transfer,Account Transfer
txn0005821,629-189-5044,30-Jun-2025,"($14,122.02)",Wire Transfer,Incoming Wire
TXN0005442,546-258-7249,15-Mar-2025,"$12,340.93",ATM Withdrawal,ATM Cash Withdrawal
TXN0004480, 520-482-5663 ,05/18/2025,"($24,287.60)",ACH Debit,Vendor Payment
TXN0003783,770-708-0882,10-May-2025,"$29,689.77",Wire Transfer,OUTGOING WIRE
TXN0005093,393-592-9854,03-Jun-2025,"($11,356.08)",Wire Transfer,Incoming Wire
TXN0005199,895-387-3443,06/24/2025,"$5,370.64",ATM Withdrawal,ATM Cash Withdrawal
TXN0003489,806-082-6806,25-May-2025,"$16,126.66",ACH Credit,PAYROLL DEPOSIT
TXN0001243,455-976-3176,06/15/2025,"$40,416.74",Internal Transfer,Account Transfer
TXN0005271,669-590-4059,05-Apr-2025,"($33,597.68)",ACH Debit,Vendor Payment
txn0003624,518-568-9818,06/27/2025,"$18,671.26",Check Deposit,Check Deposit
TXN0005998,458-289-2976,02/13/2025,"($31,205.23)",ACH Debit,VENDOR PAYMENT
TXN0000413,242-499-3597,01/25/2025,"($22,763.77)",ATM Withdrawal,ATM Cash Withdrawal
TXN0005037, 521-731-0498 ,24-Apr-2025,"($40,999.02)",ATM Withdrawal,ATM Cash Withdrawal
TXN0001727,800-420-6764,06/02/2025,"($14,360.34)",ATM Withdrawal,ATM Cash Withdrawal
TXN0003255,652-626-7181,05/12/2025,"($15,562.27)",ATM Withdrawal,ATM Cash Withdrawal
TXN0002456,982-857-5478,09-Jun-2025,"$14,801.69",Check Deposit,CHECK DEPOSIT
TXN0001064,499-239-5373,03/10/2025,"$22,179.63",Check Deposit,Check Deposit
TXN0004625,544-898-3546,06/18/2025,"($11,027.63)",Debit Card,POS Purchase
txn0003236,207-870-4468,07-Apr-2025,"($11,123.64)",Wire Transfer,OUTGOING WIRE
TXN0000100,363-046-5066,03-Mar-2025,"$5,370.04",Check Deposit,Check Deposit
txn0004107,754-993-0107,04-Apr-2025,"($25,083.49)",ATM Withdrawal,ATM CASH WITHDRAWAL
FEE00081,553-788-1105,06-May-2025,($68.57),Service Charge,Wire Fee
TXN0002027,341-439-8870,01/06/2025,"($12,887.40)",Debit Card,POS Purchase
txn0005892,839-570-1555,04/05/2025,"($25,827.36)",Debit Card,POS PURCHASE
TXN0002534,883-367-2364,15-Jun-2025,"($29,552.16)",Debit Card,POS Purchase
TXN0004295,278-740-9822,05/19/2025,"($21,857.69)",ACH Debit,VENDOR PAYMENT
TXN0001227,292-289-6539,05/07/2025,"$20,474.84",Internal Transfer,Account Transfer
TXN0001503,473-340-5404,03/08/2025,"($34,029.45)",Wire Transfer,Outgoing Wire
TXN0001200,277-233-0859,03/06/2025,"($43,522.09)",ACH Debit,VENDOR PAYMENT
txn0002142,473-273-0148,06/16/2025,"($39,172.25)",ACH Debit,VENDOR PAYMENT
TXN0002652, 759-286-0168 ,02/10/2025,"$22,749.04",Internal Transfer,Account Transfer
TXN0005214,141-724-1129,05-Jun-2025,"$11,335.41",ACH Credit,Payroll Deposit
 txn0001996,597-244-0944,01/06/2025,"($8,857.30)",ACH Debit,Vendor Payment
TXN0003221,237-530-1371,13-Mar-2025,"($36,577.66)",Wire Transfer,INCOMING WIRE
TXN0002944,962-638-5533,25-Mar-2025,"$21,420.30",ACH Credit,Payroll Deposit
TXN0005694,116-485-1884,03/27/2025,"$28,707.89",Check Deposit,CHECK DEPOSIT
txn0004638, 429-954-7484 ,03-Jun-2025,"($32,284.69)",Internal Transfer,Account Transfer
txn0000131,188-469-8158,03/31/2025,"($6,453.76)",Debit Card,POS Purchase
TXN0001107,660-726-2133,06-Mar-2025,"($21,369.70)",Wire Transfer,Incoming Wire
TXN0005952,231-868-6990,26-Jun-2025,"($2,453.07)",Wire Transfer,Outgoing Wire
TXN0000720,531-277-9701,03/09/2025,"$4,466.74",Internal Transfer,Account Transfer
TXN0003708, 485-243-2846 ,03/24/2025,"($19,705.79)",Wire Transfer,INCOMING WIRE
txn0003396,294-844-4052,03/12/2025,"$12,414.13",Internal Transfer,ACCOUNT TRANSFER
TXN0002546,590-333-5658,26-Mar-2025,"($18,206.14)",Debit Card,POS PURCHASE
TXN0001373,436-086-3981,06/30/2025,"($43,307.30)",Internal Transfer,Account Transfer
TXN0004228,918-991-5319,03/26/2025,"$39,732.52",ACH Credit,Payroll Deposit
TXN0005268,435-305-5466,05/13/2025,"$7,744.76",ACH Credit,Payroll Deposit
TXN0000981,412-055-4054,24-Feb-2025,"($27,334.43)",ATM Withdrawal,ATM CASH WITHDRAWAL
TXN0004854,866-576-2771,08-May-2025,"($37,582.94)",Wire Transfer,Incoming Wire
TXN0005077,815-827-7576,04/19/2025,"$44,193.39",ACH Credit,Payroll Deposit
TXN0001603,402-269-0168,05/09/2025,"$10,418.83",ACH Credit,Payroll Deposit
TXN0005923,400-560-9152,02/14/2025,"($2,807.66)",Wire Transfer,INCOMING WIRE
 TXN0004017,790-876-7230,05/24/2025,"$38,617.27",Debit Card,POS PURCHASE
TXN0001445,190-774-8975,29-Mar-2025,"$44,173.99",Check Deposit,Check Deposit
txn0003376,421-171-8024,04/27/2025,"$29,953.99",ACH Credit,Payroll Deposit
TXN0001332,140-076-4195,02/05/2025,"($30,095.85)",Debit Card,POS PURCHASE
txn0001801,782-365-6224,30-Jan-2025,"($5,106.72)",ACH Debit,VENDOR PAYMENT
 TXN0005752,486-542-3132,01/05/2025,"$6,954.41",ACH Credit,Payroll Deposit
TXN0002214,983-938-7839,07/01/2025,"($19,918.35)",Wire Transfer,INCOMING WIRE
TXN0003897,101-159-5545,24-Apr-2025,"($3,735.32)",ATM Withdrawal,ATM CASH WITHDRAWAL
TXN0004128,219-005-4297,02/22/2025,"($39,120.62)",ATM Withdrawal,ATM CASH WITHDRAWAL
TXN0001119,456-524-7390,06/11/2025,"($29,272.35)",Debit Card,POS Purchase
TXN0002657,756-358-2467,01/16/2025,"($33,624.54)",ACH Debit,Vendor Payment
TXN0004801,860-469-2597,26-Apr-2025,"($39,677.92)",ACH Debit,Vendor Payment
TXN0004963,795-133-3109,26-Apr-2025,"($5,304.83)",ACH Debit,Vendor Payment
TXN0001768,552-708-9665,25-May-2025,"($27,378.19)",ACH Debit,VENDOR PAYMENT
 TXN0000980,889-650-8367,05/07/2025,"($33,192.68)",ACH Debit,Vendor Payment
 TXN0004847,635-779-0570,06/03/2025,"($1,252.90)",Internal Transfer,Account Transfer
TXN0003808,769-084-7757,06/01/2025,"$13,200.82",Internal Transfer,Account Transfer
TXN0000322,694-683-1250,07-Jun-2025,"($14,282.20)",ACH Debit,Vendor Payment
TXN0004293,901-598-8294,04/14/2025,"($22,033.98)",Wire Transfer,OUTGOING WIRE
txn0003949,792-644-3380,02/25/2025,"($35,732.91)",Wire Transfer,Incoming Wire
TXN0003887,740-250-1355,03/12/2025,"$23,037.54",Check Deposit,CHECK DEPOSIT
 TXN0003703,881-737-5381,03/19/2025,"($41,066.02)",ACH Debit,VENDOR PAYMENT
TXN0000579,783-288-6153,04/05/2025,"($33,872.72)",Wire Transfer,Incoming Wire
TXN0001215,894-143-8197,26-May-2025,"($27,022.86)",Wire Transfer,Outgoing Wire
TXN0005550,877-512-8050,11-Jan-2025,($851.43),ACH Debit,Vendor Payment
TXN0005649,154-575-8105,28-Apr-2025,"$26,693.35",Check Deposit,CHECK DEPOSIT
TXN0000787,414-844-2207,03/13/2025,"($25,483.03)",Wire Transfer,OUTGOING WIRE
TXN0005009,788-170-8050,01-Apr-2025,"$29,142.14",ACH Credit,Payroll Deposit
TXN0000808,299-198-2566,01/06/2025,"($28,945.87)",Wire Transfer,Outgoing Wire
TXN0001967, 229-292-8353 ,14-May-2025,"($35,947.66)",ATM Withdrawal,ATM Cash Withdrawal
TXN0001303,285-823-7237,04/18/2025,"$14,503.23",ACH Credit,PAYROLL DEPOSIT
TXN0002993,400-467-5426,02-May-2025,"$21,117.55",ACH Credit,Payroll Deposit
TXN0004729,329-382-8008,05/26/2025,"$6,741.40",ACH Credit,Payroll Deposit
TXN0004313,639-752-6326,04-Mar-2025,"$13,425.60",Check Deposit,CHECK DEPOSIT
TXN0002006,445-834-9933,02/18/2025,"($29,637.02)",ACH Debit,Vendor Payment
TXN0003794,974-634-0481,18-Jun-2025,"($5,561.14)",Wire Transfer,Incoming Wire
TXN0002390,296-269-9371,29-Jan-2025,"$11,504.41",Check Deposit,CHECK DEPOSIT
TXN0000719,775-019-0408,02-Jun-2025,"($1,866.59)",Debit Card,POS Purchase
TXN0000629,738-089-7422,05/27/2025,"($15,706.77)",Wire Transfer,Incoming Wire
TXN0005930, 263-776-1451 ,01/31/2025,"$2,272.80",ACH Credit,Payroll Deposit
TXN0005833,743-948-1004,22-Jan-2025,"$33,537.30",Check Deposit,Check Deposit
 txn0001790,773-199-1218,15-Mar-2025,"($28,135.90)",Debit Card,POS PURCHASE
TXN0002267, 458-592-2808 ,11-May-2025,"($2,315.84)",Wire Transfer,INCOMING WIRE
TXN0003482,478-913-2898,04/06/2025,"($2,618.11)",ACH Debit,Vendor Payment
TXN0005454, 746-580-0096 ,04/08/2025,"($37,897.17)",ACH Debit,Vendor Payment
TXN0003091,901-248-7819,08-May-2025,"($3,537.34)",ACH Debit,Vendor Payment
TXN0002716,616-764-7750,07-Jan-2025,"($4,859.08)",Wire Transfer,Outgoing Wire
TXN0004373,629-817-6712,01/07/2025,"($14,812.76)",ATM Withdrawal,ATM Cash Withdrawal
TXN0001811,862-947-7275,03/11/2025,"$7,444.93",Check Deposit,CHECK DEPOSIT
TXN0002850,827-776-8654,04/27/2025,"($26,275.61)",ACH Debit,VENDOR PAYMENT
FEE00029,951-045-7243,03/17/2025,($16.24),Service Charge,Overdraft Fee
TXN0002876,770-906-1911,03/14/2025,"($32,441.92)",Wire Transfer,Incoming Wire
TXN0005173, 241-561-6846 ,01/07/2025,"($39,543.66)",Wire Transfer,OUTGOING WIRE
TXN0005038,774-310-2132,31-Mar-2025,"$42,138.24",ACH Credit,Payroll Deposit
TXN0005217,806-190-3857,04/24/2025,"($1,369.69)",ACH Debit,Vendor Payment
TXN0003025,852-002-6308,14-May-2025,"($35,619.44)",Debit Card,POS Purchase
TXN0001383,258-418-8354,05/24/2025,"$21,499.08",Check Deposit,Check Deposit
TXN0005845,407-118-3380,04-Jun-2025,"$16,985.90",ACH Credit,Payroll Deposit
TXN0000335,820-956-9981,04/13/2025,"$22,163.28",Check Deposit,Check Deposit
TXN0004051,476-801-0355,08-Jun-2025,"($19,325.18)",ATM Withdrawal,ATM Cash Withdrawal
TXN0000250,822-497-4965,06/29/2025,"($5,319.12)",Debit Card,POS PURCHASE
TXN0000039,483-620-0377,06/01/2025,"($8,612.88)",ATM Withdrawal,ATM Cash Withdrawal
TXN0001854,352-322-0626,03/17/2025,"($21,551.25)",Wire Transfer,Incoming Wire
TXN0002046,152-127-1742,05/27/2025,"($3,521.97)",Wire Transfer,Incoming Wire
TXN0002788, 430-553-8309 ,21-Mar-2025,"($34,094.16)",ATM Withdrawal,ATM Cash Withdrawal
TXN0005644,311-098-7712,06/10/2025,"($22,692.25)",ACH Debit,Vendor Payment
TXN0002727,182-856-3105,02/16/2025,"$39,315.55",Debit Card,POS Purchase
TXN0002229,122-736-5878,19-Jun-2025,"($37,348.64)",Internal Transfer,ACCOUNT TRANSFER
TXN0000385,480-460-0757,03/29/2025,"$15,918.01",Internal Transfer,ACCOUNT TRANSFER
 TXN0004454,806-646-0433,01/26/2025,($570.26),Debit Card,POS PURCHASE
TXN0000661,542-970-5759,03/23/2025,"($44,259.85)",Debit Card,POS Purchase
TXN0000054,433-076-0797,04-Jun-2025,"($40,983.01)",ACH Debit,VENDOR PAYMENT
txn0002112,109-942-3371,17-Mar-2025,"($1,446.33)",Debit Card,POS PURCHASE
FEE00091,532-549-9272,22-May-2025,($65.82),Service Charge,Monthly Maintenance Fee
TXN0000359,980-048-5063,10-Jun-2025,"($35,806.05)",ACH Debit,Vendor Payment
TXN0003233, 730-421-8881 ,04/28/2025,"$13,165.47",Check Deposit,CHECK DEPOSIT
TXN0001473,802-189-8882,16-Feb-2025,"($16,687.77)",ACH Debit,VENDOR PAYMENT
 TXN0004545,143-332-5542,04/07/2025,"($33,314.22)",Debit Card,POS Purchase
TXN0002730,131-920-4787,04/15/2025,"$4,023.32",Wire Transfer,Incoming Wire
TXN0003800,633-047-2610,01/20/2025,"$15,389.70",ACH Credit,PAYROLL DEPOSIT
TXN0002195,489-974-6474,06/08/2025,"($31,182.97)",Internal Transfer,Account Transfer
TXN0001553,132-091-3309,05/26/2025,"($11,145.68)",Wire Transfer,Outgoing Wire
TXN0000746,264-407-7939,01/12/2025,"($5,802.15)",ATM Withdrawal,ATM Cash Withdrawal
TXN0002894,625-758-8976,15-Jun-2025,"$38,673.61",Internal Transfer,Account Transfer
TXN0000697,871-843-3845,09-Apr-2025,"($23,835.53)",ATM Withdrawal,ATM CASH WITHDRAWAL
TXN0000554,138-409-6976,28-Jun-2025,"($34,751.25)",Internal Transfer,Account Transfer
TXN0002449,336-948-8892,09-May-2025,"($24,971.78)",Wire Transfer,Outgoing Wire
TXN0000937,408-389-8282,05-Jan-2025,"$18,948.76",Internal Transfer,ACCOUNT TRANSFER
TXN0001209,615-394-1052,06/05/2025,"($39,993.87)",ACH Debit,VENDOR PAYMENT
TXN0004586,760-218-3913,03/29/2025,"$12,003.03",Check Deposit,Check Deposit
 TXN0000573,914-653-0653,11-Jan-2025,"($20,878.62)",ACH Debit,Vendor Payment
TXN0004026,291-322-9957,03-May-2025,"($8,036.49)",ACH Debit,Vendor Payment
 TXN0002054,748-300-9468,05/27/2025,"($26,753.85)",Wire Transfer,Outgoing Wire
TXN0000699, 542-735-6113 ,02/11/2025,"$27,838.93",Check Deposit,Check Deposit
TXN0005319,828-268-2410,04-Mar-2025,"$41,774.88",Internal Transfer,Account Transfer
 TXN0000633,437-371-9257,31-May-2025,"($8,504.69)",Wire Transfer,Incoming Wire
TXN0000240,345-633-6875,01/24/2025,"$22,363.53",Check Deposit,Check Deposit
TXN0005198,413-600-5017,21-May-2025,"$23,518.00",Internal Transfer,ACCOUNT TRANSFER
TXN0003168,724-570-0096,03/16/2025,"($30,774.87)",ATM Withdrawal,ATM Cash Withdrawal
TXN0005219,528-123-2557,16-Mar-2025,"($34,119.44)",ACH Debit,Vendor Payment
txn0003857,949-949-6073,04/04/2025,"($2,330.39)",Debit Card,POS PURCHASE
TXN0001493,591-445-0257,11-Feb-2025,"($26,572.38)",ACH Debit,Vendor Payment
FEE00084,195-409-9762,02/05/2025,$36.03,Interest Payment,Interest Credit
TXN0004600,232-771-9318,03/13/2025,"$36,916.36",Internal Transfer,Account Transfer
TXN0005593,312-736-2673,01/29/2025,"$38,530.31",ACH Debit,Vendor Payment
txn0002091,894-861-6665,06/09/2025,"($2,689.82)",Debit Card,POS PURCHASE
TXN0005652, 913-068-3399 ,18-Apr-2025,"($13,947.83)",Wire Transfer,Incoming Wire
TXN0000050,533-566-5480,01/10/2025,"$1,235.00",Check Deposit,CHECK DEPOSIT
TXN0000851,500-460-1042,02/06/2025,"($17,271.51)",Wire Transfer,INCOMING WIRE
 txn0004461,175-776-8271,03/21/2025,"($43,631.88)",ACH Debit,Vendor Payment
TXN0002714,525-022-3952,26-Apr-2025,"($28,800.70)",Wire Transfer,Outgoing Wire
TXN0004436,674-675-5143,12-Jan-2025,"($19,279.95)",Wire Transfer,Incoming Wire
TXN0000026,115-077-1832,05/01/2025,"($41,222.42)",Debit Card,POS Purchase
TXN0005755,623-820-3533,22-Jun-2025,"($26,009.13)",ACH Debit,Vendor Payment
TXN0001063, 950-393-0940 ,03/09/2025,"($1,294.09)",Internal Transfer,Account Transfer
txn0001970,678-894-3147,03/17/2025,"($32,773.43)",Wire Transfer,Outgoing Wire
 txn0002731,101-726-5386,14-Feb-2025,"$4,078.93",Internal Transfer,Account Transfer
txn0005423,720-044-1975,11-Jun-2025,"$39,699.58",Check Deposit,CHECK DEPOSIT
TXN0001203,374-378-2487,06/20/2025,"$18,997.90",ACH Credit,Payroll Deposit
TXN0005815,702-774-0662,03-Mar-2025,"($2,432.20)",Debit Card,POS Purchase
FEE00006,435-317-9247,06/09/2025,($38.78),Service Charge,NSF Fee
txn0005463,985-186-0707,02-May-2025,"($27,721.78)",Internal Transfer,Account Transfer
TXN0002326,294-064-6442,05/22/2025,"$20,552.46",ACH Credit,Payroll Deposit
TXN0004087,161-661-7243,05/17/2025,"($10,329.65)",Internal Transfer,Account Transfer
TXN0005695,651-001-0079,03/04/2025,"$30,473.17",ACH Credit,Payroll Deposit
TXN0003424,578-425-8141,03/26/2025,"$26,308.17",ACH Credit,Payroll Deposit
TXN0003530,851-908-3057,05-Mar-2025,"$22,272.48",Internal Transfer,Account Transfer
TXN0002428,278-551-2249,02/16/2025,"($40,836.45)",ACH Debit,VENDOR PAYMENT
txn0005540,439-617-3085,07-May-2025,"($27,890.01)",ATM Withdrawal,ATM Cash Withdrawal
TXN0001250,663-249-2307,06/24/2025,"($16,075.96)",Wire Transfer,Outgoing Wire
txn0003465,881-340-4192,03/13/2025,"($41,840.13)",Wire Transfer,INCOMING WIRE
TXN0000377,253-295-9682,02/25/2025,"$22,828.19",Check Deposit,CHECK DEPOSIT
txn0005619,302-596-3675,03/16/2025,"($9,491.43)",Debit Card,POS PURCHASE
TXN0004215,602-933-8793,25-Feb-2025,"($11,097.27)",ATM Withdrawal,ATM Cash Withdrawal
TXN0005001,332-337-1767,01/11/2025,"($40,977.60)",Debit Card,POS Purchase
txn0001199,575-723-5150,06/22/2025,"($32,503.75)",ACH Debit,Vendor Payment
TXN0005958,771-246-1080,04/03/2025,"$14,146.78",Check Deposit,Check Deposit
TXN0004710,517-913-9387,14-Mar-2025,"($4,236.64)",ACH Debit,Vendor Payment
txn0002105,517-648-0682,02/10/2025,"($9,812.36)",Wire Transfer,Incoming Wire
TXN0002559,994-802-6622,01/24/2025,"($4,660.57)",Wire Transfer,Outgoing Wire
txn0004486,542-284-4462,16-May-2025,"($40,919.37)",Debit Card,POS PURCHASE
 TXN0000751,693-272-3418,05/01/2025,"$40,524.18",Check Deposit,Check Deposit
 TXN0004023,546-086-0677,21-Feb-2025,"($2,483.59)",ACH Debit,VENDOR PAYMENT
TXN0004335,553-129-6060,21-Apr-2025,"($20,948.24)",Wire Transfer,OUTGOING WIRE
 TXN0001521,888-537-3326,09-Jun-2025,"($20,963.02)",Debit Card,POS Purchase
TXN0005626,828-989-4877,13-Feb-2025,"($19,642.03)",ATM Withdrawal,ATM Cash Withdrawal
TXN0003377,844-032-8571,03/18/2025,"$1,117.61",Internal Transfer,Account Transfer
TXN0002189,615-234-7998,02/12/2025,"($39,802.86)",Wire Transfer,Incoming Wire
TXN0000105,489-583-9885,04/28/2025,"$37,750.94",ACH Credit,Payroll Deposit
TXN0001288,425-415-0965,13-May-2025,"($35,430.54)",Debit Card,POS PURCHASE
txn0002836,677-984-3992,30-Jun-2025,"$34,572.92",ACH Credit,PAYROLL DEPOSIT
TXN0005072,719-256-5149,05/05/2025,"($39,444.82)",Wire Transfer,Incoming Wire
TXN0004785,420-476-5387,01/12/2025,"$4,230.28",Check Deposit,Check Deposit
TXN0005157,937-446-4523,22-Jan-2025,"$32,147.38",Internal Transfer,Account Transfer
TXN0002333,953-722-0428,01/11/2025,"($18,543.12)",Debit Card,POS Purchase
TXN0001817, 393-475-7535 ,02/28/2025,"$20,172.46",Check Deposit,Check Deposit
txn0005658,616-082-6413,12-Feb-2025,"$1,651.48",Check Deposit,Check Deposit
TXN0005086,418-887-7338,05/29/2025,"$11,642.41",Check Deposit,CHECK DEPOSIT
TXN0004672,736-273-4959,02/07/2025,$663.89,ACH Credit,PAYROLL DEPOSIT
TXN0001875,724-031-0969,03/01/2025,"($24,920.25)",Debit Card,POS PURCHASE
TXN0000811,535-338-4818,03/04/2025,"$30,475.41",ACH Credit,PAYROLL DEPOSIT
TXN0000971,583-535-6071,23-May-2025,"$26,335.23",Check Deposit,Check Deposit
TXN0003930,799-600-1978,04/23/2025,"($9,428.20)",ATM Withdrawal,ATM Cash Withdrawal
TXN0000147,968-971-4423,29-Apr-2025,"($16,294.40)",Wire Transfer,Outgoing Wire
 TXN0004412,555-338-6614,17-Mar-2025,"($16,554.15)",Wire Transfer,Outgoing Wire
TXN0001223,751-840-3763,22-Mar-2025,"($44,628.89)",ACH Debit,VENDOR PAYMENT
txn0005352,286-830-5259,15-Jan-2025,"$38,988.85",Internal Transfer,ACCOUNT TRANSFER
TXN0004216,809-650-3538,03/03/2025,"($37,569.09)",Debit Card,POS PURCHASE
TXN0004855, 955-000-8024 ,05/14/2025,"($31,580.25)",Debit Card,POS Purchase
TXN0001712,831-574-3928,17-Feb-2025,"$8,492.13",Check Deposit,Check Deposit
FEE00016, 627-162-3561 ,29-Jan-2025,($55.78),Service Charge,Overdraft Fee
TXN0003065,805-235-1160,05/26/2025,"($32,642.92)",ATM Withdrawal,ATM Cash Withdrawal
TXN0003779, 417-945-9775 ,02/25/2025,"$32,972.87",Check Deposit,Check Deposit
TXN0005345,875-000-7234,15-Jan-2025,"$8,069.25",ACH Credit,Payroll Deposit
 TXN0003874,687-208-1052,04/04/2025,"$41,626.91",ACH Credit,Payroll Deposit
txn0002348,881-808-6294,12-May-2025,"($18,414.31)",ATM Withdrawal,ATM Cash Withdrawal
TXN0003476,499-365-3371,05/15/2025,"($27,305.58)",Wire Transfer,INCOMING WIRE
TXN0004691,404-982-6927,27-Apr-2025,"($27,061.59)",Wire Transfer,Incoming Wire
txn0000961,230-707-0719,04/07/2025,"($10,551.83)",Wire Transfer,Incoming Wire
TXN0002012,947-370-5267,04/11/2025,"$5,786.63",Check Deposit,Check Deposit
TXN0004408,962-975-6843,01/11/2025,"($41,533.35)",ACH Debit,Vendor Payment
TXN0000613,611-587-4553,24-May-2025,"($41,076.31)",Wire Transfer,INCOMING WIRE
TXN0000832,439-679-5321,03/15/2025,($754.52),ATM Withdrawal,ATM Cash Withdrawal
TXN0005747,457-911-3853,01/10/2025,"($19,151.25)",ACH Debit,VENDOR PAYMENT
TXN0000184,246-850-8418,11-Jan-2025,"($32,160.82)",Wire Transfer,Outgoing Wire
TXN0004491,263-121-0797,01/06/2025,"($22,501.41)",Internal Transfer,ACCOUNT TRANSFER
TXN0005168,883-203-0912,11-Jun-2025,"($17,710.58)",ACH Debit,VENDOR PAYMENT
TXN0004871,874-336-5678,01/08/2025,"$15,053.79",ACH Credit,Payroll Deposit
TXN0002507,654-354-1400,04/19/2025,"$39,640.55",ACH Credit,Payroll Deposit
 TXN0000735,607-489-3762,18-Jan-2025,"$15,413.30",ACH Credit,Payroll Deposit
TXN0003466,984-718-5318,06-May-2025,"$26,348.06",ACH Credit,Payroll Deposit
txn0004254,286-718-7517,16-Feb-2025,"$21,933.28",Check Deposit,CHECK DEPOSIT
TXN0005337,971-561-7135,02/18/2025,"($17,270.03)",Debit Card,POS Purchase
TXN0002016,343-510-8819,04/28/2025,"$21,899.07",ACH Credit,PAYROLL DEPOSIT
 TXN0000376,487-467-2810,14-Mar-2025,"$2,597.62",Check Deposit,Check Deposit
TXN0004404,622-861-5783,13-Apr-2025,"$11,469.20",Check Deposit,Check Deposit
TXN0001120,956-166-5931,01/04/2025,"($12,305.79)",Wire Transfer,Outgoing Wire
txn0004727,237-201-6232,21-Jun-2025,"($19,696.25)",ACH Debit,VENDOR PAYMENT
txn0003280,428-619-0777,27-Jun-2025,"($21,663.73)",Wire Transfer,OUTGOING WIRE
TXN0004868,870-835-4502,04/29/2025,"($26,179.21)",Wire Transfer,INCOMING WIRE
TXN0001985,764-728-2208,26-Feb-2025,"($32,211.28)",Internal Transfer,Account Transfer
TXN0003537,991-373-1936,04-Jan-2025,"$39,647.63",Internal Transfer,Account Transfer
TXN0004928,390-869-3720,02/13/2025,"$14,962.54",Internal Transfer,Account Transfer
TXN0005007,313-533-2592,04/27/2025,"($2,687.25)",Debit Card,POS Purchase
txn0000273,318-993-6852,03/16/2025,"$12,872.52",ACH Credit,Payroll Deposit
TXN0005428,371-667-3430,06/19/2025,"($29,657.76)",Internal Transfer,Account Transfer
 TXN0003088,863-012-0883,04/02/2025,"($12,268.88)",Wire Transfer,OUTGOING WIRE
TXN0001355,340-091-0897,03/08/2025,"($25,935.90)",Debit Card,POS PURCHASE
TXN0003616,205-565-4040,29-Apr-2025,"($39,809.96)",Wire Transfer,Incoming Wire
 TXN0005981,525-319-9815,05/16/2025,"($5,432.45)",ATM Withdrawal,ATM Cash Withdrawal
TXN0003433,956-796-3926,03/05/2025,"$33,055.51",ACH Debit,VENDOR PAYMENT
TXN0003143,220-527-1919,13-Jan-2025,"($20,223.99)",Wire Transfer,Incoming Wire
TXN0003448,570-924-7932,24-Feb-2025,"$41,323.91",ACH Credit,Payroll Deposit
TXN0000737,403-059-5211,04/24/2025,"$14,879.04",ACH Credit,PAYROLL DEPOSIT
txn0001070,306-396-9546,15-May-2025,"($29,490.02)",ATM Withdrawal,ATM Cash Withdrawal
txn0002321,700-630-0921,06/07/2025,"($1,000.45)",Debit Card,POS Purchase
TXN0002161,953-075-3544,21-Jan-2025,"($37,998.86)",Wire Transfer,Incoming Wire
TXN0001959,225-718-6934,27-Jun-2025,"$32,613.76",Wire Transfer,OUTGOING WIRE
TXN0001674,687-382-4541,03/03/2025,"($19,718.62)",ACH Debit,Vendor Payment
TXN0002928,866-888-6204,06/26/2025,"($6,675.63)",ATM Withdrawal,ATM Cash Withdrawal
 TXN0000442,427-102-1048,23-Jan-2025,"($35,259.25)",ATM Withdrawal,ATM Cash Withdrawal
TXN0002829,188-635-6486,16-May-2025,"($18,000.69)",Internal Transfer,ACCOUNT TRANSFER
TXN0004234,278-015-1825,27-Jan-2025,"($23,615.26)",ACH Debit,Vendor Payment
 TXN0004993,124-916-8319,10-Mar-2025,"($4,066.80)",Wire Transfer,OUTGOING WIRE
TXN0003231,408-135-2774,31-May-2025,"($25,783.20)",Wire Transfer,INCOMING WIRE
TXN0001195, 385-848-5797 ,04-Jun-2025,"$43,812.07",ACH Credit,Payroll Deposit
TXN0001660,368-071-0629,06/23/2025,"$16,279.96",ACH Credit,PAYROLL DEPOSIT
TXN0002202,687-010-7152,01-Apr-2025,"($25,455.90)",Wire Transfer,Incoming Wire
TXN0005413,813-708-8568,01/11/2025,"($2,422.10)",Wire Transfer,Incoming Wire
TXN0004249,218-789-3067,02/19/2025,"($27,254.79)",Wire Transfer,INCOMING WIRE
TXN0005925,617-145-3156,06/15/2025,"($37,561.47)",ATM Withdrawal,ATM Cash Withdrawal
TXN0005959,367-938-1142,02-Jan-2025,"$36,006.56",ACH Credit,Payroll Deposit
TXN0001115, 343-072-9768 ,03/17/2025,"($13,785.74)",Wire Transfer,Incoming Wire
TXN0001583,545-250-7453,19-May-2025,"$13,092.84",Internal Transfer,Account Transfer
TXN0003647,554-141-2475,13-May-2025,"($27,696.16)",Wire Transfer,Incoming Wire
TXN0004890,522-745-6190,03/30/2025,"$2,566.39",ACH Credit,Payroll Deposit
TXN0002381,270-514-9126,05/02/2025,"($10,433.95)",Wire Transfer,OUTGOING WIRE
TXN0000530,332-814-4611,01-May-2025,"$9,142.98",Internal Transfer,Account Transfer
TXN0005645,209-281-1446,06/18/2025,"$13,325.73",ACH Debit,Vendor Payment
TXN0005078,664-729-6830,05/04/2025,"($1,629.68)",ATM Withdrawal,ATM CASH WITHDRAWAL
TXN0000538,592-951-7587,25-Feb-2025,"$44,047.88",Check Deposit,Check Deposit
TXN0003281, 437-057-3886 ,03/02/2025,"($23,351.53)",Wire Transfer,OUTGOING WIRE
TXN0001628,474-679-3067,01/09/2025,"($30,947.41)",Debit Card,POS Purchase
TXN0004905,511-602-7035,09-Apr-2025,$630.12,ATM Withdrawal,ATM CASH WITHDRAWAL
TXN0003928,221-284-1585,24-Jan-2025,"($18,785.03)",ACH Debit,Vendor Payment
TXN0001889,660-894-9353,05/14/2025,"($10,377.48)",Wire Transfer,Outgoing Wire
FEE00023, 304-026-4706 ,03/14/2025,($59.42),Service Charge,Wire Fee
TXN0002797, 668-883-0689 ,29-Apr-2025,"($9,876.78)",Debit Card,POS PURCHASE
 TXN0005438,147-754-5348,03/07/2025,"$5,053.88",ACH Credit,PAYROLL DEPOSIT
TXN0000028, 618-934-9467 ,21-Feb-2025,"$25,795.18",Wire Transfer,Outgoing Wire
TXN0000584,373-209-8067,02/04/2025,"($23,891.19)",Internal Transfer,Account Transfer
TXN0001762, 281-615-0484 ,05/17/2025,"($19,473.13)",Wire Transfer,Outgoing Wire
txn0001035,292-078-7904,06/02/2025,"$4,124.61",Check Deposit,Check Deposit
txn0005130,366-074-7187,05/18/2025,"($30,528.99)",Wire Transfer,Incoming Wire
txn0002396,503-351-1752,02/03/2025,"($1,395.60)",Wire Transfer,Outgoing Wire
txn0001234, 604-450-5332 ,06/10/2025,"($43,425.57)",Wire Transfer,Outgoing Wire
TXN0002274,221-132-6371,04-May-2025,"($26,300.70)",Internal Transfer,ACCOUNT TRANSFER
TXN0000185,687-273-0758,01/19/2025,"($42,251.09)",ACH Debit,VENDOR PAYMENT
TXN0001911,909-185-6796,03/31/2025,"$24,615.24",ACH Credit,Payroll Deposit
TXN0004524,627-613-9880,01/07/2025,"($14,495.64)",Wire Transfer,Incoming Wire
TXN0005800,612-408-6663,03/15/2025,($604.82),ATM Withdrawal,ATM CASH WITHDRAWAL
 txn0000788, 549-754-1178 ,11-Apr-2025,"$39,919.12",Check Deposit,CHECK DEPOSIT
TXN0004990, 182-442-4799 ,05/13/2025,"($31,336.62)",Debit Card,POS Purchase
TXN0002454,324-704-1860,01/26/2025,"($3,302.04)",Debit Card,POS Purchase
TXN0005401,878-944-1682,04/16/2025,"$32,982.47",Check Deposit,CHECK DEPOSIT
TXN0001738,686-051-1628,09-Apr-2025,"($3,077.85)",Debit Card,POS Purchase
TXN0001363,222-316-6912,06/10/2025,"$41,435.22",Check Deposit,CHECK DEPOSIT
TXN0005094,690-292-3645,29-Apr-2025,"$2,602.92",Check Deposit,Check Deposit
txn0004069,616-543-7382,01/26/2025,"($25,476.23)",ACH Debit,Vendor Payment
TXN0004880,319-975-8186,01/26/2025,"$33,003.69",Check Deposit,Check Deposit
 TXN0003447,974-685-1175,04/15/2025,"$23,226.69",ATM Withdrawal,ATM Cash Withdrawal
txn0000287,524-804-6090,19-Jan-2025,"$27,289.48",ACH Credit,Payroll Deposit
TXN0000756,834-578-2900,02/22/2025,"$13,584.63",ACH Credit,PAYROLL DEPOSIT
TXN0002733,401-987-7943,02/23/2025,"($15,840.07)",Wire Transfer,Outgoing Wire
TXN0005684,484-185-9132,03/11/2025,"($27,100.09)",Wire Transfer,Incoming Wire
TXN0000966, 108-425-6862 ,05/29/2025,"($32,082.59)",Wire Transfer,Incoming Wire
 TXN0005056,885-057-6470,06/11/2025,"($13,469.46)",Wire Transfer,Incoming Wire
txn0001848,527-937-6344,13-Feb-2025,"$4,466.29",Check Deposit,CHECK DEPOSIT
TXN0000458,786-651-8163,05/04/2025,"$40,708.30",Check Deposit,Check Deposit
TXN0002335,431-089-1927,03/04/2025,"($18,768.77)",Wire Transfer,Incoming Wire
TXN0001020,573-681-2683,03/05/2025,"($42,928.72)",Wire Transfer,Incoming Wire
TXN0004771,971-724-9395,05/02/2025,"($7,661.46)",ACH Debit,Vendor Payment
TXN0000545,778-101-5976,06/01/2025,"$24,652.24",Check Deposit,CHECK DEPOSIT
TXN0002871,508-057-9412,02/14/2025,"$44,883.17",ACH Credit,Payroll Deposit
TXN0005500,927-648-3714,29-Jan-2025,"($19,657.79)",ATM Withdrawal,ATM Cash Withdrawal
txn0005789,710-895-4269,01-Apr-2025,"$31,891.48",Wire Transfer,INCOMING WIRE
TXN0005448,394-226-4610,15-Mar-2025,"$12,394.95",Check Deposit,Check Deposit
TXN0003559,428-856-2014,10-Jun-2025,"($42,134.00)",Wire Transfer,OUTGOING WIRE
TXN0001838,176-132-7960,05/18/2025,"($14,626.80)",Wire Transfer,Outgoing Wire
TXN0002337,352-324-7355,01-Feb-2025,"($4,904.54)",ACH Debit,VENDOR PAYMENT
TXN0003620,724-426-4601,03/26/2025,"($34,743.23)",Debit Card,POS PURCHASE
TXN0005968, 441-267-3553 ,04-Jun-2025,"$3,244.03",ACH Credit,Payroll Deposit
TXN0000727,224-391-6227,02/12/2025,"$17,351.80",Internal Transfer,Account Transfer
TXN0005585,490-445-9440,10-Jun-2025,"$35,621.07",Internal Transfer,Account Transfer
TXN0003289,497-235-1951,02/07/2025,"$28,702.27",ACH Credit,Payroll Deposit
TXN0003228,826-154-5489,27-May-2025,"($7,371.26)",Wire Transfer,Outgoing Wire
TXN0005739,321-612-9467,28-Jan-2025,"$14,599.49",Internal Transfer,ACCOUNT TRANSFER
TXN0000658,196-443-0739,03/19/2025,"($10,313.51)",ACH Debit,Vendor Payment
 TXN0003803,494-746-5483,15-Feb-2025,"$34,747.68",Internal Transfer,Account Transfer
TXN0001210,215-689-2352,25-Jun-2025,"($39,851.43)",ACH Debit,Vendor Payment
TXN0000278,801-719-9245,04/07/2025,"($10,127.72)",ATM Withdrawal,ATM Cash Withdrawal
TXN0001147,667-959-8236,03/27/2025,"($21,041.79)",ATM Withdrawal,ATM Cash Withdrawal
TXN0000664,112-363-8497,09-May-2025,"($19,128.92)",Debit Card,POS Purchase
TXN0005921,462-024-4825,06/08/2025,"($7,107.92)",Wire Transfer,INCOMING WIRE
txn0001484,543-664-3137,21-Jan-2025,"$27,537.13",Check Deposit,Check Deposit
TXN0003914,383-321-9432,05/08/2025,"($42,058.93)",Wire Transfer,Incoming Wire
TXN0003818,912-399-6524,05/17/2025,"($1,084.96)",ATM Withdrawal,ATM Cash Withdrawal
txn0001002,406-488-0455,22-Mar-2025,"$22,112.24",Check Deposit,CHECK DEPOSIT
txn0001139,461-082-0995,17-Feb-2025,"($9,940.21)",ATM Withdrawal,ATM Cash Withdrawal
TXN0002913,847-177-4850,15-Apr-2025,"$11,055.88",Check Deposit,Check Deposit
TXN0004945,123-194-2405,19-May-2025,"($8,596.66)",ACH Debit,Vendor Payment
TXN0005341,890-074-9802,02/13/2025,"($26,939.02)",ATM Withdrawal,ATM Cash Withdrawal
TXN0004606, 508-928-3067 ,02/26/2025,"($27,071.00)",Wire Transfer,Outgoing Wire
TXN0000813,870-026-9939,02/18/2025,"$27,530.84",Internal Transfer,ACCOUNT TRANSFER
TXN0005017,723-867-8627,20-May-2025,"($8,279.58)",Wire Transfer,INCOMING WIRE
TXN0000263,544-873-6408,10-Feb-2025,"($30,129.82)",Wire Transfer,Outgoing Wire
TXN0001224,649-942-3327,02/15/2025,"($11,523.48)",Wire Transfer,INCOMING WIRE
TXN0005212,869-248-6993,06/17/2025,"$18,603.53",Wire Transfer,Outgoing Wire
TXN0004394,833-745-2996,06/18/2025,"$26,304.66",Check Deposit,Check Deposit
TXN0001633,999-970-4870,10-Jun-2025,"($44,467.88)",Wire Transfer,INCOMING WIRE
txn0002152,666-675-9598,27-Jan-2025,"($12,628.62)",Wire Transfer,INCOMING WIRE
TXN0001463,912-041-5072,06/01/2025,"($5,475.75)",Debit Card,POS PURCHASE
TXN0004250,515-025-9423,12-May-2025,"($40,837.45)",Debit Card,POS Purchase
TXN0000449,334-944-8167,05/19/2025,"($9,310.53)",Wire Transfer,Outgoing Wire
txn0005533,473-505-1978,11-Jun-2025,"($39,967.22)",Wire Transfer,OUTGOING WIRE
TXN0004141,823-529-3830,06/29/2025,"$38,791.54",ACH Credit,Payroll Deposit
TXN0005514,909-357-6493,08-Apr-2025,"$27,426.05",Check Deposit,Check Deposit
 TXN0001885,456-047-3945,06/26/2025,"($18,090.31)",Wire Transfer,Outgoing Wire
TXN0003728,399-898-1417,06/17/2025,"($4,298.62)",ATM Withdrawal,ATM Cash Withdrawal
txn0005698,480-178-1640,21-Jan-2025,"$15,478.37",ACH Credit,Payroll Deposit
TXN0002630,290-794-9110,04-May-2025,"$29,239.60",ACH Credit,Payroll Deposit
TXN0002736, 174-198-8958 ,01/17/2025,"$27,570.72",Debit Card,POS PURCHASE
TXN0004635,143-543-9697,01/25/2025,"($18,515.17)",ACH Debit,VENDOR PAYMENT
TXN0001950,161-482-2672,13-Feb-2025,"$42,703.97",Check Deposit,CHECK DEPOSIT
TXN0005689,166-998-7973,24-May-2025,"($29,917.81)",Wire Transfer,INCOMING WIRE
TXN0000446,229-271-3570,03/01/2025,"($11,089.35)",ACH Debit,VENDOR PAYMENT
TXN0001302, 959-189-5778 ,01-Mar-2025,"$19,453.87",ACH Credit,Payroll Deposit
TXN0000482,760-149-6839,05/27/2025,"($34,636.48)",ACH Debit,Vendor Payment
TXN0001946,258-125-6864,05/26/2025,"($12,475.56)",Debit Card,POS PURCHASE
TXN0005985,663-962-8616,18-Feb-2025,"($11,694.56)",Wire Transfer,Incoming Wire
TXN0001902,391-784-0023,18-Mar-2025,"($33,370.02)",Debit Card,POS Purchase
txn0005659,914-558-5369,11-Apr-2025,"$26,271.61",Check Deposit,CHECK DEPOSIT
TXN0002125, 190-039-4906 ,28-Jun-2025,"$6,293.44",Check Deposit,CHECK DEPOSIT
txn0002481,188-326-2217,02/13/2025,"($20,776.49)",Debit Card,POS PURCHASE
TXN0003288,249-237-4605,03/18/2025,"$26,700.88",ACH Credit,Payroll Deposit
TXN0003440,624-179-7398,26-May-2025,"$30,131.25",ACH Credit,PAYROLL DEPOSIT
TXN0000947,566-030-1637,04/04/2025,"$40,218.76",ACH Credit,PAYROLL DEPOSIT
TXN0000770,728-602-7893,12-Mar-2025,"($13,529.10)",Wire Transfer,Outgoing Wire
TXN0000024,676-856-0195,06/14/2025,"($9,240.12)",Debit Card,POS Purchase
FEE00086,631-938-9732,01/14/2025,($38.90),Service Charge,Overdraft Fee
 TXN0002791,296-974-6790,02-Mar-2025,"$17,670.76",Internal Transfer,Account Transfer
TXN0005129,516-713-4434,06/19/2025,"($11,124.93)",Debit Card,POS Purchase
TXN0001979,800-541-5754,02-Jan-2025,($143.86),Wire Transfer,Incoming Wire
TXN0000019,976-419-1878,01/29/2025,"$36,988.05",ACH Debit,Vendor Payment
TXN0005383,835-322-0933,06/16/2025,($731.19),Wire Transfer,Outgoing Wire
TXN0005525, 884-121-2719 ,20-May-2025,"$24,640.55",Check Deposit,CHECK DEPOSIT
TXN0004704,383-888-9653,06/03/2025,"($7,724.72)",Wire Transfer,Incoming Wire
TXN0002880,735-201-3668,02/12/2025,"($11,675.55)",Debit Card,POS Purchase
TXN0004899,581-319-5112,01/31/2025,"$7,936.19",Check Deposit,Check Deposit
TXN0002233,520-356-8978,01/16/2025,"($23,365.46)",Wire Transfer,OUTGOING WIRE
txn0004140,976-535-3968,21-Feb-2025,"($1,610.54)",ATM Withdrawal,ATM CASH WITHDRAWAL
TXN0002831,855-602-7780,03/14/2025,"$6,141.41",ACH Credit,Payroll Deposit
TXN0003984,304-322-5798,04-Apr-2025,"($23,103.22)",Wire Transfer,Outgoing Wire
 TXN0001180,407-913-8667,04/02/2025,"$33,621.22",Check Deposit,Check Deposit
TXN0002418,341-648-1890,02/01/2025,"($30,641.97)",ATM Withdrawal,ATM Cash Withdrawal
TXN0000204,303-945-9795,01/01/2025,"$24,778.69",Check Deposit,Check Deposit
TXN0003461,930-046-1199,03/31/2025,"($6,004.76)",ATM Withdrawal,ATM Cash Withdrawal
 TXN0003707,647-635-2300,03/25/2025,"($2,435.76)",Debit Card,POS Purchase
TXN0001123,799-511-7524,02/06/2025,"($28,444.35)",ACH Debit,Vendor Payment
TXN0005536,598-915-5274,04/26/2025,"$23,298.76",ACH Credit,PAYROLL DEPOSIT
TXN0001722,754-064-6635,03/02/2025,"($6,052.06)",Debit Card,POS Purchase
 txn0000421,579-117-2021,20-Jan-2025,"($32,960.01)",ACH Debit,Vendor Payment
TXN0003693,664-420-6382,06-May-2025,"$11,302.79",Check Deposit,Check Deposit
TXN0002520,151-584-3003,15-Jun-2025,"($34,385.38)",ATM Withdrawal,ATM CASH WITHDRAWAL
txn0000881,668-554-3176,01/21/2025,"($6,518.61)",ACH Debit,VENDOR PAYMENT
TXN0002516,426-355-3005,06/05/2025,"($18,327.44)",ATM Withdrawal,ATM Cash Withdrawal
TXN0003300,147-763-7087,21-Jun-2025,"($30,780.34)",Wire Transfer,Outgoing Wire
TXN0002467,988-078-9309,15-Apr-2025,"($29,300.45)",Internal Transfer,Account Transfer
txn0005834,638-831-8541,05/26/2025,"$25,245.72",ACH Credit,PAYROLL DEPOSIT
TXN0005343,290-370-0553,30-May-2025,"($7,689.45)",Debit Card,POS PURCHASE
TXN0005916,499-884-9980,02/11/2025,"($17,034.89)",Wire Transfer,OUTGOING WIRE
TXN0000118,476-874-2641,24-Mar-2025,"($39,855.52)",ACH Debit,Vendor Payment
TXN0003843,704-030-6261,01/08/2025,"($4,562.94)",Wire Transfer,Incoming Wire
TXN0001533,461-158-4482,01/17/2025,($629.92),Wire Transfer,Outgoing Wire
TXN0003588,507-321-6984,01/08/2025,"($35,829.68)",Debit Card,POS Purchase
TXN0005521, 149-042-4980 ,28-Apr-2025,"$6,915.15",ACH Credit,Payroll Deposit
TXN0003860,826-812-1563,14-Jun-2025,"($6,691.21)",Debit Card,POS PURCHASE
txn0002878,596-205-8675,08-Jun-2025,($713.08),ACH Debit,Vendor Payment
TXN0001334,728-562-3999,01-Apr-2025,"($24,671.56)",Debit Card,POS PURCHASE
TXN0000139, 504-439-3084 ,31-Mar-2025,"($15,035.37)",Debit Card,POS Purchase
TXN0002366, 126-072-4171 ,26-Jun-2025,"$14,486.07",Check Deposit,Check Deposit
TXN0004206,687-148-5691,28-Apr-2025,"$26,976.14",Check Deposit,Check Deposit
TXN0003127,566-642-4670,22-Jun-2025,"($29,919.27)",Debit Card,POS Purchase
TXN0000328,796-892-8807,13-Apr-2025,"($19,745.07)",ATM Withdrawal,ATM Cash Withdrawal
FEE00094,348-539-6634,24-Jan-2025,($62.88),Service Charge,NSF Fee
TXN0001933,266-340-2255,29-Apr-2025,"($14,370.55)",ACH Debit,Vendor Payment
TXN0003142,447-392-7164,05/05/2025,"($31,146.87)",ATM Withdrawal,ATM CASH WITHDRAWAL
TXN0000691, 606-641-5652 ,04/04/2025,"($1,904.62)",ACH Debit,VENDOR PAYMENT
TXN0004705,696-378-6541,01/26/2025,"($3,020.32)",Wire Transfer,OUTGOING WIRE
TXN0004364,370-091-4101,05/31/2025,"$21,796.57",Internal Transfer,Account Transfer
TXN0004595,652-653-0390,01/23/2025,"$28,709.37",Check Deposit,CHECK DEPOSIT
TXN0005993,400-496-0012,01/18/2025,"$41,039.22",ACH Credit,Payroll Deposit
TXN0005338,282-883-8387,06/24/2025,"$22,094.75",Check Deposit,CHECK DEPOSIT
txn0004713,134-027-1975,10-Mar-2025,"($9,795.24)",Wire Transfer,Incoming Wire
 TXN0002394,176-648-0304,20-May-2025,"($15,447.07)",Debit Card,POS PURCHASE
TXN0004725,997-641-6563,04/18/2025,"($34,213.07)",ATM Withdrawal,ATM CASH WITHDRAWAL
TXN0002881,255-884-3472,06/01/2025,"($8,408.71)",ACH Debit,Vendor Payment
TXN0001769,564-540-0246,04/21/2025,"$34,834.49",Check Deposit,Check Deposit
TXN0003498,899-066-6315,04-Feb-2025,"($35,938.55)",Wire Transfer,Outgoing Wire
 txn0005983,441-998-3856,01/21/2025,"$10,906.13",Internal Transfer,Account Transfer
TXN0004652,952-033-8559,05-Mar-2025,"($4,976.07)",Wire Transfer,OUTGOING WIRE
 TXN0001539,529-830-7348,03/18/2025,"$15,593.58",Check Deposit,Check Deposit
TXN0005149,143-562-7804,02/04/2025,"($22,491.46)",Wire Transfer,Incoming Wire
TXN0005851,226-294-8717,03/20/2025,"($26,607.24)",Wire Transfer,Incoming Wire
txn0003682, 888-873-8301 ,03/06/2025,"$27,335.17",ACH Credit,PAYROLL DEPOSIT
TXN0001442,441-298-9009,06/01/2025,"($37,294.94)",Debit Card,POS PURCHASE
TXN0000101,117-039-9969,03/29/2025,"($44,763.36)",ATM Withdrawal,ATM Cash Withdrawal
TXN0004952,373-050-8339,01/21/2025,"($6,215.05)",ACH Debit,Vendor Payment
TXN0001918,279-613-4904,24-Feb-2025,"$22,355.35",Internal Transfer,ACCOUNT TRANSFER
TXN0005867,143-392-4541,03/04/2025,"($31,135.38)",Internal Transfer,Account Transfer
TXN0005281,279-051-9819,12-Feb-2025,"($42,109.63)",ATM Withdrawal,ATM CASH WITHDRAWAL
TXN0002999,949-918-4828,04/28/2025,"($29,177.89)",ATM Withdrawal,ATM Cash Withdrawal
TXN0001008,284-563-4131,30-Jun-2025,"($30,587.67)",Wire Transfer,Incoming Wire
TXN0003516,699-141-3102,02/20/2025,"($12,743.50)",ATM Withdrawal,ATM Cash Withdrawal
TXN0004411, 286-024-5746 ,05/07/2025,"($2,899.80)",Debit Card,POS PURCHASE
TXN0001084,511-574-5654,01/30/2025,"($33,433.96)",Wire Transfer,Incoming Wire
TXN0004264, 320-027-1999 ,02/04/2025,"($12,789.85)",ATM Withdrawal,ATM Cash Withdrawal
TXN0002203,839-226-6773,03-Jan-2025,"($6,997.77)",Debit Card,POS Purchase
TXN0005440,906-097-3417,02/26/2025,"$44,634.85",Internal Transfer,Account Transfer
FEE00107,636-901-1197,02/19/2025,($52.01),Service Charge,Overdraft Fee
TXN0001284,518-553-5312,19-Feb-2025,"$18,527.10",ACH Credit,Payroll Deposit
 TXN0005719,834-762-4987,09-Feb-2025,"($17,085.62)",Wire Transfer,Incoming Wire
TXN0004792,340-811-7697,28-Mar-2025,"($15,683.19)",ACH Debit,Vendor Payment
TXN0001042,115-771-8673,17-Apr-2025,"($42,747.18)",Debit Card,POS Purchase
TXN0004251,829-443-6000,20-May-2025,"($21,081.14)",Wire Transfer,Incoming Wire
TXN0001784,905-577-2154,01/20/2025,"($43,283.56)",Debit Card,POS Purchase
TXN0000829,766-507-9258,06/14/2025,"$26,913.03",Check Deposit,Check Deposit
TXN0001788,924-543-4560,04/20/2025,"$17,642.57",Check Deposit,Check Deposit
TXN0002131,661-227-4588,04/24/2025,"$12,651.42",ACH Credit,Payroll Deposit
TXN0000361,293-353-6729,05/26/2025,"($12,234.95)",Internal Transfer,Account Transfer
TXN0003254,303-724-3539,03/03/2025,"($15,328.07)",Debit Card,POS Purchase
TXN0003479,858-285-6091,02/25/2025,"($42,808.16)",Internal Transfer,ACCOUNT TRANSFER
TXN0005812, 944-548-7361 ,01-Mar-2025,"$37,005.08",Wire Transfer,Incoming Wire
TXN0003261,887-326-7000,18-Apr-2025,"($19,345.51)",Internal Transfer,ACCOUNT TRANSFER
 TXN0000655,691-523-0783,06/29/2025,"($8,830.91)",ACH Debit,Vendor Payment
 TXN0003437,868-828-2527,03/30/2025,"($13,061.53)",Internal Transfer,Account Transfer
txn0005907,853-371-9417,04/09/2025,"$30,638.88",ATM Withdrawal,ATM CASH WITHDRAWAL
TXN0003551,811-930-6558,04/22/2025,"$5,493.82",ACH Credit,Payroll Deposit
TXN0005766,815-498-9541,06/18/2025,"$24,166.44",ACH Credit,PAYROLL DEPOSIT
txn0004527,170-677-7080,19-Apr-2025,"($1,617.27)",ACH Debit,Vendor Payment
 TXN0001836,779-570-4758,03/01/2025,"($20,708.69)",Wire Transfer,Outgoing Wire
TXN0004521,258-583-8151,05/14/2025,"($6,880.85)",Wire Transfer,OUTGOING WIRE
TXN0000181,316-311-4583,05/23/2025,"($2,045.30)",Internal Transfer,ACCOUNT TRANSFER
txn0002769,911-620-7641,17-Feb-2025,"($5,179.42)",Wire Transfer,Outgoing Wire
TXN0002591,550-552-3686,24-Feb-2025,"($8,183.89)",ATM Withdrawal,ATM CASH WITHDRAWAL
TXN0003481, 818-300-2432 ,02/24/2025,"($42,756.13)",ACH Debit,VENDOR PAYMENT
TXN0005963, 337-333-6273 ,06/09/2025,"$36,678.78",Check Deposit,CHECK DEPOSIT
 TXN0002118,290-878-1372,29-Jan-2025,"($42,577.11)",Wire Transfer,Outgoing Wire
TXN0001299,202-999-0717,20-Jun-2025,"($40,136.64)",Wire Transfer,Outgoing Wire
txn0002323,358-402-9068,01/16/2025,"($22,286.86)",Internal Transfer,ACCOUNT TRANSFER
 TXN0005100,917-516-3264,06/30/2025,"($39,261.05)",ACH Debit,Vendor Payment
TXN0004568,200-006-4722,03/07/2025,"($21,114.71)",ATM Withdrawal,ATM Cash Withdrawal
 TXN0005257,800-752-3960,05/09/2025,"$13,963.01",Debit Card,POS PURCHASE
TXN0003600,723-983-9350,04/20/2025,"($34,246.62)",ACH Debit,Vendor Payment
TXN0004110,302-506-7164,02/07/2025,"($18,684.88)",Debit Card,POS Purchase
TXN0001945,140-740-9716,05/28/2025,"($11,184.99)",Internal Transfer,Account Transfer
TXN0001640,298-821-4674,03/22/2025,"($9,240.97)",Wire Transfer,Outgoing Wire
txn0002646,643-524-4854,04/02/2025,"$1,265.07",Check Deposit,Check Deposit
TXN0002194,746-300-5976,01/12/2025,"$10,836.62",Check Deposit,Check Deposit
TXN0003672,856-401-3424,13-Feb-2025,"($28,189.32)",Wire Transfer,Incoming Wire
 TXN0002567,916-395-2471,02/23/2025,"$42,211.20",ACH Credit,PAYROLL DEPOSIT
TXN0003687, 563-567-5208 ,05/25/2025,"$31,880.11",ACH Credit,Payroll Deposit
TXN0000577,354-269-8790,27-Mar-2025,"($20,136.44)",Wire Transfer,OUTGOING WIRE
TXN0005287,691-027-3723,04/23/2025,"($2,286.56)",Wire Transfer,Outgoing Wire
TXN0003812,432-998-3342,17-May-2025,"($17,012.81)",Wire Transfer,OUTGOING WIRE
TXN0000416,804-727-6839,17-Jan-2025,"($43,166.22)",Debit Card,POS PURCHASE
TXN0003105,725-973-5253,01/10/2025,"($34,417.94)",Wire Transfer,INCOMING WIRE
TXN0001501,248-923-0425,20-Jan-2025,"($11,554.78)",Wire Transfer,Outgoing Wire
TXN0001847, 404-307-3340 ,03/17/2025,"($27,875.49)",Wire Transfer,INCOMING WIRE
txn0000916,913-729-2111,26-Feb-2025,"$24,013.34",Check Deposit,Check Deposit
FEE00044,509-042-9095,18-Jun-2025,($52.91),Service Charge,Wire Fee
TXN0001189,380-822-0402,22-Jan-2025,"($36,374.74)",Debit Card,POS Purchase
TXN0004514,971-230-7690,05/14/2025,"($39,857.24)",Wire Transfer,Outgoing Wire
TXN0002393,807-060-4064,02/21/2025,"($12,801.70)",Wire Transfer,INCOMING WIRE
TXN0002442,748-077-9386,01/05/2025,"$15,438.96",Check Deposit,Check Deposit
txn0004697,144-060-8057,01-Apr-2025,"($42,517.49)",Wire Transfer,Outgoing Wire
TXN0005120,173-442-7245,26-Feb-2025,"$2,195.82",Check Deposit,Check Deposit
TXN0005955,452-878-4155,29-May-2025,"$34,910.77",ACH Credit,PAYROLL DEPOSIT
txn0003311,398-577-4424,03/21/2025,"($13,180.94)",Wire Transfer,Incoming Wire
TXN0000885,866-412-4772,18-Feb-2025,"$36,739.29",ACH Credit,PAYROLL DEPOSIT
TXN0005743,175-653-1142,05/01/2025,"($12,356.97)",Wire Transfer,Outgoing Wire
txn0001398,332-737-2890,04/03/2025,"($12,467.02)",Internal Transfer,ACCOUNT TRANSFER
TXN0003436, 927-548-6371 ,06/01/2025,"($39,418.05)",ACH Debit,Vendor Payment
TXN0005430,555-009-8544,09-Jun-2025,"($10,474.56)",ATM Withdrawal,ATM Cash Withdrawal
TXN0003572,675-485-3454,01/20/2025,"($36,316.09)",Wire Transfer,INCOMING WIRE
TXN0001181,605-167-6035,26-Jun-2025,"($26,647.96)",Wire Transfer,INCOMING WIRE
TXN0000755, 296-940-0292 ,05-Mar-2025,"($24,552.30)",Wire Transfer,Incoming Wire
TXN0000390,368-648-8452,07-Jan-2025,"$5,867.61",ACH Debit,VENDOR PAYMENT
TXN0001380,149-448-1952,06/12/2025,"$18,448.09",Check Deposit,CHECK DEPOSIT
TXN0002490,240-947-8343,06/27/2025,"($36,709.09)",Debit Card,POS Purchase
TXN0000467,152-777-4209,16-Jan-2025,"($27,533.33)",ACH Debit,Vendor Payment
TXN0001983,243-508-3378,05/11/2025,"($34,255.64)",Wire Transfer,Outgoing Wire
TXN0001569,595-856-5254,05/20/2025,"($25,755.79)",Debit Card,POS Purchase
TXN0001421,286-302-6122,28-May-2025,"($10,023.67)",ACH Debit,Vendor Payment
TXN0002463,155-305-9852,01/25/2025,"($8,399.43)",Debit Card,POS Purchase
TXN0002182,893-120-6740,02/05/2025,($47.39),Debit Card,POS Purchase
TXN0001331,414-339-2113,27-Jun-2025,"$38,536.68",Internal Transfer,Account Transfer
TXN0001340,206-031-1198,05/22/2025,"$30,967.80",Internal Transfer,Account Transfer
TXN0004428,746-763-7744,01/30/2025,"($8,679.79)",ATM Withdrawal,ATM CASH WITHDRAWAL
TXN0000317,111-909-8079,05/21/2025,"($6,136.58)",Debit Card,POS Purchase
TXN0001540,733-640-7196,09-Feb-2025,"($4,477.03)",Wire Transfer,Incoming Wire
TXN0002589, 355-195-5578 ,03/11/2025,"($5,381.10)",ATM Withdrawal,ATM CASH WITHDRAWAL
TXN0003341,182-959-5237,05/08/2025,"($13,023.70)",Debit Card,POS PURCHASE
TXN0000649, 626-576-1062 ,23-May-2025,"($11,021.96)",Wire Transfer,INCOMING WIRE
TXN0000918,758-400-6220,05/13/2025,"$4,876.04",ACH Credit,PAYROLL DEPOSIT
TXN0003267,347-906-9325,05-Feb-2025,"($32,247.54)",Debit Card,POS Purchase
 TXN0002604,495-319-2239,04/07/2025,"($29,120.03)",Internal Transfer,Account Transfer
TXN0000061,162-787-8853,03/24/2025,"$30,790.97",Wire Transfer,Outgoing Wire
TXN0000983,710-708-0843,22-Feb-2025,"($15,326.35)",Debit Card,POS PURCHASE
 TXN0005296, 122-578-5514 ,10-Feb-2025,"$17,982.77",ACH Credit,Payroll Deposit
TXN0002440,989-924-6847,04-Apr-2025,"($1,421.43)",Debit Card,POS PURCHASE
TXN0000071,594-836-9358,04/11/2025,"$42,935.16",ATM Withdrawal,ATM Cash Withdrawal
TXN0001504,639-228-8358,06/02/2025,"($42,845.20)",ATM Withdrawal,ATM Cash Withdrawal
TXN0002595,593-056-5713,02/02/2025,"($22,698.05)",ACH Debit,Vendor Payment
TXN0004807,736-003-8477,22-Mar-2025,"($18,085.63)",Wire Transfer,Incoming Wire
TXN0003710,190-795-6235,06/13/2025,"($18,000.01)",ATM Withdrawal,ATM Cash Withdrawal
TXN0002138,306-425-1440,01/28/2025,"($31,959.77)",ACH Debit,Vendor Payment
TXN0005741,296-399-7280,01/19/2025,"($21,225.67)",Debit Card,POS Purchase
 TXN0000342,588-880-6249,18-Jan-2025,"$22,798.63",Internal Transfer,Account Transfer
TXN0004471,639-364-9293,14-May-2025,"($31,765.19)",Wire Transfer,OUTGOING WIRE
TXN0000551,706-142-9568,15-Jun-2025,"$39,940.67",ACH Credit,PAYROLL DEPOSIT
TXN0001433,596-635-5208,04/05/2025,($786.36),ATM Withdrawal,ATM Cash Withdrawal
 TXN0005221,754-677-2074,04/15/2025,"($42,831.69)",Internal Transfer,Account Transfer
TXN0002074,881-368-4882,02/08/2025,"($3,886.12)",Wire Transfer,Outgoing Wire
 TXN0000513,893-968-8593,02/16/2025,"($3,462.64)",ATM Withdrawal,ATM Cash Withdrawal
TXN0002929,446-778-4468,05-Feb-2025,"$29,734.60",Check Deposit,Check Deposit
txn0002634, 243-470-0667 ,16-Jun-2025,"$40,443.46",ACH Credit,Payroll Deposit
TXN0004303,290-668-7233,02-Jun-2025,"($19,495.21)",Debit Card,POS PURCHASE
TXN0000509,482-679-2596,09-Feb-2025,"$15,980.82",ACH Credit,Payroll Deposit
TXN0005943, 287-375-4374 ,02/04/2025,"$11,049.45",Check Deposit,CHECK DEPOSIT
 TXN0005397,924-061-2270,01/27/2025,"($30,246.66)",ATM Withdrawal,ATM CASH WITHDRAWAL
TXN0001275,122-371-8085,03/19/2025,"$22,984.52",Internal Transfer,Account Transfer
TXN0004167,104-093-5060,29-Jan-2025,"$20,812.80",ACH Credit,PAYROLL DEPOSIT
TXN0000709,704-851-5725,11-Feb-2025,"($1,027.47)",Wire Transfer,Outgoing Wire
TXN0002998,946-032-6316,08-Apr-2025,"($7,822.70)",Wire Transfer,Outgoing Wire
TXN0004132,489-162-3023,01/04/2025,"$35,028.97",Internal Transfer,Account Transfer
txn0000034,202-798-9582,04/18/2025,"($4,388.29)",ACH Debit,VENDOR PAYMENT
txn0004476,339-564-2856,18-Feb-2025,"$35,633.80",Check Deposit,CHECK DEPOSIT
 TXN0004920,930-021-3725,13-Feb-2025,"($19,307.80)",ACH Debit,VENDOR PAYMENT
TXN0002600,661-738-4603,11-Feb-2025,"($41,120.81)",Wire Transfer,Incoming Wire
TXN0003854,825-977-2215,05/23/2025,"($17,212.72)",Debit Card,POS PURCHASE
TXN0001091,896-388-1556,29-Jan-2025,"$36,161.24",Check Deposit,Check Deposit
TXN0004681,220-430-8092,01/01/2025,"($35,081.02)",ACH Debit,Vendor Payment
TXN0002828, 259-693-6961 ,05/05/2025,"$16,717.28",Check Deposit,Check Deposit
 TXN0005205, 571-664-8433 ,01/30/2025,"($25,706.08)",Wire Transfer,OUTGOING WIRE
txn0003596,596-056-1400,04/16/2025,"$24,780.44",ACH Credit,PAYROLL DEPOSIT
TXN0000452,573-405-1500,20-Feb-2025,"($12,521.54)",Wire Transfer,Incoming Wire
TXN0002363,374-669-6618,21-Jan-2025,"$1,335.07",Check Deposit,CHECK DEPOSIT
TXN0005194,268-041-6402,06/02/2025,"($1,049.09)",ATM Withdrawal,ATM CASH WITHDRAWAL
TXN0001679,883-247-9636,04/06/2025,"$33,559.40",ACH Credit,Payroll Deposit
txn0004849,992-659-7845,19-Apr-2025,"($33,262.99)",ACH Debit,Vendor Payment
TXN0002555, 543-538-4196 ,05-Jun-2025,"$15,703.59",Check Deposit,Check Deposit
TXN0005010,615-459-0656,03-Jan-2025,"($35,029.34)",Internal Transfer,ACCOUNT TRANSFER
TXN0004451,818-995-4336,05/06/2025,"($36,767.84)",Internal Transfer,Account Transfer
TXN0003493,626-135-0926,18-Apr-2025,"$6,879.97",Internal Transfer,ACCOUNT TRANSFER
TXN0005780,731-576-4037,06/24/2025,"($16,339.89)",Debit Card,POS PURCHASE
TXN0002623,448-894-2842,05/19/2025,"($22,005.89)",ACH Debit,Vendor Payment
 txn0005394,692-471-7178,02/14/2025,"($24,116.84)",Wire Transfer,Outgoing Wire
txn0000779,941-865-5521,04/18/2025,"($2,376.78)",ATM Withdrawal,ATM Cash Withdrawal
TXN0005554,600-653-3870,04/26/2025,"$20,909.96",ACH Credit,PAYROLL DEPOSIT
TXN0000038,964-682-5746,04/27/2025,"$8,177.58",ACH Credit,PAYROLL DEPOSIT
TXN0004937, 649-305-1602 ,06/20/2025,"($15,040.33)",ATM Withdrawal,ATM CASH WITHDRAWAL
TXN0004908,210-020-2696,05/05/2025,"($13,992.94)",Wire Transfer,Incoming Wire
TXN0002188, 192-131-2465 ,02-Feb-2025,"($1,202.39)",ATM Withdrawal,ATM CASH WITHDRAWAL
TXN0001292,411-303-4355,05/19/2025,"$8,631.95",ACH Credit,Payroll Deposit
TXN0003484,718-553-0916,01/07/2025,"($34,252.16)",ACH Debit,Vendor Payment
TXN0003634,862-365-4548,04/10/2025,"($43,242.06)",ATM Withdrawal,ATM Cash Withdrawal
TXN0002237,602-645-0299,30-Apr-2025,"($36,588.75)",Wire Transfer,Incoming Wire
TXN0003075,653-087-9825,05/15/2025,"$35,240.41",ACH Credit,PAYROLL DEPOSIT
TXN0004505, 162-192-5405 ,06/09/2025,"($8,696.92)",ATM Withdrawal,ATM Cash Withdrawal
TXN0000316,501-684-2765,08-Apr-2025,"($14,590.18)",Wire Transfer,INCOMING WIRE
FEE00036,628-379-2996,05/28/2025,($31.89),Service Charge,Overdraft Fee
TXN0005439,780-517-5827,02/01/2025,"$6,687.93",ACH Credit,Payroll Deposit
TXN0001346,814-120-1990,05/11/2025,"$7,533.47",ACH Credit,Payroll Deposit
TXN0000378,550-467-2151,18-Apr-2025,"($4,667.83)",ACH Debit,Vendor Payment
TXN0000463,414-544-8588,28-Jan-2025,"($33,129.36)",Wire Transfer,Outgoing Wire
TXN0000066,861-039-0309,05/13/2025,"($39,119.32)",Wire Transfer,Outgoing Wire
TXN0003691,853-291-3383,01/31/2025,"($35,394.02)",Wire Transfer,Incoming Wire
TXN0005327, 374-773-0922 ,02/08/2025,"($43,862.54)",ATM Withdrawal,ATM Cash Withdrawal
TXN0005372,529-332-9415,05/17/2025,"$4,643.26",Internal Transfer,Account Transfer
TXN0003526,754-730-8119,02-Feb-2025,"$33,772.87",Check Deposit,Check Deposit
 TXN0003403,241-572-8799,05/21/2025,"$23,912.90",ACH Credit,Payroll Deposit
 TXN0004489,598-781-0938,06-Jun-2025,"($39,425.87)",ATM Withdrawal,ATM CASH WITHDRAWAL
TXN0002383, 872-301-1516 ,05/21/2025,"$33,531.14",Internal Transfer,Account Transfer
TXN0001571,219-093-2040,01/18/2025,"($33,742.72)",Debit Card,POS PURCHASE
TXN0003464,425-531-5375,30-Apr-2025,"($3,073.30)",ACH Debit,VENDOR PAYMENT
TXN0000828,150-311-0472,02/21/2025,"($36,994.98)",ATM Withdrawal,ATM Cash Withdrawal
TXN0003471,112-458-3553,13-Mar-2025,"($44,642.34)",ACH Debit,VENDOR PAYMENT
TXN0000803,380-684-7124,04/06/2025,"$43,699.74",Internal Transfer,ACCOUNT TRANSFER
TXN0000420,241-219-8776,05/08/2025,"($39,936.69)",Internal Transfer,Account Transfer
TXN0000330,393-973-8296,06/07/2025,"($22,106.78)",ATM Withdrawal,ATM Cash Withdrawal
TXN0001471,536-328-9331,02/28/2025,"($29,619.67)",Wire Transfer,Outgoing Wire
txn0003598,758-087-4804,03/18/2025,"($2,992.40)",Wire Transfer,Incoming Wire
TXN0005538, 560-016-4383 ,06/19/2025,"$31,079.67",Check Deposit,Check Deposit
 TXN0004109,775-346-8224,03/30/2025,"($3,903.67)",ATM Withdrawal,ATM Cash Withdrawal
TXN0001301,570-513-5044,01/22/2025,"($43,746.72)",ACH Debit,Vendor Payment
 TXN0005317,805-927-6795,07-Jun-2025,"($31,259.07)",Internal Transfer,ACCOUNT TRANSFER
TXN0003939,309-125-6832,04/06/2025,"($28,968.15)",Debit Card,POS PURCHASE
txn0004456,187-687-6354,10-Mar-2025,"$25,106.50",ACH Credit,Payroll Deposit
 txn0003350,595-107-9512,04/18/2025,"($29,795.16)",ATM Withdrawal,ATM Cash Withdrawal
TXN0000901,121-330-9440,30-May-2025,"($33,181.69)",Wire Transfer,Outgoing Wire
TXN0000020,797-836-1273,06/05/2025,"($1,441.07)",Debit Card,POS Purchase
txn0003517,675-862-7121,03-Jan-2025,"$29,719.58",Check Deposit,CHECK DEPOSIT
txn0002981,273-327-7415,06/19/2025,"$12,854.09",ACH Credit,PAYROLL DEPOSIT
TXN0000586,787-789-3885,05/22/2025,"$6,252.42",Check Deposit,Check Deposit
 TXN0005244,784-221-2901,05/31/2025,"$11,932.34",ACH Credit,Payroll Deposit
TXN0004529,181-736-9530,19-Jun-2025,"($36,008.00)",Wire Transfer,INCOMING WIRE
txn0005839,673-181-4701,01/10/2025,"$35,050.09",Check Deposit,Check Deposit
TXN0005647,177-881-7915,07-Mar-2025,"($12,127.85)",Wire Transfer,INCOMING WIRE
TXN0003062,233-018-2839,09-Mar-2025,"($19,041.61)",Wire Transfer,OUTGOING WIRE
 TXN0000338,580-295-2463,04-Feb-2025,"($33,745.10)",Wire Transfer,INCOMING WIRE
TXN0002175,350-146-4267,08-Feb-2025,"($40,526.38)",ACH Debit,VENDOR PAYMENT
txn0000085,764-069-1869,05/26/2025,"($33,472.05)",Wire Transfer,OUTGOING WIRE
 TXN0004884,230-488-3013,27-Jan-2025,"$39,102.35",ACH Credit,Payroll Deposit
TXN0005794,933-006-6917,31-Jan-2025,"$34,902.56",Check Deposit,CHECK DEPOSIT
txn0001362,876-727-5124,05/30/2025,"$35,336.16",Internal Transfer,Account Transfer
TXN0001613,150-589-0194,18-May-2025,"($17,399.76)",Debit Card,POS Purchase
TXN0001254,898-635-9484,27-Apr-2025,"($28,320.81)",ACH Debit,Vendor Payment
TXN0000924,735-920-6312,04/12/2025,"($39,612.15)",Debit Card,POS Purchase
TXN0000988,109-469-4424,02/18/2025,"($7,889.92)",ACH Debit,VENDOR PAYMENT
txn0001364,132-665-6136,04/15/2025,"$13,308.74",Wire Transfer,OUTGOING WIRE
TXN0003989,761-550-0413,05/12/2025,"($41,243.45)",ACH Debit,Vendor Payment
TXN0004459,858-323-8532,01/18/2025,"$8,284.43",Internal Transfer,Account Transfer
TXN0005596,313-602-6327,21-Jun-2025,"($43,932.65)",Wire Transfer,Incoming Wire
TXN0005544,245-358-8457,06/14/2025,"$9,664.06",Check Deposit,Check Deposit
TXN0000819,575-419-0613,01-May-2025,"$41,860.18",Check Deposit,Check Deposit
TXN0000515, 459-712-3990 ,01-May-2025,"($5,975.87)",Wire Transfer,Outgoing Wire
TXN0000923,796-992-4669,03/31/2025,"($34,407.20)",Wire Transfer,OUTGOING WIRE
TXN0000791,158-581-3907,13-Jan-2025,"$6,154.03",Debit Card,POS Purchase
 txn0003653,595-167-9389,04/09/2025,"$33,657.86",ACH Credit,Payroll Deposit
TXN0001798,597-757-7169,30-May-2025,"($15,017.40)",ATM Withdrawal,ATM Cash Withdrawal
TXN0001469,310-986-5427,03/17/2025,"($22,821.25)",Wire Transfer,INCOMING WIRE
TXN0001098,455-610-5583,01/20/2025,"($1,500.88)",ACH Debit,Vendor Payment
TXN0001172,105-761-8068,27-Jan-2025,"($5,671.49)",ACH Debit,VENDOR PAYMENT
TXN0004733,150-833-2489,05/12/2025,"($24,282.10)",ATM Withdrawal,ATM CASH WITHDRAWAL
TXN0003771,293-095-0428,05/12/2025,"$6,076.04",Internal Transfer,Account Transfer
TXN0004064,930-815-8676,05/14/2025,"($12,479.65)",ATM Withdrawal,ATM CASH WITHDRAWAL
TXN0000999,670-945-3514,31-Jan-2025,"$22,504.98",Check Deposit,Check Deposit
TXN0001565,311-068-6140,06/14/2025,"$34,290.33",ACH Credit,Payroll Deposit
TXN0001924,975-248-8396,13-May-2025,"($43,176.20)",Internal Transfer,Account Transfer
TXN0000017,577-980-4413,04/05/2025,"$40,341.42",Internal Transfer,Account Transfer
txn0003383,843-550-7921,06/12/2025,"($40,132.52)",Wire Transfer,Incoming Wire
TXN0003955,958-736-3163,02/18/2025,"($39,492.32)",Debit Card,POS Purchase
TXN0002151,802-768-1506,01-Apr-2025,"($20,286.01)",ATM Withdrawal,ATM CASH WITHDRAWAL
txn0004139,270-247-8301,02/25/2025,"$18,702.24",Internal Transfer,Account Transfer
TXN0004584,653-335-4960,04/29/2025,"($5,578.92)",Debit Card,POS Purchase
TXN0004976, 850-435-5736 ,05/17/2025,"($42,697.78)",ACH Debit,Vendor Payment
TXN0004049,468-823-6047,03/11/2025,"($38,119.25)",Wire Transfer,INCOMING WIRE
TXN0002511,971-358-2215,02/10/2025,"($25,353.58)",ATM Withdrawal,ATM Cash Withdrawal
TXN0002596,340-931-7223,14-May-2025,"($25,660.59)",Wire Transfer,Outgoing Wire
TXN0004306,718-124-5385,05/13/2025,"($3,126.02)",ATM Withdrawal,ATM Cash Withdrawal
txn0002096,837-342-4654,05-Apr-2025,"$9,000.41",ACH Credit,PAYROLL DEPOSIT
txn0004350,910-933-9044,06/14/2025,"($8,368.31)",Wire Transfer,INCOMING WIRE
TXN0004291,481-290-0470,01/17/2025,"($29,464.89)",ACH Debit,Vendor Payment
txn0003681, 502-777-0587 ,04/10/2025,"($32,920.05)",Wire Transfer,Incoming Wire
TXN0000976,334-287-8325,13-Jun-2025,"($25,868.60)",Wire Transfer,Outgoing Wire
TXN0003679,666-216-2741,06/29/2025,"$1,085.45",Debit Card,POS PURCHASE
 TXN0005216,433-155-2813,04/19/2025,"($21,568.27)",ATM Withdrawal,ATM Cash Withdrawal
 TXN0005073,757-624-9976,02/09/2025,"$40,996.59",ACH Credit,Payroll Deposit
TXN0001625,311-013-0878,06/08/2025,"$10,054.08",ACH Credit,Payroll Deposit
TXN0000701, 493-093-8878 ,03/08/2025,"($32,319.75)",Wire Transfer,Outgoing Wire
txn0005759,780-656-3367,10-Mar-2025,"$28,402.17",Check Deposit,CHECK DEPOSIT
TXN0005978,930-729-6053,03/26/2025,"$3,807.30",Debit Card,POS Purchase
txn0005099,280-117-1561,03/10/2025,"($22,063.33)",ACH Debit,Vendor Payment
TXN0000344,437-550-5266,13-Mar-2025,"($35,606.33)",ACH Debit,Vendor Payment
TXN0002996,969-684-3318,05/07/2025,"$30,201.51",Internal Transfer,ACCOUNT TRANSFER
TXN0003111,329-937-4097,05/27/2025,"($10,817.67)",ACH Debit,VENDOR PAYMENT
txn0000237,275-994-4840,04/10/2025,"($22,870.25)",ATM Withdrawal,ATM CASH WITHDRAWAL
TXN0005050,566-382-2375,06/02/2025,"($30,962.93)",ATM Withdrawal,ATM Cash Withdrawal
TXN0000302,119-899-6432,27-Feb-2025,"($38,394.10)",ATM Withdrawal,ATM Cash Withdrawal
TXN0003862,738-023-6678,03/24/2025,"$7,842.42",ACH Credit,PAYROLL DEPOSIT
TXN0004615,768-349-8506,01/10/2025,"($32,033.53)",Debit Card,POS Purchase
txn0001560,310-722-0349,05/24/2025,"$36,772.38",Internal Transfer,Account Transfer
txn0000288,256-056-4818,05-May-2025,"$28,120.71",ACH Credit,Payroll Deposit
txn0002443,509-451-0882,04/24/2025,"($20,449.58)",Debit Card,POS Purchase
txn0000897,240-560-1007,04/13/2025,"($14,966.72)",Wire Transfer,Outgoing Wire
TXN0002060,275-640-4110,06-Apr-2025,"($8,271.38)",Internal Transfer,ACCOUNT TRANSFER
 txn0003269,975-853-7874,05/09/2025,"($23,582.72)",Debit Card,POS PURCHASE
TXN0003485,733-405-3533,16-Apr-2025,"($43,282.09)",Internal Transfer,Account Transfer
TXN0003389,826-743-9918,06-Apr-2025,"($25,194.16)",Debit Card,POS Purchase
txn0005087,808-848-8981,09-May-2025,"($35,505.92)",Internal Transfer,Account Transfer
txn0005686,459-648-9792,19-Apr-2025,"($40,864.57)",ACH Debit,Vendor Payment
TXN0005082,970-201-2290,22-Jun-2025,"($33,982.03)",Debit Card,POS Purchase
TXN0000403,577-838-0212,05-Mar-2025,"$9,942.09",Internal Transfer,Account Transfer
TXN0000141,935-771-0042,02-Feb-2025,"($8,150.79)",Wire Transfer,Incoming Wire
TXN0004873, 789-982-6634 ,02-Apr-2025,"($31,622.00)",ACH Debit,Vendor Payment
TXN0000087, 664-266-4297 ,05/01/2025,"($42,028.78)",Debit Card,POS Purchase
TXN0000602,294-828-7932,13-Apr-2025,"$39,420.03",Debit Card,POS PURCHASE
TXN0005632,798-620-1716,03/21/2025,"$31,624.66",ACH Credit,Payroll Deposit
TXN0004154,755-729-8443,03/10/2025,"($32,865.92)",ATM Withdrawal,ATM CASH WITHDRAWAL
TXN0004844,112-383-6232,01-May-2025,"($43,987.35)",ATM Withdrawal,ATM Cash Withdrawal
TXN0002943,931-750-9198,09-Jun-2025,$789.93,ACH Credit,PAYROLL DEPOSIT
TXN0003574,252-896-5260,02/17/2025,"$34,409.23",ACH Credit,PAYROLL DEPOSIT
TXN0002070,717-754-5297,06/14/2025,"($18,631.84)",Debit Card,POS PURCHASE
TXN0004325,984-227-9717,03/13/2025,"($42,973.17)",ACH Debit,VENDOR PAYMENT
TXN0004803,908-928-8613,19-Apr-2025,"($40,066.53)",ACH Debit,VENDOR PAYMENT
txn0004156,848-808-8993,04/08/2025,"($6,499.60)",Internal Transfer,Account Transfer
TXN0001851,860-837-9128,08-Apr-2025,"($40,160.24)",ACH Debit,Vendor Payment
 TXN0002659,643-471-1681,10-Jun-2025,"($4,185.29)",ATM Withdrawal,ATM Cash Withdrawal
FEE00122,388-315-3403,02/15/2025,($56.61),Service Charge,Monthly Maintenance Fee
 TXN0000627,351-170-9702,12-Feb-2025,"($29,439.62)",Debit Card,POS Purchase
txn0002149,220-009-6278,03/26/2025,"$39,724.34",Internal Transfer,Account Transfer
TXN0004948,363-091-2847,04/08/2025,"($34,968.80)",Wire Transfer,Outgoing Wire
txn0005249,911-415-6312,11-Mar-2025,"($40,685.23)",Wire Transfer,Outgoing Wire
TXN0003906,304-175-9661,03-Jan-2025,"$29,160.85",ACH Credit,PAYROLL DEPOSIT
TXN0001350,824-326-8072,01/15/2025,"$35,519.94",Internal Transfer,ACCOUNT TRANSFER
TXN0000207,374-042-5102,11-May-2025,"($9,962.02)",Debit Card,POS Purchase
TXN0004810,818-980-4310,05/13/2025,"($28,865.11)",ACH Debit,VENDOR PAYMENT
TXN0002485,393-327-5757,02/06/2025,"($41,046.65)",Debit Card,POS Purchase
TXN0005553,456-156-6815,12-Jan-2025,"($2,732.99)",Wire Transfer,OUTGOING WIRE
TXN0003019,982-484-5519,01/04/2025,"$30,600.03",ACH Credit,Payroll Deposit
txn0000750,139-124-5848,06/07/2025,$143.89,Check Deposit,Check Deposit
TXN0003701,320-443-9524,21-May-2025,"($33,054.49)",ATM Withdrawal,ATM Cash Withdrawal
TXN0005182,492-592-0011,11-Jan-2025,"($2,231.17)",ACH Debit,Vendor Payment
TXN0005478,761-359-4749,16-Feb-2025,"$39,914.19",Check Deposit,Check Deposit
txn0002983, 372-561-2998 ,02/21/2025,"($39,199.90)",Wire Transfer,Incoming Wire
 TXN0003668,857-504-1806,17-May-2025,"($15,099.05)",ATM Withdrawal,ATM Cash Withdrawal
TXN0003249,851-415-0189,13-May-2025,"$26,647.66",ACH Credit,PAYROLL DEPOSIT
TXN0003195,815-522-2177,04/08/2025,"($15,880.75)",ACH Debit,Vendor Payment
TXN0002377,739-368-7060,06/07/2025,"($5,353.69)",ACH Debit,VENDOR PAYMENT
TXN0001587,759-241-6887,08-Jan-2025,"($39,644.58)",Wire Transfer,Outgoing Wire
TXN0003927, 372-938-9512 ,07-Apr-2025,"($6,977.54)",Wire Transfer,INCOMING WIRE
TXN0001675, 231-110-7842 ,04/16/2025,"($27,474.21)",Debit Card,POS Purchase
TXN0000483,706-884-9964,06/23/2025,"($1,876.14)",ACH Debit,Vendor Payment
txn0000959,483-050-8938,01/13/2025,"($31,560.87)",ACH Debit,Vendor Payment
TXN0001977,310-598-9133,02/14/2025,"($16,180.55)",Debit Card,POS Purchase
 txn0005570,594-467-7291,05/10/2025,"$10,369.79",Internal Transfer,Account Transfer
 TXN0003518,662-053-7287,04/02/2025,"($38,986.14)",ATM Withdrawal,ATM Cash Withdrawal
TXN0001534,618-060-3125,06/09/2025,"$18,866.91",Internal Transfer,Account Transfer
TXN0001000,217-152-9359,02/12/2025,"($12,501.28)",ACH Debit,VENDOR PAYMENT
TXN0001014,130-040-2494,29-Mar-2025,"$33,291.94",ACH Credit,Payroll Deposit
TXN0002765,510-133-7512,15-Apr-2025,"($44,088.46)",ATM Withdrawal,ATM CASH WITHDRAWAL
TXN0003327,983-313-3048,05/28/2025,"($32,100.59)",ATM Withdrawal,ATM CASH WITHDRAWAL
TXN0005873,499-394-1342,06-May-2025,"$40,279.67",Internal Transfer,Account Transfer
TXN0003778,679-755-7874,06/04/2025,"($8,729.55)",ATM Withdrawal,ATM CASH WITHDRAWAL
TXN0004389,709-392-9237,31-May-2025,"($27,584.47)",Wire Transfer,Incoming Wire
TXN0004286,336-568-0674,11-Feb-2025,"($41,630.82)",Wire Transfer,OUTGOING WIRE
TXN0003413,314-834-6681,19-Jan-2025,"$6,482.22",Internal Transfer,Account Transfer
TXN0002774,803-450-0228,14-May-2025,"$13,690.89",Check Deposit,Check Deposit
TXN0005515,259-843-1558,15-Mar-2025,"$34,057.07",ACH Credit,Payroll Deposit
TXN0001538,250-750-4717,03/17/2025,"$28,953.05",Check Deposit,CHECK DEPOSIT
TXN0004194,880-556-1307,20-Apr-2025,"$19,638.02",Internal Transfer,ACCOUNT TRANSFER
TXN0002405,682-079-3012,13-Jun-2025,"$14,169.93",Check Deposit,CHECK DEPOSIT
FEE00089, 655-346-3407 ,03/23/2025,($26.62),Service Charge,Wire Fee
txn0005882,622-875-9116,05/09/2025,"($7,003.07)",ATM Withdrawal,ATM CASH WITHDRAWAL
TXN0003654,675-811-5491,12-Jan-2025,"$35,806.43",Check Deposit,Check Deposit
txn0002429,840-207-0969,04-May-2025,"$23,632.46",ACH Credit,PAYROLL DEPOSIT
TXN0004453,220-133-5240,09-Apr-2025,"$4,353.67",ACH Credit,Payroll Deposit
TXN0003115,344-345-0414,06/11/2025,"($5,355.53)",Wire Transfer,INCOMING WIRE
txn0003453, 941-289-1744 ,03/27/2025,"($22,069.12)",ATM Withdrawal,ATM Cash Withdrawal
TXN0004225,914-976-3696,06/07/2025,"($26,946.89)",ACH Debit,Vendor Payment
TXN0002308,501-978-4005,02/26/2025,"($31,123.08)",Wire Transfer,Incoming Wire
 TXN0002605,459-578-1433,04/20/2025,"($25,272.89)",ACH Debit,Vendor Payment
TXN0001055,422-588-7726,01/11/2025,"$36,380.35",Check Deposit,Check Deposit
txn0005018, 829-540-9859 ,09-Feb-2025,"($26,126.03)",ATM Withdrawal,ATM Cash Withdrawal
TXN0004342,298-797-2409,03/07/2025,"($22,617.65)",Wire Transfer,Outgoing Wire
TXN0000571,763-940-3968,06/30/2025,"($15,355.78)",Wire Transfer,OUTGOING WIRE
TXN0001492,741-447-0230,10-Mar-2025,"($4,727.96)",ATM Withdrawal,ATM Cash Withdrawal
TXN0004877, 593-417-0892 ,06/24/2025,"$8,356.73",Internal Transfer,ACCOUNT TRANSFER
TXN0001654,270-005-0749,01/24/2025,"$35,707.83",Check Deposit,CHECK DEPOSIT
TXN0001391, 125-653-4145 ,22-Jan-2025,"($19,837.78)",ATM Withdrawal,ATM Cash Withdrawal
TXN0000487,772-944-6807,08-May-2025,"$22,603.70",Check Deposit,Check Deposit
TXN0005404,281-117-6987,06/25/2025,"$16,820.18",ACH Debit,Vendor Payment
TXN0000336, 268-059-3283 ,05/12/2025,"($21,683.21)",Debit Card,POS Purchase
 TXN0003767, 660-460-4934 ,06/29/2025,"($2,932.24)",Internal Transfer,Account Transfer
TXN0003210,412-974-8362,26-May-2025,"($16,659.48)",ACH Debit,VENDOR PAYMENT
TXN0000898, 224-676-2873 ,03/02/2025,"($21,428.03)",ACH Debit,VENDOR PAYMENT
TXN0002210, 785-637-7895 ,04/24/2025,"($12,086.03)",Debit Card,POS PURCHASE
TXN0001171,143-618-8362,02/03/2025,"($40,976.58)",ATM Withdrawal,ATM Cash Withdrawal
TXN0005368,677-394-6763,20-Mar-2025,"$5,796.87",Debit Card,POS PURCHASE
TXN0001405, 239-331-1449 ,05/21/2025,"($14,019.85)",Wire Transfer,Incoming Wire
TXN0004549,923-223-7737,05/29/2025,"($25,534.72)",Wire Transfer,Incoming Wire
FEE00115,538-881-6525,01-Jun-2025,($6.67),Service Charge,Overdraft Fee
TXN0001177,711-779-0805,01/25/2025,"($13,054.33)",ATM Withdrawal,ATM Cash Withdrawal
TXN0001278,128-681-3457,02/19/2025,"($35,298.12)",Wire Transfer,INCOMING WIRE
TXN0002318,513-847-3587,01-May-2025,"($36,455.81)",Wire Transfer,OUTGOING WIRE
TXN0005349,373-350-6590,05/12/2025,"($22,118.79)",Wire Transfer,Incoming Wire
TXN0003167,337-400-3298,06/15/2025,"$37,203.60",Internal Transfer,Account Transfer
TXN0000439,562-003-5584,05/20/2025,"($24,942.48)",Debit Card,POS Purchase
TXN0001724, 160-051-6989 ,02/09/2025,"($10,661.16)",Wire Transfer,Outgoing Wire
TXN0000238,697-935-1724,04/06/2025,"$7,171.33",Check Deposit,Check Deposit
TXN0004030,838-647-5725,24-Jan-2025,"$14,029.23",ACH Credit,Payroll Deposit
TXN0002749,960-488-2382,23-Apr-2025,"($22,722.60)",Wire Transfer,Outgoing Wire
txn0004656,417-970-6099,04/20/2025,"($9,238.83)",ATM Withdrawal,ATM Cash Withdrawal
TXN0003312,843-243-4502,27-Jan-2025,"($6,408.46)",Wire Transfer,Incoming Wire
TXN0000907,620-454-1868,04/16/2025,"($23,215.03)",Wire Transfer,Incoming Wire
TXN0003412,533-710-1382,20-Jun-2025,"($21,386.00)",Debit Card,POS Purchase
TXN0002549,957-285-1987,06-Feb-2025,"($42,539.25)",Debit Card,POS Purchase
TXN0001029,422-083-2116,09-May-2025,"($38,842.63)",Wire Transfer,Outgoing Wire
TXN0005293,677-442-0601,04/30/2025,"($42,469.06)",Wire Transfer,Incoming Wire
TXN0004879,968-717-9866,03-Jun-2025,"$24,083.79",ACH Credit,PAYROLL DEPOSIT
TXN0001573,227-261-4046,14-Feb-2025,"($37,504.62)",Wire Transfer,INCOMING WIRE
TXN0003184,931-458-3874,04/16/2025,"($39,100.32)",Wire Transfer,Incoming Wire
TXN0002633,112-139-1712,05/29/2025,"($10,981.12)",Wire Transfer,OUTGOING WIRE
TXN0004953,309-869-1668,05/19/2025,"($22,893.72)",Wire Transfer,INCOMING WIRE
TXN0004290,697-636-6123,05/26/2025,"($35,836.70)",Internal Transfer,Account Transfer
TXN0001246,906-792-7065,01/11/2025,"($42,047.24)",Wire Transfer,Outgoing Wire
TXN0000525,548-554-4363,10-May-2025,"$44,906.16",ACH Credit,PAYROLL DEPOSIT
 TXN0003893,158-663-2002,06/19/2025,"($35,809.57)",ACH Debit,VENDOR PAYMENT
 TXN0000792,100-323-9853,02/27/2025,"($21,684.45)",ACH Debit,Vendor Payment
TXN0004749,364-565-0238,03/31/2025,"($36,558.05)",ACH Debit,Vendor Payment
TXN0004324,855-592-5357,01/19/2025,"$16,002.96",Check Deposit,Check Deposit
 TXN0002155,722-098-6361,05/20/2025,"($24,659.63)",ATM Withdrawal,ATM Cash Withdrawal
 TXN0001287,689-498-8964,28-May-2025,"($23,940.78)",Wire Transfer,Outgoing Wire
TXN0002102,470-650-8305,06/22/2025,"($23,666.75)",Internal Transfer,ACCOUNT TRANSFER
TXN0005151,494-826-3474,01/01/2025,"($10,429.34)",Wire Transfer,Incoming Wire
TXN0000153,604-073-3291,02/09/2025,($506.55),ACH Debit,VENDOR PAYMENT
TXN0001266,673-631-1262,06/01/2025,"($38,102.26)",ATM Withdrawal,ATM Cash Withdrawal
TXN0002746,852-807-4792,06/10/2025,"$39,892.26",ACH Credit,Payroll Deposit
 TXN0004987,379-397-6761,02/25/2025,"($23,222.29)",Wire Transfer,Incoming Wire
TXN0001861,472-955-8349,04/21/2025,"($5,981.77)",Debit Card,POS Purchase
 TXN0003366,936-994-9082,15-Apr-2025,"($25,669.60)",Internal Transfer,ACCOUNT TRANSFER
TXN0001291,787-321-3922,02/24/2025,"($9,362.26)",ACH Debit,Vendor Payment
TXN0002947,841-356-9035,14-Jun-2025,"($2,835.10)",Debit Card,POS PURCHASE
TXN0000306,278-785-7634,01/07/2025,"$12,772.08",ACH Credit,Payroll Deposit
TXN0003054,144-006-4977,06/29/2025,"$42,208.78",Check Deposit,Check Deposit
TXN0003990,742-502-6344,01/29/2025,"($5,879.54)",Wire Transfer,Incoming Wire
TXN0001166,428-032-6134,05-Jun-2025,"$22,276.66",Check Deposit,Check Deposit
txn0004817,302-820-8186,01/15/2025,"$38,212.33",Check Deposit,Check Deposit
TXN0001026,443-881-9275,10-May-2025,"$23,797.21",ACH Credit,Payroll Deposit
TXN0004544,306-192-1459,07-Feb-2025,"$22,490.28",ACH Credit,Payroll Deposit
txn0003176,109-347-6379,04-May-2025,"$11,675.40",Internal Transfer,Account Transfer
TXN0003034, 573-291-5287 ,04/08/2025,"$18,157.78",Internal Transfer,ACCOUNT TRANSFER
TXN0001518,830-844-0721,27-Mar-2025,"($14,918.88)",ATM Withdrawal,ATM CASH WITHDRAWAL
txn0004942,662-340-2012,04/20/2025,"($7,581.27)",ATM Withdrawal,ATM Cash Withdrawal
TXN0005044,646-797-1736,03/22/2025,"$13,766.78",Check Deposit,Check Deposit
TXN0005487,664-427-5699,04-Jan-2025,"($22,350.56)",ATM Withdrawal,ATM Cash Withdrawal
FEE00103, 251-628-8025 ,03/13/2025,($44.46),Service Charge,Monthly Maintenance Fee
TXN0004067,338-444-3738,05/08/2025,"($33,050.33)",Internal Transfer,Account Transfer
TXN0002406,160-289-1524,04/11/2025,"($23,127.50)",ATM Withdrawal,ATM Cash Withdrawal
TXN0000362, 866-584-3329 ,15-Feb-2025,"$18,545.66",Check Deposit,Check Deposit
 TXN0004772,341-638-4126,04/20/2025,"($26,191.87)",ATM Withdrawal,ATM CASH WITHDRAWAL
TXN0000740,687-547-5089,04/29/2025,"$13,563.18",ACH Credit,Payroll Deposit
txn0001419,793-329-4020,10-May-2025,"$34,123.80",Check Deposit,CHECK DEPOSIT
TXN0000159,272-782-7825,27-Feb-2025,"$3,868.69",Check Deposit,CHECK DEPOSIT
TXN0005890,754-664-2420,15-Jun-2025,"($44,110.48)",Debit Card,POS Purchase
TXN0005054,885-680-0078,11-Jun-2025,"($33,026.03)",Debit Card,POS PURCHASE
TXN0003187,152-819-4245,01/19/2025,"$15,223.95",Internal Transfer,Account Transfer
TXN0003454,436-100-1622,02/21/2025,"($32,517.92)",Wire Transfer,OUTGOING WIRE
TXN0004731,826-527-0196,06/01/2025,"($20,698.53)",ACH Debit,Vendor Payment
TXN0000373,218-596-7890,22-Feb-2025,"($33,560.67)",ATM Withdrawal,ATM CASH WITHDRAWAL
TXN0002835,438-223-1169,04/03/2025,"$32,834.85",ACH Credit,Payroll Deposit
TXN0004829,588-191-6593,02/16/2025,"$25,003.78",Check Deposit,Check Deposit
TXN0003962,698-910-2828,24-May-2025,"$35,345.74",Check Deposit,Check Deposit
TXN0002959,284-354-3200,14-Apr-2025,"($34,475.74)",Wire Transfer,Outgoing Wire
TXN0005043,589-743-5636,14-Jan-2025,"($27,539.50)",Internal Transfer,Account Transfer
TXN0000345,508-950-0205,27-Mar-2025,"($10,151.82)",ACH Debit,Vendor Payment
TXN0002049,201-784-0269,03/02/2025,"$23,793.58",ATM Withdrawal,ATM Cash Withdrawal
TXN0004314,497-571-5352,03/06/2025,"($15,675.03)",Wire Transfer,OUTGOING WIRE
TXN0003644,764-532-2026,02/07/2025,"($10,424.13)",Internal Transfer,ACCOUNT TRANSFER
TXN0003550, 117-532-1974 ,01/13/2025,"($35,842.85)",Wire Transfer,Outgoing Wire
TXN0002561,582-821-7560,13-Jan-2025,"($5,121.89)",ACH Debit,Vendor Payment
 TXN0005791,633-593-6321,17-Apr-2025,"($32,818.46)",Wire Transfer,OUTGOING WIRE
TXN0003903, 429-735-3127 ,01/10/2025,"($20,938.29)",Wire Transfer,Incoming Wire
TXN0002704,364-801-1128,03/05/2025,"($23,352.32)",Internal Transfer,ACCOUNT TRANSFER
fee00010,763-021-9447,01/15/2025,($22.19),Service Charge,NSF Fee
TXN0005328,374-409-8914,17-Feb-2025,"($31,566.92)",Internal Transfer,Account Transfer
TXN0001447,549-485-0506,03/23/2025,"($35,801.50)",Wire Transfer,INCOMING WIRE
TXN0005414,224-927-8689,03/24/2025,"$15,856.00",Check Deposit,Check Deposit
TXN0005914,979-694-7823,17-Jan-2025,"$26,478.18",Check Deposit,Check Deposit
TXN0005218,186-115-7683,05/22/2025,($479.94),ATM Withdrawal,ATM Cash Withdrawal
TXN0000710,808-515-1554,05-Feb-2025,"($28,766.26)",ACH Debit,Vendor Payment
TXN0005203,618-260-6333,20-Mar-2025,"($12,819.43)",Wire Transfer,OUTGOING WIRE
TXN0001594,842-381-1407,07/02/2025,"($7,960.24)",Wire Transfer,Incoming Wire
TXN0003083,691-992-6079,04/30/2025,"($15,345.41)",Wire Transfer,Outgoing Wire
TXN0002082, 305-651-8880 ,08-Jan-2025,"$5,017.44",Check Deposit,Check Deposit
TXN0001904,201-121-1263,04/19/2025,"$3,295.72",ACH Credit,PAYROLL DEPOSIT
 TXN0003335,965-771-0435,03-Jun-2025,"($11,882.45)",ACH Debit,Vendor Payment
txn0004756,400-546-3955,31-May-2025,"($40,945.27)",Debit Card,POS Purchase
TXN0004232,388-716-4959,02/09/2025,"($24,302.25)",ATM Withdrawal,ATM CASH WITHDRAWAL
TXN0000176,441-047-9879,01/23/2025,"$41,997.93",Internal Transfer,Account Transfer
TXN0005410,610-583-9546,05/13/2025,"($14,606.78)",Wire Transfer,Incoming Wire
TXN0004195,280-814-5804,22-Mar-2025,"$16,195.23",ACH Credit,Payroll Deposit
TXN0000094,328-355-1461,06/21/2025,"($19,614.71)",Wire Transfer,Outgoing Wire
TXN0005944,359-436-5245,02/02/2025,"($8,882.52)",Wire Transfer,INCOMING WIRE
TXN0004888,865-100-7495,04/21/2025,"($1,190.89)",Debit Card,POS Purchase
TXN0005305,751-202-9260,05/27/2025,"$24,983.15",Check Deposit,Check Deposit
TXN0004929,668-028-4851,06/13/2025,"($44,964.28)",Internal Transfer,Account Transfer
TXN0004833,644-912-8886,06/19/2025,"($28,878.03)",Wire Transfer,INCOMING WIRE
TXN0000834,430-361-9170,24-May-2025,"($11,845.54)",Wire Transfer,Outgoing Wire
TXN0005025,237-161-0703,06/17/2025,"$38,160.85",ACH Debit,Vendor Payment
TXN0004284, 981-885-6508 ,09-Mar-2025,"($33,617.70)",Wire Transfer,Outgoing Wire
TXN0001694,881-548-0150,03-Apr-2025,"($29,881.23)",Wire Transfer,Incoming Wire
TXN0002636,461-611-9068,03/21/2025,"($43,790.75)",Debit Card,POS PURCHASE
TXN0002343,980-716-2561,05/14/2025,"$44,354.44",Check Deposit,Check Deposit
TXN0002111,961-114-4139,05/16/2025,"($9,939.02)",ATM Withdrawal,ATM CASH WITHDRAWAL
txn0005453,963-988-3333,27-Apr-2025,"$20,605.63",Internal Transfer,Account Transfer
TXN0005285,495-071-1461,25-Jun-2025,"($40,379.89)",Internal Transfer,Account Transfer
TXN0000217, 898-662-3105 ,25-Mar-2025,"($16,320.07)",Wire Transfer,Incoming Wire
TXN0002448,328-979-4141,26-Apr-2025,"($8,976.21)",ATM Withdrawal,ATM Cash Withdrawal
txn0004488,441-618-2406,03/09/2025,"($23,173.76)",ACH Debit,VENDOR PAYMENT
TXN0004125,317-867-0398,25-Feb-2025,"$24,529.88",Internal Transfer,Account Transfer
TXN0000669,193-669-8441,05/24/2025,"($13,071.56)",Wire Transfer,INCOMING WIRE
txn0005254,582-004-3854,01/20/2025,"$41,539.79",Check Deposit,Check Deposit
TXN0000364,386-203-1352,02/06/2025,"$41,743.56",Check Deposit,CHECK DEPOSIT
TXN0003008,313-160-5207,02/14/2025,"($24,472.41)",ATM Withdrawal,ATM Cash Withdrawal
txn0004332,996-509-5972,23-Apr-2025,"$36,949.60",Check Deposit,CHECK DEPOSIT
FEE00096,679-904-0880,06-May-2025,($44.38),Service Charge,Wire Fee
TXN0002911,695-014-9144,26-Apr-2025,"($8,486.38)",Debit Card,POS Purchase
txn0003821,917-713-1365,05-Jun-2025,"($44,187.48)",Internal Transfer,Account Transfer
TXN0000462,755-834-4534,05/29/2025,"($43,605.26)",ACH Debit,VENDOR PAYMENT
TXN0005150,316-379-9883,05/30/2025,"$34,578.50",ACH Credit,Payroll Deposit
TXN0004531, 579-972-6034 ,08-May-2025,"($26,143.06)",Wire Transfer,Outgoing Wire
txn0001662,341-649-1807,05/22/2025,"$15,392.96",ACH Credit,Payroll Deposit
TXN0002231,626-470-9279,03/07/2025,"$7,388.04",Internal Transfer,Account Transfer
TXN0003540,520-838-4116,27-Jun-2025,"$30,273.67",Internal Transfer,ACCOUNT TRANSFER
TXN0004356,684-141-0573,04/20/2025,"($35,353.84)",ATM Withdrawal,ATM Cash Withdrawal
TXN0004742,115-497-8177,01/17/2025,"($38,092.93)",ATM Withdrawal,ATM Cash Withdrawal
TXN0005826, 949-961-0196 ,21-Jun-2025,"($19,556.68)",Debit Card,POS Purchase
TXN0005049, 485-151-8260 ,01/27/2025,"($24,893.66)",ATM Withdrawal,ATM Cash Withdrawal
TXN0003011,455-106-3203,02-Mar-2025,"($4,315.48)",Wire Transfer,INCOMING WIRE
FEE00056,470-350-1337,14-Apr-2025,($52.29),Service Charge,Monthly Maintenance Fee
TXN0004240,899-407-2472,04/12/2025,"($35,223.28)",Wire Transfer,Incoming Wire
TXN0002067,915-599-5589,01/18/2025,"$43,359.94",Check Deposit,Check Deposit
TXN0005733,940-853-8702,04/28/2025,"$44,336.08",Check Deposit,Check Deposit
TXN0005307, 693-820-0491 ,04/09/2025,"($22,204.76)",ATM Withdrawal,ATM Cash Withdrawal
TXN0004959,459-499-1701,01/14/2025,"$9,057.19",ACH Credit,PAYROLL DEPOSIT
 TXN0003157,158-696-6007,08-Jun-2025,"($17,181.49)",ATM Withdrawal,ATM Cash Withdrawal
TXN0002488,476-302-4059,12-Jun-2025,"$25,997.73",Check Deposit,CHECK DEPOSIT
TXN0003680,785-442-9500,04/03/2025,"$7,842.29",Check Deposit,Check Deposit
TXN0002297,585-215-5116,09-Mar-2025,"($22,020.18)",Wire Transfer,Outgoing Wire
TXN0003469,840-241-2474,02/01/2025,"($35,737.48)",Debit Card,POS PURCHASE
TXN0005870,555-989-9127,06/06/2025,"($32,963.88)",ACH Debit,VENDOR PAYMENT
TXN0000211, 712-736-3129 ,04/12/2025,"($9,960.14)",ACH Debit,Vendor Payment
TXN0002395,794-989-6941,10-May-2025,"$21,969.70",ACH Credit,Payroll Deposit
TXN0003036,278-187-0366,04-Mar-2025,"($17,146.29)",ACH Debit,Vendor Payment
TXN0004592,571-365-4951,19-Apr-2025,"($36,862.52)",ATM Withdrawal,ATM Cash Withdrawal
TXN0003218,230-753-0238,04/25/2025,"($16,516.77)",ATM Withdrawal,ATM Cash Withdrawal
TXN0005300,284-126-4555,05/16/2025,"($1,412.74)",Wire Transfer,INCOMING WIRE
txn0002503,502-927-8097,24-May-2025,"($34,846.60)",Wire Transfer,Outgoing Wire
TXN0002792,168-905-9845,01/16/2025,"($35,914.77)",Wire Transfer,Outgoing Wire
TXN0005215,868-176-0165,02/13/2025,"$7,748.15",ACH Credit,Payroll Deposit
TXN0005793,826-654-6548,05/30/2025,"($26,403.44)",ACH Debit,Vendor Payment
TXN0002667, 648-316-5391 ,04/14/2025,"$36,799.87",ACH Credit,PAYROLL DEPOSIT
TXN0001277,275-603-7922,06/07/2025,"($2,659.58)",ACH Debit,Vendor Payment
 TXN0001168,684-619-7101,26-Mar-2025,"($16,876.88)",ACH Debit,Vendor Payment
TXN0003732,178-595-9804,03/12/2025,"$21,599.77",Check Deposit,Check Deposit
TXN0002116,226-311-5278,01/30/2025,"($28,360.76)",Debit Card,POS PURCHASE
TXN0003049,737-570-4879,22-May-2025,"($26,031.06)",Wire Transfer,Incoming Wire
TXN0005127,562-015-2543,26-Apr-2025,"$6,416.12",ACH Credit,Payroll Deposit
TXN0000365,414-449-1168,18-Mar-2025,"$8,279.67",ACH Credit,Payroll Deposit
 TXN0001876,513-392-6285,05/21/2025,"($35,100.90)",Wire Transfer,OUTGOING WIRE
txn0003406,600-953-3356,04/30/2025,"($38,075.48)",Internal Transfer,Account Transfer
TXN0001430,125-754-6801,11-Feb-2025,"$30,359.49",Internal Transfer,Account Transfer
TXN0001015,764-941-1009,01/10/2025,"($18,642.51)",ATM Withdrawal,ATM Cash Withdrawal
TXN0005276,638-721-7713,06/24/2025,"($18,390.50)",Debit Card,POS Purchase
TXN0005915,609-571-3586,06-Jan-2025,"($28,346.04)",ATM Withdrawal,ATM CASH WITHDRAWAL
txn0001313,765-102-0216,02/11/2025,"($26,963.82)",Debit Card,POS PURCHASE
TXN0002872,920-789-9416,04/08/2025,"($35,591.07)",ACH Debit,Vendor Payment
TXN0000550,559-821-8706,06/06/2025,"($8,444.15)",ATM Withdrawal,ATM Cash Withdrawal
txn0001743,773-054-5835,05/15/2025,"($21,016.81)",Wire Transfer,Incoming Wire
TXN0002762,394-859-2007,04/09/2025,"($1,669.44)",ATM Withdrawal,ATM CASH WITHDRAWAL
TXN0004701,953-764-1506,08-Jun-2025,"($15,901.94)",Wire Transfer,INCOMING WIRE
TXN0003946,539-839-6324,28-Apr-2025,"($18,329.49)",Wire Transfer,Incoming Wire
txn0001438,869-990-3430,01/29/2025,"$15,610.77",ACH Credit,Payroll Deposit
TXN0000694,905-349-5128,04/07/2025,"($17,632.94)",ACH Debit,Vendor Payment
TXN0000189,246-895-6225,03/08/2025,"($1,893.46)",Wire Transfer,OUTGOING WIRE
TXN0000567,947-650-1229,30-May-2025,"$41,975.53",Check Deposit,Check Deposit
TXN0001169,514-276-0635,06/05/2025,"($21,010.13)",ACH Debit,VENDOR PAYMENT
TXN0002676,564-613-8143,18-Mar-2025,"$28,220.02",ACH Credit,Payroll Deposit
TXN0004079,874-015-6259,01/20/2025,"($36,111.41)",ATM Withdrawal,ATM Cash Withdrawal
TXN0004711,598-066-0500,03/07/2025,"($5,601.13)",ACH Debit,VENDOR PAYMENT
TXN0000852,554-133-6950,24-Apr-2025,($408.53),ACH Debit,Vendor Payment
TXN0000269,162-293-4890,01/09/2025,"$25,327.87",ACH Credit,Payroll Deposit
TXN0005857,659-216-4352,14-Jan-2025,"($26,654.41)",ATM Withdrawal,ATM Cash Withdrawal
TXN0005128,140-501-7968,13-Jun-2025,"($41,740.98)",ATM Withdrawal,ATM Cash Withdrawal
TXN0004761,476-190-7381,13-Mar-2025,"($10,521.53)",ACH Debit,VENDOR PAYMENT
TXN0003116,824-730-4716,02/01/2025,"($43,507.09)",Wire Transfer,OUTGOING WIRE
TXN0001806,399-440-4752,02/12/2025,"$41,394.31",ACH Credit,PAYROLL DEPOSIT
TXN0000894,186-645-2875,24-Jan-2025,"($11,398.97)",Internal Transfer,Account Transfer
TXN0005580,225-829-0284,14-Feb-2025,"($35,568.98)",Internal Transfer,Account Transfer
TXN0005559, 882-221-2146 ,31-Jan-2025,"($34,629.02)",Internal Transfer,Account Transfer
TXN0000749,570-445-4235,10-Feb-2025,"$4,813.62",Check Deposit,CHECK DEPOSIT
TXN0004420,554-585-6677,02/02/2025,"($38,425.06)",Wire Transfer,OUTGOING WIRE
txn0002665,980-551-6486,02/08/2025,"($33,524.52)",Debit Card,POS Purchase
TXN0005303,725-360-9093,13-Apr-2025,"($25,846.82)",Wire Transfer,OUTGOING WIRE
TXN0004876,943-803-5646,04/26/2025,"($38,357.37)",Internal Transfer,Account Transfer
txn0001634, 654-072-8631 ,03/09/2025,"($7,069.79)",ATM Withdrawal,ATM Cash Withdrawal
txn0004874,440-894-9045,07-Jun-2025,"($7,396.70)",Wire Transfer,OUTGOING WIRE
txn0000386,408-410-6586,01/11/2025,"$22,404.58",Check Deposit,Check Deposit
TXN0000870,824-053-9220,04/16/2025,"($17,467.31)",Wire Transfer,OUTGOING WIRE
TXN0001170,646-102-7899,06-Jun-2025,"($41,556.30)",Debit Card,POS PURCHASE
TXN0001896,201-383-7675,05/16/2025,"($31,271.13)",Wire Transfer,Outgoing Wire
TXN0002402,258-476-1890,04/16/2025,"($14,000.45)",ACH Debit,Vendor Payment
FEE00059,410-541-3625,03/30/2025,($16.59),Service Charge,NSF Fee
TXN0001218, 950-807-9818 ,02/11/2025,"($25,249.79)",ATM Withdrawal,ATM Cash Withdrawal
TXN0001197,404-369-9098,18-Jan-2025,$768.92,Check Deposit,Check Deposit
TXN0001128,199-881-2303,18-Mar-2025,"$10,025.62",ACH Credit,Payroll Deposit
TXN0003027,137-994-8232,02/20/2025,"($1,504.45)",Internal Transfer,Account Transfer
 TXN0005578,423-399-3754,04/21/2025,"$7,856.55",Wire Transfer,Outgoing Wire
TXN0002051,886-064-7395,09-Jun-2025,"($11,284.48)",ACH Debit,Vendor Payment
TXN0003439,888-139-8742,04/03/2025,"($5,585.07)",Wire Transfer,Outgoing Wire
 TXN0002720,669-968-9696,02/24/2025,"($39,251.67)",Wire Transfer,Outgoing Wire
TXN0000553, 951-796-0238 ,09-Feb-2025,($380.12),Internal Transfer,ACCOUNT TRANSFER
TXN0000429,556-293-5917,01/19/2025,"($18,636.80)",ATM Withdrawal,ATM CASH WITHDRAWAL
TXN0001059,758-946-5283,01/09/2025,"($10,866.15)",Wire Transfer,Incoming Wire
TXN0003966,406-149-9961,09-Jun-2025,"$35,922.75",Internal Transfer,Account Transfer
 TXN0002334,502-529-2712,11-Mar-2025,"$5,669.73",ACH Credit,Payroll Deposit
TXN0005318,212-596-1997,01/27/2025,"($30,533.44)",Wire Transfer,Outgoing Wire
 TXN0002146,865-240-6636,02/18/2025,"($20,702.10)",Debit Card,POS Purchase
TXN0002501,733-893-8624,23-Apr-2025,"($17,622.81)",Internal Transfer,Account Transfer
TXN0001520,832-265-0994,12-Apr-2025,"$2,921.80",ACH Credit,Payroll Deposit
TXN0005962,477-099-4956,01/11/2025,"($34,785.21)",Wire Transfer,Outgoing Wire
TXN0001094,557-151-7186,06/22/2025,"($35,801.30)",ACH Debit,VENDOR PAYMENT
TXN0005339,102-401-8840,28-Jan-2025,"$29,309.94",ACH Credit,Payroll Deposit
TXN0001632, 733-958-1358 ,04/06/2025,"$31,978.79",Internal Transfer,Account Transfer
TXN0004781,483-049-8794,13-Apr-2025,"$2,217.77",Check Deposit,CHECK DEPOSIT
TXN0001592,618-129-6743,09-May-2025,"$22,796.00",Check Deposit,Check Deposit
TXN0002537,969-277-7654,01/27/2025,"$5,878.06",Check Deposit,Check Deposit
txn0001668,702-907-8369,04/27/2025,"($5,016.09)",ATM Withdrawal,ATM CASH WITHDRAWAL
TXN0003031,519-388-5207,29-Apr-2025,"($28,185.66)",ACH Debit,VENDOR PAYMENT
txn0000552,981-361-7999,03/25/2025,"$40,907.44",ACH Credit,PAYROLL DEPOSIT
txn0005461,168-514-6748,05/09/2025,"$30,887.74",Internal Transfer,Account Transfer
TXN0003577,648-340-1968,17-Jun-2025,"$27,103.72",Internal Transfer,Account Transfer
 TXN0003458,182-516-5927,01/23/2025,($399.90),Wire Transfer,Incoming Wire
TXN0001729,216-111-9457,04/24/2025,"($23,369.34)",Wire Transfer,Incoming Wire
TXN0004075,864-771-8552,04-Feb-2025,"($35,846.89)",ATM Withdrawal,ATM CASH WITHDRAWAL
 TXN0000764,154-901-0529,28-Apr-2025,"($7,658.91)",ATM Withdrawal,ATM Cash Withdrawal
 TXN0002201,788-931-6033,05/22/2025,"($16,574.04)",Internal Transfer,ACCOUNT TRANSFER
txn0002915,655-636-1211,06-Mar-2025,"($44,927.98)",Debit Card,POS Purchase
TXN0000351,921-877-1484,28-Apr-2025,"$7,604.89",Internal Transfer,Account Transfer
TXN0001601, 689-864-4020 ,05/13/2025,"($37,133.53)",ACH Debit,Vendor Payment
TXN0001734,603-225-4145,02/08/2025,"($30,000.69)",Internal Transfer,Account Transfer
TXN0002399,879-711-0455,02/01/2025,"($32,180.50)",ATM Withdrawal,ATM Cash Withdrawal
txn0000590, 584-662-0229 ,19-May-2025,"$34,764.45",Check Deposit,Check Deposit
txn0002954,800-293-3182,13-Jun-2025,"($36,235.04)",ACH Debit,Vendor Payment
TXN0003835,498-090-8688,05/26/2025,"($42,727.69)",ACH Debit,Vendor Payment
txn0000349,954-923-6801,04/13/2025,"($19,501.53)",Wire Transfer,Incoming Wire
 TXN0002347,414-078-3471,02/05/2025,"($23,673.44)",Internal Transfer,Account Transfer
TXN0000274,786-290-4587,01/14/2025,"($22,507.23)",Internal Transfer,ACCOUNT TRANSFER
 TXN0005903,365-619-0688,06/03/2025,"($19,900.51)",ATM Withdrawal,ATM Cash Withdrawal
TXN0004095,130-106-1043,06/02/2025,"($32,796.94)",Debit Card,POS PURCHASE
TXN0004882,981-293-9199,01/09/2025,"$6,395.08",Internal Transfer,Account Transfer
 FEE00022, 168-244-1161 ,25-Jun-2025,($9.20),Service Charge,Overdraft Fee
TXN0003926,515-489-7676,06/14/2025,"$12,910.22",ACH Credit,Payroll Deposit
TXN0000962,867-591-2554,17-Mar-2025,"($32,848.02)",Wire Transfer,INCOMING WIRE
TXN0004013,548-833-1519,29-Jun-2025,"($31,904.01)",Wire Transfer,Incoming Wire
TXN0002090,719-962-5049,04/13/2025,"($2,534.27)",ACH Debit,VENDOR PAYMENT
TXN0001475,484-032-8629,01/03/2025,"($29,818.08)",Wire Transfer,Outgoing Wire
TXN0001699,433-071-0204,15-Apr-2025,"$38,108.19",ACH Credit,Payroll Deposit
TXN0003235,300-325-6758,23-Feb-2025,"($4,242.27)",Wire Transfer,Incoming Wire
FEE00014,770-546-1794,06/03/2025,($39.74),Service Charge,Wire Fee
TXN0000308,553-676-9590,02/04/2025,"$19,780.53",Internal Transfer,Account Transfer
TXN0001148,769-992-0592,01/26/2025,"$16,617.45",Internal Transfer,ACCOUNT TRANSFER
TXN0000196,676-877-8413,10-Feb-2025,"($43,935.63)",ATM Withdrawal,ATM Cash Withdrawal
TXN0003883,199-161-7425,20-Jan-2025,"$12,740.95",Check Deposit,Check Deposit
TXN0005990,958-453-2255,20-Apr-2025,"($42,191.99)",Debit Card,POS Purchase
TXN0005475, 112-355-2023 ,04/25/2025,"$6,787.32",Internal Transfer,Account Transfer
TXN0003282,310-341-4956,06/24/2025,"$1,114.93",ACH Credit,Payroll Deposit
TXN0003741,796-819-4796,27-Jan-2025,"$10,050.13",Check Deposit,Check Deposit
TXN0002649,131-240-0081,02/06/2025,"($30,231.95)",ATM Withdrawal,ATM Cash Withdrawal
 txn0005609,215-482-5335,24-Jan-2025,"($1,322.93)",Wire Transfer,Incoming Wire
TXN0001133, 902-392-0851 ,05/18/2025,"($18,864.36)",Debit Card,POS Purchase
TXN0004788,942-358-8079,09-Feb-2025,"($16,181.86)",ACH Debit,Vendor Payment
 TXN0001934,695-554-9970,06/01/2025,"$29,317.45",ACH Credit,Payroll Deposit
 txn0000659, 227-086-4938 ,02/27/2025,"($23,814.97)",Wire Transfer,OUTGOING WIRE
TXN0001441,935-828-6886,22-May-2025,"$23,454.89",Check Deposit,CHECK DEPOSIT
 TXN0000454,966-405-2253,18-Jan-2025,"($16,658.74)",ACH Debit,VENDOR PAYMENT
TXN0002524,722-882-2346,02/15/2025,"$9,890.54",Internal Transfer,Account Transfer
TXN0003602,306-315-9011,03/05/2025,"($17,440.31)",ATM Withdrawal,ATM CASH WITHDRAWAL
TXN0004345,248-168-7665,06/05/2025,"($38,400.58)",ACH Debit,Vendor Payment
TXN0002305,215-030-6319,04/27/2025,"($23,935.90)",ATM Withdrawal,ATM Cash Withdrawal
TXN0005611,575-340-7040,05/12/2025,"$41,545.42",Check Deposit,Check Deposit
FEE00045,879-276-6990,01/24/2025,$65.87,Interest Payment,Interest Credit
TXN0003849,361-465-2346,01/04/2025,"$25,748.64",Check Deposit,Check Deposit
txn0001726,926-518-8480,06/10/2025,"$36,570.51",ACH Credit,Payroll Deposit
TXN0004764,639-333-8303,01-Jun-2025,"($33,882.26)",Wire Transfer,Outgoing Wire
fee00127,913-877-7518,07-Mar-2025,$61.20,Interest Payment,Interest Credit
TXN0002392,201-074-2065,14-May-2025,"($13,255.62)",Wire Transfer,Incoming Wire
TXN0003097,850-757-0633,03/03/2025,"($42,584.86)",ATM Withdrawal,ATM CASH WITHDRAWAL
TXN0005039,478-480-6890,04-Feb-2025,"($15,821.87)",ACH Debit,Vendor Payment
TXN0005142,970-402-8895,04/22/2025,"$26,805.19",ACH Credit,Payroll Deposit
TXN0003584,112-004-0605,01/06/2025,"($11,824.87)",Debit Card,POS PURCHASE
 TXN0000799,576-542-4629,06/12/2025,"($32,952.14)",Wire Transfer,Incoming Wire
TXN0002486,317-912-4949,06-Mar-2025,"$2,107.89",Check Deposit,CHECK DEPOSIT
TXN0004915,559-816-5232,01/04/2025,"($26,081.52)",ACH Debit,Vendor Payment
TXN0004507,679-719-9696,04/12/2025,"($40,826.65)",ATM Withdrawal,ATM Cash Withdrawal
TXN0001986,704-059-9739,02/21/2025,"($39,110.06)",Wire Transfer,Outgoing Wire
TXN0002969,762-111-5022,02/18/2025,"$40,160.93",ACH Credit,Payroll Deposit
TXN0001366,659-655-0648,02/04/2025,"$27,156.47",ACH Credit,PAYROLL DEPOSIT
TXN0004983,220-082-2515,11-Jun-2025,"($3,974.93)",Wire Transfer,Outgoing Wire
TXN0001855,748-092-2423,01/29/2025,"($7,910.01)",ATM Withdrawal,ATM CASH WITHDRAWAL
TXN0003781,537-358-4186,25-Apr-2025,"($11,534.00)",Debit Card,POS PURCHASE
TXN0004275,922-899-5468,29-May-2025,"$6,766.34",ACH Credit,Payroll Deposit
TXN0000827, 781-184-1381 ,03/08/2025,"($5,400.37)",Debit Card,POS PURCHASE
TXN0000394, 438-870-1992 ,01/21/2025,"$26,956.41",Check Deposit,Check Deposit
TXN0003301,822-041-7151,22-May-2025,"($25,789.62)",Debit Card,POS PURCHASE
TXN0001479,759-702-8702,22-May-2025,"($15,494.88)",Wire Transfer,Outgoing Wire
TXN0005002,188-516-1101,05/07/2025,"$37,664.82",Internal Transfer,Account Transfer
TXN0002455,948-984-1573,03/20/2025,"$13,350.23",Check Deposit,CHECK DEPOSIT
TXN0003193,364-186-0754,05/08/2025,"($26,295.17)",ACH Debit,Vendor Payment
TXN0002923,754-140-5059,01/23/2025,"($43,586.52)",Wire Transfer,Outgoing Wire
TXN0001040,846-322-5076,02/13/2025,"($17,683.29)",Wire Transfer,Outgoing Wire
txn0000587,707-530-7854,02-May-2025,"($33,821.31)",Wire Transfer,Incoming Wire
fee00121,575-863-2231,03/22/2025,($72.11),Service Charge,Overdraft Fee
txn0003086,313-875-9045,05/11/2025,"$42,744.42",ACH Credit,Payroll Deposit
txn0003614,105-165-9055,11-Apr-2025,"($34,612.73)",ACH Debit,Vendor Payment
TXN0005507,933-976-0733,09-Jan-2025,"($13,502.50)",Wire Transfer,OUTGOING WIRE
txn0003151,301-583-6427,30-Jan-2025,"($40,651.82)",ACH Debit,VENDOR PAYMENT
txn0001011,622-530-4547,03/17/2025,"$28,168.51",Internal Transfer,Account Transfer
 TXN0001388,265-579-7061,06/01/2025,"($26,776.61)",Wire Transfer,Outgoing Wire
TXN0005196,479-883-7145,22-Jun-2025,"($30,095.27)",ATM Withdrawal,ATM Cash Withdrawal
TXN0002771,274-402-4216,03/04/2025,"$43,676.74",Check Deposit,Check Deposit
TXN0002020,431-808-2863,26-May-2025,"$4,832.01",Check Deposit,Check Deposit
txn0005551,235-520-8008,04/18/2025,"$16,515.07",ATM Withdrawal,ATM Cash Withdrawal
TXN0001462,150-682-9593,01/10/2025,"$43,015.24",ACH Credit,Payroll Deposit
TXN0002484,566-816-7017,07-Apr-2025,"$8,583.13",Check Deposit,Check Deposit
TXN0001129,341-819-1975,06/27/2025,"($20,118.64)",Wire Transfer,OUTGOING WIRE
TXN0000641,306-362-3217,05/28/2025,"($11,701.49)",Wire Transfer,OUTGOING WIRE
TXN0001608,190-099-6832,01/08/2025,"($13,430.98)",ATM Withdrawal,ATM Cash Withdrawal
TXN0005866,112-212-3180,06/16/2025,"($20,044.29)",Wire Transfer,Outgoing Wire
 TXN0002582,977-089-2506,09-Apr-2025,"($6,513.10)",ATM Withdrawal,ATM Cash Withdrawal
TXN0004504,347-260-1076,04/13/2025,"($14,472.04)",Wire Transfer,Incoming Wire
TXN0000729,728-670-1967,07-May-2025,"$23,386.61",Internal Transfer,ACCOUNT TRANSFER
TXN0003582,889-481-2194,02/07/2025,"($2,664.75)",Internal Transfer,ACCOUNT TRANSFER
TXN0001642,218-071-0638,01/22/2025,"($17,495.37)",ACH Debit,VENDOR PAYMENT
TXN0001003,998-811-4018,03/21/2025,"($3,054.06)",Internal Transfer,ACCOUNT TRANSFER
TXN0000427,854-570-6415,06-Apr-2025,"($44,745.20)",Wire Transfer,OUTGOING WIRE
TXN0001661,167-434-3623,05/15/2025,"($33,566.26)",Wire Transfer,Incoming Wire
TXN0003840,947-528-5903,06/04/2025,"($43,193.09)",ACH Debit,Vendor Payment
TXN0002322, 975-342-1875 ,07-Jan-2025,"($42,172.99)",Wire Transfer,OUTGOING WIRE
TXN0004850,322-811-9902,03-Feb-2025,"$33,861.86",Internal Transfer,Account Transfer
TXN0004016,577-688-8599,06-Apr-2025,"($39,662.92)",Wire Transfer,Outgoing Wire
FEE00131,925-647-0863,01/19/2025,($24.92),Service Charge,Overdraft Fee
TXN0004093,236-734-5957,02-Apr-2025,"($17,623.93)",ACH Debit,Vendor Payment
TXN0002246,888-384-7248,03/10/2025,"$29,878.84",ACH Credit,PAYROLL DEPOSIT
TXN0000380,965-250-0503,11-May-2025,"($6,230.58)",Debit Card,POS Purchase
TXN0003867,663-434-8391,03/29/2025,"($8,701.89)",Wire Transfer,Incoming Wire
 TXN0003323,907-770-8189,02/19/2025,"$35,145.74",Internal Transfer,Account Transfer
TXN0001358,639-829-2553,03/23/2025,"($42,971.65)",ATM Withdrawal,ATM Cash Withdrawal
TXN0004165,182-213-7343,02/12/2025,"($2,495.13)",ACH Debit,VENDOR PAYMENT
TXN0002857,668-359-6976,03/18/2025,"$36,408.34",ACH Credit,Payroll Deposit
TXN0004967,492-589-3253,05-Jun-2025,"($8,998.66)",ATM Withdrawal,ATM Cash Withdrawal
TXN0004196,694-547-7977,04/28/2025,"$4,245.40",ACH Credit,Payroll Deposit
TXN0000203,181-334-6513,11-Mar-2025,"$8,284.63",ACH Credit,Payroll Deposit
TXN0004438,173-474-3838,02/05/2025,"($40,295.82)",Wire Transfer,Incoming Wire
TXN0000117,771-653-6547,21-Jun-2025,"($16,524.08)",Debit Card,POS Purchase
 TXN0000387,756-134-5754,21-Mar-2025,"($22,562.37)",Wire Transfer,Incoming Wire
TXN0004477,520-980-1900,05/18/2025,"($28,957.77)",Internal Transfer,Account Transfer
TXN0005057,632-971-2410,02/22/2025,"$36,407.81",Check Deposit,Check Deposit
TXN0004033,550-208-5725,03/27/2025,"($17,467.40)",Debit Card,POS Purchase
TXN0001323,212-835-6782,04/06/2025,"$23,818.58",Check Deposit,Check Deposit
TXN0003868,239-848-1253,19-Jun-2025,"($32,604.69)",Wire Transfer,INCOMING WIRE
TXN0004449, 518-339-6437 ,05/31/2025,"($34,279.48)",ACH Debit,Vendor Payment
TXN0002115, 390-672-5444 ,01-Jun-2025,"($14,601.53)",ATM Withdrawal,ATM CASH WITHDRAWAL
 TXN0000015,439-530-9096,08-Apr-2025,"($28,132.60)",Internal Transfer,Account Transfer
txn0000559,985-095-3561,02/17/2025,"$40,339.63",Internal Transfer,ACCOUNT TRANSFER
TXN0003420,574-599-2752,02/27/2025,"($17,756.88)",ATM Withdrawal,ATM Cash Withdrawal
TXN0000624,464-186-7128,06/24/2025,"($11,084.11)",Wire Transfer,Outgoing Wire
TXN0000731,573-842-5089,01/16/2025,"($29,848.68)",Debit Card,POS Purchase
TXN0004304,110-468-1988,06/18/2025,"($32,139.07)",ATM Withdrawal,ATM Cash Withdrawal
TXN0005879,515-229-0983,20-May-2025,"($6,327.43)",Wire Transfer,Incoming Wire
 TXN0003715,531-324-4003,03/02/2025,"($37,127.71)",Internal Transfer,ACCOUNT TRANSFER
TXN0000074,429-364-4668,06/09/2025,"($41,461.58)",ATM Withdrawal,ATM Cash Withdrawal
TXN0004168,379-429-7663,06/17/2025,"($32,399.29)",ATM Withdrawal,ATM CASH WITHDRAWAL
txn0001865,782-185-0789,10-Jan-2025,"($36,749.26)",Wire Transfer,Incoming Wire
TXN0003751,838-155-6487,02/17/2025,"($32,902.89)",ACH Debit,Vendor Payment
txn0004118,245-064-2765,31-Jan-2025,"($16,601.04)",Debit Card,POS Purchase
TXN0003273,183-253-1111,05-May-2025,"($22,109.31)",Wire Transfer,Incoming Wire
txn0003362,584-314-8864,14-Jan-2025,"($25,005.77)",Debit Card,POS PURCHASE
 TXN0003958,247-286-5151,04/06/2025,"($15,899.89)",ACH Debit,VENDOR PAYMENT
txn0002043,869-372-3858,13-Jan-2025,"($35,206.87)",Wire Transfer,OUTGOING WIRE
txn0004434,946-283-3564,22-Jan-2025,"($23,540.44)",Debit Card,POS Purchase
txn0003337,420-403-9317,01/26/2025,"($35,590.43)",Wire Transfer,Outgoing Wire
TXN0004413,830-173-5868,02/08/2025,"($12,799.56)",ACH Debit,Vendor Payment
txn0005371,528-461-8155,03/25/2025,"($21,811.06)",ACH Debit,Vendor Payment
TXN0003704, 218-033-7460 ,27-May-2025,"$33,776.88",Check Deposit,Check Deposit
txn0003068,753-985-5813,21-May-2025,"$38,848.23",Check Deposit,Check Deposit
TXN0003106,422-856-2822,20-Apr-2025,"$9,130.21",ACH Credit,PAYROLL DEPOSIT
TXN0003768,277-936-7655,01/04/2025,"($41,255.22)",ATM Withdrawal,ATM Cash Withdrawal
TXN0005193,942-923-2733,01/31/2025,"$18,521.53",Wire Transfer,OUTGOING WIRE
TXN0003780,428-448-7746,21-May-2025,"($7,815.74)",Wire Transfer,Incoming Wire
TXN0004694, 845-449-8401 ,06/27/2025,"$10,433.92",Check Deposit,Check Deposit
 TXN0003452,477-892-2941,03/28/2025,"$32,737.22",Check Deposit,Check Deposit
txn0004185,534-045-7015,01/14/2025,($147.50),Debit Card,POS Purchase
txn0003257,587-058-9758,02-May-2025,"($25,997.04)",Debit Card,POS PURCHASE
TXN0003976,506-169-4969,14-Jun-2025,"($17,607.06)",Wire Transfer,Incoming Wire
txn0004796,455-542-7085,03/07/2025,"($16,373.18)",Wire Transfer,Incoming Wire
TXN0005537,505-769-0445,05/02/2025,"($32,744.06)",ATM Withdrawal,ATM Cash Withdrawal
TXN0003829,750-863-0265,03/09/2025,"($12,766.71)",ATM Withdrawal,ATM CASH WITHDRAWAL
TXN0000652,506-242-9536,05/23/2025,"($5,970.74)",Wire Transfer,Outgoing Wire
TXN0001545,865-996-3592,04/13/2025,"$6,982.56",ACH Credit,Payroll Deposit
TXN0003872,853-283-7916,04/15/2025,"($43,402.34)",Wire Transfer,Incoming Wire
TXN0005187,536-127-2127,01/01/2025,"($35,500.62)",Wire Transfer,Incoming Wire
TXN0003370,233-250-1420,11-Jan-2025,"$37,510.46",ACH Credit,PAYROLL DEPOSIT
 TXN0003310,748-906-8362,28-Jun-2025,"($42,458.28)",ATM Withdrawal,ATM CASH WITHDRAWAL
TXN0000671,840-937-1857,03-Apr-2025,"$43,281.23",Check Deposit,CHECK DEPOSIT
 TXN0004043, 479-811-6452 ,02/22/2025,"($19,753.75)",Debit Card,POS Purchase
TXN0000347,312-310-6504,05/16/2025,"($9,270.28)",Debit Card,POS Purchase
TXN0005356,598-347-4121,03/22/2025,"($2,051.01)",ACH Debit,Vendor Payment
 TXN0000331,576-694-8208,05/06/2025,"($9,030.48)",ATM Withdrawal,ATM Cash Withdrawal
TXN0003538,877-993-5169,01/07/2025,"$41,233.59",ACH Credit,Payroll Deposit
txn0002666,148-626-2592,01/26/2025,"($14,309.85)",ACH Debit,Vendor Payment
txn0003627,996-772-4114,01/29/2025,"($39,434.47)",ATM Withdrawal,ATM Cash Withdrawal
TXN0003462,822-391-4086,03/10/2025,"($21,714.24)",Wire Transfer,Incoming Wire
TXN0001554,556-940-4113,25-Apr-2025,"($6,061.73)",ACH Debit,Vendor Payment
TXN0005905,922-693-5699,20-Jun-2025,"($18,676.10)",Wire Transfer,OUTGOING WIRE
TXN0002723,704-037-5446,05/03/2025,"($21,400.21)",ATM Withdrawal,ATM Cash Withdrawal
 TXN0004410,856-466-7742,06/02/2025,"($44,439.50)",Wire Transfer,Incoming Wire
TXN0001434,300-769-1916,04/09/2025,"$12,725.09",ACH Credit,Payroll Deposit
TXN0005135,238-693-2507,03/02/2025,"($10,336.81)",Internal Transfer,ACCOUNT TRANSFER
txn0003392,321-374-0227,05/31/2025,"($37,049.45)",Wire Transfer,Incoming Wire
TXN0001750, 868-980-6323 ,01/26/2025,"$32,965.36",Check Deposit,Check Deposit
TXN0002464,172-595-0673,23-Mar-2025,"$44,919.96",Internal Transfer,Account Transfer
TXN0004189,307-104-4214,02-Apr-2025,"$11,884.50",Check Deposit,Check Deposit
TXN0000809,614-826-7747,16-Mar-2025,"($40,317.49)",Internal Transfer,ACCOUNT TRANSFER
TXN0002057,820-322-1712,03/07/2025,"($32,295.07)",ATM Withdrawal,ATM CASH WITHDRAWAL
TXN0000909,732-242-6299,17-Feb-2025,"($34,353.97)",Debit Card,POS Purchase
 TXN0003121,635-324-5940,19-Mar-2025,"$9,502.27",Check Deposit,Check Deposit
 TXN0005624,562-959-0928,29-May-2025,"($6,770.80)",ACH Debit,VENDOR PAYMENT
TXN0002812,610-112-1173,09-Mar-2025,"($25,458.73)",ATM Withdrawal,ATM Cash Withdrawal
TXN0000140,310-095-7297,22-Mar-2025,"($23,962.77)",ACH Debit,Vendor Payment
TXN0003409,718-206-4623,01/25/2025,"$19,806.97",Check Deposit,Check Deposit
TXN0003279,492-393-5398,05/31/2025,"$43,232.83",Check Deposit,CHECK DEPOSIT
 TXN0004530,847-098-6133,06/06/2025,"($34,204.64)",Wire Transfer,Incoming Wire
TXN0002685,879-551-3034,05/18/2025,"($35,145.32)",Debit Card,POS Purchase
TXN0001007, 112-578-6469 ,15-Apr-2025,"($2,277.07)",Wire Transfer,OUTGOING WIRE
TXN0000565, 856-202-5571 ,14-Feb-2025,"$34,121.22",Check Deposit,Check Deposit
 TXN0005601,480-326-1774,27-Feb-2025,"($9,533.61)",Wire Transfer,OUTGOING WIRE
txn0005961,726-347-1295,02/24/2025,"($4,694.33)",Wire Transfer,Outgoing Wire
TXN0002007,167-074-2004,04-Jun-2025,"$15,447.97",ACH Credit,Payroll Deposit
TXN0003964,879-943-6886,14-Jan-2025,"($19,137.61)",Debit Card,POS Purchase
TXN0004782,934-736-7040,24-Jan-2025,"($16,526.59)",Debit Card,POS PURCHASE
TXN0001356, 650-001-2282 ,15-Mar-2025,"($38,207.88)",Internal Transfer,Account Transfer
TXN0000968,709-206-0693,05/14/2025,"($44,802.07)",ACH Debit,VENDOR PAYMENT
TXN0002258,648-707-0831,04/27/2025,"($17,968.63)",Wire Transfer,Incoming Wire
 TXN0004212,175-906-7482,06/24/2025,"($34,308.24)",Internal Transfer,Account Transfer
TXN0001591,857-754-8746,01-Feb-2025,"$27,998.53",Check Deposit,Check Deposit
TXN0000033,467-977-4297,22-Mar-2025,"$40,622.92",Wire Transfer,INCOMING WIRE
 TXN0005671,859-208-3258,01/04/2025,"($23,946.22)",Wire Transfer,Outgoing Wire
 TXN0004443, 353-016-9365 ,04-Jun-2025,"$24,955.95",Check Deposit,Check Deposit
TXN0004452, 369-130-7563 ,02/28/2025,"($6,762.66)",Wire Transfer,Incoming Wire
TXN0005810,876-870-4459,20-Jun-2025,"($15,193.96)",ACH Debit,Vendor Payment
 TXN0002185,160-665-4842,04/24/2025,"($42,977.61)",ATM Withdrawal,ATM Cash Withdrawal
TXN0005575,563-967-6330,31-May-2025,"$23,489.47",ACH Credit,Payroll Deposit
TXN0005492,464-472-3877,01/02/2025,"($4,915.46)",Debit Card,POS Purchase
TXN0000451,277-483-0523,04-Jan-2025,"($20,109.81)",ACH Debit,Vendor Payment
TXN0000334,331-153-7663,01/27/2025,"($11,189.21)",ATM Withdrawal,ATM Cash Withdrawal
FEE00049,165-259-9499,15-Mar-2025,($47.92),Service Charge,NSF Fee
TXN0005639, 728-264-9435 ,05/21/2025,"($7,677.95)",Debit Card,POS Purchase
TXN0004368,829-570-7221,12-Mar-2025,"($12,189.74)",ATM Withdrawal,ATM Cash Withdrawal
TXN0002452,822-000-8576,20-May-2025,"$12,443.23",Check Deposit,Check Deposit
TXN0005549,358-509-0703,05/30/2025,"$15,849.12",ATM Withdrawal,ATM CASH WITHDRAWAL
TXN0005641,435-415-4579,24-Jun-2025,($694.65),Wire Transfer,Outgoing Wire
 TXN0002992, 749-881-9574 ,05/08/2025,"($10,691.63)",Wire Transfer,Incoming Wire
TXN0000285,716-373-1992,04/07/2025,"$34,262.20",ACH Credit,PAYROLL DEPOSIT
TXN0000605,479-956-3192,11-Jan-2025,"($24,217.32)",Debit Card,POS Purchase
TXN0004821,914-469-1814,26-Apr-2025,"$18,143.37",ACH Credit,PAYROLL DEPOSIT
TXN0005418, 288-876-4120 ,08-Apr-2025,"$7,052.84",ACH Credit,Payroll Deposit
txn0001512,996-018-8015,14-Jan-2025,"$23,626.32",Check Deposit,CHECK DEPOSIT
 TXN0003131,667-569-6542,27-Jun-2025,"($20,536.49)",Wire Transfer,Incoming Wire
TXN0003519,955-292-5212,01-Mar-2025,"($23,844.85)",Wire Transfer,OUTGOING WIRE
TXN0004646,533-321-0271,04/25/2025,$773.57,ACH Credit,Payroll Deposit
TXN0004626,119-791-6094,03/29/2025,"$20,099.85",ACH Credit,PAYROLL DEPOSIT
TXN0001706,316-875-6002,02/15/2025,"($13,976.54)",Wire Transfer,Incoming Wire
TXN0003277,321-327-7314,21-Mar-2025,"$6,516.40",Debit Card,POS PURCHASE
txn0001636,193-231-4469,22-Jun-2025,"($17,552.34)",ATM Withdrawal,ATM Cash Withdrawal
TXN0001230,508-880-0185,29-Jan-2025,"$22,076.20",Wire Transfer,Outgoing Wire
FEE00007,438-403-8069,15-Jan-2025,($16.18),Service Charge,NSF Fee
TXN0005957,122-468-6237,04/14/2025,"($36,115.42)",Wire Transfer,OUTGOING WIRE
TXN0004609,465-868-4693,05-Apr-2025,"($19,579.73)",Wire Transfer,Incoming Wire
txn0004380,507-050-1731,15-Jun-2025,"$43,391.84",Internal Transfer,ACCOUNT TRANSFER
 txn0005062,471-676-7061,06/13/2025,"($5,630.72)",Debit Card,POS PURCHASE
TXN0000503, 116-469-4217 ,01/20/2025,"$12,031.16",Check Deposit,Check Deposit
TXN0003468,411-511-0384,02/25/2025,"($19,150.21)",ACH Debit,Vendor Payment
 TXN0004548,261-871-4059,14-Jun-2025,($732.42),ATM Withdrawal,ATM Cash Withdrawal
TXN0005859,360-837-7662,06/15/2025,"($7,601.75)",ATM Withdrawal,ATM CASH WITHDRAWAL
TXN0001030,848-141-8297,06/07/2025,"($17,374.25)",ACH Debit,VENDOR PAYMENT
TXN0004536,892-759-4725,09-Feb-2025,"($14,660.50)",ACH Debit,Vendor Payment
txn0001523,439-836-3186,05/21/2025,"($41,966.98)",Debit Card,POS Purchase
txn0000333,114-938-3702,09-Mar-2025,"($1,350.18)",ACH Debit,Vendor Payment
TXN0002293,713-680-1114,04/20/2025,"$33,550.99",Check Deposit,Check Deposit
 TXN0004019,572-783-8413,07-Jan-2025,"($40,351.13)",Wire Transfer,Incoming Wire
 TXN0003348,379-072-7054,15-Feb-2025,"($2,599.25)",ATM Withdrawal,ATM CASH WITHDRAWAL
TXN0000953,207-856-2829,03/28/2025,"($36,312.23)",ATM Withdrawal,ATM Cash Withdrawal
TXN0005967,447-504-8554,30-Mar-2025,"($5,104.27)",ACH Debit,VENDOR PAYMENT
txn0000612,169-106-4227,03/24/2025,"$16,945.19",Wire Transfer,Outgoing Wire
TXN0004112,765-130-6889,02/23/2025,"$11,308.90",Internal Transfer,ACCOUNT TRANSFER
TXN0003048,667-246-8023,22-May-2025,"($10,539.68)",Wire Transfer,Outgoing Wire
TXN0005616, 825-591-5749 ,03/08/2025,"$9,225.86",ACH Credit,PAYROLL DEPOSIT
TXN0000059,726-665-8364,22-Jun-2025,"($43,573.01)",Debit Card,POS Purchase
TXN0002887,528-500-4867,20-Feb-2025,"($42,093.86)",ACH Debit,Vendor Payment
TXN0003590,758-288-6849,27-Apr-2025,"($44,140.67)",ACH Debit,Vendor Payment
txn0005725,215-338-8918,03-May-2025,"($40,979.04)",Debit Card,POS Purchase
TXN0005528,868-334-7741,26-May-2025,"$27,480.04",Check Deposit,Check Deposit
TXN0001349,399-110-0419,06/25/2025,"$19,775.91",ACH Credit,Payroll Deposit
TXN0001936,960-738-6023,01/08/2025,"($38,399.10)",Internal Transfer,Account Transfer
TXN0005114,693-810-4675,25-Apr-2025,($801.61),Wire Transfer,OUTGOING WIRE
TXN0000261,724-185-6502,13-May-2025,"$14,354.41",Internal Transfer,Account Transfer
TXN0002668,391-440-2434,24-Jun-2025,"$2,342.83",Wire Transfer,INCOMING WIRE
TXN0005023,871-160-0629,06/08/2025,"($41,254.45)",Wire Transfer,Outgoing Wire
 txn0002178,965-331-1576,29-Jun-2025,"($44,880.63)",Debit Card,POS PURCHASE
TXN0002219,122-162-4687,14-Feb-2025,"($32,415.80)",Internal Transfer,Account Transfer
 txn0002827,601-109-4089,28-Apr-2025,"($18,250.30)",Wire Transfer,Incoming Wire
TXN0004106,108-167-9144,27-Jun-2025,"($35,347.34)",ATM Withdrawal,ATM Cash Withdrawal
TXN0003705, 361-888-6386 ,17-Mar-2025,"($35,905.65)",ATM Withdrawal,ATM Cash Withdrawal
TXN0002874,333-389-9589,03/18/2025,"($40,178.30)",ACH Debit,Vendor Payment
TXN0001878,568-909-1972,16-Jan-2025,"$39,749.05",ACH Credit,PAYROLL DEPOSIT
TXN0002482,204-281-7325,06/02/2025,"$24,224.22",ACH Credit,Payroll Deposit
TXN0001770,685-169-5312,03/26/2025,"($18,526.17)",Debit Card,POS Purchase
txn0005222,339-083-9246,04/23/2025,"($17,914.01)",ACH Debit,VENDOR PAYMENT
TXN0001832,247-247-8553,31-May-2025,"$17,908.01",Check Deposit,Check Deposit
TXN0001465,903-828-9167,01/22/2025,"$29,874.23",Internal Transfer,ACCOUNT TRANSFER
txn0002615,239-524-9160,11-Jun-2025,"$24,304.92",Check Deposit,Check Deposit
TXN0002916,281-608-8392,03-Jan-2025,"($19,852.79)",ACH Debit,Vendor Payment
TXN0002457,755-208-6718,17-Apr-2025,"$32,997.16",ACH Credit,Payroll Deposit
TXN0002825,658-243-6739,02/17/2025,"$12,398.44",Check Deposit,CHECK DEPOSIT
TXN0002445,801-637-4946,04/04/2025,"($37,978.42)",ATM Withdrawal,ATM Cash Withdrawal
TXN0002752,126-628-5447,02/21/2025,"$4,124.97",Check Deposit,Check Deposit
 TXN0001631,275-399-5183,08-Feb-2025,"$21,153.62",ACH Credit,Payroll Deposit
TXN0004329,822-137-0085,02/27/2025,"($29,725.28)",Internal Transfer,Account Transfer
TXN0003130,999-375-8752,08-Feb-2025,"$10,055.66",Internal Transfer,Account Transfer
txn0003815,933-389-1738,02/22/2025,"$30,042.13",Check Deposit,Check Deposit
TXN0000032,906-909-0607,05/16/2025,"$28,494.47",ACH Credit,Payroll Deposit
TXN0001844,805-476-7899,26-Mar-2025,"($44,146.53)",Wire Transfer,Incoming Wire
TXN0005405,297-215-2564,01-Jun-2025,"($39,112.35)",ACH Debit,VENDOR PAYMENT
TXN0004639,534-329-4927,06-Apr-2025,"($15,233.35)",ATM Withdrawal,ATM CASH WITHDRAWAL
TXN0002190,131-542-1285,05/28/2025,"($5,528.69)",Internal Transfer,Account Transfer
TXN0004353, 579-311-6289 ,04/07/2025,"($23,796.33)",Debit Card,POS Purchase
 TXN0003996,240-546-9192,14-Feb-2025,"($5,659.38)",Debit Card,POS Purchase
 TXN0001526,579-798-8249,06/27/2025,"$38,656.76",Wire Transfer,INCOMING WIRE
 TXN0001935,385-073-6355,12-Feb-2025,"($40,429.16)",ACH Debit,Vendor Payment
 txn0004147,640-516-6068,28-Apr-2025,"($38,354.27)",Wire Transfer,Outgoing Wire
TXN0000908,192-713-8391,02-Apr-2025,"$43,309.58",Check Deposit,Check Deposit
TXN0001785,401-637-1339,05/12/2025,"($9,778.82)",Wire Transfer,INCOMING WIRE
TXN0003798,586-391-8588,08-Apr-2025,"($27,739.26)",Internal Transfer,Account Transfer
txn0004533,783-917-2023,05/30/2025,"($24,551.56)",Wire Transfer,Outgoing Wire
TXN0001639,857-879-7212,21-Jan-2025,"$13,589.41",Check Deposit,Check Deposit
txn0004518,581-578-4661,03-May-2025,"($38,812.95)",Wire Transfer,Outgoing Wire
TXN0001068,725-490-6394,05/25/2025,"($37,257.61)",ATM Withdrawal,ATM Cash Withdrawal
TXN0002938,357-024-4019,11-Jan-2025,"($5,019.57)",Internal Transfer,Account Transfer
TXN0002641,978-260-4101,29-Apr-2025,"($10,137.61)",Debit Card,POS Purchase
TXN0001765,323-084-2132,04/19/2025,"($37,810.29)",Wire Transfer,Outgoing Wire
TXN0002651,737-139-2746,15-May-2025,"($38,983.43)",ATM Withdrawal,ATM CASH WITHDRAWAL
txn0005816,303-891-0591,17-Feb-2025,"($18,071.98)",Debit Card,POS Purchase
 txn0001458,620-248-4861,29-May-2025,"$33,304.92",ATM Withdrawal,ATM Cash Withdrawal
TXN0000102,462-086-2501,04/18/2025,"($2,240.01)",ATM Withdrawal,ATM Cash Withdrawal
TXN0005053,858-684-3046,25-Feb-2025,"($41,213.63)",Wire Transfer,Incoming Wire
txn0002811,407-150-2023,04/25/2025,"$20,218.72",Check Deposit,Check Deposit
TXN0001805,890-741-4814,03/26/2025,"$42,840.15",Check Deposit,Check Deposit
TXN0000469, 654-803-5525 ,04-Jun-2025,"($39,744.73)",ATM Withdrawal,ATM Cash Withdrawal
TXN0004640,141-039-9302,02/16/2025,"($28,084.04)",Internal Transfer,ACCOUNT TRANSFER
TXN0005068,724-927-1224,05/02/2025,"($20,231.11)",Debit Card,POS Purchase
txn0002469,749-868-9268,04/15/2025,"($12,762.69)",Wire Transfer,Incoming Wire
TXN0000889,928-324-5214,06/24/2025,"($10,391.64)",Debit Card,POS PURCHASE
txn0002068,158-771-1093,06/25/2025,"($12,287.86)",ACH Debit,Vendor Payment
TXN0003353,705-701-9371,03/23/2025,"($12,407.70)",ATM Withdrawal,ATM Cash Withdrawal
TXN0000776,151-518-6730,01/04/2025,"($12,485.78)",ATM Withdrawal,ATM CASH WITHDRAWAL
TXN0001837,343-438-0721,26-May-2025,"$23,022.75",ACH Credit,PAYROLL DEPOSIT
TXN0002694,228-355-9706,18-Feb-2025,"($2,956.45)",ATM Withdrawal,ATM CASH WITHDRAWAL
TXN0002588,532-557-5630,14-Jan-2025,"$8,893.81",ACH Debit,Vendor Payment
TXN0002056,526-676-8367,04/04/2025,"$13,602.23",ACH Credit,PAYROLL DEPOSIT
TXN0002044,382-252-2596,02/05/2025,"$2,835.59",ACH Credit,PAYROLL DEPOSIT
TXN0001609,705-956-5734,18-Jan-2025,"($31,298.81)",ACH Debit,Vendor Payment
TXN0005781,795-877-6864,31-Jan-2025,"$5,651.25",Internal Transfer,Account Transfer
TXN0001305,389-372-4714,20-May-2025,"($6,591.97)",ATM Withdrawal,ATM Cash Withdrawal
TXN0001111,702-740-6240,04/30/2025,"($8,601.88)",Wire Transfer,Incoming Wire
TXN0002888,481-406-7991,06/07/2025,"($20,510.99)",ACH Debit,Vendor Payment
 TXN0004773,406-979-9545,04/26/2025,"$11,555.57",Check Deposit,Check Deposit
TXN0003802,590-069-5170,03/16/2025,"($24,314.77)",Wire Transfer,Incoming Wire
TXN0004793, 699-755-3897 ,02/12/2025,"$21,636.99",Wire Transfer,Outgoing Wire
txn0003810, 427-417-4707 ,01/26/2025,"($21,282.19)",ATM Withdrawal,ATM Cash Withdrawal
TXN0001927,750-517-4480,06/23/2025,"($12,768.24)",ATM Withdrawal,ATM CASH WITHDRAWAL
TXN0001481,476-194-5450,04/26/2025,"($41,516.71)",Wire Transfer,Incoming Wire
TXN0003822,414-217-8197,22-May-2025,"($36,061.24)",Debit Card,POS Purchase
TXN0002336,350-100-4772,02/01/2025,"($39,171.17)",Wire Transfer,OUTGOING WIRE
TXN0004377,436-062-0364,04/15/2025,"($32,984.04)",Wire Transfer,Outgoing Wire
TXN0000084,551-815-7050,20-Mar-2025,"($10,780.66)",ACH Debit,Vendor Payment
TXN0004996,501-827-8489,06/10/2025,"$6,802.96",Check Deposit,Check Deposit
TXN0002355,257-772-9511,16-May-2025,"$21,890.64",ACH Credit,Payroll Deposit
TXN0002197,288-825-1860,07-Jan-2025,"($42,882.87)",Wire Transfer,Incoming Wire
TXN0002816,693-598-9504,06/18/2025,"($44,050.89)",Wire Transfer,Outgoing Wire
 txn0000410,839-908-5098,12-Jun-2025,"($42,879.10)",ATM Withdrawal,ATM Cash Withdrawal
txn0000673,260-963-4727,01/17/2025,"($5,428.14)",ATM Withdrawal,ATM Cash Withdrawal
TXN0000747,692-192-7334,05/27/2025,"($9,647.63)",Debit Card,POS Purchase
 TXN0002441,905-887-2661,04/15/2025,"($24,264.99)",Debit Card,POS Purchase
TXN0003260,466-308-9997,02/13/2025,"$37,625.27",Internal Transfer,ACCOUNT TRANSFER
 TXN0000995,274-236-0047,15-Mar-2025,"($19,291.78)",Debit Card,POS Purchase
TXN0005740,372-801-7422,06/11/2025,"($35,321.54)",ACH Debit,Vendor Payment
FEE00109, 796-312-2163 ,06/24/2025,($25.43),Service Charge,Monthly Maintenance Fee
TXN0005846,720-236-1827,09-Jun-2025,"($5,435.20)",Debit Card,POS Purchase
TXN0004460,530-778-8869,06-Jun-2025,"($29,384.91)",ATM Withdrawal,ATM Cash Withdrawal
txn0005913,340-117-5678,23-Feb-2025,"($34,346.73)",Wire Transfer,Outgoing Wire
TXN0004149,665-137-4545,06/19/2025,"($28,608.62)",Debit Card,POS Purchase
TXN0001833,870-829-7741,05/09/2025,"($37,937.63)",Wire Transfer,INCOMING WIRE
TXN0005512,806-358-4620,23-Apr-2025,"($11,277.86)",Wire Transfer,Incoming Wire
 TXN0003953, 714-174-0969 ,05/26/2025,"($38,648.36)",Wire Transfer,OUTGOING WIRE
fee00069,961-570-2088,01/21/2025,($31.59),Service Charge,NSF Fee
TXN0001960,441-571-3821,04/08/2025,"($37,148.81)",Wire Transfer,Incoming Wire
TXN0002400,732-071-1941,06/07/2025,"$34,608.80",ACH Credit,Payroll Deposit
 TXN0000110,220-179-0276,02/12/2025,"($21,398.12)",Wire Transfer,OUTGOING WIRE
FEE00120,489-916-3138,06-Jun-2025,($57.58),Service Charge,Wire Fee
TXN0001775,654-081-4548,01/31/2025,"($44,543.31)",Wire Transfer,OUTGOING WIRE
TXN0001202, 243-924-8514 ,02-Jun-2025,"($7,092.87)",ACH Debit,Vendor Payment
TXN0000161,968-590-5842,05/03/2025,($275.92),Wire Transfer,INCOMING WIRE
TXN0000914,321-456-9021,03-Feb-2025,"($2,170.83)",Wire Transfer,INCOMING WIRE
txn0003801,170-480-8597,01/09/2025,"($24,573.84)",Internal Transfer,ACCOUNT TRANSFER
TXN0004430,835-477-3698,05/19/2025,"($13,975.28)",ATM Withdrawal,ATM Cash Withdrawal
TXN0005020,598-938-5887,06-Apr-2025,"$20,513.85",Check Deposit,Check Deposit
 TXN0001352,554-198-6822,01-Jun-2025,"$19,870.66",Check Deposit,CHECK DEPOSIT
TXN0002275, 891-042-2169 ,02/22/2025,"$26,636.92",ACH Credit,Payroll Deposit
TXN0004171,385-248-8310,06/13/2025,"($7,942.30)",Wire Transfer,Incoming Wire
FEE00021,397-905-1239,01/25/2025,($51.30),Service Charge,NSF Fee
TXN0002172, 164-259-0482 ,19-Apr-2025,"$27,708.83",ACH Credit,Payroll Deposit
TXN0005369,583-915-9861,06/02/2025,"($15,944.11)",Wire Transfer,Outgoing Wire
txn0000688,827-274-2503,14-May-2025,"($3,030.06)",Debit Card,POS PURCHASE
TXN0000201,670-157-8071,20-Mar-2025,"($43,142.01)",ACH Debit,Vendor Payment
TXN0000630,647-443-2798,08-Jun-2025,"($10,168.28)",ACH Debit,Vendor Payment
TXN0005003,586-882-4060,05-Mar-2025,"($34,649.62)",Wire Transfer,INCOMING WIRE
TXN0003023,515-566-3724,01/07/2025,"($25,839.48)",Wire Transfer,Outgoing Wire
TXN0004499,468-810-4255,30-Jun-2025,"($24,245.47)",ACH Debit,Vendor Payment
FEE00102,810-490-5961,01/11/2025,($73.60),Service Charge,Monthly Maintenance Fee
TXN0002227,374-214-7781,02/11/2025,"($9,052.90)",Wire Transfer,Incoming Wire
TXN0003385,373-454-6317,03-Apr-2025,"$38,483.38",Check Deposit,Check Deposit
txn0002648,459-184-8244,04/28/2025,"($38,234.00)",Debit Card,POS Purchase
txn0005028,557-345-5690,05-May-2025,"$3,947.01",Check Deposit,Check Deposit
TXN0003502,505-529-5126,03/02/2025,"($25,505.69)",ATM Withdrawal,ATM Cash Withdrawal
txn0003177,414-933-6726,12-Jan-2025,"$28,761.85",ACH Credit,Payroll Deposit
TXN0002432,999-064-6016,03/24/2025,"($24,895.88)",Wire Transfer,INCOMING WIRE
TXN0003405,325-603-5335,28-Jan-2025,"($9,667.08)",Wire Transfer,Outgoing Wire
TXN0000848,844-930-4714,26-May-2025,"$6,444.79",Check Deposit,Check Deposit
TXN0000009,294-651-3985,02/16/2025,"($38,996.99)",Internal Transfer,Account Transfer
TXN0001167,901-519-2775,20-May-2025,"($28,418.09)",Internal Transfer,ACCOUNT TRANSFER
TXN0000372,525-219-4118,03/19/2025,"$23,541.75",Internal Transfer,Account Transfer
TXN0003625, 524-058-3478 ,04/23/2025,"$15,123.95",ACH Credit,Payroll Deposit
TXN0004113,792-017-9714,06/13/2025,"$17,567.70",Check Deposit,Check Deposit
TXN0002080,427-560-2551,05/13/2025,"($21,503.02)",Wire Transfer,Incoming Wire
TXN0003497,693-314-0625,05/07/2025,"($32,610.23)",Debit Card,POS PURCHASE
TXN0002416,188-301-3966,17-Jun-2025,"($1,089.07)",Wire Transfer,Incoming Wire
TXN0001233,500-612-7203,05/18/2025,"$43,614.45",ACH Credit,Payroll Deposit
txn0003082,108-180-4837,12-Apr-2025,"($25,281.87)",Debit Card,POS Purchase
TXN0000716,310-751-0397,02/22/2025,"($29,192.71)",Wire Transfer,Incoming Wire
txn0003336,172-599-5306,18-Jan-2025,"$7,273.04",Internal Transfer,ACCOUNT TRANSFER
TXN0002502, 230-467-5596 ,22-May-2025,"($24,327.34)",Wire Transfer,Outgoing Wire
txn0005629,661-414-7247,07-Feb-2025,"($43,107.69)",Debit Card,POS Purchase
TXN0000662,224-064-4505,04/24/2025,"($3,298.22)",Wire Transfer,Incoming Wire
TXN0001793,795-393-3157,05/09/2025,"$20,447.14",Check Deposit,CHECK DEPOSIT
TXN0002974,256-594-3210,02/09/2025,"($1,469.96)",Wire Transfer,OUTGOING WIRE
TXN0004260,520-517-2696,04-Feb-2025,"($42,080.84)",Debit Card,POS Purchase
TXN0003838, 552-939-7698 ,05/03/2025,"($7,465.43)",Wire Transfer,Incoming Wire
TXN0004898,186-265-1208,24-Apr-2025,"$14,311.30",Internal Transfer,ACCOUNT TRANSFER
 TXN0000514, 869-938-6294 ,02/23/2025,"($9,491.22)",ATM Withdrawal,ATM Cash Withdrawal
TXN0003947,460-803-6436,05/06/2025,"$30,590.56",Check Deposit,CHECK DEPOSIT
TXN0000798,895-742-7405,16-Apr-2025,"$38,822.08",Debit Card,POS Purchase
TXN0002883,749-177-2739,02/22/2025,"($21,812.81)",Debit Card,POS Purchase
TXN0001338,730-830-3712,02/14/2025,"($26,497.84)",Wire Transfer,Incoming Wire
TXN0005324,230-343-5382,05/02/2025,"$16,220.54",Debit Card,POS Purchase
TXN0005591,446-707-8952,01/27/2025,"($2,146.86)",Wire Transfer,Outgoing Wire
txn0005953,465-563-6924,02/23/2025,"($22,978.90)",ACH Debit,Vendor Payment
TXN0004395,997-046-4701,04/23/2025,"($12,519.14)",ACH Debit,Vendor Payment
txn0003040,279-475-2604,26-Apr-2025,"$37,462.70",Check Deposit,Check Deposit
 TXN0000676,391-093-8509,05-Apr-2025,"($20,343.20)",Wire Transfer,Incoming Wire
 TXN0000166,592-990-9663,01-Mar-2025,"($31,391.67)",ATM Withdrawal,ATM CASH WITHDRAWAL
FEE00114,241-858-8553,06/24/2025,($48.34),Service Charge,Overdraft Fee
TXN0003460,400-138-3956,05/28/2025,"($18,770.17)",Wire Transfer,Outgoing Wire
TXN0004690,315-445-5573,26-Feb-2025,"($6,348.63)",ACH Debit,Vendor Payment
TXN0001158,794-477-2414,18-Jan-2025,"($28,557.74)",Wire Transfer,Incoming Wire
TXN0004323,478-268-4670,01/05/2025,"$26,725.19",Wire Transfer,Outgoing Wire
TXN0002133,695-574-9607,04/01/2025,"$21,522.71",ACH Credit,Payroll Deposit
TXN0001763,643-985-3472,02/15/2025,"($8,153.64)",Internal Transfer,Account Transfer
TXN0005701, 666-345-1835 ,06/22/2025,"($33,019.92)",ACH Debit,VENDOR PAYMENT
TXN0001649,129-744-9065,01/04/2025,"$36,924.93",ACH Credit,Payroll Deposit
TXN0004820,270-495-2612,12-Apr-2025,"($27,696.82)",Debit Card,POS PURCHASE
TXN0002167,227-350-6327,02-Mar-2025,"$20,870.20",Check Deposit,Check Deposit
TXN0004867, 904-316-9774 ,16-Jun-2025,"$19,084.31",ACH Credit,Payroll Deposit
TXN0001787,575-691-4706,16-Jun-2025,($774.00),Wire Transfer,OUTGOING WIRE
TXN0001176,322-693-7179,03/12/2025,"$1,265.37",Check Deposit,Check Deposit
txn0004966,635-822-2952,06-Feb-2025,"($31,578.42)",ACH Debit,Vendor Payment
TXN0000018,633-213-1908,04/23/2025,"($8,952.80)",ATM Withdrawal,ATM Cash Withdrawal
TXN0003080,924-199-6776,06/27/2025,"$44,944.29",ACH Credit,Payroll Deposit
TXN0001159,328-616-6863,20-May-2025,"($18,764.76)",Internal Transfer,ACCOUNT TRANSFER
TXN0000621,699-254-4566,01/17/2025,"($8,451.13)",ATM Withdrawal,ATM CASH WITHDRAWAL
TXN0001468,135-383-4507,04/07/2025,"($8,525.72)",Internal Transfer,ACCOUNT TRANSFER
TXN0003726,783-662-4352,06/20/2025,"($43,794.78)",Internal Transfer,Account Transfer
TXN0000443,400-012-0562,01/21/2025,"$13,122.46",Internal Transfer,Account Transfer
TXN0000346, 782-076-1919 ,27-May-2025,"$32,518.28",Internal Transfer,Account Transfer
TXN0000965,772-758-3342,11-Apr-2025,"($4,506.09)",Wire Transfer,INCOMING WIRE
TXN0005243,665-820-1507,06-Jan-2025,$615.71,ACH Credit,PAYROLL DEPOSIT
TXN0000120,951-864-3664,11-Feb-2025,"($37,399.32)",Wire Transfer,Outgoing Wire
TXN0005459,476-633-3574,22-Jun-2025,"$35,456.04",Internal Transfer,ACCOUNT TRANSFER
TXN0003957,355-916-8643,02/27/2025,"$33,746.40",ACH Credit,Payroll Deposit
TXN0002618,230-775-4281,03/18/2025,"($2,266.99)",Wire Transfer,Outgoing Wire
TXN0003180,547-402-2286,03/22/2025,"$9,702.62",ACH Credit,PAYROLL DEPOSIT
TXN0002821,397-881-5518,01/20/2025,"($20,767.78)",Debit Card,POS PURCHASE
TXN0001360,981-735-5373,04/10/2025,"$22,560.49",Check Deposit,Check Deposit
TXN0001146,671-016-2640,01-Jun-2025,"($32,376.44)",Debit Card,POS Purchase
 TXN0002707,278-216-0504,07-Jan-2025,"($12,795.89)",Wire Transfer,OUTGOING WIRE
TXN0003303,288-243-4387,02/23/2025,"($14,418.63)",Wire Transfer,INCOMING WIRE
TXN0002340,763-438-8347,08-Mar-2025,"($23,000.79)",ATM Withdrawal,ATM Cash Withdrawal
 txn0000748, 809-314-9764 ,01/09/2025,"($9,277.35)",Wire Transfer,OUTGOING WIRE
TXN0003571,690-892-7687,28-Apr-2025,"($34,458.38)",Wire Transfer,Outgoing Wire
TXN0005457,203-544-8177,23-May-2025,"($17,108.14)",Wire Transfer,OUTGOING WIRE
txn0005246,879-944-9457,14-Feb-2025,"($7,063.36)",Wire Transfer,Outgoing Wire
txn0004985,309-559-5868,05/18/2025,"$34,491.92",ACH Credit,Payroll Deposit
TXN0003371,245-446-3575,06/16/2025,"$14,679.48",Internal Transfer,Account Transfer
TXN0002475,585-555-4666,02/02/2025,"$34,023.76",ACH Credit,Payroll Deposit
txn0002022,647-198-5630,20-Jun-2025,"$9,688.32",Check Deposit,Check Deposit
txn0005581,255-509-3703,29-Jan-2025,"($22,717.66)",ACH Debit,Vendor Payment
FEE00129,993-733-0284,01/06/2025,($38.32),Service Charge,NSF Fee
txn0002434,739-488-8833,06/01/2025,"($19,343.77)",Internal Transfer,Account Transfer
TXN0000519, 874-808-4493 ,06/17/2025,"$20,277.16",Check Deposit,CHECK DEPOSIT
txn0005499,356-256-3801,02/08/2025,"($20,464.73)",ATM Withdrawal,ATM Cash Withdrawal
TXN0000092,137-437-2171,13-Mar-2025,"$11,084.29",Check Deposit,Check Deposit
TXN0004208,837-060-0462,03/20/2025,"($7,870.64)",ATM Withdrawal,ATM Cash Withdrawal
TXN0003739,830-445-6835,14-Apr-2025,"$3,600.78",ACH Credit,Payroll Deposit
TXN0000283, 857-269-7976 ,07-Mar-2025,"($6,154.31)",Debit Card,POS Purchase
TXN0005895,624-132-0822,09-Jan-2025,"$35,275.56",Internal Transfer,ACCOUNT TRANSFER
TXN0003763,204-714-4095,01/20/2025,"$10,819.05",Internal Transfer,Account Transfer
TXN0005485,393-306-7531,03/21/2025,"$6,038.95",Check Deposit,Check Deposit
 txn0004510,629-621-6987,06-May-2025,($884.42),Debit Card,POS PURCHASE
TXN0001881,761-896-0616,25-Feb-2025,"$11,212.86",Check Deposit,Check Deposit
txn0003587,169-938-8734,04/22/2025,"($17,660.96)",Debit Card,POS Purchase
TXN0000506,402-646-1165,06/16/2025,"($34,844.52)",Debit Card,POS PURCHASE
txn0001585,487-948-6670,02/23/2025,"($36,858.54)",Internal Transfer,Account Transfer
TXN0000083, 489-663-7131 ,06/02/2025,"$32,947.01",Check Deposit,Check Deposit
TXN0003609,103-204-2109,03/01/2025,"($10,984.08)",Debit Card,POS Purchase
TXN0002690,686-638-8675,05/10/2025,"($4,594.59)",ATM Withdrawal,ATM Cash Withdrawal
TXN0000341,326-698-4676,06/12/2025,"($12,956.36)",ACH Debit,Vendor Payment
TXN0005562,176-332-5616,06/21/2025,"($39,680.21)",Internal Transfer,Account Transfer
 TXN0004611,720-261-7568,01/04/2025,"$31,124.31",ACH Credit,Payroll Deposit
txn0001871,529-459-8773,05/31/2025,"($40,110.74)",Wire Transfer,Incoming Wire
TXN0001753,380-209-9512,06/22/2025,"($26,257.31)",Debit Card,POS Purchase
TXN0001412,654-756-2096,11-Mar-2025,"($3,031.43)",Debit Card,POS Purchase
TXN0001499,270-520-9487,27-Feb-2025,"($39,876.32)",ACH Debit,Vendor Payment
TXN0000235,551-668-3152,01/10/2025,"($7,325.17)",ACH Debit,Vendor Payment
 TXN0002289, 883-109-6060 ,12-Mar-2025,"$33,014.43",ACH Credit,Payroll Deposit
TXN0001271,652-655-8195,02/28/2025,"$23,331.30",Check Deposit,Check Deposit
TXN0002890,369-909-8349,04/14/2025,"($37,316.62)",Debit Card,POS Purchase
TXN0001315,598-446-0724,06/19/2025,"($5,697.28)",Debit Card,POS Purchase
TXN0000861, 360-309-0195 ,06/12/2025,"($5,136.72)",Debit Card,POS Purchase
TXN0005495,560-452-4824,02/01/2025,"($15,956.10)",Wire Transfer,Outgoing Wire
 TXN0001109,922-184-8674,01/11/2025,"$19,907.58",ACH Credit,Payroll Deposit
TXN0002696, 726-465-8406 ,05/28/2025,"($32,142.92)",ATM Withdrawal,ATM CASH WITHDRAWAL
TXN0000006,403-661-0734,05-May-2025,"$20,935.67",ACH Credit,Payroll Deposit
txn0002908,143-789-5722,01/08/2025,"($43,884.89)",ATM Withdrawal,ATM CASH WITHDRAWAL
TXN0000169,791-416-9597,02/13/2025,"($8,575.23)",ACH Debit,Vendor Payment
TXN0000578,302-521-3954,06/26/2025,"($35,264.99)",Wire Transfer,Incoming Wire
TXN0005765,491-458-2989,01/24/2025,"$14,023.18",ACH Credit,PAYROLL DEPOSIT
TXN0005443,363-297-0057,03/04/2025,"($4,511.50)",Wire Transfer,INCOMING WIRE
 TXN0003012,937-350-4551,03/25/2025,"($34,979.43)",Debit Card,POS Purchase
TXN0003619,995-093-3716,11-May-2025,"($15,757.39)",ATM Withdrawal,ATM Cash Withdrawal
txn0001901,324-429-0825,05/17/2025,"($16,087.55)",ACH Debit,Vendor Payment
TXN0000466,673-956-5685,05/10/2025,"($28,115.75)",Wire Transfer,Outgoing Wire
txn0004031,511-612-7981,05/01/2025,"($13,022.70)",Debit Card,POS Purchase
TXN0000640,459-359-0249,01-Jan-2025,"($27,255.13)",Internal Transfer,ACCOUNT TRANSFER
TXN0003374,174-267-3077,02/28/2025,"$7,461.99",ACH Credit,Payroll Deposit
TXN0005509,551-900-4546,04-May-2025,($756.88),ACH Debit,VENDOR PAYMENT
TXN0004992, 348-968-4808 ,08-Mar-2025,"$23,823.12",ACH Credit,Payroll Deposit
TXN0004930,916-008-1450,20-Mar-2025,"($11,697.58)",ATM Withdrawal,ATM CASH WITHDRAWAL
TXN0003945,200-847-4571,01-Jan-2025,"($8,806.39)",ATM Withdrawal,ATM Cash Withdrawal
TXN0001460,116-424-6346,07-Feb-2025,"($41,826.04)",Wire Transfer,Outgoing Wire
TXN0001883,795-170-3011,01-Mar-2025,"$24,216.85",Wire Transfer,OUTGOING WIRE
TXN0003531,229-131-0268,02/16/2025,"($2,820.42)",ATM Withdrawal,ATM Cash Withdrawal
TXN0002834,278-217-2100,04/22/2025,"($10,848.88)",Wire Transfer,Outgoing Wire
 TXN0005787,247-565-4655,20-Apr-2025,"($26,179.50)",ACH Debit,Vendor Payment
TXN0004166,810-948-5376,29-Jan-2025,"($24,763.84)",Wire Transfer,Incoming Wire
 TXN0004127,394-348-5949,02/28/2025,"($15,559.57)",Wire Transfer,Outgoing Wire
FEE00041, 924-557-9694 ,03/21/2025,($74.83),Service Charge,NSF Fee
TXN0000226,899-710-5907,31-Jan-2025,"($23,944.49)",Debit Card,POS Purchase
TXN0001483,580-346-5489,05/03/2025,"($16,059.97)",Wire Transfer,Incoming Wire
TXN0004175,577-390-1246,05/20/2025,"($16,301.19)",Debit Card,POS Purchase
TXN0003391,964-528-6336,01/14/2025,"$16,836.30",Check Deposit,Check Deposit
TXN0002535,874-417-8688,03/19/2025,"($21,962.48)",ATM Withdrawal,ATM CASH WITHDRAWAL
TXN0000656,202-122-9804,03/25/2025,"($24,518.97)",Debit Card,POS Purchase
txn0002554,833-180-0783,06/13/2025,"($7,045.25)",Wire Transfer,Outgoing Wire
TXN0005729,740-176-6024,03/17/2025,"($27,468.72)",Debit Card,POS Purchase
TXN0002157,142-115-6669,06/09/2025,"($16,027.38)",ACH Debit,VENDOR PAYMENT
txn0003438,413-407-3155,24-Jan-2025,"($17,314.77)",Wire Transfer,Incoming Wire
TXN0003695, 718-549-3129 ,03/14/2025,"$44,324.75",Check Deposit,Check Deposit
txn0001835,862-674-2409,21-Feb-2025,"($38,484.42)",Wire Transfer,Outgoing Wire
