order_item_id,order_id,product_id,quantity,discount_pct,line_total
1,1,18,1,10,13.49
2,2,12,2,10,34.18
3,3,9,1,0,22.99
4,3,1,1,0,39.99
5,4,6,3,10,94.47
6,5,4,3,15,63.72
7,5,17,3,0,104.97
8,5,12,1,15,16.14
9,5,23,1,0,129.99
10,6,24,3,0,53.97
11,6,22,2,0,43.98
12,6,18,1,0,14.99
13,7,19,3,10,75.57
14,7,24,2,10,32.38
15,7,9,1,10,20.69
16,7,2,2,10,107.98
17,8,17,3,20,83.98
18,8,10,1,0,44.99
19,8,9,1,20,18.39
20,8,14,2,10,179.98
21,9,3,3,0,59.97
22,9,6,3,0,104.97
23,10,22,2,0,43.98
24,10,17,3,20,83.98
25,10,24,3,10,48.57
26,10,5,2,0,299.98
27,11,23,2,10,233.98
28,12,20,2,20,31.98
29,13,6,2,15,59.48
30,13,3,3,0,59.97
31,14,6,3,0,104.97
32,14,12,3,15,48.42
33,14,4,1,0,24.99
34,14,11,2,0,53.98
35,15,7,1,20,23.99
36,15,10,3,15,114.72
37,15,21,1,0,32.99
38,15,17,3,0,104.97
39,16,24,2,0,35.98
40,16,6,2,0,69.98
41,16,13,1,0,79.99
42,17,16,1,0,44.99
43,18,14,2,0,199.98
44,18,6,2,10,62.98
45,18,18,2,0,29.98
46,19,12,3,0,56.97
47,20,14,1,10,89.99
48,20,24,2,20,28.78
49,20,11,2,0,53.98
50,20,2,2,0,119.98
51,21,17,1,20,27.99
52,21,24,1,0,17.99
53,21,13,2,0,159.98
54,21,5,3,0,449.97
55,22,20,2,0,39.98
56,22,24,2,0,35.98
57,22,1,2,0,79.98
58,22,14,1,10,89.99
59,23,9,3,0,68.97
60,24,23,3,0,389.97
61,25,8,1,0,89.99
62,25,4,2,20,39.98
63,26,3,2,0,39.98
64,26,2,2,10,107.98
65,27,16,3,0,134.97
66,27,2,1,0,59.99
67,27,17,2,20,55.98
68,27,14,3,0,299.97
69,28,2,1,10,53.99
70,28,1,2,0,79.98
71,29,14,1,0,99.99
72,30,4,3,0,74.97
73,30,22,1,0,21.99
74,30,1,3,15,101.97
75,31,8,1,0,89.99
76,31,21,1,15,28.04
77,31,9,1,10,20.69
78,32,7,2,20,47.98
79,32,23,1,20,103.99
80,33,7,1,0,29.99
81,33,18,2,0,29.98
82,33,24,2,15,30.58
83,33,5,3,20,359.98
84,34,14,1,0,99.99
85,35,10,3,0,134.97
86,35,2,3,0,179.97
87,36,6,2,10,62.98
88,37,13,1,0,79.99
89,37,20,3,0,59.97
90,37,9,3,0,68.97
91,37,7,3,0,89.97
92,38,10,2,0,89.98
93,38,23,1,0,129.99
94,39,21,1,20,26.39
95,40,2,1,0,59.99
96,40,21,1,10,29.69
97,40,8,3,10,242.97
98,41,24,3,0,53.97
99,41,5,1,10,134.99
100,41,14,1,15,84.99
101,42,6,3,10,94.47
102,42,9,3,0,68.97
103,42,1,3,10,107.97
104,43,15,2,0,129.98
105,43,8,3,10,242.97
106,44,12,2,0,37.98
107,44,5,1,15,127.49
108,44,16,1,0,44.99
109,44,3,2,20,31.98
110,45,10,1,15,38.24
111,46,3,1,0,19.99
112,46,5,2,20,239.98
113,47,24,3,0,53.97
114,47,1,2,0,79.98
115,48,5,1,10,134.99
116,49,1,1,0,39.99
117,50,7,1,0,29.99
118,51,10,2,0,89.98
119,51,11,1,0,26.99
120,52,1,1,0,39.99
121,53,5,2,0,299.98
122,53,1,3,0,119.97
123,53,8,3,0,269.97
124,53,14,3,15,254.97
125,54,8,1,20,71.99
126,55,4,1,10,22.49
127,55,12,1,0,18.99
128,55,3,2,0,39.98
129,56,20,1,0,19.99
130,56,10,2,10,80.98
131,56,12,2,15,32.28
132,57,21,2,0,65.98
133,57,5,2,10,269.98
134,58,4,3,0,74.97
135,59,6,2,0,69.98
136,59,13,2,0,159.98
137,60,5,2,0,299.98
138,60,21,2,0,65.98
139,60,8,2,0,179.98
140,61,19,3,0,83.97
141,62,23,1,0,129.99
142,62,3,1,20,15.99
143,63,5,2,15,254.98
144,63,4,1,0,24.99
145,63,2,1,15,50.99
146,63,12,3,20,45.58
147,64,2,1,0,59.99
148,64,24,3,10,48.57
149,65,12,3,0,56.97
150,65,2,2,15,101.98
151,65,23,1,0,129.99
152,65,4,2,0,49.98
153,66,5,1,10,134.99
154,66,6,3,20,83.98
155,66,16,2,0,89.98
156,66,24,2,0,35.98
157,67,4,3,0,74.97
158,67,5,1,0,149.99
159,67,2,1,0,59.99
160,68,18,3,0,44.97
161,68,23,1,0,129.99
162,68,9,1,0,22.99
163,68,19,1,0,27.99
164,69,13,3,20,191.98
165,69,6,3,15,89.22
166,70,11,1,15,22.94
167,70,21,3,0,98.97
168,70,13,2,0,159.98
169,70,6,1,0,34.99
170,71,18,1,0,14.99
171,71,4,1,10,22.49
172,72,21,1,0,32.99
173,72,2,3,0,179.97
174,73,2,1,20,47.99
175,73,11,2,20,43.18
176,73,3,3,0,59.97
177,73,10,2,10,80.98
178,74,11,2,15,45.88
179,75,1,2,0,79.98
180,75,19,1,0,27.99
181,76,23,1,15,110.49
182,77,23,3,0,389.97
183,77,6,3,10,94.47
184,78,11,2,10,48.58
185,78,10,2,0,89.98
186,79,8,1,0,89.99
187,79,7,2,0,59.98
188,79,20,1,0,19.99
189,79,3,2,0,39.98
190,80,16,1,0,44.99
191,81,3,3,0,59.97
192,81,9,1,0,22.99
193,82,16,3,20,107.98
194,82,9,1,20,18.39
195,82,15,2,0,129.98
196,83,20,2,0,39.98
197,83,22,3,20,52.78
198,83,5,2,0,299.98
199,83,15,2,0,129.98
200,84,20,3,0,59.97
201,85,5,1,0,149.99
202,86,8,2,15,152.98
203,87,15,1,0,64.99
204,87,21,1,20,26.39
205,87,18,2,10,26.98
206,87,4,1,0,24.99
207,88,7,1,0,29.99
208,88,23,1,0,129.99
209,88,24,2,0,35.98
210,88,16,1,0,44.99
211,89,12,2,20,30.38
212,90,22,2,0,43.98
213,91,3,2,0,39.98
214,91,9,3,0,68.97
215,92,6,2,0,69.98
216,92,2,2,0,119.98
217,92,3,2,20,31.98
218,93,23,2,20,207.98
219,93,14,3,0,299.97
220,94,3,3,0,59.97
221,94,24,1,0,17.99
222,95,5,3,0,449.97
223,95,16,3,10,121.47
224,95,11,2,20,43.18
225,95,4,1,10,22.49
226,96,2,1,10,53.99
227,97,20,1,0,19.99
228,97,13,1,20,63.99
229,98,12,2,0,37.98
230,98,1,1,10,35.99
231,98,10,3,20,107.98
232,99,17,2,0,69.98
233,99,11,1,0,26.99
234,99,4,1,0,24.99
235,99,6,2,0,69.98
236,100,21,1,20,26.39
237,100,10,1,0,44.99
238,100,23,1,10,116.99
239,100,20,2,0,39.98
240,101,21,2,0,65.98
241,102,14,2,0,199.98
242,102,7,1,0,29.99
243,102,8,2,20,143.98
244,103,1,2,0,79.98
245,103,12,3,0,56.97
246,103,8,2,10,161.98
247,103,17,1,20,27.99
248,104,5,2,15,254.98
249,105,11,2,0,53.98
250,105,6,2,0,69.98
251,105,19,3,0,83.97
252,106,5,1,0,149.99
253,106,21,2,0,65.98
254,106,13,2,0,159.98
255,106,24,3,15,45.87
256,107,21,2,0,65.98
257,107,9,1,0,22.99
258,107,18,1,10,13.49
259,107,6,3,0,104.97
260,108,19,2,0,55.98
261,109,21,3,15,84.12
262,109,12,2,0,37.98
263,109,6,1,10,31.49
264,109,8,2,10,161.98
265,110,5,3,0,449.97
266,111,4,1,0,24.99
267,112,7,2,10,53.98
268,112,13,2,0,159.98
269,112,4,3,0,74.97
270,113,6,3,10,94.47
271,113,10,1,0,44.99
272,113,1,2,20,63.98
273,113,22,2,20,35.18
274,114,4,1,0,24.99
275,114,7,3,0,89.97
276,114,20,1,0,19.99
277,115,11,1,0,26.99
278,116,3,3,0,59.97
279,116,12,2,0,37.98
280,117,7,3,0,89.97
281,117,9,2,0,45.98
282,117,6,3,0,104.97
283,117,22,1,20,17.59
284,118,14,2,10,179.98
285,118,20,3,0,59.97
286,118,24,1,0,17.99
287,118,9,2,15,39.08
288,119,19,3,15,71.37
289,119,14,3,20,239.98
290,119,10,3,0,134.97
291,120,14,1,0,99.99
292,120,6,3,0,104.97
293,120,12,1,10,17.09
294,121,23,2,0,259.98
295,122,18,2,0,29.98
296,122,3,1,0,19.99
297,123,19,3,0,83.97
298,124,7,2,0,59.98
299,124,2,2,0,119.98
300,124,16,1,0,44.99
301,125,8,1,10,80.99
302,125,19,3,20,67.18
303,125,1,2,0,79.98
304,125,10,2,0,89.98
305,126,11,3,0,80.97
306,127,24,2,0,35.98
307,127,10,3,10,121.47
308,127,9,2,10,41.38
309,127,11,2,0,53.98
310,128,12,3,0,56.97
311,129,5,1,20,119.99
312,130,8,3,20,215.98
313,130,6,2,15,59.48
314,130,3,3,20,47.98
315,130,7,3,15,76.47
316,131,3,3,10,53.97
317,131,9,2,0,45.98
318,131,11,1,20,21.59
319,132,5,3,0,449.97
320,132,19,1,0,27.99
321,132,14,1,0,99.99
322,133,8,3,0,269.97
323,133,3,3,15,50.97
324,133,9,1,10,20.69
325,133,10,3,15,114.72
326,134,2,1,0,59.99
327,134,7,2,0,59.98
328,134,1,1,0,39.99
329,134,22,3,10,59.37
330,135,23,1,15,110.49
331,135,15,1,20,51.99
332,135,21,1,20,26.39
333,136,13,1,0,79.99
334,136,7,1,10,26.99
335,137,5,2,15,254.98
336,138,15,1,0,64.99
337,139,12,1,0,18.99
338,139,9,1,0,22.99
339,139,4,3,0,74.97
340,139,18,2,0,29.98
341,140,21,2,10,59.38
342,141,13,3,0,239.97
343,141,6,3,0,104.97
344,142,4,1,0,24.99
345,142,8,1,0,89.99
346,143,8,3,0,269.97
347,143,20,2,0,39.98
348,143,23,3,15,331.47
349,144,12,2,10,34.18
350,144,21,2,10,59.38
351,145,24,1,0,17.99
352,145,10,1,0,44.99
353,145,23,2,15,220.98
354,145,8,1,20,71.99
355,146,1,1,0,39.99
356,146,6,1,0,34.99
357,146,9,2,0,45.98
358,147,19,3,20,67.18
359,148,5,1,0,149.99
360,148,4,3,0,74.97
361,149,22,2,0,43.98
362,149,16,2,0,89.98
363,149,9,2,15,39.08
364,150,5,2,15,254.98
365,151,16,3,10,121.47
366,151,1,2,0,79.98
367,151,8,3,0,269.97
368,152,21,2,20,52.78
369,152,22,3,0,65.97
370,152,18,3,0,44.97
371,153,9,3,0,68.97
372,153,10,2,15,76.48
373,153,7,1,0,29.99
374,153,2,2,0,119.98
375,154,4,3,0,74.97
376,154,1,3,0,119.97
377,154,16,2,10,80.98
378,155,10,1,0,44.99
379,155,3,3,0,59.97
380,155,1,2,0,79.98
381,155,15,2,0,129.98
382,156,5,3,10,404.97
383,156,12,3,0,56.97
384,156,10,1,10,40.49
385,157,10,1,0,44.99
386,158,14,2,0,199.98
387,158,13,1,0,79.99
388,158,4,3,15,63.72
389,158,9,3,0,68.97
390,159,14,1,0,99.99
391,159,18,1,0,14.99
392,160,13,1,0,79.99
393,160,14,2,10,179.98
394,161,14,1,20,79.99
395,161,15,2,0,129.98
396,161,1,1,10,35.99
397,161,18,2,10,26.98
398,162,20,3,15,50.97
399,162,18,1,10,13.49
400,163,15,3,0,194.97
401,164,21,3,0,98.97
402,164,4,2,0,49.98
403,164,11,3,0,80.97
404,165,23,1,0,129.99
405,166,5,1,0,149.99
406,166,8,2,10,161.98
407,166,22,1,15,18.69
408,166,21,3,10,89.07
409,167,20,3,0,59.97
410,167,4,1,0,24.99
411,168,2,2,20,95.98
412,168,4,1,15,21.24
413,168,10,3,0,134.97
414,168,13,3,10,215.97
415,169,14,1,10,89.99
416,170,6,3,10,94.47
417,170,17,1,0,34.99
418,171,19,2,0,55.98
419,172,15,2,15,110.48
420,173,19,2,0,55.98
421,174,2,3,0,179.97
422,174,12,1,20,15.19
423,174,5,2,0,299.98
424,174,15,3,0,194.97
425,175,17,1,0,34.99
426,175,3,3,0,59.97
427,175,6,2,10,62.98
428,175,21,1,0,32.99
429,176,13,1,0,79.99
430,176,16,3,10,121.47
431,176,20,3,0,59.97
432,176,22,3,0,65.97
433,177,3,1,0,19.99
434,177,2,3,0,179.97
435,177,1,3,0,119.97
436,177,24,1,20,14.39
437,178,24,2,20,28.78
438,178,13,1,10,71.99
439,179,15,2,10,116.98
440,180,11,3,0,80.97
441,180,4,1,20,19.99
442,181,22,3,0,65.97
443,181,10,3,15,114.72
444,181,8,1,0,89.99
445,181,7,1,10,26.99
446,182,1,2,0,79.98
447,182,12,1,0,18.99
448,183,17,1,15,29.74
449,183,12,2,0,37.98
450,183,20,2,15,33.98
451,183,18,3,0,44.97
452,184,4,2,0,49.98
453,185,9,2,0,45.98
454,185,13,1,20,63.99
455,185,23,1,0,129.99
456,186,13,3,10,215.97
457,186,20,1,0,19.99
458,186,2,2,10,107.98
459,187,11,1,0,26.99
460,187,2,3,0,179.97
461,188,12,1,20,15.19
462,189,9,1,0,22.99
463,189,24,2,0,35.98
464,190,1,1,10,35.99
465,190,2,1,0,59.99
466,191,18,2,0,29.98
467,192,18,1,15,12.74
468,192,5,2,0,299.98
469,192,4,2,0,49.98
470,192,15,1,0,64.99
471,193,14,3,0,299.97
472,193,24,1,15,15.29
473,194,2,1,0,59.99
474,195,20,2,0,39.98
475,195,21,2,0,65.98
476,195,8,1,10,80.99
477,196,16,3,15,114.72
478,196,23,1,0,129.99
479,197,17,2,10,62.98
480,197,9,3,0,68.97
481,198,9,3,0,68.97
482,198,3,3,0,59.97
483,198,7,1,0,29.99
484,198,5,1,0,149.99
485,199,4,2,0,49.98
486,199,1,2,0,79.98
487,199,16,1,0,44.99
488,199,2,3,0,179.97
489,200,15,2,0,129.98
490,200,2,2,0,119.98
491,200,8,3,0,269.97
492,200,7,3,10,80.97
493,201,9,1,0,22.99
494,201,19,3,0,83.97
495,201,7,2,10,53.98
496,202,18,3,10,40.47
497,202,15,3,0,194.97
498,202,14,2,0,199.98
499,203,9,3,20,55.18
500,204,11,1,10,24.29
501,204,19,2,0,55.98
502,204,13,2,10,143.98
503,205,4,2,0,49.98
504,206,15,2,0,129.98
505,206,1,1,20,31.99
506,207,14,3,20,239.98
507,207,2,2,15,101.98
508,208,15,1,0,64.99
509,209,8,1,0,89.99
510,209,21,3,10,89.07
511,210,6,3,0,104.97
512,211,18,3,0,44.97
513,212,1,3,10,107.97
514,212,22,3,0,65.97
515,212,12,1,0,18.99
516,213,7,3,0,89.97
517,213,11,3,0,80.97
518,214,5,3,10,404.97
519,214,1,2,20,63.98
520,214,11,3,0,80.97
521,215,2,3,0,179.97
522,215,10,3,0,134.97
523,215,5,2,0,299.98
524,216,7,1,10,26.99
525,216,13,1,0,79.99
526,216,19,3,0,83.97
527,217,18,1,10,13.49
528,217,24,3,0,53.97
529,217,4,2,0,49.98
530,217,17,1,15,29.74
531,218,8,3,20,215.98
532,218,15,3,0,194.97
533,218,11,3,20,64.78
534,219,18,2,10,26.98
535,219,17,3,0,104.97
536,219,3,2,0,39.98
537,220,18,2,10,26.98
538,220,8,3,0,269.97
539,221,11,2,0,53.98
540,221,4,1,0,24.99
541,221,3,3,15,50.97
542,222,1,2,10,71.98
543,222,6,3,20,83.98
544,222,4,3,0,74.97
545,222,14,1,15,84.99
546,223,5,3,15,382.47
547,224,5,3,0,449.97
548,224,13,2,0,159.98
549,224,23,2,0,259.98
550,225,15,2,10,116.98
551,225,14,2,0,199.98
552,225,21,2,10,59.38
553,226,5,1,0,149.99
554,227,13,3,10,215.97
555,227,11,2,20,43.18
556,227,15,1,0,64.99
557,227,6,2,0,69.98
558,228,10,1,0,44.99
559,228,11,3,15,68.82
560,228,13,3,0,239.97
561,228,6,3,0,104.97
562,229,6,2,0,69.98
563,229,4,1,15,21.24
564,229,10,2,20,71.98
565,230,8,3,0,269.97
566,231,1,1,20,31.99
567,231,20,3,0,59.97
568,232,12,1,0,18.99
569,233,17,1,10,31.49
570,233,5,1,0,149.99
571,233,15,2,0,129.98
572,233,10,1,15,38.24
573,234,12,1,10,17.09
574,235,6,2,0,69.98
575,235,17,3,0,104.97
576,235,11,1,10,24.29
577,236,14,1,20,79.99
578,237,21,3,0,98.97
579,238,22,2,0,43.98
580,238,7,2,15,50.98
581,239,7,1,20,23.99
582,239,21,3,10,89.07
583,240,18,1,0,14.99
584,240,20,3,0,59.97
585,240,7,2,10,53.98
586,240,23,1,10,116.99
587,241,10,2,10,80.98
588,241,8,2,10,161.98
589,242,10,2,0,89.98
590,242,4,3,0,74.97
591,242,8,1,0,89.99
592,242,14,2,10,179.98
593,243,16,1,0,44.99
594,243,20,2,0,39.98
595,243,14,2,0,199.98
596,243,22,2,0,43.98
597,244,14,2,0,199.98
598,244,13,1,0,79.99
599,244,9,1,0,22.99
600,244,2,2,0,119.98
601,245,20,3,0,59.97
602,246,13,1,10,71.99
603,247,21,1,0,32.99
604,248,18,3,0,44.97
605,248,13,1,20,63.99
606,249,1,1,10,35.99
607,249,2,3,0,179.97
608,250,6,2,0,69.98
609,251,2,3,0,179.97
610,251,9,2,10,41.38
611,252,3,3,10,53.97
612,252,17,2,0,69.98
613,252,24,3,15,45.87
614,253,7,2,0,59.98
615,253,20,1,0,19.99
616,253,10,2,0,89.98
617,253,11,2,20,43.18
618,254,14,2,0,199.98
619,254,3,2,0,39.98
620,254,8,3,0,269.97
621,255,24,3,0,53.97
622,255,13,1,0,79.99
623,255,12,1,0,18.99
624,255,18,1,0,14.99
625,256,11,1,0,26.99
626,256,5,1,0,149.99
627,256,21,2,0,65.98
628,257,17,1,10,31.49
629,257,24,2,0,35.98
630,257,19,3,0,83.97
631,257,8,1,0,89.99
632,258,1,3,10,107.97
633,258,9,3,0,68.97
634,258,23,3,0,389.97
635,258,7,2,10,53.98
636,259,13,1,10,71.99
637,260,7,1,0,29.99
638,260,15,2,0,129.98
639,261,5,2,0,299.98
640,261,24,1,0,17.99
641,261,18,2,10,26.98
642,261,14,3,0,299.97
643,262,19,1,0,27.99
644,262,21,3,0,98.97
645,262,6,3,20,83.98
646,263,15,3,20,155.98
647,263,7,1,0,29.99
648,263,11,3,15,68.82
649,263,24,1,0,17.99
650,264,1,2,10,71.98
651,265,11,2,0,53.98
652,265,4,1,0,24.99
653,265,2,3,15,152.97
654,265,20,2,10,35.98
655,266,19,3,10,75.57
656,266,24,2,0,35.98
657,266,10,3,10,121.47
658,266,12,1,0,18.99
659,267,9,1,0,22.99
660,267,19,3,0,83.97
661,268,24,2,0,35.98
662,268,20,1,10,17.99
663,268,22,1,0,21.99
664,269,6,1,0,34.99
665,269,16,1,0,44.99
666,270,10,1,0,44.99
667,270,17,2,10,62.98
668,270,4,3,0,74.97
669,271,17,1,20,27.99
670,271,3,3,15,50.97
671,271,20,3,0,59.97
672,272,22,2,10,39.58
673,272,4,1,0,24.99
674,272,18,2,15,25.48
675,273,7,2,0,59.98
676,273,20,3,20,47.98
677,273,18,1,0,14.99
678,273,13,3,0,239.97
679,274,12,2,0,37.98
680,275,21,2,10,59.38
681,276,9,3,15,58.62
682,276,21,3,20,79.18
683,276,2,3,10,161.97
684,277,2,2,0,119.98
685,278,5,2,15,254.98
686,278,3,1,0,19.99
687,279,7,3,0,89.97
688,279,21,3,15,84.12
689,279,20,2,15,33.98
690,280,17,2,0,69.98
691,280,1,3,10,107.97
692,280,22,1,0,21.99
693,281,15,2,10,116.98
694,281,2,3,0,179.97
695,282,10,2,0,89.98
696,283,19,2,0,55.98
697,284,6,2,0,69.98
698,285,7,3,0,89.97
699,286,10,3,20,107.98
700,286,22,1,10,19.79
701,287,13,3,0,239.97
702,288,14,2,15,169.98
703,288,8,1,20,71.99
704,288,7,2,10,53.98
705,289,19,3,0,83.97
706,289,12,3,10,51.27
707,289,21,1,0,32.99
708,290,23,2,10,233.98
709,290,14,3,10,269.97
710,291,3,2,0,39.98
711,291,17,2,0,69.98
712,291,7,1,0,29.99
713,292,15,2,0,129.98
714,292,19,2,10,50.38
715,293,21,2,15,56.08
716,294,11,2,0,53.98
717,294,21,2,0,65.98
718,294,4,1,0,24.99
719,294,6,3,0,104.97
720,295,16,2,10,80.98
721,295,8,2,10,161.98
722,295,9,2,0,45.98
723,295,24,1,10,16.19
724,296,19,1,0,27.99
725,296,13,2,15,135.98
726,296,1,3,20,95.98
727,297,5,2,10,269.98
728,297,22,1,20,17.59
729,298,12,2,0,37.98
730,298,15,1,10,58.49
731,299,10,1,15,38.24
732,299,3,2,0,39.98
733,299,6,1,0,34.99
734,300,1,2,0,79.98
735,300,16,3,10,121.47
736,300,6,3,0,104.97
737,301,23,1,0,129.99
738,301,8,1,0,89.99
739,301,4,2,15,42.48
740,301,13,3,10,215.97
741,302,12,2,10,34.18
742,303,8,2,0,179.98
743,303,12,1,10,17.09
744,304,21,1,0,32.99
745,305,14,2,10,179.98
746,305,3,2,0,39.98
747,305,11,2,0,53.98
748,306,14,3,0,299.97
749,306,6,1,0,34.99
750,306,13,1,0,79.99
751,307,1,3,0,119.97
752,307,6,3,0,104.97
753,307,11,2,10,48.58
754,307,5,3,0,449.97
755,308,9,3,15,58.62
756,308,24,2,0,35.98
757,308,21,2,10,59.38
758,308,4,3,20,59.98
759,309,18,1,0,14.99
760,309,13,3,0,239.97
761,309,22,1,0,21.99
762,309,3,3,10,53.97
763,310,10,2,0,89.98
764,310,2,3,10,161.97
765,310,4,2,0,49.98
766,310,16,3,0,134.97
767,311,1,3,0,119.97
768,311,15,1,0,64.99
769,311,11,1,0,26.99
770,311,10,2,0,89.98
771,312,24,3,0,53.97
772,312,5,2,0,299.98
773,313,2,1,0,59.99
774,313,3,3,10,53.97
775,313,11,1,0,26.99
776,313,12,3,0,56.97
777,314,13,2,10,143.98
778,314,1,3,15,101.97
779,314,6,2,20,55.98
780,314,24,1,0,17.99
781,315,23,2,0,259.98
782,315,2,1,10,53.99
783,316,9,3,0,68.97
784,316,17,2,20,55.98
785,317,14,1,0,99.99
786,318,9,3,0,68.97
787,318,15,1,0,64.99
788,318,20,3,0,59.97
789,319,19,2,0,55.98
790,319,14,2,20,159.98
791,319,21,1,0,32.99
792,319,20,2,0,39.98
793,320,7,3,0,89.97
794,320,18,2,0,29.98
795,320,23,3,20,311.98
796,320,6,3,0,104.97
797,321,10,3,0,134.97
798,321,11,1,10,24.29
799,321,15,1,10,58.49
800,322,10,3,10,121.47
801,323,13,1,0,79.99
802,323,20,1,0,19.99
803,324,6,2,0,69.98
804,324,24,2,10,32.38
805,325,11,1,10,24.29
806,325,12,3,20,45.58
807,325,21,3,0,98.97
808,326,13,2,0,159.98
809,326,16,2,0,89.98
810,327,15,3,20,155.98
811,327,21,2,0,65.98
812,327,6,2,20,55.98
813,328,5,3,0,449.97
814,328,20,1,0,19.99
815,329,11,3,0,80.97
816,330,12,1,10,17.09
817,331,18,2,0,29.98
818,331,17,1,0,34.99
819,331,7,3,20,71.98
820,331,6,2,0,69.98
821,332,19,2,0,55.98
822,332,15,3,0,194.97
823,333,17,2,15,59.48
824,333,21,1,0,32.99
825,333,4,3,20,59.98
826,333,20,1,10,17.99
827,334,13,3,0,239.97
828,334,3,3,10,53.97
829,334,14,3,20,239.98
830,334,9,3,0,68.97
831,335,10,2,15,76.48
832,336,14,3,10,269.97
833,336,4,1,10,22.49
834,336,5,2,0,299.98
835,336,9,2,0,45.98
836,337,21,2,15,56.08
837,337,23,2,10,233.98
838,337,3,2,0,39.98
839,338,19,1,10,25.19
840,338,9,1,0,22.99
841,338,20,1,0,19.99
842,339,10,3,10,121.47
843,339,23,2,10,233.98
844,339,6,3,0,104.97
845,340,5,2,15,254.98
846,340,20,2,10,35.98
847,341,5,2,0,299.98
848,341,19,3,10,75.57
849,341,1,3,0,119.97
850,342,21,3,0,98.97
851,342,5,2,0,299.98
852,342,19,2,10,50.38
853,343,1,1,0,39.99
854,343,22,1,0,21.99
855,343,3,3,10,53.97
856,343,11,1,10,24.29
857,344,24,3,15,45.87
858,345,13,3,0,239.97
859,346,18,1,0,14.99
860,346,24,3,0,53.97
861,346,3,2,10,35.98
862,347,8,3,0,269.97
863,347,23,1,20,103.99
864,348,24,1,10,16.19
865,349,17,1,0,34.99
866,349,10,1,0,44.99
867,350,18,1,0,14.99
868,351,4,1,0,24.99
869,351,15,3,0,194.97
870,351,3,2,0,39.98
871,351,16,1,0,44.99
872,352,21,2,20,52.78
873,352,7,2,10,53.98
874,352,19,3,0,83.97
875,352,20,3,0,59.97
876,353,21,3,0,98.97
877,353,10,2,10,80.98
878,353,9,3,0,68.97
879,354,1,2,0,79.98
880,354,11,1,10,24.29
881,354,17,3,0,104.97
882,354,16,2,0,89.98
883,355,7,1,0,29.99
884,355,4,3,0,74.97
885,356,20,3,0,59.97
886,356,7,1,0,29.99
887,356,19,2,10,50.38
888,357,11,2,10,48.58
889,357,17,2,10,62.98
890,358,16,1,0,44.99
891,358,10,3,0,134.97
892,358,12,3,0,56.97
893,359,14,2,0,199.98
894,359,1,1,20,31.99
895,359,13,2,0,159.98
896,359,2,3,0,179.97
897,360,12,2,10,34.18
898,360,1,2,0,79.98
899,360,11,3,0,80.97
900,361,9,1,0,22.99
901,361,4,2,20,39.98
902,361,3,3,0,59.97
903,361,8,1,10,80.99
904,362,8,2,0,179.98
905,362,9,1,10,20.69
906,362,20,2,0,39.98
907,362,19,2,20,44.78
908,363,11,3,0,80.97
909,364,19,1,0,27.99
910,364,7,2,0,59.98
911,364,18,3,0,44.97
912,365,23,3,10,350.97
913,366,24,2,0,35.98
914,366,7,2,0,59.98
915,366,6,3,20,83.98
916,366,11,2,0,53.98
917,367,14,3,0,299.97
918,367,13,3,0,239.97
919,367,16,3,0,134.97
920,367,2,1,20,47.99
921,368,19,1,10,25.19
922,368,11,3,0,80.97
923,368,21,3,10,89.07
924,369,19,2,10,50.38
925,370,9,3,0,68.97
926,370,15,1,10,58.49
927,370,24,2,0,35.98
928,370,5,3,10,404.97
929,371,19,2,0,55.98
930,371,10,1,0,44.99
931,371,1,1,0,39.99
932,371,20,1,0,19.99
933,372,19,3,15,71.37
934,372,12,1,0,18.99
935,373,4,3,10,67.47
936,373,1,1,10,35.99
937,374,11,2,20,43.18
938,375,9,1,0,22.99
939,375,8,2,0,179.98
940,375,7,2,0,59.98
941,375,12,3,15,48.42
942,376,13,1,20,63.99
943,376,7,3,20,71.98
944,376,19,3,0,83.97
945,376,4,1,10,22.49
946,377,24,1,0,17.99
947,377,11,1,10,24.29
948,377,14,2,0,199.98
949,378,14,2,20,159.98
950,378,13,1,0,79.99
951,378,4,3,0,74.97
952,378,12,3,0,56.97
953,379,24,1,0,17.99
954,379,21,1,0,32.99
955,379,11,1,0,26.99
956,380,2,3,0,179.97
957,380,20,3,0,59.97
958,380,7,1,0,29.99
959,380,24,1,20,14.39
960,381,12,1,0,18.99
961,381,4,1,0,24.99
962,382,20,1,0,19.99
963,382,11,2,0,53.98
964,382,1,1,20,31.99
965,383,6,1,0,34.99
966,383,4,1,0,24.99
967,384,14,3,15,254.97
968,384,18,1,0,14.99
969,384,15,2,15,110.48
970,384,5,2,0,299.98
971,385,16,2,10,80.98
972,386,8,1,15,76.49
973,386,17,1,0,34.99
974,387,10,1,0,44.99
975,387,20,3,10,53.97
976,387,4,2,10,44.98
977,387,8,2,10,161.98
978,388,14,1,0,99.99
979,388,12,1,10,17.09
980,388,22,2,10,39.58
981,389,1,3,0,119.97
982,389,5,1,0,149.99
983,390,12,2,0,37.98
984,390,7,1,0,29.99
985,390,21,2,0,65.98
986,390,19,1,10,25.19
987,391,11,2,15,45.88
988,391,6,2,10,62.98
989,391,9,2,10,41.38
990,392,3,3,0,59.97
991,392,12,3,0,56.97
992,392,14,1,20,79.99
993,393,5,2,0,299.98
994,393,12,1,20,15.19
995,393,10,3,0,134.97
996,394,1,3,10,107.97
997,394,7,3,10,80.97
998,395,18,2,0,29.98
999,396,12,1,10,17.09
1000,396,6,3,10,94.47
1001,397,18,2,15,25.48
1002,397,20,2,0,39.98
1003,398,16,3,20,107.98
1004,398,15,1,0,64.99
1005,398,11,3,0,80.97
1006,398,5,2,0,299.98
1007,399,2,2,0,119.98
1008,400,13,3,0,239.97
1009,400,6,3,0,104.97
1010,401,9,2,0,45.98
1011,401,5,3,0,449.97
1012,402,5,1,10,134.99
1013,402,22,3,0,65.97
1014,402,9,1,10,20.69
1015,402,11,3,0,80.97
1016,403,18,3,10,40.47
1017,404,9,2,0,45.98
1018,404,2,2,0,119.98
1019,404,13,1,15,67.99
1020,405,10,1,20,35.99
1021,405,8,3,20,215.98
1022,405,17,2,0,69.98
1023,405,4,3,0,74.97
1024,406,9,3,10,62.07
1025,407,14,2,0,199.98
1026,407,22,1,10,19.79
1027,407,9,2,0,45.98
1028,408,4,3,10,67.47
1029,408,23,3,0,389.97
1030,408,16,3,15,114.72
1031,409,19,3,20,67.18
1032,410,12,3,10,51.27
1033,410,19,3,0,83.97
1034,411,21,3,0,98.97
1035,411,15,2,15,110.48
1036,411,19,3,10,75.57
1037,412,7,3,0,89.97
1038,413,10,2,15,76.48
1039,414,12,2,0,37.98
1040,414,22,1,0,21.99
1041,414,8,3,20,215.98
1042,415,7,3,10,80.97
1043,415,18,3,0,44.97
1044,416,16,2,0,89.98
1045,416,3,3,10,53.97
1046,417,10,1,10,40.49
1047,417,4,2,10,44.98
1048,417,24,3,0,53.97
1049,418,12,1,0,18.99
1050,418,11,1,0,26.99
1051,418,15,2,20,103.98
1052,418,6,3,10,94.47
1053,419,7,1,0,29.99
1054,420,5,3,0,449.97
1055,420,23,1,20,103.99
1056,420,11,1,15,22.94
1057,421,20,2,20,31.98
1058,421,19,2,15,47.58
1059,421,3,1,0,19.99
1060,422,16,1,15,38.24
1061,423,15,1,0,64.99
1062,423,21,2,0,65.98
1063,424,15,1,0,64.99
1064,424,14,3,0,299.97
1065,424,18,3,0,44.97
1066,424,19,2,10,50.38
1067,425,9,2,20,36.78
1068,425,14,1,0,99.99
1069,425,12,2,0,37.98
1070,426,18,1,0,14.99
1071,426,19,3,10,75.57
1072,427,24,3,10,48.57
1073,427,12,3,15,48.42
1074,428,15,3,0,194.97
1075,429,1,2,0,79.98
1076,429,18,1,15,12.74
1077,430,3,2,0,39.98
1078,430,22,3,0,65.97
1079,431,23,3,0,389.97
1080,432,13,3,0,239.97
1081,432,7,3,10,80.97
1082,433,5,2,15,254.98
1083,433,18,3,0,44.97
1084,433,22,2,0,43.98
1085,433,19,1,10,25.19
1086,434,8,1,15,76.49
1087,434,20,1,10,17.99
1088,435,3,3,10,53.97
1089,435,4,3,0,74.97
1090,435,13,2,0,159.98
1091,436,4,2,0,49.98
1092,436,10,2,15,76.48
1093,437,13,2,20,127.98
1094,437,7,3,0,89.97
1095,437,8,2,10,161.98
1096,438,18,1,10,13.49
1097,439,1,2,0,79.98
1098,440,3,3,10,53.97
1099,440,6,1,0,34.99
1100,440,7,2,0,59.98
1101,441,15,1,0,64.99
1102,441,23,2,0,259.98
1103,442,10,2,0,89.98
1104,443,4,1,10,22.49
1105,443,16,3,20,107.98
1106,444,15,1,0,64.99
1107,444,4,2,0,49.98
1108,444,22,2,0,43.98
1109,444,18,2,0,29.98
1110,445,22,3,0,65.97
1111,445,23,3,0,389.97
1112,445,19,3,0,83.97
1113,445,4,3,0,74.97
1114,446,10,1,0,44.99
1115,446,11,1,0,26.99
1116,447,13,2,0,159.98
1117,447,3,3,0,59.97
1118,447,16,2,0,89.98
1119,447,1,2,10,71.98
1120,448,7,1,0,29.99
1121,449,18,1,0,14.99
1122,450,22,2,10,39.58
1123,451,22,1,0,21.99
1124,451,23,1,15,110.49
1125,451,2,3,0,179.97
1126,452,19,3,0,83.97
1127,452,21,2,0,65.98
1128,453,1,2,20,63.98
1129,453,8,2,15,152.98
1130,453,22,2,20,35.18
1131,454,20,2,15,33.98
1132,454,22,2,10,39.58
1133,455,7,2,0,59.98
1134,455,21,1,0,32.99
1135,455,24,2,0,35.98
1136,456,9,3,0,68.97
1137,456,20,3,10,53.97
1138,456,1,1,10,35.99
1139,456,21,1,0,32.99
1140,457,3,1,20,15.99
1141,457,6,2,20,55.98
1142,457,18,3,20,35.98
1143,457,11,2,0,53.98
1144,458,4,1,0,24.99
1145,458,13,2,0,159.98
1146,458,7,3,20,71.98
1147,459,2,1,0,59.99
1148,459,13,3,15,203.97
1149,460,15,2,0,129.98
1150,460,24,1,10,16.19
1151,460,5,3,10,404.97
1152,461,2,1,0,59.99
1153,461,19,2,20,44.78
1154,461,1,2,0,79.98
1155,462,17,1,10,31.49
1156,462,3,2,10,35.98
1157,462,8,2,0,179.98
1158,463,18,3,20,35.98
1159,463,6,1,0,34.99
1160,463,5,1,0,149.99
1161,464,24,2,0,35.98
1162,464,11,1,10,24.29
1163,465,13,3,0,239.97
1164,466,19,3,0,83.97
1165,467,22,2,20,35.18
1166,467,20,1,10,17.99
1167,467,13,3,0,239.97
1168,468,15,2,0,129.98
1169,468,18,2,10,26.98
1170,469,12,1,0,18.99
1171,469,24,2,0,35.98
1172,470,13,3,0,239.97
1173,470,5,2,0,299.98
1174,471,15,2,10,116.98
1175,471,13,1,10,71.99
1176,471,12,1,0,18.99
1177,471,11,3,0,80.97
1178,472,15,2,10,116.98
1179,472,18,1,0,14.99
1180,472,14,2,0,199.98
1181,473,2,1,10,53.99
1182,473,7,3,0,89.97
1183,473,11,2,0,53.98
1184,473,18,1,0,14.99
1185,474,21,3,10,89.07
1186,474,13,1,0,79.99
1187,475,16,3,20,107.98
1188,475,11,3,0,80.97
1189,476,3,1,0,19.99
1190,477,12,1,20,15.19
1191,477,7,2,15,50.98
1192,477,24,2,10,32.38
1193,478,16,2,0,89.98
1194,478,11,3,0,80.97
1195,478,23,1,0,129.99
1196,478,6,1,0,34.99
1197,479,23,3,20,311.98
1198,479,9,2,0,45.98
1199,479,8,1,0,89.99
1200,479,4,2,0,49.98
1201,480,15,2,15,110.48
1202,480,19,2,20,44.78
1203,480,6,3,0,104.97
1204,481,3,3,0,59.97
1205,481,6,2,20,55.98
1206,481,5,1,20,119.99
1207,482,12,3,20,45.58
1208,483,6,3,0,104.97
1209,483,12,3,20,45.58
1210,483,9,1,0,22.99
1211,483,7,1,0,29.99
1212,484,15,1,0,64.99
1213,484,14,3,0,299.97
1214,484,11,1,0,26.99
1215,485,24,3,0,53.97
1216,486,13,2,10,143.98
1217,486,2,2,0,119.98
1218,486,23,3,15,331.47
1219,486,22,2,0,43.98
1220,487,24,1,0,17.99
1221,487,9,2,0,45.98
1222,487,18,2,20,23.98
1223,488,17,1,15,29.74
1224,488,4,1,0,24.99
1225,488,1,1,0,39.99
1226,489,3,3,0,59.97
1227,489,1,2,15,67.98
1228,490,21,3,0,98.97
1229,490,11,3,0,80.97
1230,490,22,3,20,52.78
1231,490,4,1,0,24.99
1232,491,7,3,0,89.97
1233,491,2,2,10,107.98
1234,492,23,3,10,350.97
1235,492,16,2,0,89.98
1236,493,15,1,0,64.99
1237,494,9,3,0,68.97
1238,494,5,1,10,134.99
1239,495,6,1,0,34.99
1240,495,11,3,15,68.82
1241,496,7,2,10,53.98
1242,496,14,3,0,299.97
1243,496,9,3,0,68.97
1244,497,3,2,0,39.98
1245,498,3,1,20,15.99
1246,498,22,3,0,65.97
1247,498,23,3,10,350.97
1248,498,15,2,10,116.98
1249,499,19,2,10,50.38
1250,500,12,3,20,45.58
1251,500,16,1,0,44.99
1252,500,10,1,0,44.99
1253,500,11,2,0,53.98
1254,501,15,2,20,103.98
1255,501,5,1,10,134.99
1256,501,24,2,20,28.78
1257,501,13,3,0,239.97
1258,502,5,1,0,149.99
1259,502,19,1,0,27.99
1260,503,1,2,0,79.98
1261,503,16,3,0,134.97
1262,504,14,1,0,99.99
1263,504,6,1,0,34.99
1264,504,16,2,10,80.98
1265,504,22,3,0,65.97
1266,505,7,2,10,53.98
1267,505,14,2,10,179.98
1268,505,16,3,10,121.47
1269,505,1,3,0,119.97
1270,506,24,1,0,17.99
1271,506,12,2,0,37.98
1272,506,23,2,0,259.98
1273,507,11,2,10,48.58
1274,507,21,3,0,98.97
1275,508,5,3,0,449.97
1276,508,11,1,10,24.29
1277,509,16,2,15,76.48
1278,509,19,2,0,55.98
1279,510,20,1,0,19.99
1280,510,11,2,10,48.58
1281,511,3,1,10,17.99
1282,511,15,2,10,116.98
1283,511,13,2,15,135.98
1284,512,21,2,0,65.98
1285,512,1,3,0,119.97
1286,513,16,3,0,134.97
1287,513,11,3,0,80.97
1288,513,20,3,10,53.97
1289,514,17,1,10,31.49
1290,514,10,2,10,80.98
1291,515,7,1,0,29.99
1292,515,5,3,10,404.97
1293,515,10,1,0,44.99
1294,516,20,2,0,39.98
1295,516,15,2,0,129.98
1296,517,10,2,20,71.98
1297,517,6,1,0,34.99
1298,517,19,2,0,55.98
1299,517,5,2,0,299.98
1300,518,21,2,10,59.38
1301,519,21,2,0,65.98
1302,520,24,3,10,48.57
1303,521,17,1,20,27.99
1304,522,11,2,10,48.58
1305,522,3,2,0,39.98
1306,522,14,1,0,99.99
1307,523,18,1,0,14.99
1308,523,3,1,10,17.99
1309,524,2,3,15,152.97
1310,525,8,1,20,71.99
1311,526,11,3,0,80.97
1312,526,13,3,10,215.97
1313,526,21,2,0,65.98
1314,527,2,1,0,59.99
1315,528,12,3,0,56.97
1316,529,13,1,0,79.99
1317,529,7,3,10,80.97
1318,530,17,1,10,31.49
1319,530,13,2,0,159.98
1320,530,6,2,15,59.48
1321,531,1,3,0,119.97
1322,531,15,2,0,129.98
1323,531,20,1,0,19.99
1324,531,21,1,10,29.69
1325,532,23,3,15,331.47
1326,532,22,2,0,43.98
1327,532,7,3,10,80.97
1328,533,7,2,0,59.98
1329,533,17,1,15,29.74
1330,533,1,1,0,39.99
1331,534,15,1,20,51.99
1332,534,13,2,0,159.98
1333,534,20,2,10,35.98
1334,535,3,1,15,16.99
1335,535,20,1,10,17.99
1336,536,1,2,10,71.98
1337,536,10,1,0,44.99
1338,536,15,2,0,129.98
1339,537,3,3,0,59.97
1340,537,9,1,15,19.54
1341,537,14,2,0,199.98
1342,538,4,3,20,59.98
1343,538,21,1,15,28.04
1344,539,24,1,0,17.99
1345,540,9,3,0,68.97
1346,540,1,3,10,107.97
1347,540,23,1,0,129.99
1348,541,15,3,15,165.72
1349,541,14,3,0,299.97
1350,541,6,2,10,62.98
1351,541,1,3,0,119.97
1352,542,7,2,15,50.98
1353,542,8,3,0,269.97
1354,542,23,3,15,331.47
1355,543,8,2,0,179.98
1356,543,23,3,0,389.97
1357,543,24,2,0,35.98
1358,543,2,2,10,107.98
1359,544,11,3,0,80.97
1360,544,24,1,0,17.99
1361,545,10,2,10,80.98
1362,545,5,2,0,299.98
1363,545,22,2,0,43.98
1364,546,21,3,0,98.97
1365,546,15,1,0,64.99
1366,546,18,3,0,44.97
1367,547,19,1,15,23.79
1368,547,5,2,0,299.98
1369,548,19,1,0,27.99
1370,549,24,3,10,48.57
1371,549,8,2,0,179.98
1372,550,18,3,15,38.22
1373,550,13,1,0,79.99
1374,550,17,3,0,104.97
1375,551,23,3,10,350.97
1376,551,1,2,0,79.98
1377,552,8,1,0,89.99
1378,552,13,1,20,63.99
1379,552,10,1,0,44.99
1380,553,6,1,0,34.99
1381,553,22,2,20,35.18
1382,554,1,2,0,79.98
1383,554,23,1,0,129.99
1384,554,20,3,0,59.97
1385,554,10,2,10,80.98
1386,555,16,2,0,89.98
1387,556,18,3,10,40.47
1388,556,4,2,20,39.98
1389,556,14,3,0,299.97
1390,556,23,1,0,129.99
1391,557,3,1,10,17.99
1392,558,8,1,0,89.99
1393,558,20,3,10,53.97
1394,558,16,2,0,89.98
1395,559,19,1,20,22.39
1396,559,22,2,0,43.98
1397,560,18,2,0,29.98
1398,560,21,3,0,98.97
1399,560,24,1,20,14.39
1400,560,2,2,15,101.98
1401,561,14,1,20,79.99
1402,561,4,1,0,24.99
1403,561,22,2,0,43.98
1404,562,13,2,0,159.98
1405,562,2,2,15,101.98
1406,563,23,3,20,311.98
1407,563,15,1,0,64.99
1408,564,15,2,0,129.98
1409,565,21,2,0,65.98
1410,565,18,2,0,29.98
1411,565,4,3,0,74.97
1412,566,16,1,20,35.99
1413,566,13,1,0,79.99
1414,566,17,1,0,34.99
1415,567,22,2,0,43.98
1416,567,18,3,0,44.97
1417,567,12,2,0,37.98
1418,567,9,1,0,22.99
1419,568,1,1,0,39.99
1420,568,12,3,0,56.97
1421,568,2,3,0,179.97
1422,568,17,1,0,34.99
1423,569,7,2,0,59.98
1424,569,22,1,0,21.99
1425,570,5,3,0,449.97
1426,571,16,3,20,107.98
1427,572,21,2,0,65.98
1428,572,12,2,0,37.98
1429,572,8,2,10,161.98
1430,572,9,1,0,22.99
1431,573,24,2,10,32.38
1432,573,5,3,15,382.47
1433,574,8,3,0,269.97
1434,574,20,1,0,19.99
1435,575,23,1,10,116.99
1436,576,15,2,15,110.48
1437,576,21,3,0,98.97
1438,576,11,2,15,45.88
1439,577,16,1,10,40.49
1440,577,11,2,0,53.98
1441,578,21,3,0,98.97
1442,578,9,2,20,36.78
1443,578,10,2,20,71.98
1444,579,7,3,0,89.97
1445,579,11,2,0,53.98
1446,579,17,3,10,94.47
1447,580,23,1,10,116.99
1448,580,10,2,10,80.98
1449,581,4,3,15,63.72
1450,581,24,3,0,53.97
1451,582,6,2,0,69.98
1452,582,21,2,10,59.38
1453,582,16,3,0,134.97
1454,583,9,1,20,18.39
1455,584,1,2,0,79.98
1456,584,3,3,0,59.97
1457,584,7,2,0,59.98
1458,584,9,2,0,45.98
1459,585,20,2,0,39.98
1460,585,4,1,0,24.99
1461,585,16,2,10,80.98
1462,585,14,1,0,99.99
1463,586,5,3,0,449.97
1464,586,4,1,15,21.24
1465,586,24,3,0,53.97
1466,587,10,1,0,44.99
1467,587,14,3,0,299.97
1468,587,8,2,20,143.98
1469,588,18,3,0,44.97
1470,589,7,1,0,29.99
1471,589,18,3,10,40.47
1472,589,20,2,15,33.98
1473,589,1,1,0,39.99
1474,590,15,1,15,55.24
1475,590,20,1,0,19.99
1476,591,14,2,0,199.98
1477,591,19,1,0,27.99
1478,591,20,1,0,19.99
1479,592,20,2,0,39.98
1480,592,13,3,0,239.97
1481,592,1,3,0,119.97
1482,592,18,1,0,14.99
1483,593,20,3,0,59.97
1484,593,7,3,10,80.97
1485,593,12,1,10,17.09
1486,593,5,1,0,149.99
1487,594,8,2,20,143.98
1488,594,13,3,20,191.98
1489,594,20,1,10,17.99
1490,595,13,3,0,239.97
1491,596,24,2,0,35.98
1492,596,15,1,0,64.99
1493,596,14,2,0,199.98
1494,596,3,1,0,19.99
1495,597,2,2,0,119.98
1496,597,13,1,0,79.99
1497,598,9,1,0,22.99
1498,599,14,1,0,99.99
1499,599,9,2,0,45.98
1500,600,20,1,0,19.99
1501,601,6,3,10,94.47
1502,601,8,1,10,80.99
1503,601,1,2,15,67.98
1504,601,7,1,0,29.99
1505,602,24,3,20,43.18
1506,602,6,1,10,31.49
1507,602,5,2,15,254.98
1508,603,17,3,15,89.22
1509,604,5,3,10,404.97
1510,604,8,2,0,179.98
1511,604,20,1,10,17.99
1512,604,12,3,0,56.97
1513,605,3,2,0,39.98
1514,606,22,2,15,37.38
1515,606,13,2,20,127.98
1516,606,18,3,0,44.97
1517,606,24,3,0,53.97
1518,607,6,1,0,34.99
1519,607,17,3,20,83.98
1520,607,16,2,0,89.98
1521,607,5,2,0,299.98
1522,608,16,1,0,44.99
1523,608,7,3,10,80.97
1524,608,1,2,15,67.98
1525,609,21,2,0,65.98
1526,609,10,1,20,35.99
1527,610,13,1,0,79.99
1528,610,15,2,20,103.98
1529,610,23,1,20,103.99
1530,610,12,3,20,45.58
1531,611,15,2,0,129.98
1532,611,13,2,0,159.98
1533,611,21,3,0,98.97
1534,612,12,2,0,37.98
1535,613,5,3,10,404.97
1536,614,21,2,0,65.98
1537,614,17,2,0,69.98
1538,615,10,3,0,134.97
1539,615,12,2,10,34.18
1540,615,2,2,10,107.98
1541,616,5,2,0,299.98
1542,617,5,3,0,449.97
1543,617,7,2,0,59.98
1544,617,3,1,0,19.99
1545,618,14,2,0,199.98
1546,618,5,2,20,239.98
1547,619,6,1,0,34.99
1548,620,15,3,0,194.97
1549,620,6,1,10,31.49
1550,621,16,3,0,134.97
1551,621,9,3,0,68.97
1552,621,19,3,0,83.97
1553,622,20,2,0,39.98
1554,622,8,2,20,143.98
1555,622,1,2,0,79.98
1556,623,19,2,15,47.58
1557,624,18,1,15,12.74
1558,624,8,1,0,89.99
1559,625,14,2,0,199.98
1560,625,24,2,0,35.98
1561,625,13,1,10,71.99
1562,626,14,2,15,169.98
1563,627,11,2,0,53.98
1564,628,13,1,0,79.99
1565,628,19,3,15,71.37
1566,628,7,2,0,59.98
1567,628,14,2,0,199.98
1568,629,3,3,0,59.97
1569,630,23,3,0,389.97
1570,631,2,2,20,95.98
1571,631,5,2,10,269.98
1572,632,6,2,0,69.98
1573,633,2,3,0,179.97
1574,634,4,3,15,63.72
1575,634,9,1,15,19.54
1576,634,19,2,0,55.98
1577,634,10,2,10,80.98
1578,635,16,3,0,134.97
1579,636,22,2,15,37.38
1580,636,6,2,20,55.98
1581,636,23,2,0,259.98
1582,637,8,1,0,89.99
1583,637,10,1,10,40.49
1584,637,22,1,0,21.99
1585,637,11,3,15,68.82
1586,638,5,2,10,269.98
1587,638,24,3,0,53.97
1588,638,3,2,0,39.98
1589,638,10,1,20,35.99
1590,639,23,3,0,389.97
1591,639,7,1,0,29.99
1592,639,16,2,0,89.98
1593,640,13,2,10,143.98
1594,640,6,2,10,62.98
1595,640,16,2,0,89.98
1596,641,22,1,0,21.99
1597,641,11,1,20,21.59
1598,641,19,2,0,55.98
1599,641,23,2,0,259.98
1600,642,9,2,0,45.98
1601,642,7,1,10,26.99
1602,642,24,3,0,53.97
1603,642,6,3,0,104.97
1604,643,7,2,10,53.98
1605,643,5,3,10,404.97
1606,644,14,1,0,99.99
1607,644,24,3,0,53.97
1608,645,2,2,0,119.98
1609,645,10,1,0,44.99
1610,645,11,2,20,43.18
1611,645,1,3,0,119.97
1612,646,15,2,15,110.48
1613,646,9,1,15,19.54
1614,647,13,3,0,239.97
1615,647,9,1,20,18.39
1616,647,1,2,0,79.98
1617,648,9,3,15,58.62
1618,649,20,2,20,31.98
1619,649,22,1,0,21.99
1620,649,2,3,0,179.97
1621,650,18,3,10,40.47
1622,650,24,1,10,16.19
1623,650,11,1,0,26.99
1624,650,6,1,20,27.99
1625,651,6,3,0,104.97
1626,651,22,1,20,17.59
1627,651,10,1,10,40.49
1628,652,10,3,10,121.47
1629,652,18,1,20,11.99
1630,652,23,1,15,110.49
1631,653,9,1,0,22.99
1632,654,17,3,0,104.97
1633,654,4,1,0,24.99
1634,654,16,1,0,44.99
1635,654,22,2,15,37.38
1636,655,3,1,0,19.99
1637,656,16,2,0,89.98
1638,656,21,2,10,59.38
1639,657,7,2,10,53.98
1640,657,6,3,10,94.47
1641,657,20,3,0,59.97
1642,657,21,3,20,79.18
1643,658,13,1,15,67.99
1644,658,11,1,0,26.99
1645,658,21,1,0,32.99
1646,658,12,1,20,15.19
1647,659,24,1,0,17.99
1648,659,1,1,0,39.99
1649,659,11,3,10,72.87
1650,659,15,3,0,194.97
1651,660,4,3,0,74.97
1652,660,20,2,0,39.98
1653,660,2,2,0,119.98
1654,661,23,2,20,207.98
1655,661,9,2,0,45.98
1656,662,3,3,0,59.97
1657,662,16,1,0,44.99
1658,662,10,2,0,89.98
1659,663,12,1,0,18.99
1660,664,4,1,0,24.99
1661,664,6,1,0,34.99
1662,664,19,2,0,55.98
1663,665,18,1,15,12.74
1664,665,22,1,0,21.99
1665,665,10,2,0,89.98
1666,666,3,3,0,59.97
1667,666,4,2,0,49.98
1668,667,9,1,0,22.99
1669,668,11,1,0,26.99
1670,669,21,1,0,32.99
1671,670,24,3,0,53.97
1672,670,22,2,0,43.98
1673,671,16,1,0,44.99
1674,671,18,1,10,13.49
1675,672,12,3,0,56.97
1676,672,5,3,0,449.97
1677,672,13,1,10,71.99
1678,673,1,1,10,35.99
1679,673,4,3,0,74.97
1680,673,13,1,15,67.99
1681,673,19,3,0,83.97
1682,674,8,1,10,80.99
1683,674,24,3,0,53.97
1684,675,19,1,10,25.19
1685,676,14,1,0,99.99
1686,677,12,2,20,30.38
1687,678,15,3,0,194.97
1688,678,22,2,0,43.98
1689,678,7,3,15,76.47
1690,679,14,1,0,99.99
1691,679,2,1,0,59.99
1692,679,9,1,10,20.69
1693,680,4,1,0,24.99
1694,680,10,1,0,44.99
1695,680,5,3,0,449.97
1696,680,9,2,0,45.98
1697,681,23,2,20,207.98
1698,681,9,2,0,45.98
1699,682,8,3,0,269.97
1700,683,4,3,0,74.97
1701,683,9,2,10,41.38
1702,684,24,1,0,17.99
1703,684,13,1,0,79.99
1704,684,1,2,0,79.98
1705,685,5,1,0,149.99
1706,686,16,1,0,44.99
1707,687,9,3,0,68.97
1708,687,23,3,0,389.97
1709,687,19,2,0,55.98
1710,687,7,2,10,53.98
1711,688,11,2,0,53.98
1712,689,8,3,0,269.97
1713,689,14,3,15,254.97
1714,689,18,1,0,14.99
1715,689,1,1,0,39.99
1716,690,4,3,20,59.98
1717,691,8,1,0,89.99
1718,691,24,1,0,17.99
1719,692,21,1,0,32.99
1720,692,19,1,10,25.19
1721,692,15,1,15,55.24
1722,693,2,3,0,179.97
1723,693,16,1,10,40.49
1724,694,14,1,0,99.99
1725,694,11,3,0,80.97
1726,695,12,3,0,56.97
1727,695,15,3,0,194.97
1728,695,18,3,0,44.97
1729,696,6,3,0,104.97
1730,696,8,1,0,89.99
1731,697,15,2,0,129.98
1732,697,2,1,0,59.99
1733,697,22,3,20,52.78
1734,698,22,3,0,65.97
1735,698,14,1,0,99.99
1736,698,5,1,0,149.99
1737,699,4,1,0,24.99
1738,699,3,1,0,19.99
1739,699,6,3,15,89.22
1740,699,7,2,10,53.98
1741,700,15,3,10,175.47
1742,700,6,1,20,27.99
1743,700,20,2,0,39.98
1744,701,11,1,20,21.59
1745,701,9,1,0,22.99
1746,701,20,2,0,39.98
1747,702,19,1,10,25.19
1748,703,24,3,20,43.18
1749,703,23,1,0,129.99
1750,704,2,1,0,59.99
1751,704,17,1,10,31.49
1752,705,8,3,0,269.97
1753,706,9,1,15,19.54
1754,706,11,1,0,26.99
1755,706,18,1,0,14.99
1756,707,17,1,10,31.49
1757,708,24,2,0,35.98
1758,709,1,3,0,119.97
1759,709,2,3,0,179.97
1760,709,22,2,0,43.98
1761,710,3,3,0,59.97
1762,711,2,3,0,179.97
1763,711,21,1,20,26.39
1764,711,24,2,0,35.98
1765,712,10,1,0,44.99
1766,712,9,1,10,20.69
1767,712,6,3,0,104.97
1768,713,5,1,15,127.49
1769,714,11,2,0,53.98
1770,715,1,3,0,119.97
1771,716,3,3,0,59.97
1772,716,12,1,0,18.99
1773,716,24,3,0,53.97
1774,717,17,2,10,62.98
1775,717,8,2,0,179.98
1776,717,11,1,10,24.29
1777,718,21,2,0,65.98
1778,719,20,3,0,59.97
1779,719,12,1,0,18.99
1780,719,1,1,20,31.99
1781,719,21,2,0,65.98
1782,720,9,3,10,62.07
1783,721,16,2,10,80.98
1784,721,8,1,0,89.99
1785,721,17,1,0,34.99
1786,721,7,1,0,29.99
1787,722,20,1,0,19.99
1788,722,22,3,10,59.37
1789,722,10,3,0,134.97
1790,722,24,2,0,35.98
1791,723,12,3,15,48.42
1792,723,24,2,0,35.98
1793,724,3,2,0,39.98
1794,724,15,3,0,194.97
1795,724,2,2,20,95.98
1796,725,13,3,10,215.97
1797,725,8,2,0,179.98
1798,726,22,1,0,21.99
1799,727,10,3,0,134.97
1800,727,17,1,10,31.49
1801,727,19,3,0,83.97
1802,728,9,3,20,55.18
1803,728,11,2,10,48.58
1804,729,2,3,0,179.97
1805,729,10,2,0,89.98
1806,729,22,1,0,21.99
1807,730,17,3,0,104.97
1808,730,9,3,0,68.97
1809,731,4,1,10,22.49
1810,731,3,2,0,39.98
1811,732,18,1,10,13.49
1812,733,21,3,0,98.97
1813,734,8,1,10,80.99
1814,734,2,1,20,47.99
1815,734,14,3,10,269.97
1816,735,13,3,15,203.97
1817,735,4,3,10,67.47
1818,735,15,3,15,165.72
1819,736,1,1,0,39.99
1820,736,19,2,0,55.98
1821,737,8,3,0,269.97
1822,738,9,1,20,18.39
1823,738,24,2,20,28.78
1824,738,10,3,10,121.47
1825,738,20,2,0,39.98
1826,739,3,2,10,35.98
1827,740,4,1,0,24.99
1828,740,18,3,0,44.97
1829,740,10,1,0,44.99
1830,741,6,1,20,27.99
1831,741,24,3,10,48.57
1832,742,9,1,0,22.99
1833,742,11,1,10,24.29
1834,742,14,3,0,299.97
1835,742,3,3,0,59.97
1836,743,11,1,0,26.99
1837,744,17,3,0,104.97
1838,745,2,1,15,50.99
1839,746,13,1,0,79.99
1840,746,20,3,0,59.97
1841,746,3,2,20,31.98
1842,747,9,2,0,45.98
1843,747,11,2,0,53.98
1844,748,16,3,15,114.72
1845,749,20,3,15,50.97
1846,749,7,2,10,53.98
1847,750,17,2,10,62.98
1848,751,14,1,0,99.99
1849,751,2,2,10,107.98
1850,752,15,3,15,165.72
1851,752,23,3,0,389.97
1852,752,1,3,0,119.97
1853,753,19,3,20,67.18
1854,753,6,2,0,69.98
1855,753,1,1,0,39.99
1856,754,20,2,15,33.98
1857,754,19,3,10,75.57
1858,754,13,3,10,215.97
1859,754,22,3,10,59.37
1860,755,19,3,0,83.97
1861,755,13,2,0,159.98
1862,755,21,2,0,65.98
1863,756,6,1,0,34.99
1864,756,7,1,0,29.99
1865,757,13,2,10,143.98
1866,757,19,1,20,22.39
1867,757,18,2,0,29.98
1868,757,2,3,0,179.97
1869,758,21,2,0,65.98
1870,759,17,1,0,34.99
1871,759,20,3,10,53.97
1872,760,22,1,15,18.69
1873,760,18,2,15,25.48
1874,761,5,3,0,449.97
1875,762,13,2,0,159.98
1876,762,19,1,0,27.99
1877,763,19,3,0,83.97
1878,763,13,1,0,79.99
1879,763,12,2,15,32.28
1880,763,14,1,10,89.99
1881,764,17,3,0,104.97
1882,764,11,1,0,26.99
1883,765,18,2,15,25.48
1884,765,5,2,10,269.98
1885,765,8,1,15,76.49
1886,765,19,1,0,27.99
1887,766,20,1,15,16.99
1888,766,13,2,0,159.98
1889,766,3,1,0,19.99
1890,766,2,1,15,50.99
1891,767,17,2,0,69.98
1892,767,2,3,10,161.97
1893,767,20,3,0,59.97
1894,767,21,2,0,65.98
1895,768,19,3,0,83.97
1896,768,15,1,0,64.99
1897,769,1,2,0,79.98
1898,769,16,2,0,89.98
1899,769,15,3,20,155.98
1900,770,14,1,0,99.99
1901,770,22,3,10,59.37
1902,770,5,3,15,382.47
1903,770,20,3,10,53.97
1904,771,19,3,0,83.97
1905,771,23,2,0,259.98
1906,772,3,1,0,19.99
1907,772,7,1,20,23.99
1908,772,15,2,0,129.98
1909,773,4,2,0,49.98
1910,773,15,1,10,58.49
1911,773,18,1,10,13.49
1912,773,3,1,0,19.99
1913,774,17,2,0,69.98
1914,774,22,2,0,43.98
1915,775,7,1,15,25.49
1916,775,15,3,0,194.97
1917,776,19,1,0,27.99
1918,776,11,2,0,53.98
1919,777,14,2,0,199.98
1920,778,4,3,0,74.97
1921,778,13,1,20,63.99
1922,778,16,3,10,121.47
1923,779,3,1,10,17.99
1924,779,1,2,15,67.98
1925,780,21,1,0,32.99
1926,781,24,3,0,53.97
1927,781,16,2,15,76.48
1928,781,22,1,15,18.69
1929,782,17,1,0,34.99
1930,783,8,3,0,269.97
1931,783,19,3,0,83.97
1932,783,15,3,10,175.47
1933,784,15,2,10,116.98
1934,785,8,1,0,89.99
1935,785,13,1,0,79.99
1936,785,17,1,0,34.99
1937,785,5,1,0,149.99
1938,786,13,3,15,203.97
1939,787,18,3,0,44.97
1940,787,15,3,0,194.97
1941,787,4,1,0,24.99
1942,788,19,1,0,27.99
1943,789,18,3,0,44.97
1944,790,18,1,15,12.74
1945,790,1,1,15,33.99
1946,790,6,1,20,27.99
1947,791,24,3,20,43.18
1948,791,20,3,0,59.97
1949,791,23,3,0,389.97
1950,791,9,3,10,62.07
1951,792,15,3,0,194.97
1952,792,21,1,10,29.69
1953,792,18,2,0,29.98
1954,793,15,3,10,175.47
1955,793,13,3,0,239.97
1956,793,16,3,0,134.97
1957,793,7,2,10,53.98
1958,794,16,3,0,134.97
1959,794,20,3,0,59.97
1960,794,18,2,0,29.98
1961,794,13,3,15,203.97
1962,795,16,1,10,40.49
1963,795,24,3,0,53.97
1964,796,12,3,0,56.97
1965,796,2,1,10,53.99
1966,797,24,2,0,35.98
1967,797,20,1,10,17.99
1968,797,11,1,0,26.99
1969,797,22,3,0,65.97
1970,798,9,2,0,45.98
1971,798,6,2,0,69.98
1972,798,17,2,15,59.48
1973,799,22,3,0,65.97
1974,799,18,2,10,26.98
1975,800,18,1,0,14.99
1976,800,19,1,0,27.99
1977,801,24,2,0,35.98
1978,801,16,3,0,134.97
1979,801,6,3,0,104.97
1980,802,4,1,0,24.99
1981,802,8,2,0,179.98
1982,802,17,1,20,27.99
1983,803,18,2,10,26.98
1984,803,11,3,0,80.97
1985,803,1,2,0,79.98
1986,803,20,1,0,19.99
1987,804,4,2,0,49.98
1988,805,19,1,0,27.99
1989,805,8,2,0,179.98
1990,805,9,2,0,45.98
1991,806,11,1,10,24.29
1992,806,7,2,10,53.98
1993,806,4,1,15,21.24
1994,807,8,2,0,179.98
1995,808,5,1,0,149.99
1996,808,23,1,0,129.99
1997,808,21,2,0,65.98
1998,809,23,3,0,389.97
1999,810,16,2,0,89.98
2000,810,1,1,15,33.99
2001,811,13,2,0,159.98
2002,811,6,2,0,69.98
2003,811,5,2,15,254.98
2004,812,18,1,0,14.99
2005,812,15,3,0,194.97
2006,812,9,2,20,36.78
2007,812,10,3,0,134.97
2008,813,11,2,0,53.98
2009,813,23,1,0,129.99
2010,813,20,3,20,47.98
2011,814,11,1,0,26.99
2012,814,1,2,0,79.98
2013,814,5,1,0,149.99
2014,814,2,1,0,59.99
2015,815,11,2,0,53.98
2016,816,2,3,0,179.97
2017,816,17,3,0,104.97
2018,816,7,1,0,29.99
2019,816,21,2,15,56.08
2020,817,19,1,0,27.99
2021,817,20,3,20,47.98
2022,817,23,1,0,129.99
2023,817,16,3,10,121.47
2024,818,5,3,20,359.98
2025,818,24,3,0,53.97
2026,818,1,2,0,79.98
2027,818,12,1,0,18.99
2028,819,24,1,0,17.99
2029,820,21,3,0,98.97
2030,820,1,1,0,39.99
2031,821,14,2,0,199.98
2032,821,9,3,0,68.97
2033,822,13,3,0,239.97
2034,822,17,1,15,29.74
2035,822,23,2,0,259.98
2036,822,3,2,10,35.98
2037,823,16,1,15,38.24
2038,823,5,1,0,149.99
2039,823,13,3,0,239.97
2040,824,13,3,0,239.97
2041,824,22,1,0,21.99
2042,824,18,1,10,13.49
2043,824,8,1,10,80.99
2044,825,7,3,10,80.97
2045,825,15,3,10,175.47
2046,826,6,3,20,83.98
2047,826,5,1,10,134.99
2048,826,19,1,20,22.39
2049,827,22,3,0,65.97
2050,827,19,3,0,83.97
2051,827,3,1,15,16.99
2052,828,19,1,0,27.99
2053,828,18,2,0,29.98
2054,829,24,2,0,35.98
2055,829,16,1,0,44.99
2056,829,8,2,15,152.98
2057,829,6,3,15,89.22
2058,830,6,2,10,62.98
2059,831,1,1,0,39.99
2060,831,6,2,0,69.98
2061,831,19,3,0,83.97
2062,831,15,3,20,155.98
2063,832,5,3,0,449.97
2064,832,19,1,0,27.99
2065,832,18,3,10,40.47
2066,833,24,1,0,17.99
2067,833,2,1,0,59.99
2068,833,18,3,0,44.97
2069,833,7,3,15,76.47
2070,834,22,1,0,21.99
2071,834,17,3,0,104.97
2072,834,12,1,10,17.09
2073,835,7,1,0,29.99
2074,836,19,3,0,83.97
2075,837,7,3,15,76.47
2076,837,24,1,0,17.99
2077,838,22,2,0,43.98
2078,838,1,2,10,71.98
2079,838,3,3,0,59.97
2080,839,1,2,20,63.98
2081,839,19,1,0,27.99
2082,840,5,2,0,299.98
2083,841,22,3,20,52.78
2084,842,2,3,10,161.97
2085,842,4,3,0,74.97
2086,843,5,1,0,149.99
2087,844,22,2,20,35.18
2088,844,24,1,20,14.39
2089,844,17,3,10,94.47
2090,845,13,1,10,71.99
2091,845,11,2,10,48.58
2092,845,7,3,15,76.47
2093,845,18,3,0,44.97
2094,846,1,2,10,71.98
2095,846,18,1,20,11.99
2096,846,22,1,0,21.99
2097,847,20,2,0,39.98
2098,847,10,3,0,134.97
2099,848,24,3,10,48.57
2100,848,13,1,15,67.99
2101,848,3,1,10,17.99
2102,849,1,1,0,39.99
2103,849,4,1,0,24.99
2104,849,8,2,0,179.98
2105,849,15,3,0,194.97
2106,850,7,2,20,47.98
2107,850,1,3,10,107.97
2108,851,2,3,0,179.97
2109,851,14,1,0,99.99
2110,851,4,2,0,49.98
2111,851,12,3,10,51.27
2112,852,14,2,15,169.98
2113,853,5,3,10,404.97
2114,853,10,1,0,44.99
2115,854,22,3,0,65.97
2116,854,21,3,10,89.07
2117,855,1,3,0,119.97
2118,856,19,2,15,47.58
2119,856,21,2,10,59.38
2120,856,15,2,0,129.98
2121,856,12,3,10,51.27
2122,857,6,1,0,34.99
2123,857,8,2,0,179.98
2124,857,9,1,0,22.99
2125,857,16,3,0,134.97
2126,858,2,1,0,59.99
2127,859,13,1,0,79.99
2128,859,9,1,0,22.99
2129,859,3,3,0,59.97
2130,859,16,3,10,121.47
2131,860,24,1,20,14.39
2132,861,7,3,0,89.97
2133,862,15,3,0,194.97
2134,863,12,2,0,37.98
2135,863,17,2,0,69.98
2136,863,9,3,0,68.97
2137,864,18,2,0,29.98
2138,864,17,3,0,104.97
2139,864,22,2,0,43.98
2140,865,11,1,20,21.59
2141,866,20,1,15,16.99
2142,866,13,2,20,127.98
2143,867,3,3,0,59.97
2144,867,12,1,15,16.14
2145,868,2,1,20,47.99
2146,869,10,2,10,80.98
2147,870,2,2,0,119.98
2148,871,2,3,0,179.97
2149,871,1,1,0,39.99
2150,871,24,3,0,53.97
2151,872,22,1,0,21.99
2152,872,23,1,0,129.99
2153,873,19,2,10,50.38
2154,874,21,2,0,65.98
2155,874,8,3,0,269.97
2156,874,3,2,0,39.98
2157,874,7,3,10,80.97
2158,875,4,2,20,39.98
2159,875,5,2,0,299.98
2160,875,7,2,0,59.98
2161,875,16,1,10,40.49
2162,876,19,2,15,47.58
2163,876,4,1,10,22.49
2164,876,20,2,0,39.98
2165,877,1,2,0,79.98
2166,877,7,2,15,50.98
2167,878,3,2,0,39.98
2168,879,21,3,10,89.07
2169,880,8,2,10,161.98
2170,881,3,2,20,31.98
2171,882,22,1,20,17.59
2172,882,17,2,15,59.48
2173,882,1,2,0,79.98
2174,883,17,3,20,83.98
2175,883,24,3,0,53.97
2176,883,8,1,0,89.99
2177,884,18,2,0,29.98
2178,884,2,3,0,179.97
2179,884,14,1,15,84.99
2180,885,20,3,10,53.97
2181,885,13,1,0,79.99
2182,885,3,2,10,35.98
2183,886,20,2,0,39.98
2184,886,22,3,0,65.97
2185,887,22,1,0,21.99
2186,887,21,1,10,29.69
2187,887,2,2,20,95.98
2188,887,9,1,10,20.69
2189,888,2,1,0,59.99
2190,888,16,2,10,80.98
2191,888,18,3,0,44.97
2192,888,21,1,0,32.99
2193,889,19,1,0,27.99
2194,889,22,1,15,18.69
2195,889,21,2,10,59.38
2196,889,13,2,15,135.98
2197,890,24,3,0,53.97
2198,890,9,2,0,45.98
2199,891,5,3,0,449.97
2200,892,19,2,0,55.98
2201,892,8,3,0,269.97
2202,892,21,3,20,79.18
2203,893,18,3,0,44.97
2204,893,13,1,15,67.99
2205,893,23,1,20,103.99
2206,894,20,1,10,17.99
2207,894,19,1,0,27.99
2208,894,3,1,0,19.99
2209,894,14,1,0,99.99
2210,895,12,3,10,51.27
2211,895,22,1,20,17.59
2212,896,4,3,0,74.97
2213,896,8,1,0,89.99
2214,896,7,1,0,29.99
2215,896,16,2,0,89.98
2216,897,6,2,20,55.98
2217,898,5,1,0,149.99
2218,898,9,3,0,68.97
2219,898,4,1,10,22.49
2220,898,20,2,0,39.98
2221,899,16,3,0,134.97
2222,900,23,3,0,389.97
2223,900,9,3,10,62.07
2224,901,15,2,0,129.98
2225,901,18,2,0,29.98
2226,901,5,1,10,134.99
2227,901,4,2,10,44.98
2228,902,18,3,0,44.97
2229,902,14,1,10,89.99
2230,902,20,3,0,59.97
2231,903,17,2,10,62.98
2232,903,13,1,0,79.99
2233,903,19,3,0,83.97
2234,904,4,1,10,22.49
2235,905,2,2,20,95.98
2236,905,22,1,10,19.79
2237,906,12,1,0,18.99
2238,907,8,3,0,269.97
2239,908,7,2,20,47.98
2240,908,14,3,0,299.97
2241,908,11,3,0,80.97
2242,908,8,2,0,179.98
2243,909,1,3,10,107.97
2244,910,6,2,20,55.98
2245,910,2,3,15,152.97
2246,910,10,3,15,114.72
2247,911,14,1,0,99.99
2248,911,2,2,0,119.98
2249,911,11,2,0,53.98
2250,911,9,2,0,45.98
2251,912,11,3,15,68.82
2252,912,8,1,0,89.99
2253,912,7,1,15,25.49
2254,913,5,2,10,269.98
2255,913,21,1,0,32.99
2256,913,6,3,0,104.97
2257,913,14,3,0,299.97
2258,914,6,1,20,27.99
2259,914,4,2,0,49.98
2260,914,5,2,10,269.98
2261,914,10,2,0,89.98
2262,915,4,1,0,24.99
2263,916,12,3,15,48.42
2264,917,2,2,0,119.98
2265,917,1,2,0,79.98
2266,917,18,2,20,23.98
2267,917,4,1,0,24.99
2268,918,15,2,0,129.98
2269,918,1,3,0,119.97
2270,918,9,2,15,39.08
2271,919,6,1,0,34.99
2272,920,11,3,0,80.97
2273,920,8,2,15,152.98
2274,920,14,3,0,299.97
2275,920,12,3,0,56.97
2276,921,10,1,10,40.49
2277,921,5,3,10,404.97
2278,922,12,1,10,17.09
2279,922,9,2,0,45.98
2280,922,2,3,0,179.97
2281,923,7,1,0,29.99
2282,923,3,1,0,19.99
2283,924,22,2,0,43.98
2284,924,20,2,10,35.98
2285,924,24,1,10,16.19
2286,924,3,3,10,53.97
2287,925,1,3,0,119.97
2288,925,7,3,0,89.97
2289,926,23,3,0,389.97
2290,926,1,1,10,35.99
2291,926,21,2,20,52.78
2292,927,23,1,0,129.99
2293,927,21,1,0,32.99
2294,927,7,3,0,89.97
2295,928,11,2,0,53.98
2296,928,8,3,10,242.97
2297,929,15,3,20,155.98
2298,929,16,2,0,89.98
2299,929,17,1,0,34.99
2300,929,10,2,20,71.98
2301,930,2,3,0,179.97
2302,930,18,3,10,40.47
2303,930,7,2,10,53.98
2304,930,12,3,0,56.97
2305,931,5,3,0,449.97
2306,932,18,3,0,44.97
2307,932,24,2,20,28.78
2308,932,13,3,0,239.97
2309,933,10,2,0,89.98
2310,934,4,1,0,24.99
2311,934,9,1,0,22.99
2312,934,15,1,15,55.24
2313,934,22,3,0,65.97
2314,935,5,3,0,449.97
2315,935,7,2,0,59.98
2316,935,18,1,0,14.99
2317,936,21,3,0,98.97
2318,937,19,1,0,27.99
2319,937,7,3,20,71.98
2320,938,6,1,0,34.99
2321,938,5,1,0,149.99
2322,939,1,1,10,35.99
2323,940,2,1,0,59.99
2324,941,18,1,15,12.74
2325,942,10,1,20,35.99
2326,943,21,3,0,98.97
2327,943,8,1,10,80.99
2328,943,3,2,0,39.98
2329,944,7,2,0,59.98
2330,944,11,3,0,80.97
2331,945,1,1,10,35.99
2332,946,6,2,20,55.98
2333,946,1,3,0,119.97
2334,946,12,1,0,18.99
2335,946,9,3,0,68.97
2336,947,14,3,0,299.97
2337,947,9,2,0,45.98
2338,947,3,1,10,17.99
2339,947,1,3,15,101.97
2340,948,18,3,15,38.22
2341,948,11,3,0,80.97
2342,948,4,3,0,74.97
2343,948,13,3,10,215.97
2344,949,14,1,0,99.99
2345,949,18,1,0,14.99
2346,950,1,2,0,79.98
2347,950,17,3,15,89.22
2348,950,8,3,0,269.97
2349,950,18,3,20,35.98
2350,951,12,1,0,18.99
2351,952,19,2,15,47.58
2352,953,5,1,0,149.99
2353,953,1,3,10,107.97
2354,954,13,2,20,127.98
2355,954,1,3,15,101.97
2356,955,12,2,0,37.98
2357,955,11,2,10,48.58
2358,955,17,3,10,94.47
2359,955,4,2,0,49.98
2360,956,4,3,10,67.47
2361,957,5,1,0,149.99
2362,957,14,2,0,199.98
2363,957,9,3,0,68.97
2364,957,6,1,15,29.74
2365,958,24,1,0,17.99
2366,958,12,3,0,56.97
2367,958,9,2,0,45.98
2368,959,14,1,15,84.99
2369,959,17,1,0,34.99
2370,959,5,2,0,299.98
2371,960,24,1,0,17.99
2372,961,14,2,0,199.98
2373,961,9,1,0,22.99
2374,961,2,2,20,95.98
2375,962,24,1,0,17.99
2376,962,9,3,10,62.07
2377,962,1,3,0,119.97
2378,963,5,2,0,299.98
2379,964,1,1,10,35.99
2380,964,16,3,10,121.47
2381,964,3,1,0,19.99
2382,965,4,1,0,24.99
2383,965,22,3,15,56.07
2384,965,3,3,0,59.97
2385,965,11,2,0,53.98
2386,966,2,2,0,119.98
2387,967,1,2,0,79.98
2388,968,17,3,10,94.47
2389,969,8,3,0,269.97
2390,969,21,2,0,65.98
2391,969,5,3,0,449.97
2392,970,20,2,20,31.98
2393,970,9,1,0,22.99
2394,971,16,2,15,76.48
2395,971,7,1,0,29.99
2396,972,5,2,10,269.98
2397,973,3,2,0,39.98
2398,973,15,3,0,194.97
2399,974,11,2,0,53.98
2400,974,5,2,15,254.98
2401,975,15,1,20,51.99
2402,975,7,2,15,50.98
2403,975,19,3,0,83.97
2404,975,18,3,0,44.97
2405,976,13,2,0,159.98
2406,976,21,1,0,32.99
2407,977,15,2,0,129.98
2408,977,9,3,0,68.97
2409,977,23,1,0,129.99
2410,977,2,2,0,119.98
2411,978,20,1,0,19.99
2412,979,2,2,10,107.98
2413,980,8,1,20,71.99
2414,981,4,1,0,24.99
2415,981,20,2,10,35.98
2416,981,22,2,10,39.58
2417,981,1,1,10,35.99
2418,982,8,3,20,215.98
2419,982,11,3,0,80.97
2420,982,9,1,15,19.54
2421,983,19,1,0,27.99
2422,983,12,2,10,34.18
2423,983,2,3,20,143.98
2424,984,7,2,20,47.98
2425,984,24,3,10,48.57
2426,984,6,3,0,104.97
2427,985,2,1,20,47.99
2428,985,15,2,0,129.98
2429,985,10,2,10,80.98
2430,986,12,3,10,51.27
2431,987,8,3,10,242.97
2432,988,10,2,10,80.98
2433,988,22,1,0,21.99
2434,988,20,3,0,59.97
2435,988,7,2,0,59.98
2436,989,2,2,0,119.98
2437,989,17,3,0,104.97
2438,989,20,3,20,47.98
2439,989,23,1,20,103.99
2440,990,12,3,0,56.97
2441,990,22,1,0,21.99
2442,991,19,3,0,83.97
2443,991,1,3,0,119.97
2444,991,21,3,0,98.97
2445,991,13,2,0,159.98
2446,992,16,2,10,80.98
2447,992,17,1,10,31.49
2448,993,10,2,15,76.48
2449,993,19,1,0,27.99
2450,993,23,2,0,259.98
2451,994,11,1,0,26.99
2452,994,1,2,15,67.98
2453,995,11,1,0,26.99
2454,995,9,2,0,45.98
2455,995,5,1,0,149.99
2456,995,13,3,0,239.97
2457,996,11,1,10,24.29
2458,996,4,1,0,24.99
2459,996,3,3,15,50.97
2460,997,8,3,0,269.97
2461,997,1,2,0,79.98
2462,997,21,1,0,32.99
2463,998,13,2,0,159.98
2464,999,22,2,10,39.58
2465,999,11,3,0,80.97
2466,999,15,3,0,194.97
2467,1000,3,3,10,53.97
2468,1000,6,2,0,69.98
2469,1001,14,1,10,89.99
2470,1001,22,3,0,65.97
2471,1002,3,2,20,31.98
2472,1002,9,1,10,20.69
2473,1003,4,1,10,22.49
2474,1003,3,3,0,59.97
2475,1003,12,1,0,18.99
2476,1003,6,1,0,34.99
2477,1004,3,3,10,53.97
2478,1004,12,3,0,56.97
2479,1005,14,1,10,89.99
2480,1006,11,3,0,80.97
2481,1006,18,2,0,29.98
2482,1006,3,2,10,35.98
2483,1007,13,3,0,239.97
2484,1008,8,3,10,242.97
2485,1008,16,1,0,44.99
2486,1008,18,2,10,26.98
2487,1009,6,2,15,59.48
2488,1009,17,3,0,104.97
2489,1009,9,3,0,68.97
2490,1009,11,3,10,72.87
2491,1010,20,3,0,59.97
2492,1010,10,1,0,44.99
2493,1011,9,1,10,20.69
2494,1011,16,3,15,114.72
2495,1011,21,3,0,98.97
2496,1012,19,1,10,25.19
2497,1012,20,3,0,59.97
2498,1012,23,3,10,350.97
2499,1013,2,3,10,161.97
2500,1013,9,1,15,19.54
2501,1014,5,1,0,149.99
2502,1014,23,1,0,129.99
2503,1014,4,1,0,24.99
2504,1015,13,3,20,191.98
2505,1015,7,1,0,29.99
2506,1015,1,3,0,119.97
2507,1016,12,3,0,56.97
2508,1016,13,1,10,71.99
2509,1016,19,3,0,83.97
2510,1016,4,1,20,19.99
2511,1017,16,2,0,89.98
2512,1018,4,2,0,49.98
2513,1018,1,3,0,119.97
2514,1019,5,1,15,127.49
2515,1019,19,1,20,22.39
2516,1020,12,2,0,37.98
2517,1021,13,3,0,239.97
2518,1021,15,1,0,64.99
2519,1021,2,3,15,152.97
2520,1021,8,2,0,179.98
2521,1022,10,2,20,71.98
2522,1022,21,2,20,52.78
2523,1022,2,3,0,179.97
2524,1023,19,2,0,55.98
2525,1023,14,3,10,269.97
2526,1024,6,1,0,34.99
2527,1024,13,1,0,79.99
2528,1025,22,3,0,65.97
2529,1025,5,2,0,299.98
2530,1025,24,1,0,17.99
2531,1025,11,3,15,68.82
2532,1026,20,3,20,47.98
2533,1026,22,1,10,19.79
2534,1026,4,3,0,74.97
2535,1026,24,3,0,53.97
2536,1027,9,2,15,39.08
2537,1027,8,1,10,80.99
2538,1027,7,2,20,47.98
2539,1027,18,1,15,12.74
2540,1028,8,1,20,71.99
2541,1028,9,1,15,19.54
2542,1029,22,2,0,43.98
2543,1029,17,3,0,104.97
2544,1029,16,2,10,80.98
2545,1030,16,2,0,89.98
2546,1030,11,3,10,72.87
2547,1030,15,2,10,116.98
2548,1031,7,2,0,59.98
2549,1031,12,2,20,30.38
2550,1031,8,2,0,179.98
2551,1032,3,1,0,19.99
2552,1032,14,2,0,199.98
2553,1032,7,1,0,29.99
2554,1032,9,1,0,22.99
2555,1033,6,1,0,34.99
2556,1033,13,2,0,159.98
2557,1033,20,2,0,39.98
2558,1034,1,2,0,79.98
2559,1034,15,2,10,116.98
2560,1035,6,2,0,69.98
2561,1035,13,3,20,191.98
2562,1035,4,3,0,74.97
2563,1036,14,2,10,179.98
2564,1036,4,2,0,49.98
2565,1037,8,3,20,215.98
2566,1037,22,1,0,21.99
2567,1037,15,3,10,175.47
2568,1037,4,2,20,39.98
2569,1038,5,1,0,149.99
2570,1038,4,3,0,74.97
2571,1039,12,2,10,34.18
2572,1039,22,1,0,21.99
2573,1040,9,1,0,22.99
2574,1040,22,1,10,19.79
2575,1040,21,1,15,28.04
2576,1040,16,3,0,134.97
2577,1041,24,2,0,35.98
2578,1041,5,1,0,149.99
2579,1041,8,2,10,161.98
2580,1042,9,1,10,20.69
2581,1043,5,1,0,149.99
2582,1043,15,2,0,129.98
2583,1043,18,3,10,40.47
2584,1044,16,1,10,40.49
2585,1044,22,1,0,21.99
2586,1045,4,1,10,22.49
2587,1045,14,1,20,79.99
2588,1046,13,3,10,215.97
2589,1046,17,2,20,55.98
2590,1047,13,2,0,159.98
2591,1047,20,1,0,19.99
2592,1048,20,3,0,59.97
2593,1049,24,3,0,53.97
2594,1049,12,3,10,51.27
2595,1050,21,2,0,65.98
2596,1050,23,3,0,389.97
2597,1051,1,2,15,67.98
2598,1051,10,3,10,121.47
2599,1052,12,1,0,18.99
2600,1052,8,2,0,179.98
2601,1053,18,2,0,29.98
2602,1054,17,1,15,29.74
2603,1055,1,2,0,79.98
2604,1056,18,3,10,40.47
2605,1056,22,1,10,19.79
2606,1057,23,2,0,259.98
2607,1057,9,2,10,41.38
2608,1057,18,1,0,14.99
2609,1057,13,1,20,63.99
2610,1058,23,1,10,116.99
2611,1058,17,3,0,104.97
2612,1059,23,3,10,350.97
2613,1059,22,1,0,21.99
2614,1060,6,2,10,62.98
2615,1060,20,2,0,39.98
2616,1060,11,3,10,72.87
2617,1060,7,2,15,50.98
2618,1061,18,1,0,14.99
2619,1062,1,3,0,119.97
2620,1062,16,3,20,107.98
2621,1063,5,1,0,149.99
2622,1063,1,2,0,79.98
2623,1063,22,3,0,65.97
2624,1064,8,3,0,269.97
2625,1064,19,1,0,27.99
2626,1064,24,2,10,32.38
2627,1064,16,1,0,44.99
2628,1065,21,1,0,32.99
2629,1065,22,2,20,35.18
2630,1066,11,1,0,26.99
2631,1066,14,3,0,299.97
2632,1066,9,3,0,68.97
2633,1067,12,1,15,16.14
2634,1067,6,1,0,34.99
2635,1067,2,2,20,95.98
2636,1067,16,3,0,134.97
2637,1068,5,2,0,299.98
2638,1069,20,3,10,53.97
2639,1069,13,2,0,159.98
2640,1069,15,3,0,194.97
2641,1069,18,1,0,14.99
2642,1070,3,1,0,19.99
2643,1070,20,3,0,59.97
2644,1071,21,1,15,28.04
2645,1071,18,1,20,11.99
2646,1071,14,3,0,299.97
2647,1071,12,3,10,51.27
2648,1072,21,2,0,65.98
2649,1073,6,1,0,34.99
2650,1073,8,1,0,89.99
2651,1073,4,2,15,42.48
2652,1074,10,2,10,80.98
2653,1074,19,2,0,55.98
2654,1074,21,3,0,98.97
2655,1075,13,2,0,159.98
2656,1075,10,2,0,89.98
2657,1075,18,3,0,44.97
2658,1075,22,2,15,37.38
2659,1076,13,2,10,143.98
2660,1076,12,1,0,18.99
2661,1077,8,1,0,89.99
2662,1077,12,1,0,18.99
2663,1077,11,2,20,43.18
2664,1077,23,3,0,389.97
2665,1078,21,3,10,89.07
2666,1079,11,1,10,24.29
2667,1079,7,3,0,89.97
2668,1080,6,3,0,104.97
2669,1081,8,3,0,269.97
2670,1081,3,3,10,53.97
2671,1081,11,3,15,68.82
2672,1082,12,2,0,37.98
2673,1082,10,2,10,80.98
2674,1082,14,2,10,179.98
2675,1082,22,2,10,39.58
2676,1083,20,3,20,47.98
2677,1083,4,3,0,74.97
2678,1083,13,3,0,239.97
2679,1084,9,2,0,45.98
2680,1084,19,2,15,47.58
2681,1084,15,2,0,129.98
2682,1085,5,1,0,149.99
2683,1085,8,3,0,269.97
2684,1086,4,1,20,19.99
2685,1086,8,3,0,269.97
2686,1086,6,1,10,31.49
2687,1087,16,2,0,89.98
2688,1088,12,1,15,16.14
2689,1088,11,1,0,26.99
2690,1088,16,1,0,44.99
2691,1088,19,2,0,55.98
2692,1089,5,3,10,404.97
2693,1090,5,3,15,382.47
2694,1091,7,3,15,76.47
2695,1092,17,2,0,69.98
2696,1092,23,3,0,389.97
2697,1092,20,3,15,50.97
2698,1093,3,1,0,19.99
2699,1093,19,2,0,55.98
2700,1093,20,1,0,19.99
2701,1093,7,2,0,59.98
2702,1094,18,1,15,12.74
2703,1094,12,2,15,32.28
2704,1095,22,1,0,21.99
2705,1095,24,1,0,17.99
2706,1096,14,1,0,99.99
2707,1096,7,1,10,26.99
2708,1096,21,3,0,98.97
2709,1097,18,2,10,26.98
2710,1097,1,1,0,39.99
2711,1097,2,2,0,119.98
2712,1097,21,3,20,79.18
2713,1098,21,3,20,79.18
2714,1099,15,2,0,129.98
2715,1100,2,3,10,161.97
2716,1100,5,2,20,239.98
2717,1100,8,1,0,89.99
2718,1101,14,1,0,99.99
2719,1101,13,2,10,143.98
2720,1101,11,1,0,26.99
2721,1102,5,1,0,149.99
2722,1103,7,1,15,25.49
2723,1104,9,2,0,45.98
2724,1104,14,3,10,269.97
2725,1105,15,2,0,129.98
2726,1106,11,1,0,26.99
2727,1106,8,3,0,269.97
2728,1106,24,1,0,17.99
2729,1107,24,3,10,48.57
2730,1107,19,2,0,55.98
2731,1108,2,3,0,179.97
2732,1108,5,1,20,119.99
2733,1109,3,2,10,35.98
2734,1110,2,2,20,95.98
2735,1110,15,2,10,116.98
2736,1110,24,3,0,53.97
2737,1111,11,3,10,72.87
2738,1111,9,3,20,55.18
2739,1111,14,1,20,79.99
2740,1111,4,1,0,24.99
2741,1112,5,1,0,149.99
2742,1112,22,1,0,21.99
2743,1112,16,2,0,89.98
2744,1112,21,3,10,89.07
2745,1113,23,3,10,350.97
2746,1113,9,1,0,22.99
2747,1113,17,3,0,104.97
2748,1114,6,1,0,34.99
2749,1115,17,2,20,55.98
2750,1116,23,3,10,350.97
2751,1116,18,3,20,35.98
2752,1116,14,1,0,99.99
2753,1117,10,1,0,44.99
2754,1117,23,2,0,259.98
2755,1117,2,3,10,161.97
2756,1117,21,3,0,98.97
2757,1118,16,1,0,44.99
2758,1119,24,2,0,35.98
2759,1119,9,1,0,22.99
2760,1119,8,2,0,179.98
2761,1119,18,1,0,14.99
2762,1120,19,1,20,22.39
2763,1120,21,3,10,89.07
2764,1120,13,3,0,239.97
2765,1121,10,2,0,89.98
2766,1121,15,3,0,194.97
2767,1121,1,3,0,119.97
2768,1122,1,3,0,119.97
2769,1122,6,3,10,94.47
2770,1122,12,1,10,17.09
2771,1122,20,2,0,39.98
2772,1123,20,2,0,39.98
2773,1123,23,3,0,389.97
2774,1123,6,3,10,94.47
2775,1124,15,2,0,129.98
2776,1124,16,1,0,44.99
2777,1125,3,1,0,19.99
2778,1125,13,3,0,239.97
2779,1125,12,3,0,56.97
2780,1125,18,3,20,35.98
2781,1126,3,2,20,31.98
2782,1127,11,3,0,80.97
2783,1127,22,2,0,43.98
2784,1127,23,3,10,350.97
2785,1128,20,2,10,35.98
2786,1128,24,1,0,17.99
2787,1129,20,3,10,53.97
2788,1129,17,2,0,69.98
2789,1129,1,1,10,35.99
2790,1130,2,2,0,119.98
2791,1131,21,1,0,32.99
2792,1132,3,3,0,59.97
2793,1132,12,3,20,45.58
2794,1133,14,2,0,199.98
2795,1133,18,2,0,29.98
2796,1134,17,2,0,69.98
2797,1135,10,1,0,44.99
2798,1135,5,2,0,299.98
2799,1135,22,3,20,52.78
2800,1136,8,2,10,161.98
2801,1136,11,2,20,43.18
2802,1136,17,2,10,62.98
2803,1136,24,3,0,53.97
2804,1137,10,1,0,44.99
2805,1137,22,1,10,19.79
2806,1138,1,3,0,119.97
2807,1138,10,2,0,89.98
2808,1139,10,3,0,134.97
2809,1140,3,2,15,33.98
2810,1141,19,3,0,83.97
2811,1141,20,1,0,19.99
2812,1141,9,1,0,22.99
2813,1141,23,3,0,389.97
2814,1142,14,3,0,299.97
2815,1142,1,1,0,39.99
2816,1142,24,2,20,28.78
2817,1142,23,3,0,389.97
2818,1143,7,3,0,89.97
2819,1143,4,1,0,24.99
2820,1143,1,3,15,101.97
2821,1143,11,3,10,72.87
2822,1144,14,1,10,89.99
2823,1144,20,3,10,53.97
2824,1145,18,2,10,26.98
2825,1145,23,1,15,110.49
2826,1145,14,1,15,84.99
2827,1145,6,1,15,29.74
2828,1146,7,2,20,47.98
2829,1146,16,1,0,44.99
2830,1147,6,1,0,34.99
2831,1147,13,2,20,127.98
2832,1147,15,1,0,64.99
2833,1147,4,1,0,24.99
2834,1148,23,1,0,129.99
2835,1148,20,3,15,50.97
2836,1149,6,3,10,94.47
2837,1149,15,1,0,64.99
2838,1149,24,2,10,32.38
2839,1150,13,2,0,159.98
2840,1151,21,1,0,32.99
2841,1151,24,3,0,53.97
2842,1151,12,3,15,48.42
2843,1151,19,1,10,25.19
2844,1152,14,3,0,299.97
2845,1152,4,3,0,74.97
2846,1152,15,3,10,175.47
2847,1152,17,3,10,94.47
2848,1153,24,1,20,14.39
2849,1153,22,3,0,65.97
2850,1154,18,2,0,29.98
2851,1154,13,1,0,79.99
2852,1154,6,2,0,69.98
2853,1154,20,3,0,59.97
2854,1155,11,3,0,80.97
2855,1155,8,2,10,161.98
2856,1156,5,1,0,149.99
2857,1156,19,3,0,83.97
2858,1156,20,3,0,59.97
2859,1157,3,3,0,59.97
2860,1157,15,1,0,64.99
2861,1157,19,3,10,75.57
2862,1158,9,3,15,58.62
2863,1158,18,2,0,29.98
2864,1158,12,1,20,15.19
2865,1158,22,1,15,18.69
2866,1159,4,1,0,24.99
2867,1159,14,2,0,199.98
2868,1159,15,3,0,194.97
2869,1160,13,2,10,143.98
2870,1161,11,1,10,24.29
2871,1161,1,3,15,101.97
2872,1161,20,1,0,19.99
2873,1162,6,2,0,69.98
2874,1163,10,1,15,38.24
2875,1163,18,1,0,14.99
2876,1163,20,2,0,39.98
2877,1163,2,1,10,53.99
2878,1164,22,2,0,43.98
2879,1164,2,3,15,152.97
2880,1165,9,2,0,45.98
2881,1165,24,1,0,17.99
2882,1165,4,2,10,44.98
2883,1165,18,1,0,14.99
2884,1166,22,3,0,65.97
2885,1166,13,1,0,79.99
2886,1166,4,2,0,49.98
2887,1166,19,1,0,27.99
2888,1167,14,1,0,99.99
2889,1167,15,2,20,103.98
2890,1167,19,1,10,25.19
2891,1168,1,1,10,35.99
2892,1169,2,1,0,59.99
2893,1170,5,2,0,299.98
2894,1170,20,3,0,59.97
2895,1170,2,2,0,119.98
2896,1171,6,2,0,69.98
2897,1171,10,1,0,44.99
2898,1171,2,2,10,107.98
2899,1172,14,3,0,299.97
2900,1172,6,1,0,34.99
2901,1172,4,3,10,67.47
2902,1173,9,2,0,45.98
2903,1174,12,3,0,56.97
2904,1174,20,1,0,19.99
2905,1174,8,1,0,89.99
2906,1175,5,2,0,299.98
2907,1176,1,3,0,119.97
2908,1177,3,3,10,53.97
2909,1178,21,2,0,65.98
2910,1178,15,2,0,129.98
2911,1179,18,3,0,44.97
2912,1179,11,2,0,53.98
2913,1179,23,3,10,350.97
2914,1180,5,1,0,149.99
2915,1180,23,3,0,389.97
2916,1180,11,2,10,48.58
2917,1181,2,1,0,59.99
2918,1181,17,3,0,104.97
2919,1181,21,2,0,65.98
2920,1182,21,1,0,32.99
2921,1182,7,3,10,80.97
2922,1182,12,3,0,56.97
2923,1183,4,3,15,63.72
2924,1183,12,3,0,56.97
2925,1183,19,2,0,55.98
2926,1183,10,3,0,134.97
2927,1184,8,1,0,89.99
2928,1185,23,1,0,129.99
2929,1186,14,3,0,299.97
2930,1186,2,3,15,152.97
2931,1187,18,2,15,25.48
2932,1187,16,2,0,89.98
2933,1187,7,3,0,89.97
2934,1187,1,1,0,39.99
2935,1188,11,1,0,26.99
2936,1188,24,3,0,53.97
2937,1189,12,2,10,34.18
2938,1190,16,3,0,134.97
2939,1190,3,1,0,19.99
2940,1190,24,2,0,35.98
2941,1190,15,1,20,51.99
2942,1191,19,3,0,83.97
2943,1191,20,2,10,35.98
2944,1192,2,3,0,179.97
2945,1192,20,1,10,17.99
2946,1192,19,1,0,27.99
2947,1193,18,1,15,12.74
2948,1194,4,1,0,24.99
2949,1194,23,2,10,233.98
2950,1195,21,2,0,65.98
2951,1195,10,3,10,121.47
2952,1196,19,3,20,67.18
2953,1196,12,2,15,32.28
2954,1196,15,2,0,129.98
2955,1196,6,3,0,104.97
2956,1197,19,1,0,27.99
2957,1198,24,3,15,45.87
2958,1198,18,1,15,12.74
2959,1198,20,2,0,39.98
2960,1198,22,1,10,19.79
2961,1199,15,1,20,51.99
2962,1200,9,2,10,41.38
2963,1200,11,1,0,26.99
2964,1200,4,1,0,24.99
2965,1201,3,1,10,17.99
2966,1202,14,1,0,99.99
2967,1202,18,3,20,35.98
2968,1202,4,2,15,42.48
2969,1203,19,3,10,75.57
2970,1203,1,3,0,119.97
2971,1203,24,1,15,15.29
2972,1204,5,2,0,299.98
2973,1204,18,1,15,12.74
2974,1204,14,2,0,199.98
2975,1205,24,2,20,28.78
2976,1206,7,2,0,59.98
2977,1206,5,3,0,449.97
2978,1206,22,3,0,65.97
2979,1207,18,3,20,35.98
2980,1207,5,2,0,299.98
2981,1208,8,3,0,269.97
2982,1209,18,3,0,44.97
2983,1209,4,2,0,49.98
2984,1209,17,1,0,34.99
2985,1210,3,2,0,39.98
2986,1210,11,2,0,53.98
2987,1210,23,2,0,259.98
2988,1210,17,3,0,104.97
2989,1211,7,1,10,26.99
2990,1211,12,1,10,17.09
2991,1212,3,2,10,35.98
2992,1212,12,1,10,17.09
2993,1212,21,2,15,56.08
2994,1212,10,1,0,44.99
2995,1213,4,1,0,24.99
2996,1213,13,3,10,215.97
2997,1213,10,3,0,134.97
2998,1214,1,2,20,63.98
2999,1214,6,3,0,104.97
3000,1214,18,1,0,14.99
3001,1214,20,1,0,19.99
3002,1215,9,3,0,68.97
3003,1215,3,1,15,16.99
3004,1215,23,3,20,311.98
3005,1216,21,3,15,84.12
3006,1216,7,3,20,71.98
3007,1216,11,2,15,45.88
3008,1217,2,1,10,53.99
3009,1218,7,2,0,59.98
3010,1218,1,2,0,79.98
3011,1218,9,3,15,58.62
3012,1218,5,2,10,269.98
3013,1219,17,3,0,104.97
3014,1220,19,2,0,55.98
3015,1221,23,3,20,311.98
3016,1221,22,1,0,21.99
3017,1221,20,1,0,19.99
3018,1222,9,3,0,68.97
3019,1222,11,2,0,53.98
3020,1222,12,2,0,37.98
3021,1222,4,2,0,49.98
3022,1223,21,2,15,56.08
3023,1224,13,2,10,143.98
3024,1225,10,3,0,134.97
3025,1225,7,3,20,71.98
3026,1226,15,3,0,194.97
3027,1226,21,1,0,32.99
3028,1226,24,2,10,32.38
3029,1226,12,2,0,37.98
3030,1227,20,1,10,17.99
3031,1228,7,2,20,47.98
3032,1228,17,1,0,34.99
3033,1228,21,2,0,65.98
3034,1229,9,1,10,20.69
3035,1230,3,1,10,17.99
3036,1230,20,2,0,39.98
3037,1231,3,3,10,53.97
3038,1231,1,3,0,119.97
3039,1231,2,3,0,179.97
3040,1232,18,1,0,14.99
3041,1232,21,2,10,59.38
3042,1233,5,3,20,359.98
3043,1233,9,1,0,22.99
3044,1234,24,2,15,30.58
3045,1234,13,3,0,239.97
3046,1235,10,2,15,76.48
3047,1235,5,3,10,404.97
3048,1235,6,1,0,34.99
3049,1235,1,1,0,39.99
3050,1236,13,1,10,71.99
3051,1236,17,1,0,34.99
3052,1236,14,1,0,99.99
3053,1237,5,1,0,149.99
3054,1238,13,3,0,239.97
3055,1238,14,3,0,299.97
3056,1239,1,2,0,79.98
3057,1240,4,2,0,49.98
3058,1241,1,2,0,79.98
3059,1242,21,2,0,65.98
3060,1243,19,2,15,47.58
3061,1243,2,3,0,179.97
3062,1243,24,1,0,17.99
3063,1243,17,1,15,29.74
3064,1244,24,2,0,35.98
3065,1244,14,1,0,99.99
3066,1244,4,1,0,24.99
3067,1245,8,1,15,76.49
3068,1245,14,2,0,199.98
3069,1245,2,1,0,59.99
3070,1246,1,1,20,31.99
3071,1246,5,2,10,269.98
3072,1246,11,1,20,21.59
3073,1246,6,3,10,94.47
3074,1247,16,1,0,44.99
3075,1247,6,1,0,34.99
3076,1247,13,3,0,239.97
3077,1247,20,1,0,19.99
3078,1248,21,2,10,59.38
3079,1249,9,3,0,68.97
3080,1249,12,3,0,56.97
3081,1250,4,3,10,67.47
3082,1251,6,2,0,69.98
3083,1252,24,2,0,35.98
3084,1252,20,3,0,59.97
3085,1252,18,3,10,40.47
3086,1253,1,3,0,119.97
3087,1254,15,3,20,155.98
3088,1254,22,3,0,65.97
3089,1255,3,2,0,39.98
3090,1255,14,2,0,199.98
3091,1256,13,3,10,215.97
3092,1256,20,1,10,17.99
3093,1257,17,2,20,55.98
3094,1257,14,1,0,99.99
3095,1257,9,1,0,22.99
3096,1258,14,3,15,254.97
3097,1258,6,1,0,34.99
3098,1258,5,1,0,149.99
3099,1259,1,1,0,39.99
3100,1259,7,3,0,89.97
3101,1259,2,2,10,107.98
3102,1260,20,1,0,19.99
3103,1261,4,2,0,49.98
3104,1262,13,3,10,215.97
3105,1263,5,2,0,299.98
3106,1263,22,2,10,39.58
3107,1264,24,2,0,35.98
3108,1264,23,3,0,389.97
3109,1264,20,3,20,47.98
3110,1264,2,1,20,47.99
3111,1265,2,1,20,47.99
3112,1266,4,1,20,19.99
3113,1266,24,3,15,45.87
3114,1266,8,2,0,179.98
3115,1266,15,3,0,194.97
3116,1267,17,2,0,69.98
3117,1267,5,1,0,149.99
3118,1267,19,2,15,47.58
3119,1268,8,2,0,179.98
3120,1268,9,2,0,45.98
3121,1268,14,3,10,269.97
3122,1269,14,1,0,99.99
3123,1269,15,3,0,194.97
3124,1269,5,3,10,404.97
3125,1269,23,1,10,116.99
3126,1270,5,1,0,149.99
3127,1270,21,3,20,79.18
3128,1271,13,1,0,79.99
3129,1271,5,3,15,382.47
3130,1272,5,2,10,269.98
3131,1272,15,1,0,64.99
3132,1272,8,1,20,71.99
3133,1273,1,3,0,119.97
3134,1273,10,3,20,107.98
3135,1273,3,3,10,53.97
3136,1273,6,1,0,34.99
3137,1274,21,1,10,29.69
3138,1275,22,1,0,21.99
3139,1275,13,3,0,239.97
3140,1275,4,1,0,24.99
3141,1276,5,3,0,449.97
3142,1277,3,3,15,50.97
3143,1278,19,3,0,83.97
3144,1278,24,2,0,35.98
3145,1279,18,1,0,14.99
3146,1279,23,2,0,259.98
3147,1279,12,2,0,37.98
3148,1280,10,1,20,35.99
3149,1280,13,2,10,143.98
3150,1280,24,1,20,14.39
3151,1281,13,3,0,239.97
3152,1281,1,1,0,39.99
3153,1281,4,2,10,44.98
3154,1282,24,2,15,30.58
3155,1282,10,2,0,89.98
3156,1283,16,2,0,89.98
3157,1284,24,3,0,53.97
3158,1285,13,1,0,79.99
3159,1285,15,2,10,116.98
3160,1286,5,2,15,254.98
3161,1286,9,2,15,39.08
3162,1286,3,2,0,39.98
3163,1286,20,2,10,35.98
3164,1287,22,1,0,21.99
3165,1288,2,2,20,95.98
3166,1289,17,2,20,55.98
3167,1289,19,1,0,27.99
3168,1289,16,2,15,76.48
3169,1290,24,1,0,17.99
3170,1290,13,2,10,143.98
3171,1290,18,2,15,25.48
3172,1290,5,3,10,404.97
3173,1291,19,2,10,50.38
3174,1291,6,2,15,59.48
3175,1291,1,3,15,101.97
3176,1292,7,1,0,29.99
3177,1292,18,1,15,12.74
3178,1292,3,2,0,39.98
3179,1292,17,1,0,34.99
3180,1293,24,3,0,53.97
3181,1293,3,3,15,50.97
3182,1294,13,1,15,67.99
3183,1294,9,1,0,22.99
3184,1294,1,1,15,33.99
3185,1294,12,2,0,37.98
3186,1295,24,1,0,17.99
3187,1296,2,3,0,179.97
3188,1296,10,1,0,44.99
3189,1296,20,1,10,17.99
3190,1296,24,3,15,45.87
3191,1297,7,1,0,29.99
3192,1298,3,1,15,16.99
3193,1299,4,3,0,74.97
3194,1299,8,2,10,161.98
3195,1299,23,3,0,389.97
3196,1299,16,3,0,134.97
3197,1300,12,3,10,51.27
3198,1300,22,1,10,19.79
3199,1301,21,2,15,56.08
3200,1301,15,1,10,58.49
3201,1301,17,1,0,34.99
3202,1302,17,1,0,34.99
3203,1302,6,1,0,34.99
3204,1302,23,3,15,331.47
3205,1303,16,1,10,40.49
3206,1304,15,2,0,129.98
3207,1304,4,1,0,24.99
3208,1305,5,3,0,449.97
3209,1305,7,3,10,80.97
3210,1306,4,2,15,42.48
3211,1306,18,1,0,14.99
3212,1306,7,2,0,59.98
3213,1306,16,1,15,38.24
3214,1307,18,3,10,40.47
3215,1307,1,2,10,71.98
3216,1307,22,2,15,37.38
3217,1308,21,3,15,84.12
3218,1308,9,1,10,20.69
3219,1309,6,1,10,31.49
3220,1309,4,2,10,44.98
3221,1309,13,2,0,159.98
3222,1309,19,2,0,55.98
3223,1310,15,2,10,116.98
3224,1310,22,1,0,21.99
3225,1310,12,2,10,34.18
3226,1310,3,1,0,19.99
3227,1311,10,1,0,44.99
3228,1311,5,1,0,149.99
3229,1311,13,2,0,159.98
3230,1311,3,3,0,59.97
3231,1312,10,3,10,121.47
3232,1312,7,1,10,26.99
3233,1313,17,1,0,34.99
3234,1313,3,1,10,17.99
3235,1313,8,3,15,229.47
3236,1314,8,1,0,89.99
3237,1314,2,1,0,59.99
3238,1314,5,3,0,449.97
3239,1315,23,1,10,116.99
3240,1315,10,3,15,114.72
3241,1315,13,1,0,79.99
3242,1315,8,1,0,89.99
3243,1316,16,1,0,44.99
3244,1316,14,3,10,269.97
3245,1316,9,1,0,22.99
3246,1317,24,3,10,48.57
3247,1317,4,2,20,39.98
3248,1317,5,2,15,254.98
3249,1318,19,1,0,27.99
3250,1318,16,2,0,89.98
3251,1318,17,3,0,104.97
3252,1319,6,1,0,34.99
3253,1319,8,2,0,179.98
3254,1319,24,3,15,45.87
3255,1319,13,2,10,143.98
3256,1320,5,2,0,299.98
3257,1320,2,2,0,119.98
3258,1320,12,3,0,56.97
3259,1320,3,2,0,39.98
3260,1321,18,3,10,40.47
3261,1321,21,1,0,32.99
3262,1321,8,2,0,179.98
3263,1321,16,1,0,44.99
3264,1322,10,3,0,134.97
3265,1322,3,1,0,19.99
3266,1322,17,1,0,34.99
3267,1322,11,2,0,53.98
3268,1323,5,3,15,382.47
3269,1323,15,1,0,64.99
3270,1323,6,2,0,69.98
3271,1323,18,1,0,14.99
3272,1324,3,1,10,17.99
3273,1324,23,2,0,259.98
3274,1324,7,3,0,89.97
3275,1324,11,3,0,80.97
3276,1325,20,3,0,59.97
3277,1325,2,2,0,119.98
3278,1325,14,3,20,239.98
3279,1325,22,3,10,59.37
3280,1326,8,2,10,161.98
3281,1326,9,3,0,68.97
3282,1326,1,3,10,107.97
3283,1327,24,2,0,35.98
3284,1327,3,2,10,35.98
3285,1327,11,2,0,53.98
3286,1327,20,3,10,53.97
3287,1328,17,3,0,104.97
3288,1328,20,2,0,39.98
3289,1328,15,1,0,64.99
3290,1328,16,1,0,44.99
3291,1329,6,1,15,29.74
3292,1329,16,3,15,114.72
3293,1330,6,1,0,34.99
3294,1330,21,1,10,29.69
3295,1331,21,3,0,98.97
3296,1331,16,2,0,89.98
3297,1331,14,1,0,99.99
3298,1332,4,3,0,74.97
3299,1332,10,3,0,134.97
3300,1332,9,2,0,45.98
3301,1333,7,3,15,76.47
3302,1334,24,3,10,48.57
3303,1334,14,1,0,99.99
3304,1335,16,2,0,89.98
3305,1335,3,1,0,19.99
3306,1335,2,1,20,47.99
3307,1336,7,3,0,89.97
3308,1336,15,1,0,64.99
3309,1336,2,1,0,59.99
3310,1336,11,2,15,45.88
3311,1337,13,1,15,67.99
3312,1337,19,2,0,55.98
3313,1337,8,2,10,161.98
3314,1338,18,1,20,11.99
3315,1339,2,3,10,161.97
3316,1339,6,3,0,104.97
3317,1339,12,3,10,51.27
3318,1340,15,1,20,51.99
3319,1340,23,2,0,259.98
3320,1341,13,1,0,79.99
3321,1342,2,2,0,119.98
3322,1342,5,3,0,449.97
3323,1342,14,1,0,99.99
3324,1342,23,1,0,129.99
3325,1343,9,3,0,68.97
3326,1343,20,2,10,35.98
3327,1343,24,3,15,45.87
3328,1343,21,2,0,65.98
3329,1344,12,1,0,18.99
3330,1344,14,3,10,269.97
3331,1344,1,1,0,39.99
3332,1344,6,1,0,34.99
3333,1345,12,2,15,32.28
3334,1346,9,1,0,22.99
3335,1346,18,1,15,12.74
3336,1346,19,2,20,44.78
3337,1347,8,1,0,89.99
3338,1347,12,2,20,30.38
3339,1348,4,3,15,63.72
3340,1349,11,1,0,26.99
3341,1349,23,2,0,259.98
3342,1349,22,3,15,56.07
3343,1350,8,1,0,89.99
3344,1350,7,1,0,29.99
3345,1351,1,1,0,39.99
3346,1351,18,3,10,40.47
3347,1352,9,3,0,68.97
3348,1352,3,2,10,35.98
3349,1352,6,2,0,69.98
3350,1353,2,1,0,59.99
3351,1353,4,2,0,49.98
3352,1354,19,1,0,27.99
3353,1354,12,1,0,18.99
3354,1354,9,3,10,62.07
3355,1355,15,3,20,155.98
3356,1355,11,1,0,26.99
3357,1356,23,1,0,129.99
3358,1357,5,2,0,299.98
3359,1357,14,3,10,269.97
3360,1357,9,2,0,45.98
3361,1357,16,1,15,38.24
3362,1358,4,1,0,24.99
3363,1358,15,1,10,58.49
3364,1358,8,3,20,215.98
3365,1358,1,2,15,67.98
3366,1359,3,2,10,35.98
3367,1360,9,1,10,20.69
3368,1361,10,1,10,40.49
3369,1362,19,2,0,55.98
3370,1362,15,1,0,64.99
3371,1362,21,3,0,98.97
3372,1362,5,1,0,149.99
3373,1363,21,3,20,79.18
3374,1363,22,1,0,21.99
3375,1363,11,3,20,64.78
3376,1364,16,2,15,76.48
3377,1364,2,1,20,47.99
3378,1364,14,1,10,89.99
3379,1364,21,3,0,98.97
3380,1365,20,2,0,39.98
3381,1365,2,3,10,161.97
3382,1365,6,2,0,69.98
3383,1366,24,3,0,53.97
3384,1366,17,2,10,62.98
3385,1366,7,3,10,80.97
3386,1367,1,3,0,119.97
3387,1367,24,2,0,35.98
3388,1368,10,2,10,80.98
3389,1368,7,1,10,26.99
3390,1368,21,2,0,65.98
3391,1369,1,1,0,39.99
3392,1369,4,3,20,59.98
3393,1369,18,2,0,29.98
3394,1370,6,3,10,94.47
3395,1370,18,1,10,13.49
3396,1370,14,1,15,84.99
3397,1370,7,1,10,26.99
3398,1371,10,3,0,134.97
3399,1372,13,1,0,79.99
3400,1372,6,2,0,69.98
3401,1372,23,2,15,220.98
3402,1372,15,1,20,51.99
3403,1373,3,2,10,35.98
3404,1373,16,1,10,40.49
3405,1374,19,1,0,27.99
3406,1375,6,2,0,69.98
3407,1375,10,3,0,134.97
3408,1376,17,1,0,34.99
3409,1377,4,1,0,24.99
3410,1377,22,2,15,37.38
3411,1377,24,2,0,35.98
3412,1377,14,3,0,299.97
3413,1378,8,1,0,89.99
3414,1378,15,1,0,64.99
3415,1378,6,2,10,62.98
3416,1379,14,1,10,89.99
3417,1379,4,3,0,74.97
3418,1380,10,1,0,44.99
3419,1380,5,2,15,254.98
3420,1380,7,2,0,59.98
3421,1380,23,3,0,389.97
3422,1381,17,1,0,34.99
3423,1381,12,3,0,56.97
3424,1381,16,2,10,80.98
3425,1381,14,1,10,89.99
3426,1382,3,3,0,59.97
3427,1382,16,1,20,35.99
3428,1382,11,2,10,48.58
3429,1382,4,3,0,74.97
3430,1383,10,1,0,44.99
3431,1383,18,2,10,26.98
3432,1384,8,2,0,179.98
3433,1384,9,2,10,41.38
3434,1385,6,2,15,59.48
3435,1386,13,2,0,159.98
3436,1386,5,1,0,149.99
3437,1387,24,3,0,53.97
3438,1387,23,1,0,129.99
3439,1387,9,1,0,22.99
3440,1387,3,2,10,35.98
3441,1388,6,3,0,104.97
3442,1388,3,2,10,35.98
3443,1388,13,3,0,239.97
3444,1389,18,2,0,29.98
3445,1389,3,2,15,33.98
3446,1389,9,3,0,68.97
3447,1389,22,1,0,21.99
3448,1390,9,1,0,22.99
3449,1390,7,2,0,59.98
3450,1390,15,2,15,110.48
3451,1391,9,3,15,58.62
3452,1391,14,1,0,99.99
3453,1391,15,1,0,64.99
3454,1391,5,2,15,254.98
3455,1392,2,1,0,59.99
3456,1393,17,2,0,69.98
3457,1394,1,2,10,71.98
3458,1394,10,2,0,89.98
3459,1394,8,1,0,89.99
3460,1394,12,1,0,18.99
3461,1395,21,1,15,28.04
3462,1395,15,2,10,116.98
3463,1395,22,1,0,21.99
3464,1395,7,1,0,29.99
3465,1396,19,3,0,83.97
3466,1396,21,3,0,98.97
3467,1396,9,3,0,68.97
3468,1396,3,2,0,39.98
3469,1397,13,2,10,143.98
3470,1398,22,3,10,59.37
3471,1398,6,3,10,94.47
3472,1398,23,2,0,259.98
3473,1399,1,2,0,79.98
3474,1399,22,1,15,18.69
3475,1399,21,3,0,98.97
3476,1400,23,3,10,350.97
3477,1400,3,1,0,19.99
3478,1400,18,1,0,14.99
3479,1400,13,1,10,71.99
3480,1401,16,1,20,35.99
3481,1402,22,3,15,56.07
3482,1403,14,2,20,159.98
3483,1403,23,1,10,116.99
3484,1404,24,2,10,32.38
3485,1404,1,1,0,39.99
3486,1404,18,2,0,29.98
3487,1404,14,1,10,89.99
3488,1405,3,1,20,15.99
3489,1405,22,2,10,39.58
3490,1406,4,2,0,49.98
3491,1407,20,3,0,59.97
3492,1407,6,1,0,34.99
3493,1407,3,3,0,59.97
3494,1407,11,2,0,53.98
3495,1408,22,3,0,65.97
3496,1408,8,3,10,242.97
3497,1408,2,3,0,179.97
3498,1409,16,3,0,134.97
3499,1409,17,3,0,104.97
3500,1409,1,1,10,35.99
3501,1409,13,2,15,135.98
3502,1410,4,2,10,44.98
3503,1411,21,1,0,32.99
3504,1411,17,1,20,27.99
3505,1412,2,3,0,179.97
3506,1412,20,2,15,33.98
3507,1412,5,1,0,149.99
3508,1412,14,3,0,299.97
3509,1413,15,1,0,64.99
3510,1414,18,2,15,25.48
3511,1414,6,2,10,62.98
3512,1414,21,1,10,29.69
3513,1414,10,1,0,44.99
3514,1415,19,3,0,83.97
3515,1415,6,2,0,69.98
3516,1415,21,2,0,65.98
3517,1416,24,3,15,45.87
3518,1417,16,2,0,89.98
3519,1417,13,3,0,239.97
3520,1418,20,2,0,39.98
3521,1418,4,1,20,19.99
3522,1419,9,3,0,68.97
3523,1419,7,3,0,89.97
3524,1419,11,2,0,53.98
3525,1420,1,3,0,119.97
3526,1420,3,3,20,47.98
3527,1420,6,1,0,34.99
3528,1420,24,3,15,45.87
3529,1421,19,1,20,22.39
3530,1422,12,3,20,45.58
3531,1422,8,3,0,269.97
3532,1422,1,3,0,119.97
3533,1422,6,3,0,104.97
3534,1423,10,2,0,89.98
3535,1423,8,3,0,269.97
3536,1424,9,3,15,58.62
3537,1424,17,2,10,62.98
3538,1424,3,2,10,35.98
3539,1424,23,1,15,110.49
3540,1425,4,3,0,74.97
3541,1425,12,2,0,37.98
3542,1426,14,2,0,199.98
3543,1426,5,2,15,254.98
3544,1426,7,3,10,80.97
3545,1426,8,3,0,269.97
3546,1427,19,3,20,67.18
3547,1427,10,1,10,40.49
3548,1427,16,2,0,89.98
3549,1428,14,3,0,299.97
3550,1428,19,2,0,55.98
3551,1429,6,3,20,83.98
3552,1429,7,3,10,80.97
3553,1429,12,1,0,18.99
3554,1429,13,3,10,215.97
3555,1430,13,3,0,239.97
3556,1430,18,3,0,44.97
3557,1430,17,2,0,69.98
3558,1430,15,1,0,64.99
3559,1431,20,2,0,39.98
3560,1431,8,3,10,242.97
3561,1431,4,3,0,74.97
3562,1432,3,2,0,39.98
3563,1433,13,3,20,191.98
3564,1433,5,2,10,269.98
3565,1433,20,3,0,59.97
3566,1433,24,1,15,15.29
3567,1434,7,2,0,59.98
3568,1435,11,2,0,53.98
3569,1435,5,3,10,404.97
3570,1435,21,2,10,59.38
3571,1435,18,3,0,44.97
3572,1436,10,2,10,80.98
3573,1436,1,3,10,107.97
3574,1437,11,1,0,26.99
3575,1437,8,2,20,143.98
3576,1438,20,2,0,39.98
3577,1439,21,2,0,65.98
3578,1440,16,3,0,134.97
3579,1441,20,2,0,39.98
3580,1441,14,2,0,199.98
3581,1441,4,3,20,59.98
3582,1441,17,3,20,83.98
3583,1442,10,1,10,40.49
3584,1443,23,1,0,129.99
3585,1444,22,1,0,21.99
3586,1444,20,2,0,39.98
3587,1444,11,1,10,24.29
3588,1444,13,1,0,79.99
3589,1445,19,3,0,83.97
3590,1446,20,3,10,53.97
3591,1446,24,3,0,53.97
3592,1446,19,2,0,55.98
3593,1447,24,2,0,35.98
3594,1447,6,2,0,69.98
3595,1447,10,3,0,134.97
3596,1448,15,3,20,155.98
3597,1449,11,1,10,24.29
3598,1449,3,2,0,39.98
3599,1450,16,3,0,134.97
3600,1451,3,1,20,15.99
3601,1451,16,1,15,38.24
3602,1451,23,3,0,389.97
3603,1452,9,3,15,58.62
3604,1452,2,3,10,161.97
3605,1453,18,3,10,40.47
3606,1453,24,1,0,17.99
3607,1453,3,2,0,39.98
3608,1454,22,3,0,65.97
3609,1454,12,2,0,37.98
3610,1454,8,2,15,152.98
3611,1454,20,1,0,19.99
3612,1455,23,2,0,259.98
3613,1456,1,3,0,119.97
3614,1456,8,1,0,89.99
3615,1456,20,3,0,59.97
3616,1457,8,3,0,269.97
3617,1458,22,3,0,65.97
3618,1458,9,2,0,45.98
3619,1458,21,1,0,32.99
3620,1458,23,2,0,259.98
3621,1459,10,1,15,38.24
3622,1459,23,3,0,389.97
3623,1459,14,3,0,299.97
3624,1459,20,1,0,19.99
3625,1460,10,3,20,107.98
3626,1460,9,2,0,45.98
3627,1460,1,3,10,107.97
3628,1460,17,3,0,104.97
3629,1461,22,3,0,65.97
3630,1462,8,3,15,229.47
3631,1462,3,1,15,16.99
3632,1462,7,2,0,59.98
3633,1463,18,1,15,12.74
3634,1463,2,1,0,59.99
3635,1463,11,1,0,26.99
3636,1464,15,1,0,64.99
3637,1464,22,1,10,19.79
3638,1464,6,2,10,62.98
3639,1465,10,3,20,107.98
3640,1465,16,1,15,38.24
3641,1465,24,3,15,45.87
3642,1466,3,1,0,19.99
3643,1466,15,3,0,194.97
3644,1467,14,2,0,199.98
3645,1467,16,2,0,89.98
3646,1467,13,2,10,143.98
3647,1468,12,1,20,15.19
3648,1469,1,2,15,67.98
3649,1469,5,2,0,299.98
3650,1469,12,2,0,37.98
3651,1470,13,1,0,79.99
3652,1471,12,1,0,18.99
3653,1472,9,3,0,68.97
3654,1472,1,1,0,39.99
3655,1472,20,3,0,59.97
3656,1472,18,1,0,14.99
3657,1473,5,2,0,299.98
3658,1474,23,2,10,233.98
3659,1474,7,3,0,89.97
3660,1475,13,1,10,71.99
3661,1475,2,3,0,179.97
3662,1476,12,2,0,37.98
3663,1476,16,2,20,71.98
3664,1476,10,3,20,107.98
3665,1476,22,1,0,21.99
3666,1477,23,1,0,129.99
3667,1477,10,1,0,44.99
3668,1477,11,3,0,80.97
3669,1478,12,2,15,32.28
3670,1478,21,2,10,59.38
3671,1478,17,2,20,55.98
3672,1478,7,1,15,25.49
3673,1479,2,2,0,119.98
3674,1479,11,2,0,53.98
3675,1479,23,2,15,220.98
3676,1479,14,2,0,199.98
3677,1480,15,2,20,103.98
3678,1480,21,2,0,65.98
3679,1480,5,1,0,149.99
3680,1481,3,2,20,31.98
3681,1482,14,2,15,169.98
3682,1483,17,1,0,34.99
3683,1483,15,1,0,64.99
3684,1483,19,1,0,27.99
3685,1484,2,2,10,107.98
3686,1484,23,2,0,259.98
3687,1484,13,3,15,203.97
3688,1485,19,2,0,55.98
3689,1485,2,3,0,179.97
3690,1485,11,3,20,64.78
3691,1485,24,3,0,53.97
3692,1486,23,1,0,129.99
3693,1486,13,2,15,135.98
3694,1486,19,3,0,83.97
3695,1487,21,2,0,65.98
3696,1487,22,1,0,21.99
3697,1487,18,2,0,29.98
3698,1488,16,2,0,89.98
3699,1488,24,1,15,15.29
3700,1488,3,1,0,19.99
3701,1488,18,1,0,14.99
3702,1489,7,3,10,80.97
3703,1489,5,3,0,449.97
3704,1490,19,2,0,55.98
3705,1490,13,1,15,67.99
3706,1491,13,2,10,143.98
3707,1491,15,3,10,175.47
3708,1492,8,1,10,80.99
3709,1492,20,2,10,35.98
3710,1492,23,1,0,129.99
3711,1492,6,3,0,104.97
3712,1493,3,2,10,35.98
3713,1494,10,2,0,89.98
3714,1494,5,1,10,134.99
3715,1494,7,3,0,89.97
3716,1495,11,2,0,53.98
3717,1495,3,2,0,39.98
3718,1495,9,2,0,45.98
3719,1495,23,3,10,350.97
3720,1496,4,1,10,22.49
3721,1496,1,2,10,71.98
3722,1497,6,3,10,94.47
3723,1497,14,1,20,79.99
3724,1498,7,3,10,80.97
3725,1498,3,1,20,15.99
3726,1498,14,2,20,159.98
3727,1498,24,3,0,53.97
3728,1499,2,1,0,59.99
3729,1499,8,2,0,179.98
3730,1499,13,3,10,215.97
3731,1500,24,1,10,16.19
3732,1501,5,2,0,299.98
3733,1502,16,2,0,89.98
3734,1502,12,1,0,18.99
3735,1502,17,1,15,29.74
3736,1502,6,2,15,59.48
3737,1503,23,1,15,110.49
3738,1503,13,3,20,191.98
3739,1504,9,2,0,45.98
3740,1504,14,2,0,199.98
3741,1504,24,2,10,32.38
3742,1504,3,1,0,19.99
3743,1505,24,2,15,30.58
3744,1505,19,3,10,75.57
3745,1505,18,2,0,29.98
3746,1505,23,3,0,389.97
3747,1506,11,3,10,72.87
3748,1506,1,3,0,119.97
3749,1506,10,2,10,80.98
3750,1507,19,2,0,55.98
3751,1507,9,1,0,22.99
3752,1508,22,1,0,21.99
3753,1509,9,1,10,20.69
3754,1509,1,1,10,35.99
3755,1510,5,3,20,359.98
3756,1510,7,3,20,71.98
3757,1511,11,3,0,80.97
3758,1511,13,3,10,215.97
3759,1512,5,2,0,299.98
3760,1512,7,3,10,80.97
3761,1513,3,1,0,19.99
3762,1513,13,1,20,63.99
3763,1513,17,1,10,31.49
3764,1514,13,3,20,191.98
3765,1514,10,3,0,134.97
3766,1514,15,2,0,129.98
3767,1515,20,1,15,16.99
3768,1515,9,3,0,68.97
3769,1515,19,1,15,23.79
3770,1515,13,2,0,159.98
3771,1516,18,1,0,14.99
3772,1517,13,2,0,159.98
3773,1517,5,2,10,269.98
3774,1517,1,3,0,119.97
3775,1517,4,2,0,49.98
3776,1518,11,1,0,26.99
3777,1518,12,2,0,37.98
3778,1518,16,1,0,44.99
3779,1518,4,3,0,74.97
3780,1519,10,1,0,44.99
3781,1519,22,2,0,43.98
3782,1520,6,2,0,69.98
3783,1520,9,3,0,68.97
3784,1521,5,1,0,149.99
3785,1522,1,2,15,67.98
3786,1522,17,3,0,104.97
3787,1522,8,1,20,71.99
3788,1522,11,2,0,53.98
3789,1523,5,3,0,449.97
3790,1523,7,1,0,29.99
3791,1523,17,3,0,104.97
3792,1524,1,2,10,71.98
3793,1524,20,1,0,19.99
3794,1525,21,3,0,98.97
3795,1525,3,3,15,50.97
3796,1525,20,1,15,16.99
3797,1525,16,2,20,71.98
3798,1526,12,3,0,56.97
3799,1526,13,1,0,79.99
3800,1527,13,2,20,127.98
3801,1527,23,1,0,129.99
3802,1527,16,2,10,80.98
3803,1528,11,3,15,68.82
3804,1529,1,2,0,79.98
3805,1529,6,3,15,89.22
3806,1529,23,1,15,110.49
3807,1529,20,1,0,19.99
3808,1530,11,2,10,48.58
3809,1530,17,1,0,34.99
3810,1531,8,1,0,89.99
3811,1532,10,2,10,80.98
3812,1532,18,1,10,13.49
3813,1532,14,1,0,99.99
3814,1532,15,2,10,116.98
3815,1533,7,3,0,89.97
3816,1533,1,3,0,119.97
3817,1534,23,3,0,389.97
3818,1534,17,1,10,31.49
3819,1534,9,1,0,22.99
3820,1534,4,2,0,49.98
3821,1535,23,2,0,259.98
3822,1535,20,2,0,39.98
3823,1535,9,3,0,68.97
3824,1535,6,2,0,69.98
3825,1536,19,3,20,67.18
3826,1536,7,3,0,89.97
3827,1537,15,3,0,194.97
3828,1538,12,2,10,34.18
3829,1538,11,3,15,68.82
3830,1538,19,2,20,44.78
3831,1538,10,1,0,44.99
3832,1539,4,3,0,74.97
3833,1539,15,1,15,55.24
3834,1539,20,1,0,19.99
3835,1539,17,3,0,104.97
3836,1540,11,3,10,72.87
3837,1540,9,1,10,20.69
3838,1540,23,3,0,389.97
3839,1540,18,2,20,23.98
3840,1541,3,2,0,39.98
3841,1541,21,2,0,65.98
3842,1541,15,3,0,194.97
3843,1542,15,1,0,64.99
3844,1542,17,1,0,34.99
3845,1543,12,3,10,51.27
3846,1543,17,1,0,34.99
3847,1543,20,3,0,59.97
3848,1544,14,1,20,79.99
3849,1544,7,3,0,89.97
3850,1544,17,1,0,34.99
3851,1544,1,3,0,119.97
3852,1545,21,2,10,59.38
3853,1546,5,3,10,404.97
3854,1547,21,1,10,29.69
3855,1547,4,2,0,49.98
3856,1547,17,2,0,69.98
3857,1547,5,3,0,449.97
3858,1548,16,3,0,134.97
3859,1548,5,2,0,299.98
3860,1549,22,1,0,21.99
3861,1549,10,2,0,89.98
3862,1549,20,2,0,39.98
3863,1549,15,3,10,175.47
3864,1550,7,2,10,53.98
3865,1550,11,1,15,22.94
3866,1551,6,3,15,89.22
3867,1552,21,2,0,65.98
3868,1552,2,1,0,59.99
3869,1552,22,3,0,65.97
3870,1553,17,3,15,89.22
3871,1553,9,2,0,45.98
3872,1554,4,2,0,49.98
3873,1554,3,2,20,31.98
3874,1555,2,3,20,143.98
3875,1555,7,1,0,29.99
3876,1555,13,2,15,135.98
3877,1556,15,1,0,64.99
3878,1556,20,2,15,33.98
3879,1556,18,3,0,44.97
3880,1556,2,2,0,119.98
3881,1557,8,2,10,161.98
3882,1558,3,2,0,39.98
3883,1559,16,3,0,134.97
3884,1559,17,1,0,34.99
3885,1560,20,3,0,59.97
3886,1560,23,2,0,259.98
3887,1561,23,1,0,129.99
3888,1561,2,1,0,59.99
3889,1562,8,2,0,179.98
3890,1562,6,3,0,104.97
3891,1563,18,2,10,26.98
3892,1563,8,1,20,71.99
3893,1563,19,1,0,27.99
3894,1564,13,1,0,79.99
3895,1564,6,3,0,104.97
3896,1564,24,3,0,53.97
3897,1565,9,2,0,45.98
3898,1565,24,1,0,17.99
3899,1565,20,1,15,16.99
3900,1565,4,1,0,24.99
3901,1566,21,2,15,56.08
3902,1567,9,2,10,41.38
3903,1567,22,1,10,19.79
3904,1567,16,2,15,76.48
3905,1568,10,3,15,114.72
3906,1568,1,1,0,39.99
3907,1568,24,2,10,32.38
3908,1568,5,1,20,119.99
3909,1569,24,3,10,48.57
3910,1569,1,2,10,71.98
3911,1569,19,1,0,27.99
3912,1570,15,2,20,103.98
3913,1570,4,2,0,49.98
3914,1570,20,1,0,19.99
3915,1570,24,2,10,32.38
3916,1571,5,1,0,149.99
3917,1572,24,2,0,35.98
3918,1572,15,2,0,129.98
3919,1573,20,3,0,59.97
3920,1573,3,2,0,39.98
3921,1573,11,2,0,53.98
3922,1573,5,1,0,149.99
3923,1574,14,2,15,169.98
3924,1574,10,1,0,44.99
3925,1574,5,1,0,149.99
3926,1575,19,3,10,75.57
3927,1576,20,3,10,53.97
3928,1576,21,3,0,98.97
3929,1576,11,3,0,80.97
3930,1576,12,2,15,32.28
3931,1577,7,3,0,89.97
3932,1578,11,3,20,64.78
3933,1578,3,2,10,35.98
3934,1578,24,3,0,53.97
3935,1579,19,2,0,55.98
3936,1579,1,1,20,31.99
3937,1580,9,3,10,62.07
3938,1580,13,2,10,143.98
3939,1580,24,2,0,35.98
3940,1581,9,3,10,62.07
3941,1582,7,3,0,89.97
3942,1582,3,1,0,19.99
3943,1582,5,2,0,299.98
3944,1583,4,3,0,74.97
3945,1583,17,2,0,69.98
3946,1583,7,1,0,29.99
3947,1583,2,3,0,179.97
3948,1584,19,2,0,55.98
3949,1584,3,1,0,19.99
3950,1585,1,2,10,71.98
3951,1586,2,3,10,161.97
3952,1587,10,1,0,44.99
3953,1587,5,3,10,404.97
3954,1587,11,1,0,26.99
3955,1587,15,2,15,110.48
3956,1588,12,2,0,37.98
3957,1589,6,1,0,34.99
3958,1590,21,3,0,98.97
3959,1590,23,2,20,207.98
3960,1590,11,1,0,26.99
3961,1591,5,2,0,299.98
3962,1591,1,1,0,39.99
3963,1591,13,2,0,159.98
3964,1592,14,3,0,299.97
3965,1592,8,1,15,76.49
3966,1592,7,2,0,59.98
3967,1592,24,2,0,35.98
3968,1593,12,2,0,37.98
3969,1594,3,1,10,17.99
3970,1595,19,1,0,27.99
3971,1595,4,1,0,24.99
3972,1596,7,1,0,29.99
3973,1597,22,1,0,21.99
3974,1597,10,3,0,134.97
3975,1597,11,2,10,48.58
3976,1597,5,2,10,269.98
3977,1598,14,3,0,299.97
3978,1598,7,3,20,71.98
3979,1598,9,1,0,22.99
3980,1598,6,2,10,62.98
3981,1599,9,3,0,68.97
3982,1599,22,3,0,65.97
3983,1600,12,1,0,18.99
3984,1600,13,1,20,63.99
3985,1601,9,2,10,41.38
3986,1602,8,1,10,80.99
3987,1602,21,2,0,65.98
3988,1602,17,1,0,34.99
3989,1603,6,2,20,55.98
3990,1603,10,2,0,89.98
3991,1603,15,2,10,116.98
3992,1604,5,2,10,269.98
3993,1604,21,1,0,32.99
3994,1604,19,3,10,75.57
3995,1604,18,2,0,29.98
3996,1605,11,2,0,53.98
3997,1606,7,1,0,29.99
3998,1606,24,1,20,14.39
3999,1606,21,2,0,65.98
4000,1606,18,2,0,29.98
4001,1607,14,1,0,99.99
4002,1608,19,3,10,75.57
4003,1608,21,3,10,89.07
4004,1608,8,1,0,89.99
4005,1608,20,2,15,33.98
4006,1609,4,2,15,42.48
4007,1610,3,1,0,19.99
4008,1610,1,2,0,79.98
4009,1610,8,3,0,269.97
4010,1610,16,1,20,35.99
4011,1611,16,3,15,114.72
4012,1611,18,2,10,26.98
4013,1611,23,3,0,389.97
4014,1611,1,1,20,31.99
4015,1612,15,2,10,116.98
4016,1612,13,1,10,71.99
4017,1612,6,3,0,104.97
4018,1613,7,1,0,29.99
4019,1613,20,3,20,47.98
4020,1614,1,3,0,119.97
4021,1614,7,3,0,89.97
4022,1614,13,3,0,239.97
4023,1615,19,3,0,83.97
4024,1615,15,3,0,194.97
4025,1615,3,3,15,50.97
4026,1616,20,1,0,19.99
4027,1616,4,2,0,49.98
4028,1617,4,2,10,44.98
4029,1618,24,1,0,17.99
4030,1618,19,1,0,27.99
4031,1618,2,2,0,119.98
4032,1619,22,1,0,21.99
4033,1619,7,3,0,89.97
4034,1619,9,3,0,68.97
4035,1619,18,3,0,44.97
4036,1620,2,2,20,95.98
4037,1620,3,1,0,19.99
4038,1621,1,1,15,33.99
4039,1622,2,3,0,179.97
4040,1622,5,2,15,254.98
4041,1623,24,1,15,15.29
4042,1624,5,2,0,299.98
4043,1624,4,3,20,59.98
4044,1624,7,2,0,59.98
4045,1625,7,2,0,59.98
4046,1626,16,3,0,134.97
4047,1627,11,2,0,53.98
4048,1628,4,1,0,24.99
4049,1628,7,2,20,47.98
4050,1628,5,1,20,119.99
4051,1628,23,2,20,207.98
4052,1629,17,3,0,104.97
4053,1629,18,1,0,14.99
4054,1630,5,1,10,134.99
4055,1630,16,3,0,134.97
4056,1630,23,2,0,259.98
4057,1631,10,1,0,44.99
4058,1631,14,1,0,99.99
4059,1631,7,3,0,89.97
4060,1631,20,3,20,47.98
4061,1632,6,1,0,34.99
4062,1632,8,2,15,152.98
4063,1632,21,1,10,29.69
4064,1633,11,2,0,53.98
4065,1633,2,2,20,95.98
4066,1634,12,2,0,37.98
4067,1634,11,3,0,80.97
4068,1634,6,2,15,59.48
4069,1635,10,1,20,35.99
4070,1635,16,2,0,89.98
4071,1635,24,3,10,48.57
4072,1636,14,2,0,199.98
4073,1636,13,3,0,239.97
4074,1636,20,1,0,19.99
4075,1637,14,3,20,239.98
4076,1637,15,1,0,64.99
4077,1637,12,3,0,56.97
4078,1638,15,3,0,194.97
4079,1638,21,1,0,32.99
4080,1639,13,2,0,159.98
4081,1639,12,1,0,18.99
4082,1639,1,3,0,119.97
4083,1640,4,2,0,49.98
4084,1640,8,2,15,152.98
4085,1640,1,2,0,79.98
4086,1641,1,1,20,31.99
4087,1642,22,2,20,35.18
4088,1643,5,2,0,299.98
4089,1643,18,3,10,40.47
4090,1643,1,1,0,39.99
4091,1643,16,3,0,134.97
4092,1644,6,1,0,34.99
4093,1644,18,3,0,44.97
4094,1645,12,3,0,56.97
4095,1645,20,1,0,19.99
4096,1646,15,1,0,64.99
4097,1646,20,1,10,17.99
4098,1646,4,1,0,24.99
4099,1647,7,1,0,29.99
4100,1647,11,3,0,80.97
4101,1647,15,1,20,51.99
4102,1648,10,3,0,134.97
4103,1648,4,2,0,49.98
4104,1648,21,1,0,32.99
4105,1648,23,2,0,259.98
4106,1649,3,1,15,16.99
4107,1650,8,3,0,269.97
4108,1650,10,1,10,40.49
4109,1650,3,3,10,53.97
4110,1651,10,2,10,80.98
4111,1651,16,2,10,80.98
4112,1651,18,3,0,44.97
4113,1652,1,1,10,35.99
4114,1652,13,2,20,127.98
4115,1653,18,1,0,14.99
4116,1653,19,3,10,75.57
4117,1653,4,3,0,74.97
4118,1653,22,1,15,18.69
4119,1654,11,2,10,48.58
4120,1654,18,3,0,44.97
4121,1654,12,3,10,51.27
4122,1655,19,1,15,23.79
4123,1655,24,3,20,43.18
4124,1656,12,3,15,48.42
4125,1656,5,2,0,299.98
4126,1656,17,1,10,31.49
4127,1657,15,2,0,129.98
4128,1657,9,1,0,22.99
4129,1658,3,3,0,59.97
4130,1658,8,3,15,229.47
4131,1658,14,1,0,99.99
4132,1658,22,1,10,19.79
4133,1659,20,2,0,39.98
4134,1659,6,2,10,62.98
4135,1659,21,2,15,56.08
4136,1659,13,1,0,79.99
4137,1660,22,3,0,65.97
4138,1660,6,2,0,69.98
4139,1660,8,2,0,179.98
4140,1661,4,2,0,49.98
4141,1661,24,2,10,32.38
4142,1661,11,2,0,53.98
4143,1662,13,1,15,67.99
4144,1663,12,1,0,18.99
4145,1663,15,1,0,64.99
4146,1664,6,2,10,62.98
4147,1664,8,1,0,89.99
4148,1664,3,1,0,19.99
4149,1665,20,2,0,39.98
4150,1665,14,3,10,269.97
4151,1666,10,1,0,44.99
4152,1666,6,1,0,34.99
4153,1666,20,3,20,47.98
4154,1666,5,1,20,119.99
4155,1667,13,1,0,79.99
4156,1667,20,1,0,19.99
4157,1668,7,1,15,25.49
4158,1669,10,3,10,121.47
4159,1670,5,2,0,299.98
4160,1670,2,3,0,179.97
4161,1671,7,3,0,89.97
4162,1671,12,3,0,56.97
4163,1672,21,1,0,32.99
4164,1673,4,2,0,49.98
4165,1673,13,3,10,215.97
4166,1673,5,3,0,449.97
4167,1673,6,3,10,94.47
4168,1674,8,2,10,161.98
4169,1674,1,2,10,71.98
4170,1675,3,3,10,53.97
4171,1675,13,2,20,127.98
4172,1676,13,3,0,239.97
4173,1676,10,1,0,44.99
4174,1676,15,3,0,194.97
4175,1677,7,3,20,71.98
4176,1677,22,1,10,19.79
4177,1677,20,2,0,39.98
4178,1678,2,3,0,179.97
4179,1678,12,2,0,37.98
4180,1678,6,1,10,31.49
4181,1679,16,2,10,80.98
4182,1679,18,3,10,40.47
4183,1679,2,1,0,59.99
4184,1680,16,2,0,89.98
4185,1680,21,3,15,84.12
4186,1680,18,3,0,44.97
4187,1680,22,2,0,43.98
4188,1681,4,1,0,24.99
4189,1681,18,1,0,14.99
4190,1681,12,3,0,56.97
4191,1681,19,2,10,50.38
4192,1682,3,2,0,39.98
4193,1682,10,1,0,44.99
4194,1682,5,3,0,449.97
4195,1682,20,2,10,35.98
4196,1683,8,3,0,269.97
4197,1683,23,1,0,129.99
4198,1684,13,2,10,143.98
4199,1684,20,3,10,53.97
4200,1684,7,1,0,29.99
4201,1684,5,3,0,449.97
4202,1685,19,1,20,22.39
4203,1685,3,1,0,19.99
4204,1685,11,1,10,24.29
4205,1686,12,2,0,37.98
4206,1686,6,2,0,69.98
4207,1686,23,1,15,110.49
4208,1686,14,2,0,199.98
4209,1687,11,1,0,26.99
4210,1687,12,2,10,34.18
4211,1687,8,2,20,143.98
4212,1688,9,3,0,68.97
4213,1688,17,1,0,34.99
4214,1688,15,3,0,194.97
4215,1688,10,2,15,76.48
4216,1689,11,2,0,53.98
4217,1689,1,3,0,119.97
4218,1690,5,3,0,449.97
4219,1691,14,3,20,239.98
4220,1691,23,3,0,389.97
4221,1691,16,1,10,40.49
4222,1691,6,3,10,94.47
4223,1692,22,1,10,19.79
4224,1692,12,2,15,32.28
4225,1692,1,2,0,79.98
4226,1692,6,3,20,83.98
4227,1693,10,2,20,71.98
4228,1694,12,3,0,56.97
4229,1694,4,3,0,74.97
4230,1695,3,2,0,39.98
4231,1695,10,1,10,40.49
4232,1696,23,3,10,350.97
4233,1696,2,2,0,119.98
4234,1697,13,2,0,159.98
4235,1697,24,3,0,53.97
4236,1697,15,1,15,55.24
4237,1697,1,3,0,119.97
4238,1698,5,1,15,127.49
4239,1698,1,3,10,107.97
4240,1699,5,3,0,449.97
4241,1699,13,1,0,79.99
4242,1699,9,2,10,41.38
4243,1700,23,3,0,389.97
4244,1700,18,3,10,40.47
4245,1701,1,2,10,71.98
4246,1701,11,2,15,45.88
4247,1701,21,3,0,98.97
4248,1701,22,3,20,52.78
4249,1702,4,1,0,24.99
4250,1703,19,1,0,27.99
4251,1704,10,2,0,89.98
4252,1704,13,3,10,215.97
4253,1704,4,3,10,67.47
4254,1705,10,2,10,80.98
4255,1706,8,2,0,179.98
4256,1706,3,3,0,59.97
4257,1706,12,3,0,56.97
4258,1707,9,3,10,62.07
4259,1708,12,1,0,18.99
4260,1708,17,3,0,104.97
4261,1708,2,2,0,119.98
4262,1709,4,2,0,49.98
4263,1709,16,3,0,134.97
4264,1709,15,2,10,116.98
4265,1709,18,3,0,44.97
4266,1710,16,1,0,44.99
4267,1710,23,1,0,129.99
4268,1711,4,2,0,49.98
4269,1711,3,3,10,53.97
4270,1711,19,3,0,83.97
4271,1711,16,1,0,44.99
4272,1712,24,2,15,30.58
4273,1713,12,2,0,37.98
4274,1713,7,3,0,89.97
4275,1714,23,1,0,129.99
4276,1714,5,1,20,119.99
4277,1714,18,3,10,40.47
4278,1714,12,3,0,56.97
4279,1715,4,3,0,74.97
4280,1715,15,3,0,194.97
4281,1716,14,1,0,99.99
4282,1716,18,1,0,14.99
4283,1716,16,3,0,134.97
4284,1716,20,1,20,15.99
4285,1717,14,1,0,99.99
4286,1717,19,1,10,25.19
4287,1717,18,3,10,40.47
4288,1717,21,1,0,32.99
4289,1718,1,2,15,67.98
4290,1718,18,1,0,14.99
4291,1719,24,3,0,53.97
4292,1719,1,1,0,39.99
4293,1720,15,2,0,129.98
4294,1720,24,1,10,16.19
4295,1720,4,2,10,44.98
4296,1720,17,2,0,69.98
4297,1721,15,1,0,64.99
4298,1722,5,3,0,449.97
4299,1722,7,1,15,25.49
4300,1722,10,1,0,44.99
4301,1723,16,2,20,71.98
4302,1723,4,3,0,74.97
4303,1723,20,3,0,59.97
4304,1723,23,2,0,259.98
4305,1724,13,1,10,71.99
4306,1724,15,3,10,175.47
4307,1724,14,3,15,254.97
4308,1724,10,1,0,44.99
4309,1725,5,1,20,119.99
4310,1725,6,2,10,62.98
4311,1725,10,2,0,89.98
4312,1726,5,3,0,449.97
4313,1726,3,2,0,39.98
4314,1727,1,2,10,71.98
4315,1727,12,2,0,37.98
4316,1727,23,1,0,129.99
4317,1727,10,3,0,134.97
4318,1728,2,1,0,59.99
4319,1729,5,2,0,299.98
4320,1730,15,2,15,110.48
4321,1730,11,1,0,26.99
4322,1730,20,2,0,39.98
4323,1731,3,2,0,39.98
4324,1731,20,2,0,39.98
4325,1731,6,2,0,69.98
4326,1731,4,3,0,74.97
4327,1732,10,1,15,38.24
4328,1732,22,1,20,17.59
4329,1732,8,2,10,161.98
4330,1732,5,3,0,449.97
4331,1733,10,3,0,134.97
4332,1733,13,3,20,191.98
4333,1734,2,1,10,53.99
4334,1735,3,2,10,35.98
4335,1736,19,1,0,27.99
4336,1737,16,2,20,71.98
4337,1737,4,1,10,22.49
4338,1738,21,3,10,89.07
4339,1738,7,1,15,25.49
4340,1738,13,1,20,63.99
4341,1738,20,1,10,17.99
4342,1739,3,2,0,39.98
4343,1739,18,3,0,44.97
4344,1740,6,3,10,94.47
4345,1741,3,3,10,53.97
4346,1741,11,3,10,72.87
4347,1741,18,3,10,40.47
4348,1742,21,2,0,65.98
4349,1742,15,1,10,58.49
4350,1743,17,1,0,34.99
4351,1744,17,2,10,62.98
4352,1744,3,3,20,47.98
4353,1744,12,2,15,32.28
4354,1744,19,2,20,44.78
4355,1745,2,2,10,107.98
4356,1746,1,2,0,79.98
4357,1746,20,1,10,17.99
4358,1747,4,3,20,59.98
4359,1747,18,3,0,44.97
4360,1748,24,3,0,53.97
4361,1748,12,2,0,37.98
4362,1748,21,3,15,84.12
4363,1748,1,3,0,119.97
4364,1749,22,3,15,56.07
4365,1749,17,1,0,34.99
4366,1750,1,3,0,119.97
4367,1750,3,3,0,59.97
4368,1750,24,2,0,35.98
4369,1751,14,3,0,299.97
4370,1751,15,3,10,175.47
4371,1751,17,2,10,62.98
4372,1751,23,1,20,103.99
4373,1752,18,3,10,40.47
4374,1752,21,3,0,98.97
4375,1753,11,3,0,80.97
4376,1753,19,2,0,55.98
4377,1754,14,3,15,254.97
4378,1754,11,2,0,53.98
4379,1755,24,2,0,35.98
4380,1755,18,1,20,11.99
4381,1755,1,2,0,79.98
4382,1756,11,1,0,26.99
4383,1756,16,1,0,44.99
4384,1756,18,2,15,25.48
4385,1756,19,2,15,47.58
4386,1757,21,1,15,28.04
4387,1758,2,3,0,179.97
4388,1759,9,3,10,62.07
4389,1759,20,3,20,47.98
4390,1760,12,3,0,56.97
4391,1760,21,1,10,29.69
4392,1760,15,3,0,194.97
4393,1760,2,1,0,59.99
4394,1761,21,3,0,98.97
4395,1762,6,2,10,62.98
4396,1762,19,3,0,83.97
4397,1762,1,1,0,39.99
4398,1763,4,3,0,74.97
4399,1763,21,1,15,28.04
4400,1764,21,2,10,59.38
4401,1764,7,2,10,53.98
4402,1764,1,2,0,79.98
4403,1764,5,3,15,382.47
4404,1765,24,3,15,45.87
4405,1765,21,2,15,56.08
4406,1765,10,3,0,134.97
4407,1765,1,3,10,107.97
4408,1766,14,2,0,199.98
4409,1766,22,2,0,43.98
4410,1766,16,2,10,80.98
4411,1767,12,2,10,34.18
4412,1767,8,2,0,179.98
4413,1767,9,2,15,39.08
4414,1768,22,2,0,43.98
4415,1768,24,2,0,35.98
4416,1769,21,3,0,98.97
4417,1769,18,2,15,25.48
4418,1769,14,1,0,99.99
4419,1770,8,3,15,229.47
4420,1770,5,2,0,299.98
4421,1770,1,2,0,79.98
4422,1771,8,2,10,161.98
4423,1771,6,3,0,104.97
4424,1771,21,3,15,84.12
4425,1772,20,1,0,19.99
4426,1772,23,3,10,350.97
4427,1772,11,2,10,48.58
4428,1772,18,2,20,23.98
4429,1773,13,3,15,203.97
4430,1773,15,1,0,64.99
4431,1773,6,2,0,69.98
4432,1774,23,2,0,259.98
4433,1775,19,2,10,50.38
4434,1775,11,2,10,48.58
4435,1776,3,2,0,39.98
4436,1777,23,1,0,129.99
4437,1777,21,2,0,65.98
4438,1778,10,1,0,44.99
4439,1779,22,3,15,56.07
4440,1779,8,2,0,179.98
4441,1779,16,3,10,121.47
4442,1780,22,3,0,65.97
4443,1780,12,1,0,18.99
4444,1781,5,3,0,449.97
4445,1781,18,1,15,12.74
4446,1781,14,2,0,199.98
4447,1782,8,3,10,242.97
4448,1782,17,2,0,69.98
4449,1782,7,1,0,29.99
4450,1782,18,2,20,23.98
4451,1783,19,1,0,27.99
4452,1784,12,1,10,17.09
4453,1784,11,3,0,80.97
4454,1784,22,2,0,43.98
4455,1785,14,2,0,199.98
4456,1786,3,2,15,33.98
4457,1786,22,2,20,35.18
4458,1787,14,1,0,99.99
4459,1787,9,2,0,45.98
4460,1788,13,3,20,191.98
4461,1788,6,2,0,69.98
4462,1788,1,1,10,35.99
4463,1788,19,2,0,55.98
4464,1789,14,3,0,299.97
4465,1790,23,2,10,233.98
4466,1791,5,3,10,404.97
4467,1791,22,2,0,43.98
4468,1792,9,3,20,55.18
4469,1792,8,3,20,215.98
4470,1793,22,2,10,39.58
4471,1794,13,2,0,159.98
4472,1794,10,3,0,134.97
4473,1795,4,2,0,49.98
4474,1795,8,2,10,161.98
4475,1796,4,3,0,74.97
4476,1797,21,1,0,32.99
4477,1797,9,3,0,68.97
4478,1797,7,2,0,59.98
4479,1798,2,3,10,161.97
4480,1799,16,1,0,44.99
4481,1799,4,2,0,49.98
4482,1799,22,3,0,65.97
4483,1799,21,3,20,79.18
4484,1800,3,1,0,19.99
4485,1800,15,2,0,129.98
4486,1800,7,3,0,89.97
4487,1801,8,1,0,89.99
4488,1801,20,1,0,19.99
4489,1801,5,1,10,134.99
4490,1801,6,2,0,69.98
4491,1802,4,3,0,74.97
4492,1802,1,2,0,79.98
4493,1802,12,2,10,34.18
4494,1802,5,2,15,254.98
4495,1803,12,1,0,18.99
4496,1804,6,1,0,34.99
4497,1805,18,3,10,40.47
4498,1805,16,1,10,40.49
4499,1806,6,3,0,104.97
4500,1807,2,1,10,53.99
4501,1807,8,3,10,242.97
4502,1807,21,2,0,65.98
4503,1807,9,3,0,68.97
4504,1808,18,3,10,40.47
4505,1809,3,1,15,16.99
4506,1810,3,2,0,39.98
4507,1810,2,1,0,59.99
4508,1811,5,1,0,149.99
4509,1811,1,3,0,119.97
4510,1812,18,3,0,44.97
4511,1813,17,2,0,69.98
4512,1813,4,1,0,24.99
4513,1813,24,3,10,48.57
4514,1813,21,3,0,98.97
4515,1814,15,3,0,194.97
4516,1815,14,1,0,99.99
4517,1815,16,1,0,44.99
4518,1815,6,3,10,94.47
4519,1815,2,1,20,47.99
4520,1816,8,1,10,80.99
4521,1816,9,3,0,68.97
4522,1816,18,3,0,44.97
4523,1816,12,1,0,18.99
4524,1817,4,3,10,67.47
4525,1818,12,3,0,56.97
4526,1818,9,3,0,68.97
4527,1818,14,2,0,199.98
4528,1819,14,2,0,199.98
4529,1819,16,3,15,114.72
4530,1819,3,3,10,53.97
4531,1819,8,3,0,269.97
4532,1820,8,1,0,89.99
4533,1820,19,2,10,50.38
4534,1820,12,2,20,30.38
4535,1820,13,2,0,159.98
4536,1821,7,3,0,89.97
4537,1821,15,2,15,110.48
4538,1821,4,1,0,24.99
4539,1821,18,1,0,14.99
4540,1822,22,2,0,43.98
4541,1822,13,2,15,135.98
4542,1822,3,1,0,19.99
4543,1823,10,3,0,134.97
4544,1824,22,2,0,43.98
4545,1825,10,1,0,44.99
4546,1825,17,2,20,55.98
4547,1826,9,2,0,45.98
4548,1826,16,3,0,134.97
4549,1826,1,3,20,95.98
4550,1826,13,1,0,79.99
4551,1827,1,3,0,119.97
4552,1827,9,3,10,62.07
4553,1828,23,2,0,259.98
4554,1828,3,1,10,17.99
4555,1829,22,3,0,65.97
4556,1830,9,1,20,18.39
4557,1830,3,1,0,19.99
4558,1831,3,3,0,59.97
4559,1832,16,1,0,44.99
4560,1832,4,3,0,74.97
4561,1832,17,3,0,104.97
4562,1833,11,3,10,72.87
4563,1833,22,3,0,65.97
4564,1833,15,2,15,110.48
4565,1833,17,2,15,59.48
4566,1834,11,1,20,21.59
4567,1835,9,3,15,58.62
4568,1836,18,3,0,44.97
4569,1837,14,1,0,99.99
4570,1838,14,2,0,199.98
4571,1838,8,1,0,89.99
4572,1838,4,2,20,39.98
4573,1839,6,2,0,69.98
4574,1839,24,3,0,53.97
4575,1839,14,2,20,159.98
4576,1839,4,3,0,74.97
4577,1840,13,3,20,191.98
4578,1841,7,3,15,76.47
4579,1842,7,1,0,29.99
4580,1842,22,1,15,18.69
4581,1842,23,3,0,389.97
4582,1843,16,3,15,114.72
4583,1844,2,2,10,107.98
4584,1845,22,3,0,65.97
4585,1845,6,3,10,94.47
4586,1845,20,3,0,59.97
4587,1845,12,3,0,56.97
4588,1846,5,2,15,254.98
4589,1847,5,2,0,299.98
4590,1847,11,2,0,53.98
4591,1848,11,1,10,24.29
4592,1848,18,2,15,25.48
4593,1849,23,1,10,116.99
4594,1850,23,3,0,389.97
4595,1851,9,3,10,62.07
4596,1851,4,2,0,49.98
4597,1851,7,1,0,29.99
4598,1852,1,3,0,119.97
4599,1852,16,3,10,121.47
4600,1853,23,3,0,389.97
4601,1853,22,1,10,19.79
4602,1853,10,3,0,134.97
4603,1853,12,3,10,51.27
4604,1854,15,2,10,116.98
4605,1855,14,2,0,199.98
4606,1856,20,1,20,15.99
4607,1856,16,2,0,89.98
4608,1857,22,1,10,19.79
4609,1857,8,1,0,89.99
4610,1857,23,3,0,389.97
4611,1857,10,1,10,40.49
4612,1858,22,1,0,21.99
4613,1858,8,2,20,143.98
4614,1858,6,1,15,29.74
4615,1858,24,1,10,16.19
4616,1859,18,3,20,35.98
4617,1859,9,1,0,22.99
4618,1859,5,2,0,299.98
4619,1860,23,3,0,389.97
4620,1861,4,3,10,67.47
4621,1862,14,3,15,254.97
4622,1862,9,2,0,45.98
4623,1862,1,2,0,79.98
4624,1863,11,2,15,45.88
4625,1864,22,3,10,59.37
4626,1865,13,3,20,191.98
4627,1865,3,1,0,19.99
4628,1866,20,3,0,59.97
4629,1866,9,1,0,22.99
4630,1866,6,1,0,34.99
4631,1867,20,1,0,19.99
4632,1867,6,2,0,69.98
4633,1867,19,2,0,55.98
4634,1867,12,1,10,17.09
4635,1868,20,1,15,16.99
4636,1868,22,1,10,19.79
4637,1869,10,2,0,89.98
4638,1869,1,1,0,39.99
4639,1870,7,3,0,89.97
4640,1870,10,3,0,134.97
4641,1871,4,2,0,49.98
4642,1871,24,3,0,53.97
4643,1871,17,1,0,34.99
4644,1872,8,1,0,89.99
4645,1872,24,3,20,43.18
4646,1872,18,3,0,44.97
4647,1873,11,3,15,68.82
4648,1873,1,1,20,31.99
4649,1874,20,3,15,50.97
4650,1874,9,1,0,22.99
4651,1874,16,3,15,114.72
4652,1875,16,2,0,89.98
4653,1876,1,3,10,107.97
4654,1876,2,2,0,119.98
4655,1877,7,3,10,80.97
4656,1877,9,2,10,41.38
4657,1877,10,3,20,107.98
4658,1877,24,2,0,35.98
4659,1878,15,3,0,194.97
4660,1878,1,3,15,101.97
4661,1878,14,3,0,299.97
4662,1879,20,1,0,19.99
4663,1879,15,1,10,58.49
4664,1879,3,2,10,35.98
4665,1880,12,1,10,17.09
4666,1880,14,1,0,99.99
4667,1880,24,3,0,53.97
4668,1880,11,1,10,24.29
4669,1881,9,3,0,68.97
4670,1881,19,2,10,50.38
4671,1881,24,2,10,32.38
4672,1882,1,1,10,35.99
4673,1882,9,2,0,45.98
4674,1882,11,3,0,80.97
4675,1883,2,3,20,143.98
4676,1883,5,1,10,134.99
4677,1883,23,2,0,259.98
4678,1884,15,1,15,55.24
4679,1884,4,2,0,49.98
4680,1884,10,3,15,114.72
4681,1885,14,2,0,199.98
4682,1885,24,1,10,16.19
4683,1885,6,1,0,34.99
4684,1885,13,2,0,159.98
4685,1886,22,2,0,43.98
4686,1887,24,1,0,17.99
4687,1888,15,3,0,194.97
4688,1888,18,2,0,29.98
4689,1889,1,3,20,95.98
4690,1889,10,2,0,89.98
4691,1890,16,2,0,89.98
4692,1890,2,1,20,47.99
4693,1890,7,3,0,89.97
4694,1890,13,2,0,159.98
4695,1891,17,3,10,94.47
4696,1891,20,1,0,19.99
4697,1891,13,1,10,71.99
4698,1891,24,1,0,17.99
4699,1892,3,1,0,19.99
4700,1892,16,1,15,38.24
4701,1892,23,2,0,259.98
4702,1892,24,2,0,35.98
4703,1893,5,3,0,449.97
4704,1893,13,1,0,79.99
4705,1893,8,3,20,215.98
4706,1893,15,3,0,194.97
4707,1894,20,2,10,35.98
4708,1894,9,2,15,39.08
4709,1894,22,3,0,65.97
4710,1895,15,2,10,116.98
4711,1895,24,1,20,14.39
4712,1896,18,2,15,25.48
4713,1896,16,1,20,35.99
4714,1896,10,2,0,89.98
4715,1896,1,2,0,79.98
4716,1897,3,1,10,17.99
4717,1897,11,1,0,26.99
4718,1897,16,3,0,134.97
4719,1898,19,2,10,50.38
4720,1899,12,1,10,17.09
4721,1899,24,3,0,53.97
4722,1899,17,1,0,34.99
4723,1899,5,2,10,269.98
4724,1900,6,1,20,27.99
4725,1900,7,2,20,47.98
4726,1900,22,3,10,59.37
4727,1901,9,2,0,45.98
4728,1902,2,3,0,179.97
4729,1903,14,3,10,269.97
4730,1903,3,3,0,59.97
4731,1903,20,3,0,59.97
4732,1904,18,1,10,13.49
4733,1905,9,2,10,41.38
4734,1905,13,2,0,159.98
4735,1905,14,1,0,99.99
4736,1905,3,3,0,59.97
4737,1906,24,2,0,35.98
4738,1906,15,3,15,165.72
4739,1906,19,2,0,55.98
4740,1907,24,2,10,32.38
4741,1908,1,3,0,119.97
4742,1908,17,3,0,104.97
4743,1908,21,1,10,29.69
4744,1909,16,2,15,76.48
4745,1909,14,2,0,199.98
4746,1910,6,1,0,34.99
4747,1910,5,1,15,127.49
4748,1910,3,3,0,59.97
4749,1910,9,1,0,22.99
4750,1911,7,3,15,76.47
4751,1911,18,2,0,29.98
4752,1912,9,2,15,39.08
4753,1912,15,1,0,64.99
4754,1913,1,3,15,101.97
4755,1914,17,3,0,104.97
4756,1914,16,2,20,71.98
4757,1915,14,1,0,99.99
4758,1915,10,1,20,35.99
4759,1915,16,1,0,44.99
4760,1915,4,1,0,24.99
4761,1916,9,2,0,45.98
4762,1916,14,1,0,99.99
4763,1917,21,1,0,32.99
4764,1917,6,3,0,104.97
4765,1917,23,3,15,331.47
4766,1918,23,1,20,103.99
4767,1918,22,3,20,52.78
4768,1918,3,2,0,39.98
4769,1919,13,2,0,159.98
4770,1920,4,1,0,24.99
4771,1920,19,3,0,83.97
4772,1921,18,2,15,25.48
4773,1921,3,1,0,19.99
4774,1922,10,1,10,40.49
4775,1922,6,2,0,69.98
4776,1923,6,1,0,34.99
4777,1924,10,1,0,44.99
4778,1924,3,2,0,39.98
4779,1925,12,1,0,18.99
4780,1925,7,1,0,29.99
4781,1925,2,2,0,119.98
4782,1926,2,3,20,143.98
4783,1927,22,2,10,39.58
4784,1927,11,3,0,80.97
4785,1927,15,3,15,165.72
4786,1928,20,1,0,19.99
4787,1928,19,3,15,71.37
4788,1929,2,2,10,107.98
4789,1929,14,3,20,239.98
4790,1930,23,3,0,389.97
4791,1931,2,3,10,161.97
4792,1932,5,2,0,299.98
4793,1932,24,2,15,30.58
4794,1932,4,1,0,24.99
4795,1933,12,3,10,51.27
4796,1933,21,3,0,98.97
4797,1933,13,2,20,127.98
4798,1933,6,1,0,34.99
4799,1934,24,1,0,17.99
4800,1935,16,3,0,134.97
4801,1935,5,3,0,449.97
4802,1935,18,1,0,14.99
4803,1936,18,2,10,26.98
4804,1936,11,2,15,45.88
4805,1936,20,3,0,59.97
4806,1937,3,1,20,15.99
4807,1937,10,1,0,44.99
4808,1937,11,3,15,68.82
4809,1938,21,2,0,65.98
4810,1938,17,2,0,69.98
4811,1939,9,2,10,41.38
4812,1939,1,2,15,67.98
4813,1940,23,3,0,389.97
4814,1940,20,2,15,33.98
4815,1940,11,3,0,80.97
4816,1940,2,3,0,179.97
4817,1941,7,2,0,59.98
4818,1941,2,2,0,119.98
4819,1941,4,1,0,24.99
4820,1942,24,3,20,43.18
4821,1942,13,3,10,215.97
4822,1942,12,1,0,18.99
4823,1942,14,2,10,179.98
4824,1943,5,1,15,127.49
4825,1943,19,1,10,25.19
4826,1944,1,2,10,71.98
4827,1944,9,2,20,36.78
4828,1944,16,1,10,40.49
4829,1944,19,3,0,83.97
4830,1945,17,3,0,104.97
4831,1945,19,1,20,22.39
4832,1945,11,3,0,80.97
4833,1946,9,2,15,39.08
4834,1947,8,1,0,89.99
4835,1947,10,3,0,134.97
4836,1947,15,1,20,51.99
4837,1948,19,2,10,50.38
4838,1949,16,3,10,121.47
4839,1949,1,2,15,67.98
4840,1949,18,3,10,40.47
4841,1949,9,2,15,39.08
4842,1950,12,3,0,56.97
4843,1950,22,1,15,18.69
4844,1951,23,1,10,116.99
4845,1951,18,1,0,14.99
4846,1952,14,3,0,299.97
4847,1953,22,2,10,39.58
4848,1953,14,3,0,299.97
4849,1953,16,2,0,89.98
4850,1954,9,3,0,68.97
4851,1954,24,1,0,17.99
4852,1954,19,2,10,50.38
4853,1954,11,1,20,21.59
4854,1955,20,3,10,53.97
4855,1955,21,2,0,65.98
4856,1955,6,3,0,104.97
4857,1956,23,3,0,389.97
4858,1957,14,2,10,179.98
4859,1957,15,3,10,175.47
4860,1958,14,2,10,179.98
4861,1958,9,2,10,41.38
4862,1958,11,1,10,24.29
4863,1958,8,3,0,269.97
4864,1959,15,1,20,51.99
4865,1959,17,1,20,27.99
4866,1959,20,1,0,19.99
4867,1959,14,1,0,99.99
4868,1960,7,2,0,59.98
4869,1960,2,3,10,161.97
4870,1960,3,1,20,15.99
4871,1960,24,1,0,17.99
4872,1961,10,3,0,134.97
4873,1961,22,2,0,43.98
4874,1962,14,1,20,79.99
4875,1962,21,3,15,84.12
4876,1962,23,1,0,129.99
4877,1963,18,2,15,25.48
4878,1963,1,2,10,71.98
4879,1963,3,2,10,35.98
4880,1964,4,2,0,49.98
4881,1964,12,1,0,18.99
4882,1964,11,3,0,80.97
4883,1964,9,2,0,45.98
4884,1965,21,1,0,32.99
4885,1965,23,2,10,233.98
4886,1965,5,2,20,239.98
4887,1965,16,2,10,80.98
4888,1966,23,2,0,259.98
4889,1966,17,3,10,94.47
4890,1967,24,1,15,15.29
4891,1967,2,2,20,95.98
4892,1967,6,3,15,89.22
4893,1968,18,1,10,13.49
4894,1968,8,2,0,179.98
4895,1969,6,2,0,69.98
4896,1970,13,3,0,239.97
4897,1970,16,3,0,134.97
4898,1970,21,2,0,65.98
4899,1971,11,3,0,80.97
4900,1971,3,1,10,17.99
4901,1971,22,1,0,21.99
4902,1971,19,2,0,55.98
4903,1972,10,1,0,44.99
4904,1972,4,3,0,74.97
4905,1972,20,2,10,35.98
4906,1973,17,2,10,62.98
4907,1973,21,2,0,65.98
4908,1974,11,1,0,26.99
4909,1974,19,2,10,50.38
4910,1974,2,2,10,107.98
4911,1974,16,3,0,134.97
4912,1975,18,2,15,25.48
4913,1975,16,3,0,134.97
4914,1975,22,1,10,19.79
4915,1975,4,3,0,74.97
4916,1976,16,2,20,71.98
4917,1977,12,1,0,18.99
4918,1978,22,1,0,21.99
4919,1979,15,2,0,129.98
4920,1979,8,1,15,76.49
4921,1979,10,3,0,134.97
4922,1979,20,3,0,59.97
4923,1980,13,1,0,79.99
4924,1980,9,3,20,55.18
4925,1980,4,3,0,74.97
4926,1981,21,1,10,29.69
4927,1981,12,2,0,37.98
4928,1981,15,1,0,64.99
4929,1982,22,3,0,65.97
4930,1983,16,1,10,40.49
4931,1983,12,2,0,37.98
4932,1983,17,3,10,94.47
4933,1984,14,1,0,99.99
4934,1984,6,3,10,94.47
4935,1985,10,1,0,44.99
4936,1986,21,3,20,79.18
4937,1986,23,3,0,389.97
4938,1986,4,3,15,63.72
4939,1986,9,3,0,68.97
4940,1987,23,2,20,207.98
4941,1987,11,3,10,72.87
4942,1987,19,2,20,44.78
4943,1988,2,1,10,53.99
4944,1988,4,2,0,49.98
4945,1988,15,1,0,64.99
4946,1988,1,3,10,107.97
4947,1989,13,2,0,159.98
4948,1990,18,1,20,11.99
4949,1990,14,2,0,199.98
4950,1990,23,1,0,129.99
4951,1990,20,3,0,59.97
4952,1991,22,3,0,65.97
4953,1991,18,2,10,26.98
4954,1992,16,2,10,80.98
4955,1992,8,3,0,269.97
4956,1992,12,2,0,37.98
4957,1992,22,1,0,21.99
4958,1993,7,1,15,25.49
4959,1994,20,1,0,19.99
4960,1994,1,1,10,35.99
4961,1995,20,2,15,33.98
4962,1995,8,1,0,89.99
4963,1995,14,3,10,269.97
4964,1996,23,2,0,259.98
4965,1997,22,1,20,17.59
4966,1998,21,3,15,84.12
4967,1998,14,2,15,169.98
4968,1998,12,3,0,56.97
4969,1999,8,2,10,161.98
4970,1999,24,1,0,17.99
4971,1999,16,3,15,114.72
4972,1999,19,3,0,83.97
4973,2000,22,1,10,19.79
4974,2000,5,1,0,149.99
4975,2001,3,3,0,59.97
4976,2001,4,1,15,21.24
4977,2001,19,3,15,71.37
4978,2001,16,2,20,71.98
4979,2002,21,2,10,59.38
4980,2002,9,1,0,22.99
4981,2002,13,2,0,159.98
4982,2003,23,3,10,350.97
4983,2004,7,2,0,59.98
4984,2004,17,1,0,34.99
4985,2004,1,3,10,107.97
4986,2004,22,1,10,19.79
4987,2005,17,2,15,59.48
4988,2005,10,1,0,44.99
4989,2005,4,3,0,74.97
4990,2005,18,1,20,11.99
4991,2006,8,2,20,143.98
4992,2006,11,1,0,26.99
4993,2007,13,1,0,79.99
4994,2007,1,2,15,67.98
4995,2008,2,2,10,107.98
4996,2008,24,2,0,35.98
4997,2008,19,3,0,83.97
4998,2008,1,2,0,79.98
4999,2009,16,2,10,80.98
5000,2010,6,1,0,34.99
5001,2010,4,3,15,63.72
5002,2010,16,2,0,89.98
5003,2010,5,3,0,449.97
5004,2011,2,3,0,179.97
5005,2011,8,2,10,161.98
5006,2012,15,3,0,194.97
5007,2012,10,1,0,44.99
5008,2012,4,3,10,67.47
5009,2012,19,3,10,75.57
5010,2013,19,3,10,75.57
5011,2013,2,3,0,179.97
5012,2013,24,2,0,35.98
5013,2014,23,3,0,389.97
5014,2015,24,2,0,35.98
5015,2016,19,2,20,44.78
5016,2016,13,2,0,159.98
5017,2017,3,1,10,17.99
5018,2017,20,2,10,35.98
5019,2018,13,1,0,79.99
5020,2018,1,2,0,79.98
5021,2019,12,1,15,16.14
5022,2019,9,3,0,68.97
5023,2019,17,2,0,69.98
5024,2019,1,3,15,101.97
5025,2020,1,2,0,79.98
5026,2021,16,2,0,89.98
5027,2022,4,3,0,74.97
5028,2022,1,1,20,31.99
5029,2022,6,1,0,34.99
5030,2023,19,2,0,55.98
5031,2024,19,3,0,83.97
5032,2024,1,2,20,63.98
5033,2024,8,1,15,76.49
5034,2024,11,3,0,80.97
5035,2025,2,1,0,59.99
5036,2025,19,3,0,83.97
5037,2025,10,2,0,89.98
5038,2025,3,2,0,39.98
5039,2026,7,2,0,59.98
5040,2026,8,1,10,80.99
5041,2026,15,2,10,116.98
5042,2027,2,1,0,59.99
5043,2027,1,3,15,101.97
5044,2027,13,3,10,215.97
5045,2027,9,2,10,41.38
5046,2028,21,2,10,59.38
5047,2029,9,2,10,41.38
5048,2029,19,3,10,75.57
5049,2030,9,2,0,45.98
5050,2030,11,3,15,68.82
5051,2030,4,3,0,74.97
5052,2030,1,2,10,71.98
5053,2031,12,2,0,37.98
5054,2032,16,2,0,89.98
5055,2032,2,3,15,152.97
5056,2033,16,1,0,44.99
5057,2033,14,2,20,159.98
5058,2033,4,3,0,74.97
5059,2034,10,2,0,89.98
5060,2034,22,2,0,43.98
5061,2034,24,3,10,48.57
5062,2035,10,2,0,89.98
5063,2035,17,3,0,104.97
5064,2036,22,2,10,39.58
5065,2036,13,1,15,67.99
5066,2036,17,2,10,62.98
5067,2037,3,2,10,35.98
5068,2037,7,2,0,59.98
5069,2037,17,2,15,59.48
5070,2037,5,2,0,299.98
5071,2038,19,1,0,27.99
5072,2038,14,2,0,199.98
5073,2039,3,1,20,15.99
5074,2039,22,1,0,21.99
5075,2039,2,3,0,179.97
5076,2039,15,1,10,58.49
5077,2040,10,1,0,44.99
5078,2040,7,3,20,71.98
5079,2041,7,3,20,71.98
5080,2041,20,2,0,39.98
5081,2042,13,3,20,191.98
5082,2043,13,3,0,239.97
5083,2044,18,3,0,44.97
5084,2044,13,1,0,79.99
5085,2044,11,1,0,26.99
5086,2044,5,1,0,149.99
5087,2045,9,2,0,45.98
5088,2045,17,2,10,62.98
5089,2045,18,2,0,29.98
5090,2046,9,1,0,22.99
5091,2047,8,2,20,143.98
5092,2047,15,2,0,129.98
5093,2047,14,1,0,99.99
5094,2048,18,3,0,44.97
5095,2048,17,3,0,104.97
5096,2048,21,1,10,29.69
5097,2048,15,1,0,64.99
5098,2049,2,2,0,119.98
5099,2049,3,2,20,31.98
5100,2049,20,3,10,53.97
5101,2049,23,3,0,389.97
5102,2050,6,3,0,104.97
5103,2050,17,1,15,29.74
5104,2050,16,3,0,134.97
5105,2050,7,2,0,59.98
5106,2051,10,1,0,44.99
5107,2051,4,1,0,24.99
5108,2051,14,3,0,299.97
5109,2051,1,1,0,39.99
5110,2052,10,1,20,35.99
5111,2052,11,1,10,24.29
5112,2052,22,3,10,59.37
5113,2052,3,1,0,19.99
5114,2053,3,3,0,59.97
5115,2053,13,1,10,71.99
5116,2053,9,3,0,68.97
5117,2054,14,3,10,269.97
5118,2054,5,1,0,149.99
5119,2054,15,2,10,116.98
5120,2054,11,3,0,80.97
5121,2055,24,1,0,17.99
5122,2055,13,2,0,159.98
5123,2056,17,1,10,31.49
5124,2056,16,1,0,44.99
5125,2056,5,3,10,404.97
5126,2057,11,1,0,26.99
5127,2057,15,2,0,129.98
5128,2057,20,2,10,35.98
5129,2058,20,3,0,59.97
5130,2059,19,2,0,55.98
5131,2060,1,1,0,39.99
5132,2060,20,3,0,59.97
5133,2061,18,3,0,44.97
5134,2061,24,1,0,17.99
5135,2062,9,3,10,62.07
5136,2063,17,1,0,34.99
5137,2063,6,3,20,83.98
5138,2063,19,2,15,47.58
5139,2064,20,2,0,39.98
5140,2064,21,3,0,98.97
5141,2065,10,2,0,89.98
5142,2065,23,2,15,220.98
5143,2065,4,3,0,74.97
5144,2065,6,2,0,69.98
5145,2066,23,1,0,129.99
5146,2066,3,3,20,47.98
5147,2067,23,2,0,259.98
5148,2067,15,3,0,194.97
5149,2067,16,3,15,114.72
5150,2067,6,2,10,62.98
5151,2068,20,2,0,39.98
5152,2068,13,2,20,127.98
5153,2069,8,3,0,269.97
5154,2069,17,1,10,31.49
5155,2069,22,3,0,65.97
5156,2070,21,2,0,65.98
5157,2071,2,1,0,59.99
5158,2071,21,1,10,29.69
5159,2071,1,2,10,71.98
5160,2071,24,2,0,35.98
5161,2072,13,3,15,203.97
5162,2072,23,1,0,129.99
5163,2073,8,2,10,161.98
5164,2074,23,2,20,207.98
5165,2075,22,2,0,43.98
5166,2076,15,1,15,55.24
5167,2077,16,3,20,107.98
5168,2077,11,1,15,22.94
5169,2077,14,3,0,299.97
5170,2078,7,3,0,89.97
5171,2078,11,3,0,80.97
5172,2079,21,3,0,98.97
5173,2079,11,2,20,43.18
5174,2080,12,1,15,16.14
5175,2081,6,3,10,94.47
5176,2081,24,2,0,35.98
5177,2081,10,1,10,40.49
5178,2081,15,1,10,58.49
5179,2082,14,2,15,169.98
5180,2083,8,2,0,179.98
5181,2083,24,1,10,16.19
5182,2083,23,2,0,259.98
5183,2083,11,1,0,26.99
5184,2084,24,3,0,53.97
5185,2084,23,2,0,259.98
5186,2085,20,2,20,31.98
5187,2085,7,3,0,89.97
5188,2086,7,3,15,76.47
5189,2086,24,3,0,53.97
5190,2086,22,3,0,65.97
5191,2087,17,1,0,34.99
5192,2087,4,2,0,49.98
5193,2088,2,1,0,59.99
5194,2088,6,1,15,29.74
5195,2089,9,3,0,68.97
5196,2089,1,3,15,101.97
5197,2089,21,1,0,32.99
5198,2089,19,1,0,27.99
5199,2090,8,2,0,179.98
5200,2090,5,1,0,149.99
5201,2091,11,1,15,22.94
5202,2091,18,2,10,26.98
5203,2091,16,3,0,134.97
5204,2092,11,1,0,26.99
5205,2092,13,3,0,239.97
5206,2092,10,2,15,76.48
5207,2093,16,3,0,134.97
5208,2094,1,3,0,119.97
5209,2094,12,3,0,56.97
5210,2094,23,2,20,207.98
5211,2095,4,2,0,49.98
5212,2095,11,1,15,22.94
5213,2095,23,2,0,259.98
5214,2095,16,1,0,44.99
5215,2096,14,1,10,89.99
5216,2097,23,2,0,259.98
5217,2097,14,1,0,99.99
5218,2097,8,1,0,89.99
5219,2098,20,2,0,39.98
5220,2098,18,2,10,26.98
5221,2098,22,2,0,43.98
5222,2099,7,2,0,59.98
5223,2099,22,3,0,65.97
5224,2099,23,3,0,389.97
5225,2100,24,3,0,53.97
5226,2100,4,3,0,74.97
5227,2100,2,3,0,179.97
5228,2100,7,3,0,89.97
5229,2101,22,3,0,65.97
5230,2101,4,2,20,39.98
5231,2101,13,2,10,143.98
5232,2101,8,3,0,269.97
5233,2102,12,3,0,56.97
5234,2103,18,1,0,14.99
5235,2103,6,1,0,34.99
5236,2103,13,1,10,71.99
5237,2103,16,1,15,38.24
5238,2104,15,1,0,64.99
5239,2104,5,2,0,299.98
5240,2104,21,1,0,32.99
5241,2105,18,1,0,14.99
5242,2106,4,2,20,39.98
5243,2106,21,3,0,98.97
5244,2106,9,2,0,45.98
5245,2107,9,2,0,45.98
5246,2107,19,3,0,83.97
5247,2107,2,2,0,119.98
5248,2107,14,3,0,299.97
5249,2108,14,2,0,199.98
5250,2109,13,1,20,63.99
5251,2109,7,1,0,29.99
5252,2109,10,3,10,121.47
5253,2110,24,1,0,17.99
5254,2111,14,1,10,89.99
5255,2111,11,3,0,80.97
5256,2111,7,1,0,29.99
5257,2112,23,3,10,350.97
5258,2112,18,2,0,29.98
5259,2112,16,2,0,89.98
5260,2112,4,3,0,74.97
5261,2113,5,2,20,239.98
5262,2114,22,1,20,17.59
5263,2115,22,3,0,65.97
5264,2116,13,3,0,239.97
5265,2116,21,1,0,32.99
5266,2116,15,1,0,64.99
5267,2116,8,1,0,89.99
5268,2117,17,3,0,104.97
5269,2117,8,1,0,89.99
5270,2118,20,3,20,47.98
5271,2118,10,1,0,44.99
5272,2119,11,1,0,26.99
5273,2119,9,2,10,41.38
5274,2119,14,2,0,199.98
5275,2119,13,3,10,215.97
5276,2120,15,3,0,194.97
5277,2120,11,1,0,26.99
5278,2121,10,2,0,89.98
5279,2121,2,2,0,119.98
5280,2122,17,1,15,29.74
5281,2122,19,1,20,22.39
5282,2122,24,3,0,53.97
5283,2123,3,2,0,39.98
5284,2123,14,3,15,254.97
5285,2123,13,1,0,79.99
5286,2124,9,3,0,68.97
5287,2124,16,3,0,134.97
5288,2124,21,1,0,32.99
5289,2125,20,2,0,39.98
5290,2125,11,1,0,26.99
5291,2125,18,2,10,26.98
5292,2125,10,1,0,44.99
5293,2126,15,2,0,129.98
5294,2126,8,2,0,179.98
5295,2127,18,1,10,13.49
5296,2128,9,1,10,20.69
5297,2129,1,2,20,63.98
5298,2129,13,1,15,67.99
5299,2129,3,3,15,50.97
5300,2129,9,1,15,19.54
5301,2130,24,2,20,28.78
5302,2130,11,3,0,80.97
5303,2131,14,2,0,199.98
5304,2131,18,1,0,14.99
5305,2131,22,1,0,21.99
5306,2131,7,1,10,26.99
5307,2132,10,1,20,35.99
5308,2133,6,3,0,104.97
5309,2133,11,3,10,72.87
5310,2134,17,2,0,69.98
5311,2135,13,2,0,159.98
5312,2136,17,1,0,34.99
5313,2136,7,2,10,53.98
5314,2136,3,2,0,39.98
5315,2136,1,2,0,79.98
5316,2137,22,2,10,39.58
5317,2137,16,2,10,80.98
5318,2137,20,1,0,19.99
5319,2138,1,3,0,119.97
5320,2138,20,3,20,47.98
5321,2138,8,3,0,269.97
5322,2138,4,1,15,21.24
5323,2139,1,2,0,79.98
5324,2140,12,3,0,56.97
5325,2140,8,2,0,179.98
5326,2140,3,2,0,39.98
5327,2140,23,3,15,331.47
5328,2141,21,1,0,32.99
5329,2141,11,1,0,26.99
5330,2141,10,2,20,71.98
5331,2141,14,1,0,99.99
5332,2142,15,2,10,116.98
5333,2142,20,3,0,59.97
5334,2142,10,3,0,134.97
5335,2142,18,3,0,44.97
5336,2143,2,2,10,107.98
5337,2144,8,3,20,215.98
5338,2144,21,3,0,98.97
5339,2144,16,1,15,38.24
5340,2144,11,1,0,26.99
5341,2145,15,1,0,64.99
5342,2146,9,3,0,68.97
5343,2147,3,3,0,59.97
5344,2147,12,2,0,37.98
5345,2147,11,1,10,24.29
5346,2148,23,1,0,129.99
5347,2148,11,1,0,26.99
5348,2148,12,3,0,56.97
5349,2148,6,1,10,31.49
5350,2149,2,2,10,107.98
5351,2150,13,2,20,127.98
5352,2150,21,1,10,29.69
5353,2151,8,3,15,229.47
5354,2151,4,2,10,44.98
5355,2151,15,1,0,64.99
5356,2151,7,2,10,53.98
5357,2152,24,2,15,30.58
5358,2152,18,2,15,25.48
5359,2153,22,3,0,65.97
5360,2153,13,3,0,239.97
5361,2153,18,1,0,14.99
5362,2153,15,1,10,58.49
5363,2154,15,2,0,129.98
5364,2154,2,3,0,179.97
5365,2154,14,1,15,84.99
5366,2154,1,2,10,71.98
5367,2155,13,1,0,79.99
5368,2156,12,2,0,37.98
5369,2156,9,1,15,19.54
5370,2157,1,3,10,107.97
5371,2157,4,2,0,49.98
5372,2157,10,1,0,44.99
5373,2157,22,1,0,21.99
5374,2158,24,3,20,43.18
5375,2159,12,1,10,17.09
5376,2159,11,3,0,80.97
5377,2160,13,1,0,79.99
5378,2160,2,1,10,53.99
5379,2161,3,2,0,39.98
5380,2162,7,3,10,80.97
5381,2162,18,1,0,14.99
5382,2162,9,1,15,19.54
5383,2162,24,1,0,17.99
5384,2163,21,3,15,84.12
5385,2163,7,3,20,71.98
5386,2164,16,1,0,44.99
5387,2164,5,2,10,269.98
5388,2164,7,3,0,89.97
5389,2164,22,3,15,56.07
5390,2165,11,1,10,24.29
5391,2165,24,1,20,14.39
5392,2165,14,3,0,299.97
5393,2166,17,3,20,83.98
5394,2167,21,3,10,89.07
5395,2168,5,1,0,149.99
5396,2169,20,1,0,19.99
5397,2169,8,3,10,242.97
5398,2169,14,1,0,99.99
5399,2169,17,2,0,69.98
5400,2170,8,3,0,269.97
5401,2170,19,3,10,75.57
5402,2171,5,2,15,254.98
5403,2171,18,1,0,14.99
5404,2171,21,3,0,98.97
5405,2172,6,2,10,62.98
5406,2172,11,2,0,53.98
5407,2172,20,3,0,59.97
5408,2173,23,3,0,389.97
5409,2173,24,1,0,17.99
5410,2173,18,1,0,14.99
5411,2173,14,2,0,199.98
5412,2174,11,3,0,80.97
5413,2175,23,3,10,350.97
5414,2175,12,3,0,56.97
5415,2175,20,3,20,47.98
5416,2176,20,3,0,59.97
5417,2176,2,1,0,59.99
5418,2176,6,3,0,104.97
5419,2176,12,2,20,30.38
5420,2177,6,1,0,34.99
5421,2177,24,2,0,35.98
5422,2177,13,1,0,79.99
5423,2177,1,1,0,39.99
5424,2178,15,1,10,58.49
5425,2178,8,2,20,143.98
5426,2178,24,3,0,53.97
5427,2178,19,2,0,55.98
5428,2179,24,3,0,53.97
5429,2179,15,1,0,64.99
5430,2179,9,1,20,18.39
5431,2180,5,2,15,254.98
5432,2180,12,1,0,18.99
5433,2180,13,2,20,127.98
5434,2180,21,2,10,59.38
5435,2181,18,1,0,14.99
5436,2182,19,3,0,83.97
5437,2182,6,3,0,104.97
5438,2183,4,2,10,44.98
5439,2183,2,3,0,179.97
5440,2184,8,2,0,179.98
5441,2184,23,1,0,129.99
5442,2184,14,2,0,199.98
5443,2184,12,1,10,17.09
5444,2185,9,3,10,62.07
5445,2185,22,2,10,39.58
5446,2185,3,2,10,35.98
5447,2185,14,1,10,89.99
5448,2186,12,3,10,51.27
5449,2186,11,1,20,21.59
5450,2186,3,1,0,19.99
5451,2187,23,1,0,129.99
5452,2187,5,1,0,149.99
5453,2187,14,2,0,199.98
5454,2188,2,3,0,179.97
5455,2188,5,1,10,134.99
5456,2188,24,1,10,16.19
5457,2189,7,1,0,29.99
5458,2189,15,2,10,116.98
5459,2189,11,1,15,22.94
5460,2190,14,3,0,299.97
5461,2191,20,3,10,53.97
5462,2191,13,1,0,79.99
5463,2191,18,1,0,14.99
5464,2191,16,2,20,71.98
5465,2192,4,3,0,74.97
5466,2192,14,1,10,89.99
5467,2192,13,2,0,159.98
5468,2192,9,3,0,68.97
5469,2193,16,2,0,89.98
5470,2194,17,3,0,104.97
5471,2194,1,1,0,39.99
5472,2195,21,3,20,79.18
5473,2196,4,1,10,22.49
5474,2196,24,2,0,35.98
5475,2196,7,1,10,26.99
5476,2196,11,1,10,24.29
5477,2197,17,2,10,62.98
5478,2197,18,3,0,44.97
5479,2197,7,2,20,47.98
5480,2198,16,2,10,80.98
5481,2198,13,3,0,239.97
5482,2198,6,2,0,69.98
5483,2199,6,3,0,104.97
5484,2199,11,1,0,26.99
5485,2199,17,3,0,104.97
5486,2200,3,2,0,39.98
5487,2200,15,1,20,51.99
5488,2201,18,3,10,40.47
5489,2201,17,2,0,69.98
5490,2201,1,3,0,119.97
5491,2202,5,1,0,149.99
5492,2202,6,3,0,104.97
5493,2202,20,3,10,53.97
5494,2203,2,3,10,161.97
5495,2203,11,3,0,80.97
5496,2204,4,3,0,74.97
5497,2205,1,2,10,71.98
5498,2205,23,2,0,259.98
5499,2206,22,2,0,43.98
5500,2206,4,3,20,59.98
5501,2206,3,2,20,31.98
5502,2207,4,2,10,44.98
5503,2208,7,3,0,89.97
5504,2208,13,2,0,159.98
5505,2209,5,3,0,449.97
5506,2210,9,1,10,20.69
5507,2210,13,3,15,203.97
5508,2210,4,3,10,67.47
5509,2210,24,2,0,35.98
5510,2211,23,1,0,129.99
5511,2211,13,3,0,239.97
5512,2211,2,3,15,152.97
5513,2212,24,3,0,53.97
5514,2212,21,3,10,89.07
5515,2212,18,3,10,40.47
5516,2213,13,3,20,191.98
5517,2213,23,3,0,389.97
5518,2213,8,1,0,89.99
5519,2213,2,2,0,119.98
5520,2214,9,3,20,55.18
5521,2214,11,3,0,80.97
5522,2214,15,2,0,129.98
5523,2215,13,2,0,159.98
5524,2215,19,3,10,75.57
5525,2215,6,2,0,69.98
5526,2215,24,1,0,17.99
5527,2216,23,2,0,259.98
5528,2217,11,3,20,64.78
5529,2217,19,1,20,22.39
5530,2218,15,3,10,175.47
5531,2219,17,3,10,94.47
5532,2219,11,3,0,80.97
5533,2219,15,2,10,116.98
5534,2220,16,2,10,80.98
5535,2220,17,2,15,59.48
5536,2220,10,3,0,134.97
5537,2220,7,2,10,53.98
5538,2221,15,3,15,165.72
5539,2221,13,2,10,143.98
5540,2221,4,3,10,67.47
5541,2221,22,2,0,43.98
5542,2222,7,3,0,89.97
5543,2222,23,2,0,259.98
5544,2223,5,3,10,404.97
5545,2223,18,3,0,44.97
5546,2223,11,1,10,24.29
5547,2224,11,1,0,26.99
5548,2224,7,3,10,80.97
5549,2224,6,1,0,34.99
5550,2224,15,2,0,129.98
5551,2225,8,2,0,179.98
5552,2225,9,2,0,45.98
5553,2226,23,2,0,259.98
5554,2226,12,3,0,56.97
5555,2227,2,1,0,59.99
5556,2227,14,1,0,99.99
5557,2228,19,2,0,55.98
5558,2228,9,1,0,22.99
5559,2228,16,3,0,134.97
5560,2229,16,3,10,121.47
5561,2229,22,1,15,18.69
5562,2230,4,3,0,74.97
5563,2230,5,3,10,404.97
5564,2230,6,2,0,69.98
5565,2230,18,2,0,29.98
5566,2231,9,2,0,45.98
5567,2232,2,1,10,53.99
5568,2232,5,2,0,299.98
5569,2232,14,2,0,199.98
5570,2233,7,1,0,29.99
5571,2233,8,1,0,89.99
5572,2233,21,3,0,98.97
5573,2234,23,1,0,129.99
5574,2234,24,2,10,32.38
5575,2235,19,1,0,27.99
5576,2235,1,3,0,119.97
5577,2235,6,2,10,62.98
5578,2235,22,2,0,43.98
5579,2236,1,3,0,119.97
5580,2236,24,1,0,17.99
5581,2236,3,3,15,50.97
5582,2236,11,2,0,53.98
5583,2237,6,1,0,34.99
5584,2237,4,1,10,22.49
5585,2237,13,3,15,203.97
5586,2237,24,3,10,48.57
5587,2238,19,3,10,75.57
5588,2238,13,1,0,79.99
5589,2239,3,1,15,16.99
5590,2239,6,1,15,29.74
5591,2239,14,3,0,299.97
5592,2239,2,2,0,119.98
5593,2240,11,2,10,48.58
5594,2241,6,2,0,69.98
5595,2241,18,1,10,13.49
5596,2241,5,3,15,382.47
5597,2241,2,3,10,161.97
5598,2242,14,3,0,299.97
5599,2242,19,2,0,55.98
5600,2243,5,2,0,299.98
5601,2243,24,3,0,53.97
5602,2243,9,3,15,58.62
5603,2244,15,3,0,194.97
5604,2244,5,2,0,299.98
5605,2244,23,2,0,259.98
5606,2245,16,1,0,44.99
5607,2245,18,3,10,40.47
5608,2245,9,2,0,45.98
5609,2246,14,1,0,99.99
5610,2247,5,3,0,449.97
5611,2247,18,3,0,44.97
5612,2247,10,1,15,38.24
5613,2247,13,3,10,215.97
5614,2248,1,2,0,79.98
5615,2249,2,3,0,179.97
5616,2249,11,3,0,80.97
5617,2249,13,1,0,79.99
5618,2249,24,3,0,53.97
5619,2250,21,2,0,65.98
5620,2250,3,1,15,16.99
5621,2250,5,1,10,134.99
5622,2251,8,3,0,269.97
5623,2251,12,2,10,34.18
5624,2251,22,1,0,21.99
5625,2252,18,2,0,29.98
5626,2252,1,3,0,119.97
5627,2252,17,1,10,31.49
5628,2253,16,1,0,44.99
5629,2253,4,3,0,74.97
5630,2253,12,1,0,18.99
5631,2253,6,2,0,69.98
5632,2254,24,2,0,35.98
5633,2254,15,1,10,58.49
5634,2254,20,2,0,39.98
5635,2255,2,3,20,143.98
5636,2256,4,2,0,49.98
5637,2257,12,1,0,18.99
5638,2258,6,3,10,94.47
5639,2258,22,1,0,21.99
5640,2258,21,1,20,26.39
5641,2258,8,1,10,80.99
5642,2259,9,3,10,62.07
5643,2259,21,2,10,59.38
5644,2259,15,3,0,194.97
5645,2259,22,3,15,56.07
5646,2260,6,2,10,62.98
5647,2260,12,3,10,51.27
5648,2260,5,3,0,449.97
5649,2261,10,1,0,44.99
5650,2261,4,1,20,19.99
5651,2261,12,3,15,48.42
5652,2261,24,1,20,14.39
5653,2262,15,2,10,116.98
5654,2262,14,3,10,269.97
5655,2263,1,1,15,33.99
5656,2263,17,2,0,69.98
5657,2263,11,3,0,80.97
5658,2263,16,2,0,89.98
5659,2264,9,2,0,45.98
5660,2265,17,2,10,62.98
5661,2265,13,3,0,239.97
5662,2265,6,2,0,69.98
5663,2266,7,1,0,29.99
5664,2266,6,2,10,62.98
5665,2266,9,1,0,22.99
5666,2266,12,1,0,18.99
5667,2267,23,2,0,259.98
5668,2267,3,2,15,33.98
5669,2267,18,3,0,44.97
5670,2268,6,1,0,34.99
5671,2268,3,3,0,59.97
5672,2269,24,2,10,32.38
5673,2269,23,3,0,389.97
5674,2269,7,1,15,25.49
5675,2269,21,1,10,29.69
5676,2270,22,2,0,43.98
5677,2270,5,1,15,127.49
5678,2270,1,3,15,101.97
5679,2270,11,2,20,43.18
5680,2271,3,2,20,31.98
5681,2271,10,2,10,80.98
5682,2272,13,1,0,79.99
5683,2272,1,2,20,63.98
5684,2272,10,2,10,80.98
5685,2273,3,2,0,39.98
5686,2273,9,1,0,22.99
5687,2274,12,1,0,18.99
5688,2274,5,2,10,269.98
5689,2274,20,3,0,59.97
5690,2275,16,2,0,89.98
5691,2275,11,2,10,48.58
5692,2275,10,1,0,44.99
5693,2275,9,1,0,22.99
5694,2276,24,3,20,43.18
5695,2276,19,2,20,44.78
5696,2277,6,3,20,83.98
5697,2277,23,3,0,389.97
5698,2277,15,2,0,129.98
5699,2277,11,1,0,26.99
5700,2278,17,3,0,104.97
5701,2278,10,3,10,121.47
5702,2278,16,2,0,89.98
5703,2279,14,1,10,89.99
5704,2279,18,3,20,35.98
5705,2279,13,1,20,63.99
5706,2280,11,1,15,22.94
5707,2280,20,1,0,19.99
5708,2280,9,1,0,22.99
5709,2280,17,1,0,34.99
5710,2281,15,1,15,55.24
5711,2281,22,3,10,59.37
5712,2282,21,2,0,65.98
5713,2282,6,1,10,31.49
5714,2282,10,1,0,44.99
5715,2282,15,1,0,64.99
5716,2283,18,3,10,40.47
5717,2283,16,1,20,35.99
5718,2284,12,2,0,37.98
5719,2284,20,2,0,39.98
5720,2284,17,2,0,69.98
5721,2285,6,3,15,89.22
5722,2286,5,3,0,449.97
5723,2286,3,3,0,59.97
5724,2286,6,3,0,104.97
5725,2287,13,3,0,239.97
5726,2287,19,2,0,55.98
5727,2287,23,3,15,331.47
5728,2288,15,1,0,64.99
5729,2288,2,1,10,53.99
5730,2288,11,3,0,80.97
5731,2289,3,3,0,59.97
5732,2289,24,1,0,17.99
5733,2289,6,2,20,55.98
5734,2289,7,3,0,89.97
5735,2290,24,1,0,17.99
5736,2290,16,3,10,121.47
5737,2290,18,2,0,29.98
5738,2290,13,1,0,79.99
5739,2291,24,1,0,17.99
5740,2292,15,2,20,103.98
5741,2292,18,3,0,44.97
5742,2292,8,1,10,80.99
5743,2292,9,1,15,19.54
5744,2293,21,2,0,65.98
5745,2293,23,2,0,259.98
5746,2293,12,3,0,56.97
5747,2294,16,1,0,44.99
5748,2294,21,1,0,32.99
5749,2294,23,2,10,233.98
5750,2294,2,2,0,119.98
5751,2295,6,2,15,59.48
5752,2295,18,2,20,23.98
5753,2296,9,3,20,55.18
5754,2296,2,2,0,119.98
5755,2297,19,2,10,50.38
5756,2297,15,2,0,129.98
5757,2298,12,3,0,56.97
5758,2299,21,2,15,56.08
5759,2299,15,2,0,129.98
5760,2299,8,1,0,89.99
5761,2299,17,2,0,69.98
5762,2300,16,1,10,40.49
5763,2300,24,3,15,45.87
5764,2300,8,3,0,269.97
5765,2300,7,3,10,80.97
5766,2301,1,1,10,35.99
5767,2301,22,2,20,35.18
5768,2301,14,3,15,254.97
5769,2301,6,3,15,89.22
5770,2302,16,2,0,89.98
5771,2303,23,1,15,110.49
5772,2303,2,1,0,59.99
5773,2304,24,2,0,35.98
5774,2304,17,2,0,69.98
5775,2305,11,3,10,72.87
5776,2306,4,2,15,42.48
5777,2307,11,2,0,53.98
5778,2307,13,3,10,215.97
5779,2308,3,3,0,59.97
5780,2308,11,3,0,80.97
5781,2308,13,3,20,191.98
5782,2308,12,3,15,48.42
5783,2309,19,3,0,83.97
5784,2309,11,2,0,53.98
5785,2309,20,2,0,39.98
5786,2310,5,1,0,149.99
5787,2310,19,2,0,55.98
5788,2310,23,2,15,220.98
5789,2310,21,3,0,98.97
5790,2311,5,2,0,299.98
5791,2311,24,1,20,14.39
5792,2311,22,3,10,59.37
5793,2312,3,3,0,59.97
5794,2312,13,1,10,71.99
5795,2313,12,3,0,56.97
5796,2313,16,1,0,44.99
5797,2313,10,1,0,44.99
5798,2314,21,2,0,65.98
5799,2314,13,3,10,215.97
5800,2314,20,3,0,59.97
5801,2314,9,1,0,22.99
5802,2315,24,1,10,16.19
5803,2315,3,2,15,33.98
5804,2316,19,2,0,55.98
5805,2316,7,3,15,76.47
5806,2317,3,1,15,16.99
5807,2317,6,1,0,34.99
5808,2317,23,3,0,389.97
5809,2318,16,1,0,44.99
5810,2318,20,3,0,59.97
5811,2318,9,1,0,22.99
5812,2319,4,1,10,22.49
5813,2320,9,3,0,68.97
5814,2320,17,1,0,34.99
5815,2321,23,3,0,389.97
5816,2321,6,1,0,34.99
5817,2321,15,2,15,110.48
5818,2321,14,1,10,89.99
5819,2322,20,3,10,53.97
5820,2322,3,3,0,59.97
5821,2323,19,1,0,27.99
5822,2323,10,3,20,107.98
5823,2323,18,1,0,14.99
5824,2324,10,1,15,38.24
5825,2324,12,1,10,17.09
5826,2324,6,3,0,104.97
5827,2324,7,1,0,29.99
5828,2325,4,1,0,24.99
5829,2325,15,2,15,110.48
5830,2326,23,1,0,129.99
5831,2326,3,3,0,59.97
5832,2326,16,3,20,107.98
5833,2327,10,1,0,44.99
5834,2327,2,1,10,53.99
5835,2327,11,1,10,24.29
5836,2327,1,1,0,39.99
5837,2328,14,1,0,99.99
5838,2328,1,3,0,119.97
5839,2328,16,2,0,89.98
5840,2329,12,3,0,56.97
5841,2329,23,1,0,129.99
5842,2330,4,1,15,21.24
5843,2330,13,3,0,239.97
5844,2331,11,3,10,72.87
5845,2332,7,2,0,59.98
5846,2332,2,2,0,119.98
5847,2332,14,2,0,199.98
5848,2332,13,3,15,203.97
5849,2333,23,1,0,129.99
5850,2333,5,2,0,299.98
5851,2334,1,3,0,119.97
5852,2335,18,2,0,29.98
5853,2336,13,2,15,135.98
5854,2337,20,1,0,19.99
5855,2337,21,2,0,65.98
5856,2338,6,3,15,89.22
5857,2338,5,1,10,134.99
5858,2338,17,3,20,83.98
5859,2338,11,3,0,80.97
5860,2339,19,2,10,50.38
5861,2340,8,2,0,179.98
5862,2340,14,1,0,99.99
5863,2341,5,3,0,449.97
5864,2341,8,2,10,161.98
5865,2342,17,2,15,59.48
5866,2342,10,2,0,89.98
5867,2342,14,3,0,299.97
5868,2343,3,1,0,19.99
5869,2343,5,2,0,299.98
5870,2343,2,1,0,59.99
5871,2343,13,2,0,159.98
5872,2344,1,1,10,35.99
5873,2344,17,2,0,69.98
5874,2344,4,1,0,24.99
5875,2345,23,1,0,129.99
5876,2345,7,3,0,89.97
5877,2345,13,1,0,79.99
5878,2346,3,2,10,35.98
5879,2346,17,1,10,31.49
5880,2346,20,2,0,39.98
5881,2346,6,3,0,104.97
5882,2347,24,3,20,43.18
5883,2347,13,2,0,159.98
5884,2348,16,1,20,35.99
5885,2348,15,1,0,64.99
5886,2349,21,2,20,52.78
5887,2349,22,3,0,65.97
5888,2349,11,2,10,48.58
5889,2350,3,1,10,17.99
5890,2351,5,1,20,119.99
5891,2351,16,3,0,134.97
5892,2352,22,1,10,19.79
5893,2352,5,3,20,359.98
5894,2352,23,2,10,233.98
5895,2353,18,3,10,40.47
5896,2353,12,1,20,15.19
5897,2354,1,1,10,35.99
5898,2354,19,3,0,83.97
5899,2354,7,2,10,53.98
5900,2354,9,2,0,45.98
5901,2355,23,2,15,220.98
5902,2355,9,3,0,68.97
5903,2355,1,2,0,79.98
5904,2355,8,3,20,215.98
5905,2356,23,2,0,259.98
5906,2357,23,2,15,220.98
5907,2357,22,1,0,21.99
5908,2357,19,1,0,27.99
5909,2358,14,1,15,84.99
5910,2358,19,3,10,75.57
5911,2358,11,2,15,45.88
5912,2358,10,3,20,107.98
5913,2359,11,1,0,26.99
5914,2359,6,3,15,89.22
5915,2359,17,3,15,89.22
5916,2359,1,3,20,95.98
5917,2360,23,1,0,129.99
5918,2360,11,3,0,80.97
5919,2360,19,2,10,50.38
5920,2361,9,2,10,41.38
5921,2361,24,3,20,43.18
5922,2361,17,1,0,34.99
5923,2361,20,2,0,39.98
5924,2362,5,3,10,404.97
5925,2363,15,3,10,175.47
5926,2363,13,1,15,67.99
5927,2363,3,3,0,59.97
5928,2364,6,3,15,89.22
5929,2364,21,1,0,32.99
5930,2364,23,2,10,233.98
5931,2365,21,2,0,65.98
5932,2365,7,3,15,76.47
5933,2366,19,1,0,27.99
5934,2366,18,1,0,14.99
5935,2366,4,2,0,49.98
5936,2366,22,3,0,65.97
5937,2367,11,3,0,80.97
5938,2368,17,2,20,55.98
5939,2369,3,2,10,35.98
5940,2369,24,1,0,17.99
5941,2369,1,2,0,79.98
5942,2370,23,3,15,331.47
5943,2370,21,1,0,32.99
5944,2370,3,3,0,59.97
5945,2370,4,2,0,49.98
5946,2371,7,3,15,76.47
5947,2371,24,2,20,28.78
5948,2371,22,1,0,21.99
5949,2371,17,3,10,94.47
5950,2372,15,3,0,194.97
5951,2372,1,1,10,35.99
5952,2372,2,2,0,119.98
5953,2372,16,2,20,71.98
5954,2373,18,1,10,13.49
5955,2374,20,2,10,35.98
5956,2375,18,2,20,23.98
5957,2375,14,1,0,99.99
5958,2376,15,2,0,129.98
5959,2376,3,3,0,59.97
5960,2376,14,1,10,89.99
5961,2377,22,2,0,43.98
5962,2377,24,3,0,53.97
5963,2378,16,1,0,44.99
5964,2378,17,3,10,94.47
5965,2379,19,2,15,47.58
5966,2379,8,3,0,269.97
5967,2379,6,3,0,104.97
5968,2379,2,3,0,179.97
5969,2380,16,2,15,76.48
5970,2380,24,3,0,53.97
5971,2380,10,2,0,89.98
5972,2380,18,2,10,26.98
5973,2381,15,2,0,129.98
5974,2381,5,3,0,449.97
5975,2381,14,3,0,299.97
5976,2382,16,1,15,38.24
5977,2382,19,1,0,27.99
5978,2382,12,2,10,34.18
5979,2383,14,2,10,179.98
5980,2383,6,1,0,34.99
5981,2384,22,2,20,35.18
5982,2384,9,1,0,22.99
5983,2384,12,3,20,45.58
5984,2384,6,1,20,27.99
5985,2385,2,1,0,59.99
5986,2385,24,2,0,35.98
5987,2385,13,1,10,71.99
5988,2386,12,3,0,56.97
5989,2386,4,2,10,44.98
5990,2386,5,3,0,449.97
5991,2386,11,1,0,26.99
5992,2387,13,2,10,143.98
5993,2387,24,1,0,17.99
5994,2388,9,1,0,22.99
5995,2388,5,2,10,269.98
5996,2389,15,1,0,64.99
5997,2389,5,1,0,149.99
5998,2390,2,1,15,50.99
5999,2391,1,3,10,107.97
6000,2392,2,2,0,119.98
6001,2392,7,1,0,29.99
6002,2392,24,1,10,16.19
6003,2393,18,2,0,29.98
6004,2393,9,1,0,22.99
6005,2394,9,2,0,45.98
6006,2395,22,2,0,43.98
6007,2395,4,2,0,49.98
6008,2395,16,3,10,121.47
6009,2396,10,1,0,44.99
6010,2396,24,2,10,32.38
6011,2396,23,3,10,350.97
6012,2397,14,1,0,99.99
6013,2397,10,3,0,134.97
6014,2398,17,2,10,62.98
6015,2398,12,1,0,18.99
6016,2398,20,3,0,59.97
6017,2398,7,3,0,89.97
6018,2399,22,3,0,65.97
6019,2399,17,1,0,34.99
6020,2399,7,3,0,89.97
6021,2399,3,3,15,50.97
6022,2400,22,3,10,59.37
6023,2401,14,2,10,179.98
6024,2401,24,1,0,17.99
6025,2401,21,2,0,65.98
6026,2401,17,2,0,69.98
6027,2402,19,2,0,55.98
6028,2402,22,3,0,65.97
6029,2402,18,3,10,40.47
6030,2403,17,1,0,34.99
6031,2403,11,2,0,53.98
6032,2404,19,3,0,83.97
6033,2404,13,1,0,79.99
6034,2404,8,2,0,179.98
6035,2405,20,1,0,19.99
6036,2405,10,2,0,89.98
6037,2405,1,3,0,119.97
6038,2406,7,1,0,29.99
6039,2406,3,1,0,19.99
6040,2406,16,1,10,40.49
6041,2407,24,1,0,17.99
6042,2407,15,2,0,129.98
6043,2408,7,1,20,23.99
6044,2408,24,1,0,17.99
6045,2408,23,3,0,389.97
6046,2408,6,3,0,104.97
6047,2409,4,3,0,74.97
6048,2410,13,1,20,63.99
6049,2410,24,3,0,53.97
6050,2410,1,2,0,79.98
6051,2410,15,2,10,116.98
6052,2411,22,3,0,65.97
6053,2411,16,2,10,80.98
6054,2412,2,3,0,179.97
6055,2412,20,1,20,15.99
6056,2412,22,2,20,35.18
6057,2412,1,3,10,107.97
6058,2413,1,2,0,79.98
6059,2414,14,2,20,159.98
6060,2414,19,1,10,25.19
6061,2414,10,1,0,44.99
6062,2415,24,3,0,53.97
6063,2416,22,2,0,43.98
6064,2417,18,2,0,29.98
6065,2417,10,3,20,107.98
6066,2417,24,3,0,53.97
6067,2417,15,2,0,129.98
6068,2418,20,2,0,39.98
6069,2419,6,1,0,34.99
6070,2419,24,3,15,45.87
6071,2419,11,3,0,80.97
6072,2419,2,3,0,179.97
6073,2420,9,2,10,41.38
6074,2420,8,1,0,89.99
6075,2421,6,2,0,69.98
6076,2421,4,1,0,24.99
6077,2421,22,1,0,21.99
6078,2422,10,2,0,89.98
6079,2422,14,1,20,79.99
6080,2422,20,3,15,50.97
6081,2423,15,3,20,155.98
6082,2423,9,1,10,20.69
6083,2423,14,1,0,99.99
6084,2424,2,3,15,152.97
6085,2424,8,2,10,161.98
6086,2424,24,2,0,35.98
6087,2425,21,3,20,79.18
6088,2426,4,3,0,74.97
6089,2426,11,1,0,26.99
6090,2426,17,3,0,104.97
6091,2427,4,1,0,24.99
6092,2428,6,3,0,104.97
6093,2429,4,1,0,24.99
6094,2430,4,3,0,74.97
6095,2430,18,3,20,35.98
6096,2430,3,1,0,19.99
6097,2430,12,3,0,56.97
6098,2431,2,1,0,59.99
6099,2431,12,3,15,48.42
6100,2431,11,3,0,80.97
6101,2432,17,2,10,62.98
6102,2433,18,1,10,13.49
6103,2434,23,3,20,311.98
6104,2434,6,2,0,69.98
6105,2435,3,1,15,16.99
6106,2435,5,1,10,134.99
6107,2435,19,2,0,55.98
6108,2435,8,1,20,71.99
6109,2436,2,2,15,101.98
6110,2436,22,1,20,17.59
6111,2436,7,2,0,59.98
6112,2437,5,3,0,449.97
6113,2437,23,2,0,259.98
6114,2437,15,3,20,155.98
6115,2437,9,1,20,18.39
6116,2438,24,3,0,53.97
6117,2438,2,1,20,47.99
6118,2439,3,2,10,35.98
6119,2439,14,1,0,99.99
6120,2439,11,3,0,80.97
6121,2440,4,3,10,67.47
6122,2441,7,1,0,29.99
6123,2441,2,3,15,152.97
6124,2442,2,1,0,59.99
6125,2442,14,2,15,169.98
6126,2443,1,3,10,107.97
6127,2444,10,2,0,89.98
6128,2445,2,2,0,119.98
6129,2445,7,1,0,29.99
6130,2446,9,2,10,41.38
6131,2447,23,3,0,389.97
6132,2448,9,3,0,68.97
6133,2448,14,2,0,199.98
6134,2449,19,3,15,71.37
6135,2450,14,1,10,89.99
6136,2451,14,3,10,269.97
6137,2451,20,3,20,47.98
6138,2451,18,2,0,29.98
6139,2451,8,1,0,89.99
6140,2452,10,3,0,134.97
6141,2453,14,3,10,269.97
6142,2453,6,3,0,104.97
6143,2453,11,2,10,48.58
6144,2453,7,3,0,89.97
6145,2454,4,2,20,39.98
6146,2455,4,3,0,74.97
6147,2455,16,3,0,134.97
6148,2455,10,1,0,44.99
6149,2455,22,3,0,65.97
6150,2456,3,3,0,59.97
6151,2456,4,2,0,49.98
6152,2456,13,1,0,79.99
6153,2456,5,3,0,449.97
6154,2457,16,2,0,89.98
6155,2457,21,1,15,28.04
6156,2457,2,3,0,179.97
6157,2457,4,3,0,74.97
6158,2458,16,1,10,40.49
6159,2458,5,1,0,149.99
6160,2458,7,2,0,59.98
6161,2459,24,1,0,17.99
6162,2459,13,3,15,203.97
6163,2459,2,3,0,179.97
6164,2460,6,2,10,62.98
6165,2460,4,1,10,22.49
6166,2460,12,3,15,48.42
6167,2460,2,2,0,119.98
6168,2461,17,2,0,69.98
6169,2462,10,1,0,44.99
6170,2462,22,1,10,19.79
6171,2463,5,3,0,449.97
6172,2464,24,2,20,28.78
6173,2464,4,3,10,67.47
6174,2465,17,1,10,31.49
6175,2465,8,3,0,269.97
6176,2465,9,2,0,45.98
6177,2465,23,3,0,389.97
6178,2466,4,2,20,39.98
6179,2467,16,3,15,114.72
6180,2467,20,3,0,59.97
6181,2468,22,3,0,65.97
6182,2469,15,2,15,110.48
6183,2469,17,3,0,104.97
6184,2469,20,3,0,59.97
6185,2470,5,3,0,449.97
6186,2470,14,3,20,239.98
6187,2470,7,1,0,29.99
6188,2471,10,1,10,40.49
6189,2471,24,1,0,17.99
6190,2471,6,1,15,29.74
6191,2472,8,2,0,179.98
6192,2473,17,1,0,34.99
6193,2473,16,2,0,89.98
6194,2474,23,3,0,389.97
6195,2474,2,2,0,119.98
6196,2474,18,3,10,40.47
6197,2474,5,3,0,449.97
6198,2475,21,2,0,65.98
6199,2476,23,3,0,389.97
6200,2476,13,1,0,79.99
6201,2477,13,1,10,71.99
6202,2477,5,1,0,149.99
6203,2478,9,2,0,45.98
6204,2479,13,1,0,79.99
6205,2480,10,2,0,89.98
6206,2480,12,1,0,18.99
6207,2480,23,3,10,350.97
6208,2480,15,2,0,129.98
6209,2481,8,2,0,179.98
6210,2481,9,2,15,39.08
6211,2481,19,2,0,55.98
6212,2482,21,1,0,32.99
6213,2482,10,3,0,134.97
6214,2483,18,3,0,44.97
6215,2483,23,3,0,389.97
6216,2483,14,1,15,84.99
6217,2484,4,3,0,74.97
6218,2484,12,2,10,34.18
6219,2485,17,2,20,55.98
6220,2485,5,3,15,382.47
6221,2486,6,3,0,104.97
6222,2486,8,3,0,269.97
6223,2487,15,1,20,51.99
6224,2487,7,3,20,71.98
6225,2487,22,3,15,56.07
6226,2488,18,3,15,38.22
6227,2488,15,2,0,129.98
6228,2488,10,1,0,44.99
6229,2488,16,2,0,89.98
6230,2489,13,3,15,203.97
6231,2489,23,1,15,110.49
6232,2489,5,1,10,134.99
6233,2489,6,3,0,104.97
6234,2490,17,3,0,104.97
6235,2490,14,3,10,269.97
6236,2491,20,1,15,16.99
6237,2491,7,2,10,53.98
6238,2492,19,2,0,55.98
6239,2492,6,2,0,69.98
6240,2492,22,2,0,43.98
6241,2492,2,1,0,59.99
6242,2493,7,3,0,89.97
6243,2493,11,3,0,80.97
6244,2493,17,3,10,94.47
6245,2494,6,2,10,62.98
6246,2494,4,2,0,49.98
6247,2494,1,1,0,39.99
6248,2495,13,3,20,191.98
6249,2495,9,1,0,22.99
6250,2496,12,3,10,51.27
6251,2496,24,3,20,43.18
6252,2496,18,1,0,14.99
6253,2497,4,2,0,49.98
6254,2497,7,3,0,89.97
6255,2498,13,2,0,159.98
6256,2498,15,2,0,129.98
6257,2498,14,2,10,179.98
6258,2498,17,2,0,69.98
6259,2499,16,2,20,71.98
6260,2500,18,3,10,40.47
6261,2500,1,2,0,79.98
6262,2501,7,3,0,89.97
6263,2501,20,2,15,33.98
6264,2502,2,1,0,59.99
6265,2503,10,2,0,89.98
6266,2503,17,3,0,104.97
6267,2503,1,2,0,79.98
6268,2504,19,1,0,27.99
6269,2504,20,3,0,59.97
6270,2504,1,2,0,79.98
6271,2505,15,1,0,64.99
6272,2505,23,3,20,311.98
6273,2505,20,3,10,53.97
6274,2506,8,2,0,179.98
6275,2506,17,3,0,104.97
6276,2506,22,3,0,65.97
6277,2506,1,2,0,79.98
6278,2507,4,2,0,49.98
6279,2507,2,2,0,119.98
6280,2507,6,1,0,34.99
6281,2507,7,3,10,80.97
6282,2508,20,3,15,50.97
6283,2508,16,3,0,134.97
6284,2508,4,3,0,74.97
6285,2509,15,2,0,129.98
6286,2509,1,3,0,119.97
6287,2509,4,2,10,44.98
6288,2509,22,1,10,19.79
6289,2510,1,2,0,79.98
6290,2510,19,3,10,75.57
6291,2510,14,3,10,269.97
6292,2510,17,2,10,62.98
6293,2511,22,1,20,17.59
6294,2511,20,3,0,59.97
6295,2511,16,2,15,76.48
6296,2512,7,2,0,59.98
6297,2512,23,2,0,259.98
6298,2512,14,2,0,199.98
6299,2513,12,3,0,56.97
6300,2513,20,2,10,35.98
6301,2513,13,2,0,159.98
6302,2513,9,2,15,39.08
6303,2514,24,3,0,53.97
6304,2514,3,2,20,31.98
6305,2514,12,2,10,34.18
6306,2514,21,3,10,89.07
6307,2515,8,1,10,80.99
6308,2515,15,1,0,64.99
6309,2515,16,2,10,80.98
6310,2516,11,2,0,53.98
6311,2516,8,1,0,89.99
6312,2516,21,2,0,65.98
6313,2516,20,1,10,17.99
6314,2517,8,1,10,80.99
6315,2517,18,2,20,23.98
6316,2517,7,3,0,89.97
6317,2518,10,3,20,107.98
6318,2518,24,1,0,17.99
6319,2518,17,2,0,69.98
6320,2518,2,2,0,119.98
6321,2519,6,2,15,59.48
6322,2519,23,2,0,259.98
6323,2520,14,3,0,299.97
6324,2520,12,3,0,56.97
6325,2521,13,3,0,239.97
6326,2521,15,3,20,155.98
6327,2521,9,2,15,39.08
6328,2522,5,1,15,127.49
6329,2522,16,3,10,121.47
6330,2523,2,3,0,179.97
6331,2523,23,1,0,129.99
6332,2524,14,1,10,89.99
6333,2524,2,3,0,179.97
6334,2524,16,2,0,89.98
6335,2524,18,3,0,44.97
6336,2525,7,2,0,59.98
6337,2525,17,2,0,69.98
6338,2525,8,2,0,179.98
6339,2525,1,3,0,119.97
6340,2526,1,3,10,107.97
6341,2526,12,2,0,37.98
6342,2526,22,2,0,43.98
6343,2527,11,2,0,53.98
6344,2527,14,3,0,299.97
6345,2527,16,1,20,35.99
6346,2527,2,3,0,179.97
6347,2528,5,1,0,149.99
6348,2529,22,3,20,52.78
6349,2529,4,1,0,24.99
6350,2529,23,3,0,389.97
6351,2530,16,3,0,134.97
6352,2531,21,2,0,65.98
6353,2531,12,2,0,37.98
6354,2531,4,2,0,49.98
6355,2531,1,3,10,107.97
6356,2532,17,1,0,34.99
6357,2532,7,2,0,59.98
6358,2532,1,2,20,63.98
6359,2533,10,2,10,80.98
6360,2534,20,1,0,19.99
6361,2535,22,2,0,43.98
6362,2535,13,1,0,79.99
6363,2536,9,3,10,62.07
6364,2536,2,2,20,95.98
6365,2536,18,3,0,44.97
6366,2537,15,3,15,165.72
6367,2538,5,3,10,404.97
6368,2538,14,1,10,89.99
6369,2538,20,1,0,19.99
6370,2539,13,3,15,203.97
6371,2539,7,1,20,23.99
6372,2539,8,2,15,152.98
6373,2539,1,2,0,79.98
6374,2540,15,3,10,175.47
6375,2541,6,3,0,104.97
6376,2542,7,2,0,59.98
6377,2542,3,2,0,39.98
6378,2542,18,1,10,13.49
6379,2543,17,3,15,89.22
6380,2543,5,3,0,449.97
6381,2543,2,1,20,47.99
6382,2543,10,1,20,35.99
6383,2544,23,3,0,389.97
6384,2544,15,2,10,116.98
6385,2544,7,1,0,29.99
6386,2545,21,1,0,32.99
6387,2545,22,1,0,21.99
6388,2545,11,1,0,26.99
6389,2546,17,2,20,55.98
6390,2546,5,1,0,149.99
6391,2547,6,2,10,62.98
6392,2547,12,3,10,51.27
6393,2547,21,3,10,89.07
6394,2548,17,1,0,34.99
6395,2549,10,3,0,134.97
6396,2549,9,1,10,20.69
6397,2549,24,2,0,35.98
6398,2550,19,3,15,71.37
6399,2550,24,3,0,53.97
6400,2550,4,3,0,74.97
6401,2551,2,1,0,59.99
6402,2551,8,2,0,179.98
6403,2551,11,2,0,53.98
6404,2552,12,3,0,56.97
6405,2552,11,1,0,26.99
6406,2553,15,2,0,129.98
6407,2553,11,2,10,48.58
6408,2554,12,3,0,56.97
6409,2554,10,1,0,44.99
6410,2555,16,2,10,80.98
6411,2555,20,1,0,19.99
6412,2556,20,2,0,39.98
6413,2556,10,3,0,134.97
6414,2556,18,2,20,23.98
6415,2557,14,3,0,299.97
6416,2557,5,2,10,269.98
6417,2557,7,2,0,59.98
6418,2557,22,2,0,43.98
6419,2558,6,2,0,69.98
6420,2559,13,2,0,159.98
6421,2560,16,3,0,134.97
6422,2560,5,2,0,299.98
6423,2561,4,1,0,24.99
6424,2561,23,2,20,207.98
6425,2561,21,3,15,84.12
6426,2562,11,2,0,53.98
6427,2562,18,3,20,35.98
6428,2562,8,2,20,143.98
6429,2563,14,3,20,239.98
6430,2564,22,2,0,43.98
6431,2564,16,1,0,44.99
6432,2564,23,3,0,389.97
6433,2565,1,3,0,119.97
6434,2566,3,2,0,39.98
6435,2566,12,1,0,18.99
6436,2566,11,3,0,80.97
6437,2566,22,3,0,65.97
6438,2567,20,3,20,47.98
6439,2568,17,3,20,83.98
6440,2569,2,2,0,119.98
6441,2570,3,1,0,19.99
6442,2571,10,1,10,40.49
6443,2571,2,3,0,179.97
6444,2571,20,1,20,15.99
6445,2571,23,2,0,259.98
6446,2572,18,2,0,29.98
6447,2572,21,3,20,79.18
6448,2573,17,2,20,55.98
6449,2573,10,2,0,89.98
6450,2574,5,3,0,449.97
6451,2574,24,3,10,48.57
6452,2574,1,1,0,39.99
6453,2575,10,3,15,114.72
6454,2575,16,2,0,89.98
6455,2575,9,1,0,22.99
6456,2575,5,3,0,449.97
6457,2576,20,3,10,53.97
6458,2576,14,2,0,199.98
6459,2576,8,3,10,242.97
6460,2576,15,2,0,129.98
6461,2577,10,3,0,134.97
6462,2577,13,1,0,79.99
6463,2578,19,3,0,83.97
6464,2578,20,1,15,16.99
6465,2579,10,3,0,134.97
6466,2579,21,1,10,29.69
6467,2579,5,3,10,404.97
6468,2579,7,3,20,71.98
6469,2580,13,1,20,63.99
6470,2580,14,1,10,89.99
6471,2580,22,3,0,65.97
6472,2580,17,1,0,34.99
6473,2581,9,3,0,68.97
6474,2581,13,1,20,63.99
6475,2582,16,3,10,121.47
6476,2582,23,1,20,103.99
6477,2583,17,2,20,55.98
6478,2583,14,3,15,254.97
6479,2584,2,2,0,119.98
6480,2584,9,2,10,41.38
6481,2585,22,2,0,43.98
6482,2585,13,3,10,215.97
6483,2585,21,1,15,28.04
6484,2585,12,2,0,37.98
6485,2586,21,2,10,59.38
6486,2586,24,3,0,53.97
6487,2586,16,2,20,71.98
6488,2586,14,1,0,99.99
6489,2587,14,2,10,179.98
6490,2587,12,1,0,18.99
6491,2587,7,2,0,59.98
6492,2588,9,2,0,45.98
6493,2588,15,1,0,64.99
6494,2588,23,3,0,389.97
6495,2588,4,3,20,59.98
6496,2589,11,2,0,53.98
6497,2590,18,3,0,44.97
6498,2590,11,2,20,43.18
6499,2590,2,1,15,50.99
6500,2591,14,2,10,179.98
6501,2591,23,3,10,350.97
6502,2591,7,2,0,59.98
6503,2591,6,1,0,34.99
6504,2592,24,2,0,35.98
6505,2593,17,2,0,69.98
6506,2594,19,3,0,83.97
6507,2594,14,2,15,169.98
6508,2594,12,2,0,37.98
6509,2595,4,3,15,63.72
6510,2595,10,1,0,44.99
6511,2595,7,1,10,26.99
6512,2595,11,2,10,48.58
6513,2596,8,1,0,89.99
6514,2597,5,2,0,299.98
6515,2597,4,2,0,49.98
6516,2598,15,1,0,64.99
6517,2598,8,1,10,80.99
6518,2598,5,2,0,299.98
6519,2599,12,1,0,18.99
6520,2599,13,1,20,63.99
6521,2599,2,2,0,119.98
6522,2599,6,1,0,34.99
6523,2600,11,2,20,43.18
6524,2600,5,1,10,134.99
6525,2600,14,2,10,179.98
6526,2601,24,1,15,15.29
6527,2601,11,2,20,43.18
6528,2601,4,3,20,59.98
6529,2601,1,3,0,119.97
6530,2602,15,1,10,58.49
6531,2602,3,1,15,16.99
6532,2602,6,2,15,59.48
6533,2603,12,3,15,48.42
6534,2603,7,3,20,71.98
6535,2604,9,3,0,68.97
6536,2604,17,2,20,55.98
6537,2604,10,2,0,89.98
6538,2605,19,1,10,25.19
6539,2605,10,1,0,44.99
6540,2605,7,2,0,59.98
6541,2605,5,3,0,449.97
6542,2606,21,3,0,98.97
6543,2606,22,1,0,21.99
6544,2606,11,1,0,26.99
6545,2607,11,3,0,80.97
6546,2608,4,1,0,24.99
6547,2608,2,2,10,107.98
6548,2608,20,3,0,59.97
6549,2609,11,2,10,48.58
6550,2610,15,1,0,64.99
6551,2610,23,3,15,331.47
6552,2611,8,3,10,242.97
6553,2611,15,1,10,58.49
6554,2611,2,1,15,50.99
6555,2612,4,1,0,24.99
6556,2613,7,3,10,80.97
6557,2613,21,1,0,32.99
6558,2614,13,2,0,159.98
6559,2614,17,2,0,69.98
6560,2614,4,2,10,44.98
6561,2615,23,1,0,129.99
6562,2615,19,3,0,83.97
6563,2616,13,3,10,215.97
6564,2617,16,3,0,134.97
6565,2618,1,2,10,71.98
6566,2618,17,1,0,34.99
6567,2618,20,3,10,53.97
6568,2618,23,3,0,389.97
6569,2619,24,3,0,53.97
6570,2619,11,2,0,53.98
6571,2620,12,2,0,37.98
6572,2620,1,1,0,39.99
6573,2620,19,3,0,83.97
6574,2620,9,1,10,20.69
6575,2621,19,3,15,71.37
6576,2622,21,2,10,59.38
6577,2622,22,1,0,21.99
6578,2623,24,1,0,17.99
6579,2624,19,2,15,47.58
6580,2625,7,1,0,29.99
6581,2626,12,3,10,51.27
6582,2627,2,3,0,179.97
6583,2627,3,3,0,59.97
6584,2627,9,1,15,19.54
6585,2627,22,1,0,21.99
6586,2628,10,2,0,89.98
6587,2628,14,2,20,159.98
6588,2628,1,2,0,79.98
6589,2628,16,3,10,121.47
6590,2629,2,1,20,47.99
6591,2629,12,2,0,37.98
6592,2630,24,3,0,53.97
6593,2630,17,1,0,34.99
6594,2630,22,2,0,43.98
6595,2631,21,3,0,98.97
6596,2631,16,1,10,40.49
6597,2631,7,2,10,53.98
6598,2631,12,2,0,37.98
6599,2632,20,3,0,59.97
6600,2632,22,1,0,21.99
6601,2632,11,2,0,53.98
6602,2633,6,2,0,69.98
6603,2634,2,2,15,101.98
6604,2634,23,2,10,233.98
6605,2635,4,3,0,74.97
6606,2635,19,1,0,27.99
6607,2635,3,3,0,59.97
6608,2635,14,3,0,299.97
6609,2636,2,3,0,179.97
6610,2636,11,1,0,26.99
6611,2637,11,3,0,80.97
6612,2637,6,1,0,34.99
6613,2637,14,2,10,179.98
6614,2638,4,1,0,24.99
6615,2639,10,2,0,89.98
6616,2639,24,1,0,17.99
6617,2640,19,1,0,27.99
6618,2640,8,2,0,179.98
6619,2641,19,2,10,50.38
6620,2641,21,2,0,65.98
6621,2642,11,2,20,43.18
6622,2643,19,1,0,27.99
6623,2643,3,1,10,17.99
6624,2643,15,1,0,64.99
6625,2643,10,2,0,89.98
6626,2644,3,3,0,59.97
6627,2645,15,1,10,58.49
6628,2645,6,3,0,104.97
6629,2646,15,2,0,129.98
6630,2646,21,3,0,98.97
6631,2646,12,1,0,18.99
6632,2647,1,2,0,79.98
6633,2647,17,3,10,94.47
6634,2647,18,1,10,13.49
6635,2647,11,3,10,72.87
6636,2648,2,3,0,179.97
6637,2649,24,3,0,53.97
6638,2649,19,2,15,47.58
6639,2649,16,1,0,44.99
6640,2649,9,1,0,22.99
6641,2650,20,1,10,17.99
6642,2650,21,3,0,98.97
6643,2650,4,2,0,49.98
6644,2650,7,2,0,59.98
6645,2651,4,1,0,24.99
6646,2652,10,2,0,89.98
6647,2652,15,3,0,194.97
6648,2653,13,2,15,135.98
6649,2653,6,2,20,55.98
6650,2654,1,1,15,33.99
6651,2654,6,2,10,62.98
6652,2655,5,1,0,149.99
6653,2655,22,1,0,21.99
6654,2656,8,2,0,179.98
6655,2656,22,1,20,17.59
6656,2656,10,3,20,107.98
6657,2656,9,2,0,45.98
6658,2657,14,1,10,89.99
6659,2658,2,2,0,119.98
6660,2659,5,3,10,404.97
6661,2659,3,1,10,17.99
6662,2659,9,1,20,18.39
6663,2660,16,2,0,89.98
6664,2661,14,1,0,99.99
6665,2661,9,2,0,45.98
6666,2661,22,1,0,21.99
6667,2662,24,3,0,53.97
6668,2662,1,3,15,101.97
6669,2662,5,1,0,149.99
6670,2663,18,3,10,40.47
6671,2663,4,3,0,74.97
6672,2663,15,2,0,129.98
6673,2664,6,3,0,104.97
6674,2664,24,1,15,15.29
6675,2664,10,1,10,40.49
6676,2665,17,1,0,34.99
6677,2665,4,1,0,24.99
6678,2665,10,3,20,107.98
6679,2666,19,2,15,47.58
6680,2666,4,2,0,49.98
6681,2667,23,1,0,129.99
6682,2667,1,1,0,39.99
6683,2668,23,3,20,311.98
6684,2668,10,3,20,107.98
6685,2668,14,2,0,199.98
6686,2669,23,3,0,389.97
6687,2670,8,3,0,269.97
6688,2671,14,2,20,159.98
6689,2672,11,1,10,24.29
6690,2673,4,1,0,24.99
6691,2674,18,1,0,14.99
6692,2674,6,3,20,83.98
6693,2674,8,3,0,269.97
6694,2674,10,3,15,114.72
6695,2675,16,1,0,44.99
6696,2675,3,1,0,19.99
6697,2675,21,2,0,65.98
6698,2675,8,3,0,269.97
6699,2676,16,1,10,40.49
6700,2676,13,3,0,239.97
6701,2676,1,3,20,95.98
6702,2676,10,3,0,134.97
6703,2677,23,1,20,103.99
6704,2677,13,3,15,203.97
6705,2677,16,2,0,89.98
6706,2677,10,1,0,44.99
6707,2678,10,1,0,44.99
6708,2678,23,1,10,116.99
6709,2679,5,2,0,299.98
6710,2679,10,2,0,89.98
6711,2679,15,1,0,64.99
6712,2679,12,3,20,45.58
6713,2680,16,3,20,107.98
6714,2680,14,3,10,269.97
6715,2681,8,3,0,269.97
6716,2681,18,3,0,44.97
6717,2682,21,2,0,65.98
6718,2682,7,2,0,59.98
6719,2682,22,2,15,37.38
6720,2682,6,3,20,83.98
6721,2683,12,3,0,56.97
6722,2683,15,3,10,175.47
6723,2684,3,3,0,59.97
6724,2685,11,2,10,48.58
6725,2685,8,3,0,269.97
6726,2686,16,2,0,89.98
6727,2687,19,3,10,75.57
6728,2687,10,2,0,89.98
6729,2687,22,2,0,43.98
6730,2688,3,3,20,47.98
6731,2688,8,2,20,143.98
6732,2689,18,2,0,29.98
6733,2689,9,1,0,22.99
6734,2689,24,2,0,35.98
6735,2690,23,3,0,389.97
6736,2690,2,1,0,59.99
6737,2691,22,2,0,43.98
6738,2691,23,3,10,350.97
6739,2692,16,3,0,134.97
6740,2692,10,2,0,89.98
6741,2692,11,2,10,48.58
6742,2692,4,1,20,19.99
6743,2693,3,2,15,33.98
6744,2693,16,1,0,44.99
6745,2693,8,2,0,179.98
6746,2694,2,1,0,59.99
6747,2694,23,3,0,389.97
6748,2694,7,3,0,89.97
6749,2694,22,1,15,18.69
6750,2695,22,3,15,56.07
6751,2695,15,2,15,110.48
6752,2695,24,1,0,17.99
6753,2696,8,1,0,89.99
6754,2696,16,1,0,44.99
6755,2696,7,1,15,25.49
6756,2696,3,3,0,59.97
6757,2697,14,3,10,269.97
6758,2698,22,3,0,65.97
6759,2698,1,1,0,39.99
6760,2698,8,2,0,179.98
6761,2699,2,1,0,59.99
6762,2700,1,2,0,79.98
6763,2700,18,3,0,44.97
6764,2700,3,2,0,39.98
6765,2701,21,2,0,65.98
6766,2701,7,3,0,89.97
6767,2701,6,1,0,34.99
6768,2701,3,1,20,15.99
6769,2702,22,1,10,19.79
6770,2702,16,2,0,89.98
6771,2702,9,1,0,22.99
6772,2703,10,2,0,89.98
6773,2704,7,1,0,29.99
6774,2705,19,3,0,83.97
6775,2705,10,1,10,40.49
6776,2705,5,1,10,134.99
6777,2705,2,3,20,143.98
6778,2706,5,2,10,269.98
6779,2706,22,1,10,19.79
6780,2706,3,3,15,50.97
6781,2706,16,3,20,107.98
6782,2707,16,2,15,76.48
6783,2707,14,1,0,99.99
6784,2707,24,2,10,32.38
6785,2707,15,1,10,58.49
6786,2708,20,3,10,53.97
6787,2708,15,1,0,64.99
6788,2709,4,2,0,49.98
6789,2709,19,3,0,83.97
6790,2709,9,3,15,58.62
6791,2710,24,3,0,53.97
6792,2710,8,3,0,269.97
6793,2710,9,3,10,62.07
6794,2710,4,2,10,44.98
6795,2711,12,2,15,32.28
6796,2712,19,3,10,75.57
6797,2712,4,1,10,22.49
6798,2713,10,1,0,44.99
6799,2713,20,2,0,39.98
6800,2713,7,3,0,89.97
6801,2714,14,1,20,79.99
6802,2714,15,3,0,194.97
6803,2714,1,3,0,119.97
6804,2715,6,2,0,69.98
6805,2715,2,3,0,179.97
6806,2715,22,2,10,39.58
6807,2716,2,3,0,179.97
6808,2716,15,2,0,129.98
6809,2716,17,3,20,83.98
6810,2717,21,3,0,98.97
6811,2717,23,1,10,116.99
6812,2718,5,1,10,134.99
6813,2718,22,3,0,65.97
6814,2718,1,1,20,31.99
6815,2718,9,1,0,22.99
6816,2719,18,1,20,11.99
6817,2719,23,1,20,103.99
6818,2719,1,2,0,79.98
6819,2719,9,2,0,45.98
6820,2720,5,2,15,254.98
6821,2720,14,2,0,199.98
6822,2720,10,2,0,89.98
6823,2721,4,3,0,74.97
6824,2722,6,2,10,62.98
6825,2722,11,3,0,80.97
6826,2723,15,1,0,64.99
6827,2724,17,3,15,89.22
6828,2724,19,3,15,71.37
6829,2724,20,3,0,59.97
6830,2724,16,1,10,40.49
6831,2725,17,2,0,69.98
6832,2725,4,3,15,63.72
6833,2726,10,1,0,44.99
6834,2726,15,3,0,194.97
6835,2727,10,2,20,71.98
6836,2727,8,3,0,269.97
6837,2727,5,2,0,299.98
6838,2727,3,1,0,19.99
6839,2728,1,1,0,39.99
6840,2729,7,2,15,50.98
6841,2729,24,3,0,53.97
6842,2729,5,1,20,119.99
6843,2730,7,2,0,59.98
6844,2730,13,3,10,215.97
6845,2730,5,1,0,149.99
6846,2731,21,1,0,32.99
6847,2732,1,3,0,119.97
6848,2732,16,3,0,134.97
6849,2732,4,1,0,24.99
6850,2732,8,1,0,89.99
6851,2733,15,2,15,110.48
6852,2733,21,3,0,98.97
6853,2733,8,1,0,89.99
6854,2733,24,2,0,35.98
6855,2734,22,3,10,59.37
6856,2734,20,2,10,35.98
6857,2734,19,2,10,50.38
6858,2735,11,2,0,53.98
6859,2735,7,1,0,29.99
6860,2735,15,1,10,58.49
6861,2736,20,2,20,31.98
6862,2736,19,1,10,25.19
6863,2736,22,1,0,21.99
6864,2737,12,1,10,17.09
6865,2737,17,3,10,94.47
6866,2738,17,2,0,69.98
6867,2738,1,2,0,79.98
6868,2739,19,3,15,71.37
6869,2740,12,2,20,30.38
6870,2740,9,2,0,45.98
6871,2741,16,2,0,89.98
6872,2741,9,3,0,68.97
6873,2741,10,2,0,89.98
6874,2741,19,1,0,27.99
6875,2742,13,3,0,239.97
6876,2742,10,3,10,121.47
6877,2743,16,3,0,134.97
6878,2743,15,3,0,194.97
6879,2744,19,1,0,27.99
6880,2745,1,2,0,79.98
6881,2745,15,2,10,116.98
6882,2745,6,3,0,104.97
6883,2746,5,3,0,449.97
6884,2746,21,1,0,32.99
6885,2747,12,1,10,17.09
6886,2747,22,2,0,43.98
6887,2748,7,1,0,29.99
6888,2749,8,3,0,269.97
6889,2749,22,3,0,65.97
6890,2749,21,2,20,52.78
6891,2750,5,2,0,299.98
6892,2750,22,2,0,43.98
6893,2750,8,2,0,179.98
6894,2751,20,2,10,35.98
6895,2751,23,2,15,220.98
6896,2751,24,3,0,53.97
6897,2752,24,2,10,32.38
6898,2752,4,2,10,44.98
6899,2753,5,2,20,239.98
6900,2753,22,1,0,21.99
6901,2754,16,1,0,44.99
6902,2754,13,2,10,143.98
6903,2755,11,1,0,26.99
6904,2755,22,2,0,43.98
6905,2755,12,1,20,15.19
6906,2755,4,1,0,24.99
6907,2756,18,3,0,44.97
6908,2756,23,2,10,233.98
6909,2757,6,1,0,34.99
6910,2757,17,2,0,69.98
6911,2757,23,2,0,259.98
6912,2758,7,2,0,59.98
6913,2758,8,1,10,80.99
6914,2758,21,3,20,79.18
6915,2759,3,1,0,19.99
6916,2759,12,1,0,18.99
6917,2760,3,1,15,16.99
6918,2760,9,3,0,68.97
6919,2761,11,2,20,43.18
6920,2761,7,2,0,59.98
6921,2761,16,1,0,44.99
6922,2761,3,1,0,19.99
6923,2762,8,2,0,179.98
6924,2762,1,3,0,119.97
6925,2762,22,1,0,21.99
6926,2762,19,1,0,27.99
6927,2763,9,3,0,68.97
6928,2763,3,2,0,39.98
6929,2764,20,1,0,19.99
6930,2764,21,2,0,65.98
6931,2764,23,1,0,129.99
6932,2765,18,3,10,40.47
6933,2766,17,3,15,89.22
6934,2767,19,1,0,27.99
6935,2767,14,1,15,84.99
6936,2767,2,3,20,143.98
6937,2768,12,1,0,18.99
6938,2768,4,1,0,24.99
6939,2768,15,3,0,194.97
6940,2768,20,1,10,17.99
6941,2769,15,2,0,129.98
6942,2770,2,2,0,119.98
6943,2771,17,2,0,69.98
6944,2771,23,3,0,389.97
6945,2771,16,1,0,44.99
6946,2772,11,3,15,68.82
6947,2772,2,2,0,119.98
6948,2772,10,1,0,44.99
6949,2773,5,2,20,239.98
6950,2773,15,1,0,64.99
6951,2773,6,1,0,34.99
6952,2773,17,3,0,104.97
6953,2774,21,2,10,59.38
6954,2774,18,2,20,23.98
6955,2775,9,3,15,58.62
6956,2775,22,3,20,52.78
6957,2775,7,1,0,29.99
6958,2775,10,3,10,121.47
6959,2776,15,3,15,165.72
6960,2777,19,2,0,55.98
6961,2777,17,2,0,69.98
6962,2777,24,1,20,14.39
6963,2777,23,1,0,129.99
6964,2778,15,2,20,103.98
6965,2778,21,3,0,98.97
6966,2778,5,1,10,134.99
6967,2778,14,2,0,199.98
6968,2779,16,2,0,89.98
6969,2779,2,1,0,59.99
6970,2779,3,2,0,39.98
6971,2779,6,3,0,104.97
6972,2780,8,1,0,89.99
6973,2780,15,1,0,64.99
6974,2780,18,2,10,26.98
6975,2781,12,2,15,32.28
6976,2781,13,3,0,239.97
6977,2781,19,1,15,23.79
6978,2781,6,1,10,31.49
6979,2782,11,1,0,26.99
6980,2782,16,2,15,76.48
6981,2783,8,1,0,89.99
6982,2783,1,2,0,79.98
6983,2784,8,2,0,179.98
6984,2784,5,2,0,299.98
6985,2784,23,1,0,129.99
6986,2785,11,2,15,45.88
6987,2786,23,1,0,129.99
6988,2787,8,3,0,269.97
6989,2788,14,2,10,179.98
6990,2788,24,3,10,48.57
6991,2788,18,2,15,25.48
6992,2789,2,2,20,95.98
6993,2789,14,1,15,84.99
6994,2789,1,1,0,39.99
6995,2789,16,2,0,89.98
6996,2790,24,3,0,53.97
6997,2791,13,2,0,159.98
6998,2791,18,3,10,40.47
6999,2792,17,2,0,69.98
7000,2792,23,1,20,103.99
7001,2793,10,2,20,71.98
7002,2793,1,3,0,119.97
7003,2793,24,1,0,17.99
7004,2793,11,2,10,48.58
7005,2794,9,1,0,22.99
7006,2795,9,1,10,20.69
7007,2796,6,2,10,62.98
7008,2796,14,1,0,99.99
7009,2796,7,1,0,29.99
7010,2796,23,3,0,389.97
7011,2797,1,2,10,71.98
7012,2798,22,1,0,21.99
7013,2798,23,2,20,207.98
7014,2799,14,1,0,99.99
7015,2799,15,3,0,194.97
7016,2799,16,3,20,107.98
7017,2800,14,1,0,99.99
7018,2800,18,1,0,14.99
7019,2800,19,3,0,83.97
7020,2801,22,2,10,39.58
7021,2801,15,2,0,129.98
7022,2801,13,2,0,159.98
7023,2801,12,2,0,37.98
7024,2802,21,2,0,65.98
7025,2802,5,2,20,239.98
7026,2802,19,1,0,27.99
7027,2803,17,3,0,104.97
7028,2803,5,1,0,149.99
7029,2803,19,2,10,50.38
7030,2803,18,1,0,14.99
7031,2804,20,3,0,59.97
7032,2804,6,3,0,104.97
7033,2804,18,3,0,44.97
7034,2804,15,1,0,64.99
7035,2805,14,1,0,99.99
7036,2805,7,1,0,29.99
7037,2805,19,1,0,27.99
7038,2805,2,3,10,161.97
7039,2806,8,1,0,89.99
7040,2806,1,1,15,33.99
7041,2807,13,2,0,159.98
7042,2808,11,2,0,53.98
7043,2808,12,3,0,56.97
7044,2808,5,2,0,299.98
7045,2808,23,1,0,129.99
7046,2809,15,1,0,64.99
7047,2809,23,2,20,207.98
7048,2809,17,3,0,104.97
7049,2810,22,1,0,21.99
7050,2811,8,3,15,229.47
7051,2811,22,2,10,39.58
7052,2811,7,3,0,89.97
7053,2811,18,3,0,44.97
7054,2812,11,2,20,43.18
7055,2812,22,3,0,65.97
7056,2813,24,2,0,35.98
7057,2814,21,3,20,79.18
7058,2814,16,3,0,134.97
7059,2814,14,3,20,239.98
7060,2815,4,2,0,49.98
7061,2815,16,2,0,89.98
7062,2815,19,3,15,71.37
7063,2816,5,3,20,359.98
7064,2817,22,3,0,65.97
7065,2818,1,3,20,95.98
7066,2818,7,2,0,59.98
7067,2819,21,1,10,29.69
7068,2819,3,2,10,35.98
7069,2819,19,2,0,55.98
7070,2820,14,1,0,99.99
7071,2820,23,2,0,259.98
7072,2820,6,2,0,69.98
7073,2821,22,1,0,21.99
7074,2821,12,2,0,37.98
7075,2822,22,1,20,17.59
7076,2822,18,1,0,14.99
7077,2823,3,1,0,19.99
7078,2823,22,2,0,43.98
7079,2823,9,1,10,20.69
7080,2824,12,3,0,56.97
7081,2824,1,1,20,31.99
7082,2824,24,3,0,53.97
7083,2825,1,1,0,39.99
7084,2825,5,3,0,449.97
7085,2825,9,2,0,45.98
7086,2825,10,3,0,134.97
7087,2826,5,2,10,269.98
7088,2826,16,1,0,44.99
7089,2827,13,2,0,159.98
7090,2827,3,1,0,19.99
7091,2827,15,2,0,129.98
7092,2827,5,1,0,149.99
7093,2828,14,1,0,99.99
7094,2828,4,3,10,67.47
7095,2828,11,1,10,24.29
7096,2828,22,1,0,21.99
7097,2829,12,1,20,15.19
7098,2830,8,1,0,89.99
7099,2830,21,2,10,59.38
7100,2830,19,3,0,83.97
7101,2831,15,1,10,58.49
7102,2831,16,3,0,134.97
7103,2831,7,1,10,26.99
7104,2832,15,3,10,175.47
7105,2832,4,1,20,19.99
7106,2833,10,1,0,44.99
7107,2834,6,3,0,104.97
7108,2834,2,3,10,161.97
7109,2835,1,3,0,119.97
7110,2836,13,2,0,159.98
7111,2836,9,1,10,20.69
7112,2837,9,1,0,22.99
7113,2838,21,1,0,32.99
7114,2839,13,2,0,159.98
7115,2839,23,3,0,389.97
7116,2839,17,3,0,104.97
7117,2839,8,2,20,143.98
7118,2840,2,3,20,143.98
7119,2841,7,1,0,29.99
7120,2841,2,1,10,53.99
7121,2841,1,1,10,35.99
7122,2842,21,2,0,65.98
7123,2842,16,3,0,134.97
7124,2842,15,2,0,129.98
7125,2842,11,3,0,80.97
7126,2843,10,2,10,80.98
7127,2843,9,1,0,22.99
7128,2844,21,3,0,98.97
7129,2844,22,1,0,21.99
7130,2844,14,3,0,299.97
7131,2845,11,3,0,80.97
7132,2845,16,3,15,114.72
7133,2845,7,2,0,59.98
7134,2845,3,3,0,59.97
7135,2846,19,2,0,55.98
7136,2846,14,3,20,239.98
7137,2846,11,1,10,24.29
7138,2847,6,2,10,62.98
7139,2847,19,3,0,83.97
7140,2848,6,2,0,69.98
7141,2848,5,2,0,299.98
7142,2849,24,3,0,53.97
7143,2849,7,2,0,59.98
7144,2849,15,1,0,64.99
7145,2850,10,3,15,114.72
7146,2850,7,1,0,29.99
7147,2850,2,1,10,53.99
7148,2850,6,1,0,34.99
7149,2851,12,1,0,18.99
7150,2851,21,3,0,98.97
7151,2852,2,3,10,161.97
7152,2852,3,2,0,39.98
7153,2852,23,1,0,129.99
7154,2853,22,1,10,19.79
7155,2853,21,3,0,98.97
7156,2853,19,1,10,25.19
7157,2853,11,3,0,80.97
7158,2854,15,3,0,194.97
7159,2855,13,3,0,239.97
7160,2855,20,3,15,50.97
7161,2855,10,3,20,107.98
7162,2855,23,3,0,389.97
7163,2856,22,2,20,35.18
7164,2856,24,1,0,17.99
7165,2857,21,3,0,98.97
7166,2857,14,1,0,99.99
7167,2857,6,3,10,94.47
7168,2858,11,3,15,68.82
7169,2858,15,2,0,129.98
7170,2859,18,2,20,23.98
7171,2859,23,3,10,350.97
7172,2859,20,2,0,39.98
7173,2859,6,3,10,94.47
7174,2860,14,2,0,199.98
7175,2860,13,2,0,159.98
7176,2860,4,3,0,74.97
7177,2860,2,3,0,179.97
7178,2861,6,3,10,94.47
7179,2861,17,3,0,104.97
7180,2861,18,2,20,23.98
7181,2861,13,3,20,191.98
7182,2862,1,3,10,107.97
7183,2862,8,3,0,269.97
7184,2862,22,3,20,52.78
7185,2863,3,2,0,39.98
7186,2863,8,3,20,215.98
7187,2863,22,1,10,19.79
7188,2863,10,1,15,38.24
7189,2864,19,2,0,55.98
7190,2864,24,1,15,15.29
7191,2864,7,3,15,76.47
7192,2864,9,1,0,22.99
7193,2865,21,3,15,84.12
7194,2865,20,1,10,17.99
7195,2866,3,2,0,39.98
7196,2867,8,1,0,89.99
7197,2867,19,1,0,27.99
7198,2868,21,2,10,59.38
7199,2868,22,3,0,65.97
7200,2868,7,1,0,29.99
7201,2868,3,1,0,19.99
7202,2869,16,1,10,40.49
7203,2869,6,3,0,104.97
7204,2869,2,1,0,59.99
7205,2869,4,2,0,49.98
7206,2870,1,3,0,119.97
7207,2871,15,2,15,110.48
7208,2872,10,2,20,71.98
7209,2872,17,3,20,83.98
7210,2872,8,2,0,179.98
7211,2873,10,1,0,44.99
7212,2873,14,3,0,299.97
7213,2873,20,3,10,53.97
7214,2873,4,2,0,49.98
7215,2874,2,1,0,59.99
7216,2874,9,1,10,20.69
7217,2875,10,3,0,134.97
7218,2875,21,1,0,32.99
7219,2876,22,3,0,65.97
7220,2876,1,2,10,71.98
7221,2876,12,3,0,56.97
7222,2876,20,3,10,53.97
7223,2877,13,3,15,203.97
7224,2877,6,1,0,34.99
7225,2877,12,1,0,18.99
7226,2877,5,2,0,299.98
7227,2878,6,2,10,62.98
7228,2878,13,1,10,71.99
7229,2879,4,2,20,39.98
7230,2880,24,1,0,17.99
7231,2880,5,2,0,299.98
7232,2880,20,2,15,33.98
7233,2880,1,1,0,39.99
7234,2881,6,3,0,104.97
7235,2881,2,1,0,59.99
7236,2882,7,2,20,47.98
7237,2882,21,1,0,32.99
7238,2882,1,1,0,39.99
7239,2883,2,3,0,179.97
7240,2884,1,3,0,119.97
7241,2884,17,3,0,104.97
7242,2884,9,2,0,45.98
7243,2885,14,2,0,199.98
7244,2885,15,1,0,64.99
7245,2885,20,3,0,59.97
7246,2886,9,2,20,36.78
7247,2886,22,1,0,21.99
7248,2886,10,3,15,114.72
7249,2886,2,1,0,59.99
7250,2887,21,3,0,98.97
7251,2887,20,1,0,19.99
7252,2887,15,1,15,55.24
7253,2887,8,3,20,215.98
7254,2888,3,1,0,19.99
7255,2889,13,1,0,79.99
7256,2889,18,3,0,44.97
7257,2890,13,2,0,159.98
7258,2891,16,1,0,44.99
7259,2891,3,3,0,59.97
7260,2891,24,3,0,53.97
7261,2892,17,3,10,94.47
7262,2892,18,1,15,12.74
7263,2892,13,2,15,135.98
7264,2892,7,2,10,53.98
7265,2893,18,1,0,14.99
7266,2893,22,3,0,65.97
7267,2893,3,3,0,59.97
7268,2894,11,2,10,48.58
7269,2894,23,2,0,259.98
7270,2894,14,2,20,159.98
7271,2895,19,1,0,27.99
7272,2895,13,1,0,79.99
7273,2895,24,1,0,17.99
7274,2896,15,1,0,64.99
7275,2896,2,2,10,107.98
7276,2896,5,2,20,239.98
7277,2896,22,2,0,43.98
7278,2897,22,3,0,65.97
7279,2897,5,3,20,359.98
7280,2897,11,3,0,80.97
7281,2897,7,3,0,89.97
7282,2898,12,3,0,56.97
7283,2898,23,2,20,207.98
7284,2899,7,3,0,89.97
7285,2899,21,2,15,56.08
7286,2900,1,3,0,119.97
7287,2900,20,3,0,59.97
7288,2900,8,3,10,242.97
7289,2901,10,3,0,134.97
7290,2901,18,3,0,44.97
7291,2901,9,2,10,41.38
7292,2901,5,2,10,269.98
7293,2902,20,3,10,53.97
7294,2902,3,2,10,35.98
7295,2903,16,2,20,71.98
7296,2903,8,1,15,76.49
7297,2904,21,2,0,65.98
7298,2904,6,1,0,34.99
7299,2904,2,1,0,59.99
7300,2904,4,3,15,63.72
7301,2905,9,2,0,45.98
7302,2905,23,2,0,259.98
7303,2906,6,1,0,34.99
7304,2906,7,2,0,59.98
7305,2906,12,3,0,56.97
7306,2906,15,3,20,155.98
7307,2907,5,2,0,299.98
7308,2907,3,3,0,59.97
7309,2907,4,3,0,74.97
7310,2908,21,3,0,98.97
7311,2909,13,1,15,67.99
7312,2909,8,1,0,89.99
7313,2909,17,1,0,34.99
7314,2910,9,2,0,45.98
7315,2910,22,3,0,65.97
7316,2911,9,3,0,68.97
7317,2911,15,1,10,58.49
7318,2912,12,2,0,37.98
7319,2912,21,1,0,32.99
7320,2912,19,2,15,47.58
7321,2912,4,2,0,49.98
7322,2913,9,3,0,68.97
7323,2913,16,3,15,114.72
7324,2914,18,3,0,44.97
7325,2914,6,1,0,34.99
7326,2914,9,3,0,68.97
7327,2914,11,2,0,53.98
7328,2915,24,3,10,48.57
7329,2915,16,2,20,71.98
7330,2916,21,1,20,26.39
7331,2917,14,1,10,89.99
7332,2917,24,2,15,30.58
7333,2917,19,3,10,75.57
7334,2917,13,1,10,71.99
7335,2918,3,2,0,39.98
7336,2918,17,3,10,94.47
7337,2919,3,3,0,59.97
7338,2919,9,1,20,18.39
7339,2919,15,2,0,129.98
7340,2919,12,3,20,45.58
7341,2920,9,1,0,22.99
7342,2921,17,1,20,27.99
7343,2921,8,1,0,89.99
7344,2921,21,1,0,32.99
7345,2921,5,3,10,404.97
7346,2922,15,3,0,194.97
7347,2923,17,1,10,31.49
7348,2923,9,2,0,45.98
7349,2923,6,2,0,69.98
7350,2923,2,2,0,119.98
7351,2924,6,2,0,69.98
7352,2924,8,2,0,179.98
7353,2924,23,1,0,129.99
7354,2924,18,2,10,26.98
7355,2925,15,2,10,116.98
7356,2925,11,1,15,22.94
7357,2925,22,2,10,39.58
7358,2926,1,2,0,79.98
7359,2926,11,3,0,80.97
7360,2927,16,2,10,80.98
7361,2928,20,3,10,53.97
7362,2928,9,1,0,22.99
7363,2929,11,3,0,80.97
7364,2929,14,1,0,99.99
7365,2930,20,3,0,59.97
7366,2930,21,3,0,98.97
7367,2930,13,2,0,159.98
7368,2930,14,2,20,159.98
7369,2931,11,1,0,26.99
7370,2931,3,1,0,19.99
7371,2931,6,3,0,104.97
7372,2931,2,2,15,101.98
7373,2932,5,2,0,299.98
7374,2933,20,2,0,39.98
7375,2933,21,1,0,32.99
7376,2933,8,2,10,161.98
7377,2934,2,2,20,95.98
7378,2934,15,2,10,116.98
7379,2934,24,2,0,35.98
7380,2935,18,3,20,35.98
7381,2935,24,1,0,17.99
7382,2935,12,1,0,18.99
7383,2936,14,3,0,299.97
7384,2936,15,3,0,194.97
7385,2936,19,2,10,50.38
7386,2937,19,2,0,55.98
7387,2937,21,2,0,65.98
7388,2937,6,1,0,34.99
7389,2937,20,3,0,59.97
7390,2938,5,1,15,127.49
7391,2939,2,1,0,59.99
7392,2939,15,1,0,64.99
7393,2939,1,3,0,119.97
7394,2940,19,2,0,55.98
7395,2940,24,3,0,53.97
7396,2940,11,1,10,24.29
7397,2940,16,1,10,40.49
7398,2941,6,2,0,69.98
7399,2941,20,1,10,17.99
7400,2941,10,3,0,134.97
7401,2942,5,1,0,149.99
7402,2942,1,2,0,79.98
7403,2942,13,3,0,239.97
7404,2943,5,2,20,239.98
7405,2943,17,3,15,89.22
7406,2943,6,1,10,31.49
7407,2943,21,3,0,98.97
7408,2944,16,1,15,38.24
7409,2945,7,3,0,89.97
7410,2945,24,3,15,45.87
7411,2946,8,2,0,179.98
7412,2946,14,1,10,89.99
7413,2946,21,3,10,89.07
7414,2947,24,1,10,16.19
7415,2948,16,2,0,89.98
7416,2948,24,2,0,35.98
7417,2948,14,2,0,199.98
7418,2948,15,2,0,129.98
7419,2949,9,1,10,20.69
7420,2949,17,3,0,104.97
7421,2950,4,1,0,24.99
7422,2951,8,3,10,242.97
7423,2951,2,1,0,59.99
7424,2952,7,2,10,53.98
7425,2953,11,2,0,53.98
7426,2953,24,2,0,35.98
7427,2953,1,2,0,79.98
7428,2954,23,3,20,311.98
7429,2954,4,3,15,63.72
7430,2954,11,2,15,45.88
7431,2955,14,2,0,199.98
7432,2956,22,3,15,56.07
7433,2956,5,3,0,449.97
7434,2956,15,1,0,64.99
7435,2957,16,1,10,40.49
7436,2957,6,1,0,34.99
7437,2957,12,2,0,37.98
7438,2958,6,2,0,69.98
7439,2959,19,3,15,71.37
7440,2960,3,3,0,59.97
7441,2960,13,3,0,239.97
7442,2960,22,3,10,59.37
7443,2961,22,2,0,43.98
7444,2961,10,3,0,134.97
7445,2961,14,2,0,199.98
7446,2961,9,2,0,45.98
7447,2962,16,2,0,89.98
7448,2962,18,1,10,13.49
7449,2962,12,3,0,56.97
7450,2962,11,2,0,53.98
7451,2963,22,2,0,43.98
7452,2964,14,1,10,89.99
7453,2964,16,2,20,71.98
7454,2965,23,2,10,233.98
7455,2966,21,2,0,65.98
7456,2967,22,1,0,21.99
7457,2968,1,3,10,107.97
7458,2968,24,3,10,48.57
7459,2968,16,2,15,76.48
7460,2969,12,3,0,56.97
7461,2969,10,3,15,114.72
7462,2969,21,1,10,29.69
7463,2969,6,2,0,69.98
7464,2970,12,3,0,56.97
7465,2971,12,2,10,34.18
7466,2972,14,2,0,199.98
7467,2972,22,3,15,56.07
7468,2972,3,1,0,19.99
7469,2973,13,2,10,143.98
7470,2973,9,2,0,45.98
7471,2974,4,3,0,74.97
7472,2974,3,1,0,19.99
7473,2974,8,2,20,143.98
7474,2974,7,1,0,29.99
7475,2975,3,3,10,53.97
7476,2975,5,3,0,449.97
7477,2976,19,3,0,83.97
7478,2976,16,3,10,121.47
7479,2976,18,2,10,26.98
7480,2976,10,1,0,44.99
7481,2977,21,1,0,32.99
7482,2977,2,1,0,59.99
7483,2977,9,2,15,39.08
7484,2977,23,3,0,389.97
7485,2978,4,1,0,24.99
7486,2979,4,2,0,49.98
7487,2980,19,3,15,71.37
7488,2981,17,2,10,62.98
7489,2982,14,1,0,99.99
7490,2983,14,3,10,269.97
7491,2983,16,2,0,89.98
7492,2983,7,2,10,53.98
7493,2984,3,1,15,16.99
7494,2984,1,3,0,119.97
7495,2984,10,3,0,134.97
7496,2985,10,1,10,40.49
7497,2985,17,2,15,59.48
7498,2986,5,1,10,134.99
7499,2986,22,2,0,43.98
7500,2986,24,3,0,53.97
7501,2987,18,3,15,38.22
7502,2987,1,3,10,107.97
7503,2988,5,2,0,299.98
7504,2988,22,3,20,52.78
7505,2988,3,1,10,17.99
7506,2988,18,1,10,13.49
7507,2989,15,2,10,116.98
7508,2990,13,3,0,239.97
7509,2990,8,1,0,89.99
7510,2990,21,3,0,98.97
7511,2990,24,2,20,28.78
7512,2991,1,2,10,71.98
7513,2991,7,3,0,89.97
7514,2991,22,3,10,59.37
7515,2992,12,1,10,17.09
7516,2992,7,1,10,26.99
7517,2992,21,1,10,29.69
7518,2992,23,3,0,389.97
7519,2993,14,3,10,269.97
7520,2993,15,1,15,55.24
7521,2993,4,3,0,74.97
7522,2994,18,1,10,13.49
7523,2994,2,2,0,119.98
7524,2994,15,2,15,110.48
7525,2994,3,3,0,59.97
7526,2995,6,3,0,104.97
7527,2995,24,3,15,45.87
7528,2995,20,1,20,15.99
7529,2996,19,2,0,55.98
7530,2996,15,1,0,64.99
7531,2996,16,3,0,134.97
7532,2997,12,1,10,17.09
7533,2997,5,2,0,299.98
7534,2997,17,3,10,94.47
7535,2997,6,3,0,104.97
7536,2998,5,3,0,449.97
7537,2999,7,2,10,53.98
7538,2999,22,2,0,43.98
7539,2999,24,2,15,30.58
7540,3000,18,2,10,26.98
7541,3000,14,1,10,89.99
7542,3001,23,2,0,259.98
7543,3002,17,3,10,94.47
7544,3002,7,3,10,80.97
7545,3002,5,2,20,239.98
7546,3002,19,3,10,75.57
7547,3003,19,2,0,55.98
7548,3004,13,3,0,239.97
7549,3004,4,1,10,22.49
7550,3004,18,2,0,29.98
7551,3004,11,2,0,53.98
7552,3005,21,1,0,32.99
7553,3005,23,3,0,389.97
7554,3006,13,2,0,159.98
7555,3006,16,1,0,44.99
7556,3006,14,2,0,199.98
7557,3006,8,2,0,179.98
7558,3007,16,1,0,44.99
7559,3007,1,3,0,119.97
7560,3007,15,2,10,116.98
7561,3007,21,2,0,65.98
7562,3008,19,2,0,55.98
7563,3008,14,2,0,199.98
7564,3009,3,2,10,35.98
7565,3009,13,1,0,79.99
7566,3010,14,3,0,299.97
7567,3010,18,1,10,13.49
7568,3010,21,1,10,29.69
7569,3011,18,2,0,29.98
7570,3011,4,1,0,24.99
7571,3011,2,3,15,152.97
7572,3011,6,2,15,59.48
7573,3012,16,3,0,134.97
7574,3012,17,2,0,69.98
7575,3012,2,2,0,119.98
7576,3013,20,1,0,19.99
7577,3013,15,1,20,51.99
7578,3013,24,3,0,53.97
7579,3014,7,2,0,59.98
7580,3014,17,3,0,104.97
7581,3014,11,2,10,48.58
7582,3014,9,2,0,45.98
7583,3015,18,3,0,44.97
7584,3016,19,1,0,27.99
7585,3016,13,1,0,79.99
7586,3016,16,1,0,44.99
7587,3017,21,2,10,59.38
7588,3017,23,1,0,129.99
7589,3017,6,3,10,94.47
7590,3018,24,2,0,35.98
7591,3018,1,3,0,119.97
7592,3018,19,1,0,27.99
7593,3019,24,3,0,53.97
7594,3020,22,2,0,43.98
7595,3020,14,3,0,299.97
7596,3020,15,1,15,55.24
7597,3020,13,3,0,239.97
7598,3021,7,2,0,59.98
7599,3022,18,2,10,26.98
7600,3022,7,3,0,89.97
7601,3022,15,3,0,194.97
7602,3022,10,1,0,44.99
7603,3023,21,3,15,84.12
7604,3023,20,3,0,59.97
7605,3024,16,1,0,44.99
7606,3025,4,2,0,49.98
7607,3025,8,1,0,89.99
7608,3025,3,2,0,39.98
7609,3026,23,3,0,389.97
7610,3026,22,1,10,19.79
7611,3027,17,2,15,59.48
7612,3027,15,2,0,129.98
7613,3028,8,1,0,89.99
7614,3028,22,1,0,21.99
7615,3029,20,3,0,59.97
7616,3030,13,2,10,143.98
7617,3030,11,2,0,53.98
7618,3031,16,1,10,40.49
7619,3031,9,2,0,45.98
7620,3031,23,2,0,259.98
7621,3031,12,1,0,18.99
7622,3032,11,3,0,80.97
7623,3032,5,3,0,449.97
7624,3033,4,2,0,49.98
7625,3033,11,1,10,24.29
7626,3033,24,3,15,45.87
7627,3034,10,1,10,40.49
7628,3034,24,1,10,16.19
7629,3034,14,3,0,299.97
7630,3034,16,3,0,134.97
7631,3035,19,1,0,27.99
7632,3036,11,1,20,21.59
7633,3036,17,2,10,62.98
7634,3036,14,2,0,199.98
7635,3036,2,3,0,179.97
7636,3037,8,3,20,215.98
7637,3037,10,2,0,89.98
7638,3038,11,2,10,48.58
7639,3039,13,3,0,239.97
7640,3039,7,3,0,89.97
7641,3040,15,2,0,129.98
7642,3040,3,3,10,53.97
7643,3041,19,2,0,55.98
7644,3041,15,1,20,51.99
7645,3041,24,1,10,16.19
7646,3041,9,1,0,22.99
7647,3042,16,3,0,134.97
7648,3042,18,3,0,44.97
7649,3042,15,1,20,51.99
7650,3043,3,3,0,59.97
7651,3043,23,3,10,350.97
7652,3043,6,1,15,29.74
7653,3044,6,3,0,104.97
7654,3044,12,3,0,56.97
7655,3044,8,3,0,269.97
7656,3044,22,2,0,43.98
7657,3045,11,3,15,68.82
7658,3045,18,1,0,14.99
7659,3046,12,1,0,18.99
7660,3046,13,1,0,79.99
7661,3047,22,1,0,21.99
7662,3047,10,2,0,89.98
7663,3047,20,3,20,47.98
7664,3048,17,3,0,104.97
7665,3048,19,1,0,27.99
7666,3048,23,3,10,350.97
7667,3048,14,1,0,99.99
7668,3049,13,1,0,79.99
7669,3049,10,2,0,89.98
7670,3049,21,3,0,98.97
7671,3050,12,2,0,37.98
7672,3050,18,3,10,40.47
7673,3051,13,1,0,79.99
7674,3051,7,1,0,29.99
7675,3052,6,3,10,94.47
7676,3052,24,1,20,14.39
7677,3052,13,3,15,203.97
7678,3052,5,2,10,269.98
7679,3053,22,3,0,65.97
7680,3053,16,1,0,44.99
7681,3053,10,1,0,44.99
7682,3054,8,1,0,89.99
7683,3055,8,1,0,89.99
7684,3055,13,2,15,135.98
7685,3055,14,2,0,199.98
7686,3055,6,1,0,34.99
7687,3056,5,1,10,134.99
7688,3056,6,1,10,31.49
7689,3056,19,3,0,83.97
7690,3056,12,2,0,37.98
7691,3057,24,2,15,30.58
7692,3057,2,2,0,119.98
7693,3057,22,1,10,19.79
7694,3057,6,2,0,69.98
7695,3058,24,2,15,30.58
7696,3059,3,2,10,35.98
7697,3059,1,3,0,119.97
7698,3059,14,2,20,159.98
7699,3060,3,2,0,39.98
7700,3060,14,1,20,79.99
7701,3061,17,1,0,34.99
7702,3061,19,3,0,83.97
7703,3062,21,1,10,29.69
7704,3063,1,3,10,107.97
7705,3063,6,2,10,62.98
7706,3063,8,3,0,269.97
7707,3064,18,1,10,13.49
7708,3064,11,1,0,26.99
7709,3064,8,1,0,89.99
7710,3065,9,1,0,22.99
7711,3065,24,3,10,48.57
7712,3065,3,2,10,35.98
7713,3066,6,3,20,83.98
7714,3067,21,3,0,98.97
7715,3067,6,3,0,104.97
7716,3067,2,1,15,50.99
7717,3068,4,1,0,24.99
7718,3069,11,1,0,26.99
7719,3070,9,3,0,68.97
7720,3070,24,3,0,53.97
7721,3071,12,3,10,51.27
7722,3071,2,2,0,119.98
7723,3072,18,3,20,35.98
7724,3072,8,2,0,179.98
7725,3073,12,3,0,56.97
7726,3073,9,1,15,19.54
7727,3073,7,3,10,80.97
7728,3073,20,3,0,59.97
7729,3074,17,2,10,62.98
7730,3075,21,3,0,98.97
7731,3075,8,2,15,152.98
7732,3075,5,2,20,239.98
7733,3075,19,2,20,44.78
7734,3076,11,1,0,26.99
7735,3077,4,3,0,74.97
7736,3077,2,2,0,119.98
7737,3078,23,1,0,129.99
7738,3079,1,1,10,35.99
7739,3080,17,3,20,83.98
7740,3080,13,1,0,79.99
7741,3080,11,2,0,53.98
7742,3081,15,1,0,64.99
7743,3082,16,1,0,44.99
7744,3082,9,1,0,22.99
7745,3082,4,1,0,24.99
7746,3083,5,3,10,404.97
7747,3083,18,1,0,14.99
7748,3083,22,3,0,65.97
7749,3084,13,3,0,239.97
7750,3084,20,2,0,39.98
7751,3085,18,3,10,40.47
7752,3085,10,2,0,89.98
7753,3085,2,2,0,119.98
7754,3085,7,2,0,59.98
7755,3086,8,2,0,179.98
7756,3087,20,1,10,17.99
7757,3087,17,1,0,34.99
7758,3088,24,2,0,35.98
7759,3088,23,3,0,389.97
7760,3089,8,1,0,89.99
7761,3089,10,3,15,114.72
7762,3089,23,2,15,220.98
7763,3089,1,2,0,79.98
7764,3090,22,2,15,37.38
7765,3090,21,1,0,32.99
7766,3091,19,2,0,55.98
7767,3092,11,1,10,24.29
7768,3092,19,1,10,25.19
7769,3092,16,1,10,40.49
7770,3092,15,3,0,194.97
7771,3093,18,1,0,14.99
7772,3093,24,3,0,53.97
7773,3093,19,1,10,25.19
7774,3093,4,2,20,39.98
7775,3094,7,3,20,71.98
7776,3094,2,1,15,50.99
7777,3094,16,3,10,121.47
7778,3095,19,3,0,83.97
7779,3095,4,1,0,24.99
7780,3095,13,2,10,143.98
7781,3095,11,1,0,26.99
7782,3096,18,1,20,11.99
7783,3096,23,2,0,259.98
7784,3096,14,2,10,179.98
7785,3096,15,3,15,165.72
7786,3097,6,2,10,62.98
7787,3098,21,3,20,79.18
7788,3098,6,3,0,104.97
7789,3098,9,2,0,45.98
7790,3099,22,2,0,43.98
7791,3099,18,3,0,44.97
7792,3099,11,3,10,72.87
7793,3100,7,2,0,59.98
7794,3100,4,2,0,49.98
7795,3100,17,1,0,34.99
7796,3100,11,3,15,68.82
7797,3101,9,3,0,68.97
7798,3102,2,2,0,119.98
7799,3102,15,1,10,58.49
7800,3102,12,1,0,18.99
7801,3103,15,3,0,194.97
7802,3104,6,3,0,104.97
7803,3104,24,2,10,32.38
7804,3105,24,2,20,28.78
7805,3105,9,3,0,68.97
7806,3106,12,3,20,45.58
7807,3106,4,2,10,44.98
7808,3107,9,2,0,45.98
7809,3107,15,2,15,110.48
7810,3107,24,3,20,43.18
7811,3108,2,3,0,179.97
7812,3109,21,1,10,29.69
7813,3109,23,3,15,331.47
7814,3109,19,2,0,55.98
7815,3110,1,2,20,63.98
7816,3110,21,3,0,98.97
7817,3110,4,1,20,19.99
7818,3110,16,1,0,44.99
7819,3111,4,3,0,74.97
7820,3111,7,2,0,59.98
7821,3111,14,1,0,99.99
7822,3112,15,3,10,175.47
7823,3112,19,2,0,55.98
7824,3113,1,1,20,31.99
7825,3113,14,2,0,199.98
7826,3113,10,3,10,121.47
7827,3114,17,3,0,104.97
7828,3114,18,3,0,44.97
7829,3115,15,1,10,58.49
7830,3115,2,2,0,119.98
7831,3116,19,2,0,55.98
7832,3116,3,2,0,39.98
7833,3117,2,3,0,179.97
7834,3117,10,3,0,134.97
7835,3117,13,1,0,79.99
7836,3117,15,1,0,64.99
7837,3118,2,2,20,95.98
7838,3118,22,1,0,21.99
7839,3118,6,3,10,94.47
7840,3119,5,1,15,127.49
7841,3119,22,3,0,65.97
7842,3120,10,2,0,89.98
7843,3120,21,3,0,98.97
7844,3120,1,1,10,35.99
7845,3121,19,1,10,25.19
7846,3121,9,3,10,62.07
7847,3121,8,1,0,89.99
7848,3121,11,3,0,80.97
7849,3122,11,2,0,53.98
7850,3123,18,2,0,29.98
7851,3123,21,2,0,65.98
7852,3123,13,1,0,79.99
7853,3123,10,1,0,44.99
7854,3124,16,1,10,40.49
7855,3124,1,2,0,79.98
7856,3124,12,2,0,37.98
7857,3125,3,2,20,31.98
7858,3125,5,3,0,449.97
7859,3125,7,3,0,89.97
7860,3126,18,1,15,12.74
7861,3126,13,1,0,79.99
7862,3126,20,1,0,19.99
7863,3127,3,3,15,50.97
7864,3127,12,2,10,34.18
7865,3127,16,2,0,89.98
7866,3128,19,1,15,23.79
7867,3128,11,1,0,26.99
7868,3128,7,1,0,29.99
7869,3129,17,3,0,104.97
7870,3129,21,2,0,65.98
7871,3129,1,1,0,39.99
7872,3130,13,2,10,143.98
7873,3131,11,2,20,43.18
7874,3131,8,2,0,179.98
7875,3131,5,3,0,449.97
7876,3131,22,1,0,21.99
7877,3132,3,1,10,17.99
7878,3132,20,3,10,53.97
7879,3132,18,3,0,44.97
7880,3132,9,2,10,41.38
7881,3133,5,2,0,299.98
7882,3134,1,1,0,39.99
7883,3134,24,1,0,17.99
7884,3135,11,3,20,64.78
7885,3136,1,3,15,101.97
7886,3136,7,2,20,47.98
7887,3136,10,3,15,114.72
7888,3137,11,2,20,43.18
7889,3138,19,1,10,25.19
7890,3138,2,1,0,59.99
7891,3138,21,3,0,98.97
7892,3138,6,2,0,69.98
7893,3139,6,2,20,55.98
7894,3140,5,1,10,134.99
7895,3140,17,3,10,94.47
7896,3140,4,3,0,74.97
7897,3141,2,2,10,107.98
7898,3141,15,3,10,175.47
7899,3142,20,2,0,39.98
7900,3142,3,3,0,59.97
7901,3142,6,1,0,34.99
7902,3143,12,3,20,45.58
7903,3143,14,1,10,89.99
7904,3143,22,2,0,43.98
7905,3143,16,3,10,121.47
7906,3144,2,3,0,179.97
7907,3144,10,2,0,89.98
7908,3144,8,1,0,89.99
7909,3145,5,2,0,299.98
7910,3145,24,1,10,16.19
7911,3145,23,1,0,129.99
7912,3145,19,1,20,22.39
7913,3146,13,2,0,159.98
7914,3146,9,1,10,20.69
7915,3146,4,3,0,74.97
7916,3146,6,2,0,69.98
7917,3147,17,3,0,104.97
7918,3148,19,2,15,47.58
7919,3148,8,1,0,89.99
7920,3149,5,2,0,299.98
7921,3149,22,2,0,43.98
7922,3149,21,3,0,98.97
7923,3150,12,1,0,18.99
7924,3150,13,3,0,239.97
7925,3150,20,1,20,15.99
7926,3150,7,2,10,53.98
7927,3151,6,2,0,69.98
7928,3152,20,3,10,53.97
7929,3152,24,2,20,28.78
7930,3153,6,1,15,29.74
7931,3154,3,1,0,19.99
7932,3154,22,2,15,37.38
7933,3154,1,1,0,39.99
7934,3154,14,2,10,179.98
7935,3155,12,1,0,18.99
7936,3155,22,3,0,65.97
7937,3156,24,1,0,17.99
7938,3157,17,2,15,59.48
7939,3158,19,2,10,50.38
7940,3158,21,3,0,98.97
7941,3158,2,2,10,107.98
7942,3158,14,1,10,89.99
7943,3159,22,1,0,21.99
7944,3160,8,3,0,269.97
7945,3160,24,1,10,16.19
7946,3160,15,3,0,194.97
7947,3161,21,3,20,79.18
7948,3161,8,1,0,89.99
7949,3161,7,1,0,29.99
7950,3162,5,2,0,299.98
7951,3162,12,1,0,18.99
7952,3162,16,2,0,89.98
7953,3163,4,3,0,74.97
7954,3163,22,2,0,43.98
7955,3164,17,1,0,34.99
7956,3164,10,2,0,89.98
7957,3164,14,1,0,99.99
7958,3165,18,1,10,13.49
7959,3165,17,3,0,104.97
7960,3165,10,2,20,71.98
7961,3165,6,3,10,94.47
7962,3166,12,3,10,51.27
7963,3166,22,2,0,43.98
7964,3167,22,1,0,21.99
7965,3167,19,1,0,27.99
7966,3168,10,2,10,80.98
7967,3168,14,3,10,269.97
7968,3168,3,3,20,47.98
7969,3169,17,3,10,94.47
7970,3169,22,1,10,19.79
7971,3169,3,3,20,47.98
7972,3169,19,1,15,23.79
7973,3170,21,1,10,29.69
7974,3170,11,1,0,26.99
7975,3170,19,3,0,83.97
7976,3171,21,3,0,98.97
7977,3171,2,1,0,59.99
7978,3171,3,3,0,59.97
7979,3172,12,2,10,34.18
7980,3172,10,3,0,134.97
7981,3172,19,2,0,55.98
7982,3172,20,3,0,59.97
7983,3173,1,1,0,39.99
7984,3174,22,2,0,43.98
7985,3174,14,1,0,99.99
7986,3174,20,2,0,39.98
7987,3174,2,1,0,59.99
7988,3175,19,3,0,83.97
7989,3176,22,3,0,65.97
7990,3177,6,3,15,89.22
7991,3177,9,2,15,39.08
7992,3177,22,3,10,59.37
7993,3177,16,2,0,89.98
7994,3178,17,2,0,69.98
7995,3178,7,1,0,29.99
7996,3178,2,1,10,53.99
7997,3179,9,1,0,22.99
7998,3179,7,2,0,59.98
7999,3180,16,3,10,121.47
8000,3180,15,1,0,64.99
8001,3180,7,2,0,59.98
8002,3180,9,2,0,45.98
8003,3181,23,2,0,259.98
8004,3181,21,2,0,65.98
8005,3181,19,2,0,55.98
8006,3182,3,1,0,19.99
8007,3182,22,2,20,35.18
8008,3182,19,2,15,47.58
8009,3182,20,2,10,35.98
8010,3183,16,1,0,44.99
8011,3183,5,1,0,149.99
8012,3183,24,1,0,17.99
8013,3184,7,1,0,29.99
8014,3185,23,2,0,259.98
8015,3185,5,3,10,404.97
8016,3185,12,2,0,37.98
8017,3186,24,1,10,16.19
8018,3187,21,2,15,56.08
8019,3187,20,2,0,39.98
8020,3188,6,3,0,104.97
8021,3189,22,3,20,52.78
8022,3189,13,1,10,71.99
8023,3190,11,2,0,53.98
8024,3190,13,1,0,79.99
8025,3190,23,1,10,116.99
8026,3190,10,2,0,89.98
8027,3191,2,3,0,179.97
8028,3192,2,2,10,107.98
8029,3193,17,3,0,104.97
8030,3193,15,2,15,110.48
8031,3193,24,3,0,53.97
8032,3193,23,1,10,116.99
8033,3194,23,2,10,233.98
8034,3194,24,3,10,48.57
8035,3195,16,1,10,40.49
8036,3195,21,3,0,98.97
8037,3196,11,2,0,53.98
8038,3197,16,1,20,35.99
8039,3198,11,2,10,48.58
8040,3199,1,3,0,119.97
8041,3199,2,3,15,152.97
8042,3199,22,1,20,17.59
8043,3199,5,2,0,299.98
8044,3200,14,1,0,99.99
8045,3200,1,3,15,101.97
8046,3200,6,2,0,69.98
8047,3201,17,2,0,69.98
8048,3202,24,3,0,53.97
8049,3203,14,3,10,269.97
8050,3203,22,1,0,21.99
8051,3203,12,2,0,37.98
8052,3203,11,1,10,24.29
8053,3204,14,1,0,99.99
8054,3205,18,1,10,13.49
8055,3205,23,1,10,116.99
8056,3206,17,2,10,62.98
8057,3206,20,1,0,19.99
8058,3206,16,3,10,121.47
8059,3206,4,2,0,49.98
8060,3207,24,2,0,35.98
8061,3207,16,2,0,89.98
8062,3207,9,2,10,41.38
8063,3208,1,1,20,31.99
8064,3209,11,2,10,48.58
8065,3209,13,3,10,215.97
8066,3209,24,3,0,53.97
8067,3209,10,1,0,44.99
8068,3210,16,1,0,44.99
8069,3210,20,2,0,39.98
8070,3210,9,3,0,68.97
8071,3210,14,2,0,199.98
8072,3211,11,2,0,53.98
8073,3211,8,3,0,269.97
8074,3211,10,1,0,44.99
8075,3211,15,2,0,129.98
8076,3212,6,1,0,34.99
8077,3212,17,1,0,34.99
8078,3212,4,2,0,49.98
8079,3212,20,3,0,59.97
8080,3213,11,1,0,26.99
8081,3214,9,2,0,45.98
8082,3215,21,3,0,98.97
8083,3215,19,2,20,44.78
8084,3215,14,2,0,199.98
8085,3215,6,2,0,69.98
8086,3216,15,2,0,129.98
8087,3217,20,3,0,59.97
8088,3217,15,2,0,129.98
8089,3218,21,1,0,32.99
8090,3218,12,3,10,51.27
8091,3218,15,2,20,103.98
8092,3219,3,2,0,39.98
8093,3219,14,2,0,199.98
8094,3219,8,2,0,179.98
8095,3219,19,1,0,27.99
8096,3220,17,3,0,104.97
8097,3220,9,2,0,45.98
8098,3221,18,3,15,38.22
8099,3222,5,1,15,127.49
8100,3222,24,1,10,16.19
8101,3223,19,2,0,55.98
8102,3223,1,1,0,39.99
8103,3223,11,2,0,53.98
8104,3224,24,3,0,53.97
8105,3224,19,2,20,44.78
8106,3224,3,2,0,39.98
8107,3225,5,1,10,134.99
8108,3226,14,2,0,199.98
8109,3227,23,3,20,311.98
8110,3227,12,2,20,30.38
8111,3228,19,2,20,44.78
8112,3229,20,2,20,31.98
8113,3230,21,3,15,84.12
8114,3230,16,1,10,40.49
8115,3230,17,2,20,55.98
8116,3231,8,2,0,179.98
8117,3231,2,3,15,152.97
8118,3231,19,3,0,83.97
8119,3231,16,2,15,76.48
8120,3232,17,3,10,94.47
8121,3232,11,2,20,43.18
8122,3232,1,3,0,119.97
8123,3232,2,3,0,179.97
8124,3233,22,1,0,21.99
8125,3234,23,2,0,259.98
8126,3234,5,2,0,299.98
8127,3235,1,3,0,119.97
8128,3235,11,1,10,24.29
8129,3236,15,2,0,129.98
8130,3237,18,3,10,40.47
8131,3237,3,3,0,59.97
8132,3237,23,1,20,103.99
8133,3238,16,2,10,80.98
8134,3239,12,1,10,17.09
8135,3240,20,1,10,17.99
8136,3240,12,3,10,51.27
8137,3241,2,3,0,179.97
8138,3241,14,1,0,99.99
8139,3242,18,1,0,14.99
8140,3242,8,3,20,215.98
8141,3242,15,1,0,64.99
8142,3242,1,3,10,107.97
8143,3243,10,1,0,44.99
8144,3243,3,2,0,39.98
8145,3244,19,3,0,83.97
8146,3244,2,1,0,59.99
8147,3245,14,1,0,99.99
8148,3245,17,1,0,34.99
8149,3246,2,2,0,119.98
8150,3246,13,2,10,143.98
8151,3246,16,3,20,107.98
8152,3246,12,2,0,37.98
8153,3247,16,1,0,44.99
8154,3247,22,1,0,21.99
8155,3247,5,3,0,449.97
8156,3247,12,3,10,51.27
8157,3248,11,1,0,26.99
8158,3248,17,2,0,69.98
8159,3248,15,2,10,116.98
8160,3249,5,2,20,239.98
8161,3250,12,1,10,17.09
8162,3251,13,1,0,79.99
8163,3251,1,3,15,101.97
8164,3251,17,1,0,34.99
8165,3251,22,2,10,39.58
8166,3252,1,2,10,71.98
8167,3252,23,2,0,259.98
8168,3252,9,1,15,19.54
8169,3253,2,3,0,179.97
8170,3253,21,3,0,98.97
8171,3253,18,2,15,25.48
8172,3254,21,2,0,65.98
8173,3255,11,3,0,80.97
8174,3255,14,3,15,254.97
8175,3256,21,1,0,32.99
8176,3256,13,2,0,159.98
8177,3257,12,3,0,56.97
8178,3257,11,1,0,26.99
8179,3257,17,1,0,34.99
8180,3258,21,2,0,65.98
8181,3258,22,3,15,56.07
8182,3258,6,3,10,94.47
8183,3259,22,1,10,19.79
8184,3259,20,3,0,59.97
8185,3260,9,3,20,55.18
8186,3261,16,1,0,44.99
8187,3261,21,3,0,98.97
8188,3261,6,1,10,31.49
8189,3261,11,1,0,26.99
8190,3262,19,3,20,67.18
8191,3263,18,1,15,12.74
8192,3263,4,3,0,74.97
8193,3263,8,3,0,269.97
8194,3263,1,1,0,39.99
8195,3264,11,2,20,43.18
8196,3264,9,2,0,45.98
8197,3264,14,1,0,99.99
8198,3265,5,2,0,299.98
8199,3266,6,2,20,55.98
8200,3266,19,3,10,75.57
8201,3267,2,3,10,161.97
8202,3267,18,3,10,40.47
8203,3267,21,1,0,32.99
8204,3268,16,1,15,38.24
8205,3268,4,1,0,24.99
8206,3268,14,1,0,99.99
8207,3269,11,2,0,53.98
8208,3269,2,2,0,119.98
8209,3269,9,2,10,41.38
8210,3269,4,3,10,67.47
8211,3270,24,2,0,35.98
8212,3270,20,3,15,50.97
8213,3270,10,1,15,38.24
8214,3270,12,3,15,48.42
8215,3271,5,3,15,382.47
8216,3271,1,2,0,79.98
8217,3271,20,2,20,31.98
8218,3271,7,3,0,89.97
8219,3272,22,2,0,43.98
8220,3272,14,3,0,299.97
8221,3272,1,2,0,79.98
8222,3272,23,2,0,259.98
8223,3273,7,2,0,59.98
8224,3274,18,1,0,14.99
8225,3275,4,2,0,49.98
8226,3275,23,1,0,129.99
8227,3275,12,2,0,37.98
8228,3276,5,1,0,149.99
8229,3276,16,3,0,134.97
8230,3276,11,1,0,26.99
8231,3277,23,2,0,259.98
8232,3277,1,1,0,39.99
8233,3278,22,1,0,21.99
8234,3278,20,1,10,17.99
8235,3279,6,2,0,69.98
8236,3279,15,2,20,103.98
8237,3279,8,2,0,179.98
8238,3279,5,2,15,254.98
8239,3280,19,3,15,71.37
8240,3281,10,3,0,134.97
8241,3281,19,3,10,75.57
8242,3281,22,1,0,21.99
8243,3281,5,2,0,299.98
8244,3282,14,3,20,239.98
8245,3282,17,1,20,27.99
8246,3282,9,2,0,45.98
8247,3282,23,3,0,389.97
8248,3283,6,1,0,34.99
8249,3283,2,1,20,47.99
8250,3284,16,2,0,89.98
8251,3285,7,3,10,80.97
8252,3286,17,1,0,34.99
8253,3287,6,1,0,34.99
8254,3288,20,1,0,19.99
8255,3289,7,2,0,59.98
8256,3289,3,3,15,50.97
8257,3289,4,3,0,74.97
8258,3290,9,2,0,45.98
8259,3290,3,1,0,19.99
8260,3291,17,2,15,59.48
8261,3292,10,2,0,89.98
8262,3293,5,2,0,299.98
8263,3293,10,3,0,134.97
8264,3294,14,1,20,79.99
8265,3294,21,1,0,32.99
8266,3295,17,2,0,69.98
8267,3296,21,3,10,89.07
8268,3296,1,3,0,119.97
8269,3296,13,3,20,191.98
8270,3296,5,2,10,269.98
8271,3297,2,2,0,119.98
8272,3297,18,2,0,29.98
8273,3297,7,3,20,71.98
8274,3298,8,3,10,242.97
8275,3298,16,2,0,89.98
8276,3298,7,2,10,53.98
8277,3298,2,3,0,179.97
8278,3299,1,2,15,67.98
8279,3299,2,3,10,161.97
8280,3300,16,1,10,40.49
8281,3301,10,2,10,80.98
8282,3301,17,3,0,104.97
8283,3301,11,3,10,72.87
8284,3301,21,1,0,32.99
8285,3302,6,1,0,34.99
8286,3302,5,3,0,449.97
8287,3302,20,3,0,59.97
8288,3303,4,2,0,49.98
8289,3304,16,1,10,40.49
8290,3304,12,3,0,56.97
8291,3304,10,2,0,89.98
8292,3305,2,2,15,101.98
8293,3306,24,2,0,35.98
8294,3306,9,2,20,36.78
8295,3307,21,2,15,56.08
8296,3307,12,2,0,37.98
8297,3307,1,3,0,119.97
8298,3308,24,3,0,53.97
8299,3308,15,1,0,64.99
8300,3308,2,1,0,59.99
8301,3308,20,1,10,17.99
8302,3309,10,1,0,44.99
8303,3310,9,1,0,22.99
8304,3310,1,1,0,39.99
8305,3310,4,3,10,67.47
8306,3310,2,1,0,59.99
8307,3311,6,3,0,104.97
8308,3311,13,2,10,143.98
8309,3311,2,1,10,53.99
8310,3311,22,2,15,37.38
8311,3312,10,1,20,35.99
8312,3313,3,2,0,39.98
8313,3314,11,2,0,53.98
8314,3314,15,1,10,58.49
8315,3314,24,3,0,53.97
8316,3315,1,2,0,79.98
8317,3316,21,1,15,28.04
8318,3316,12,1,0,18.99
8319,3317,8,1,0,89.99
8320,3317,12,1,0,18.99
8321,3317,6,1,15,29.74
8322,3317,9,3,10,62.07
8323,3318,2,2,0,119.98
8324,3319,10,1,20,35.99
8325,3319,19,2,15,47.58
8326,3320,22,2,0,43.98
8327,3321,7,2,15,50.98
8328,3321,5,3,20,359.98
8329,3321,23,2,10,233.98
8330,3322,13,2,0,159.98
8331,3322,4,3,10,67.47
8332,3323,13,3,0,239.97
8333,3324,11,1,0,26.99
8334,3325,4,3,15,63.72
8335,3325,6,2,20,55.98
8336,3325,10,2,20,71.98
8337,3326,15,3,0,194.97
8338,3326,3,3,0,59.97
8339,3327,22,2,0,43.98
8340,3328,21,2,0,65.98
8341,3328,2,1,0,59.99
8342,3328,18,1,15,12.74
8343,3329,16,2,15,76.48
8344,3330,21,1,0,32.99
8345,3330,2,1,0,59.99
8346,3331,22,3,10,59.37
8347,3332,1,2,0,79.98
8348,3332,8,2,0,179.98
8349,3333,1,1,0,39.99
8350,3334,10,3,0,134.97
8351,3334,5,2,0,299.98
8352,3334,13,1,15,67.99
8353,3335,7,1,0,29.99
8354,3335,9,3,10,62.07
8355,3335,23,1,15,110.49
8356,3336,11,2,0,53.98
8357,3336,10,3,0,134.97
8358,3336,22,1,20,17.59
8359,3336,13,1,10,71.99
8360,3337,5,1,0,149.99
8361,3337,24,3,0,53.97
8362,3337,3,1,0,19.99
8363,3338,20,2,20,31.98
8364,3338,5,2,0,299.98
8365,3338,8,1,0,89.99
8366,3339,7,2,10,53.98
8367,3339,8,2,0,179.98
8368,3339,4,2,0,49.98
8369,3340,4,2,20,39.98
8370,3340,23,3,0,389.97
8371,3340,7,1,10,26.99
8372,3341,21,3,0,98.97
8373,3341,4,2,0,49.98
8374,3342,18,3,0,44.97
8375,3342,14,3,0,299.97
8376,3342,19,1,0,27.99
8377,3342,22,3,0,65.97
8378,3343,21,2,0,65.98
8379,3343,9,2,0,45.98
8380,3343,10,2,10,80.98
8381,3344,8,1,0,89.99
8382,3344,14,2,0,199.98
8383,3344,20,2,0,39.98
8384,3344,16,2,15,76.48
8385,3345,11,3,0,80.97
8386,3345,2,1,0,59.99
8387,3345,9,3,0,68.97
8388,3345,1,2,10,71.98
8389,3346,9,3,0,68.97
8390,3346,21,3,0,98.97
8391,3346,1,3,10,107.97
8392,3346,24,2,0,35.98
8393,3347,17,3,0,104.97
8394,3347,3,3,0,59.97
8395,3348,24,3,10,48.57
8396,3348,20,1,0,19.99
8397,3349,3,3,0,59.97
8398,3350,6,3,15,89.22
8399,3350,24,3,0,53.97
8400,3350,16,3,20,107.98
8401,3350,17,3,10,94.47
8402,3351,3,1,20,15.99
8403,3351,4,1,0,24.99
8404,3352,18,1,0,14.99
8405,3352,5,1,0,149.99
8406,3353,12,3,10,51.27
8407,3353,1,1,0,39.99
8408,3354,23,1,0,129.99
8409,3354,4,1,0,24.99
8410,3354,9,3,0,68.97
8411,3354,3,1,0,19.99
8412,3355,9,2,10,41.38
8413,3355,6,1,10,31.49
8414,3355,4,1,0,24.99
8415,3355,22,3,0,65.97
8416,3356,21,1,10,29.69
8417,3356,17,3,0,104.97
8418,3356,15,2,0,129.98
8419,3357,22,1,20,17.59
8420,3357,11,3,15,68.82
8421,3358,12,3,0,56.97
8422,3358,23,2,10,233.98
8423,3358,24,3,10,48.57
8424,3359,16,2,0,89.98
8425,3359,7,2,0,59.98
8426,3360,14,3,10,269.97
8427,3361,3,2,0,39.98
8428,3361,8,3,15,229.47
8429,3362,2,1,0,59.99
8430,3362,4,1,0,24.99
8431,3363,9,3,0,68.97
8432,3363,13,3,15,203.97
8433,3364,6,1,0,34.99
8434,3365,2,2,10,107.98
8435,3365,18,3,10,40.47
8436,3366,7,1,0,29.99
8437,3366,19,3,20,67.18
8438,3366,4,3,15,63.72
8439,3367,4,1,0,24.99
8440,3367,8,3,0,269.97
8441,3368,17,1,10,31.49
8442,3369,3,1,0,19.99
8443,3369,12,2,15,32.28
8444,3369,4,2,0,49.98
8445,3369,20,3,0,59.97
8446,3370,18,1,0,14.99
8447,3370,1,2,20,63.98
8448,3371,18,1,0,14.99
8449,3371,4,1,0,24.99
8450,3372,13,2,0,159.98
8451,3372,6,1,0,34.99
8452,3372,10,2,15,76.48
8453,3373,12,3,20,45.58
8454,3373,11,3,0,80.97
8455,3374,22,1,10,19.79
8456,3375,19,3,0,83.97
8457,3375,21,2,0,65.98
8458,3376,16,1,20,35.99
8459,3376,19,3,0,83.97
8460,3376,18,2,0,29.98
8461,3377,4,1,10,22.49
8462,3377,11,2,10,48.58
8463,3377,8,2,0,179.98
8464,3378,21,3,10,89.07
8465,3379,4,3,10,67.47
8466,3380,4,3,0,74.97
8467,3381,16,3,0,134.97
8468,3381,7,1,0,29.99
8469,3382,15,1,10,58.49
8470,3383,1,1,15,33.99
8471,3383,14,3,0,299.97
8472,3384,12,1,0,18.99
8473,3384,17,1,0,34.99
8474,3384,5,2,0,299.98
8475,3385,14,2,0,199.98
8476,3385,18,2,15,25.48
8477,3385,9,2,0,45.98
8478,3386,19,3,0,83.97
8479,3386,22,3,15,56.07
8480,3387,20,1,15,16.99
8481,3387,21,1,20,26.39
8482,3387,4,3,10,67.47
8483,3387,5,3,0,449.97
8484,3388,1,3,10,107.97
8485,3388,18,2,0,29.98
8486,3388,4,3,0,74.97
8487,3389,24,3,0,53.97
8488,3389,23,2,20,207.98
8489,3389,18,1,20,11.99
8490,3389,3,2,0,39.98
8491,3390,12,3,10,51.27
8492,3391,1,1,0,39.99
8493,3391,19,2,10,50.38
8494,3391,6,2,10,62.98
8495,3392,1,1,0,39.99
8496,3393,2,3,0,179.97
8497,3393,12,2,10,34.18
8498,3393,24,1,0,17.99
8499,3394,14,3,0,299.97
8500,3394,12,1,0,18.99
8501,3394,10,2,0,89.98
8502,3395,12,2,0,37.98
8503,3395,9,1,0,22.99
8504,3395,20,3,15,50.97
8505,3396,1,3,0,119.97
8506,3396,10,2,0,89.98
8507,3396,18,1,0,14.99
8508,3396,19,2,0,55.98
8509,3397,20,1,20,15.99
8510,3397,11,1,0,26.99
8511,3397,24,1,10,16.19
8512,3397,3,2,0,39.98
8513,3398,18,3,0,44.97
8514,3399,10,1,0,44.99
8515,3400,16,2,0,89.98
8516,3401,16,1,15,38.24
8517,3401,24,1,10,16.19
8518,3401,22,3,20,52.78
8519,3401,13,1,10,71.99
8520,3402,19,2,0,55.98
8521,3403,13,3,0,239.97
8522,3403,4,2,0,49.98
8523,3403,14,3,0,299.97
8524,3404,9,2,0,45.98
8525,3404,22,3,0,65.97
8526,3405,3,1,15,16.99
8527,3406,16,3,0,134.97
8528,3406,23,3,0,389.97
8529,3406,20,3,0,59.97
8530,3407,10,2,0,89.98
8531,3407,17,1,0,34.99
8532,3407,19,2,0,55.98
8533,3408,13,1,10,71.99
8534,3408,8,2,0,179.98
8535,3408,19,3,0,83.97
8536,3409,16,3,10,121.47
8537,3409,13,2,0,159.98
8538,3410,15,1,0,64.99
8539,3410,17,2,15,59.48
8540,3411,18,2,0,29.98
8541,3412,10,2,10,80.98
8542,3412,15,3,10,175.47
8543,3412,14,3,0,299.97
8544,3412,23,1,15,110.49
8545,3413,5,3,10,404.97
8546,3413,11,1,0,26.99
8547,3413,19,2,15,47.58
8548,3414,17,2,0,69.98
8549,3415,1,3,0,119.97
8550,3416,16,2,10,80.98
8551,3416,2,2,20,95.98
8552,3416,22,1,0,21.99
8553,3416,10,2,15,76.48
8554,3417,5,2,20,239.98
8555,3418,10,2,0,89.98
8556,3418,9,3,10,62.07
8557,3418,20,3,0,59.97
8558,3419,13,2,0,159.98
8559,3419,21,2,20,52.78
8560,3419,7,3,0,89.97
8561,3420,13,1,15,67.99
8562,3420,22,3,0,65.97
8563,3420,14,1,0,99.99
8564,3420,7,2,0,59.98
8565,3421,1,2,0,79.98
8566,3421,22,3,0,65.97
8567,3422,16,3,0,134.97
8568,3422,13,3,15,203.97
8569,3423,6,2,15,59.48
8570,3423,24,1,0,17.99
8571,3423,21,2,15,56.08
8572,3424,15,3,15,165.72
8573,3424,14,2,0,199.98
8574,3425,7,1,0,29.99
8575,3425,23,2,10,233.98
8576,3425,12,2,15,32.28
8577,3426,16,2,0,89.98
8578,3426,15,2,0,129.98
8579,3426,22,2,0,43.98
8580,3426,17,1,0,34.99
8581,3427,19,2,15,47.58
8582,3427,11,2,10,48.58
8583,3427,1,2,0,79.98
8584,3427,22,2,10,39.58
8585,3428,16,3,0,134.97
8586,3429,1,3,0,119.97
8587,3430,24,1,0,17.99
8588,3430,19,2,0,55.98
8589,3430,1,1,15,33.99
8590,3431,9,2,0,45.98
8591,3431,20,1,0,19.99
8592,3432,20,3,0,59.97
8593,3432,4,2,0,49.98
8594,3432,21,2,0,65.98
8595,3433,20,2,0,39.98
8596,3433,4,1,20,19.99
8597,3433,9,3,0,68.97
8598,3433,14,1,15,84.99
8599,3434,12,3,20,45.58
8600,3435,5,2,15,254.98
8601,3435,7,3,10,80.97
8602,3435,19,3,0,83.97
8603,3436,6,2,0,69.98
8604,3436,17,3,0,104.97
8605,3436,10,2,10,80.98
