customer_id,first_name,last_name,email,city,state,signup_date,acquisition_channel,segment,frequency,monetary,avg_order_value,last_order_date,first_order_date,recency_days,tenure_days,order_span_days,cancel_return_rate,churned
1,Linda,Smith,linda.smith1@example.com,Dallas,TX,2024-09-07,Referral,Returning,6,632.88,105.48,2025-06-13,2024-10-13,292,535,243,0.0,1
2,Andrew,Williams,andrew.williams2@example.com,Atlanta,GA,2024-02-02,Direct,New,1,236.62,236.62,2024-05-01,2024-05-01,700,700,0,0.0,1
3,Kenneth,Smith,kenneth.smith3@example.com,Minneapolis,MN,2025-12-19,Direct,New,1,327.34,327.34,2026-02-18,2026-02-18,42,42,0,1.0,1
4,Sarah,Sanchez,sarah.sanchez4@example.com,New York,NY,2025-12-15,Paid Search,New,1,164.94,164.94,2026-03-11,2026-03-11,21,21,0,0.0,1
5,Nancy,Brown,nancy.brown5@example.com,Chicago,IL,2025-01-24,Direct,Returning,5,1094.28,218.856,2025-12-29,2025-05-12,93,324,231,0.4,1
6,Thomas,Sanchez,thomas.sanchez6@example.com,Los Angeles,CA,2025-01-22,Referral,New,1,276.67,276.67,2025-01-27,2025-01-27,429,429,0,0.0,1
7,Michelle,Lewis,michelle.lewis7@example.com,Denver,CO,2025-08-14,Referral,New,2,230.94,115.47,2026-01-31,2025-10-03,60,180,120,0.0,1
9,Lisa,Garcia,lisa.garcia9@example.com,Denver,CO,2024-12-29,Referral,New,2,349.90999999999997,174.95499999999998,2025-04-13,2025-02-22,353,403,50,0.0,1
10,John,Martin,john.martin10@example.com,Philadelphia,PA,2024-02-27,Email,New,1,292.73,292.73,2024-04-08,2024-04-08,723,723,0,0.0,1
11,Betty,Rodriguez,betty.rodriguez11@example.com,Chicago,IL,2024-11-18,Referral,Returning,3,970.8299999999999,323.60999999999996,2025-05-02,2025-01-03,334,453,119,0.0,1
12,Sandra,Jones,sandra.jones12@example.com,Dallas,TX,2024-05-22,Email,Returning,5,1352.78,270.556,2024-10-29,2024-06-21,519,649,130,0.2,1
13,Donna,Wilson,donna.wilson13@example.com,Boston,MA,2025-01-05,Direct,VIP,5,1040.1399999999999,208.02799999999996,2026-01-13,2025-02-14,78,411,333,0.2,0
15,Margaret,Martin,margaret.martin15@example.com,Chicago,IL,2024-04-24,Organic Search,New,1,314.94,314.94,2024-05-20,2024-05-20,681,681,0,0.0,1
16,Thomas,Taylor,thomas.taylor16@example.com,Philadelphia,PA,2025-09-15,Paid Search,New,2,361.88,180.94,2026-01-15,2025-11-22,76,130,54,0.0,1
17,Andrew,Harris,andrew.harris17@example.com,Nashville,TN,2025-05-15,Email,VIP,5,1124.37,224.87399999999997,2026-01-06,2025-06-22,85,283,198,0.2,0
18,Jessica,Johnson,jessica.johnson18@example.com,San Diego,CA,2024-03-21,Organic Search,Returning,5,809.59,161.918,2025-02-11,2024-04-14,414,717,303,0.0,1
19,Andrew,Harris,andrew.harris19@example.com,Phoenix,AZ,2025-07-16,Direct,Returning,4,226.94,56.735,2026-03-21,2025-08-08,11,236,225,0.5,1
20,Margaret,Miller,margaret.miller20@example.com,Minneapolis,MN,2025-10-27,Social Media,VIP,3,1098.34,366.1133333333333,2026-01-13,2025-11-14,78,138,60,0.0,0
21,Linda,Davis,linda.davis21@example.com,San Diego,CA,2024-03-06,Paid Search,Returning,2,410.92999999999995,205.46499999999997,2024-10-02,2024-06-19,546,651,105,0.5,1
22,Donna,Davis,donna.davis22@example.com,New York,NY,2024-03-01,Email,VIP,10,2685.69,268.569,2025-09-20,2024-03-24,193,738,545,0.0,1
24,Margaret,Lopez,margaret.lopez24@example.com,Atlanta,GA,2026-01-16,Referral,Returning,1,281.2,281.2,2026-03-13,2026-03-13,19,19,0,0.0,0
25,Michael,Johnson,michael.johnson25@example.com,Boston,MA,2026-01-15,Paid Search,VIP,2,250.44,125.22,2026-03-08,2026-01-23,24,68,44,0.0,0
26,Richard,Miller,richard.miller26@example.com,Minneapolis,MN,2025-04-04,Social Media,New,1,107.97,107.97,2025-06-12,2025-06-12,293,293,0,0.0,1
28,Susan,Ramirez,susan.ramirez28@example.com,Boston,MA,2024-03-01,Social Media,New,2,594.93,297.465,2024-07-02,2024-03-16,638,746,108,0.5,1
29,Thomas,Robinson,thomas.robinson29@example.com,Miami,FL,2024-10-19,Direct,VIP,5,732.8,146.56,2025-12-20,2025-01-30,102,426,324,0.2,0
30,Ashley,Jones,ashley.jones30@example.com,San Antonio,TX,2024-10-30,Referral,New,1,149.99,149.99,2025-02-01,2025-02-01,424,424,0,0.0,1
31,Andrew,Johnson,andrew.johnson31@example.com,Seattle,WA,2024-02-28,Direct,Returning,3,537.28,179.09333333333333,2024-08-26,2024-05-15,583,686,103,0.0,1
32,William,Johnson,william.johnson32@example.com,Nashville,TN,2025-11-22,Direct,New,1,30.38,30.38,2026-02-11,2026-02-11,49,49,0,0.0,1
33,Jessica,Jackson,jessica.jackson33@example.com,Los Angeles,CA,2025-09-26,Direct,Returning,3,374.87,124.95666666666666,2026-02-28,2025-10-07,32,176,144,0.0,1
34,Kimberly,Hernandez,kimberly.hernandez34@example.com,Dallas,TX,2024-07-28,Email,New,2,585.91,292.955,2024-10-07,2024-10-01,541,547,6,0.0,1
35,Betty,Jones,betty.jones35@example.com,Austin,TX,2025-04-13,Organic Search,Returning,4,957.03,239.2575,2025-10-29,2025-04-19,154,347,193,0.5,1
36,James,Anderson,james.anderson36@example.com,Houston,TX,2025-06-02,Organic Search,VIP,3,486.27,162.09,2026-02-03,2025-07-29,57,246,189,0.0,0
37,Jessica,Lopez,jessica.lopez37@example.com,Austin,TX,2024-06-10,Email,Returning,5,1419.08,283.816,2025-03-03,2024-08-06,394,603,209,0.2,1
38,Michelle,Sanchez,michelle.sanchez38@example.com,Nashville,TN,2025-07-21,Paid Search,Returning,2,371.55,185.775,2026-01-30,2025-10-24,61,159,98,0.0,0
39,Thomas,Brown,thomas.brown39@example.com,Houston,TX,2024-10-05,Email,New,1,24.99,24.99,2024-10-24,2024-10-24,524,524,0,0.0,1
42,Donald,Moore,donald.moore42@example.com,Atlanta,GA,2025-07-28,Referral,New,1,134.95,134.95,2025-08-22,2025-08-22,222,222,0,0.0,1
44,David,Johnson,david.johnson44@example.com,Austin,TX,2025-11-13,Social Media,Returning,1,97.95,97.95,2025-12-22,2025-12-22,100,100,0,0.0,0
46,Mark,Sanchez,mark.sanchez46@example.com,San Diego,CA,2024-09-30,Social Media,Returning,3,928.35,309.45,2025-02-23,2025-01-26,402,430,28,0.0,1
47,Robert,Ramirez,robert.ramirez47@example.com,Portland,OR,2024-08-15,Email,VIP,8,1187.76,148.47,2026-02-06,2024-11-29,54,488,434,0.125,0
48,Karen,Clark,karen.clark48@example.com,San Diego,CA,2024-08-16,Email,New,1,121.54,121.54,2024-09-04,2024-09-04,574,574,0,0.0,1
50,Andrew,Hernandez,andrew.hernandez50@example.com,New York,NY,2024-09-24,Email,VIP,7,1438.43,205.49,2026-03-16,2024-11-03,16,514,498,0.14285714285714285,0
51,Robert,Brown,robert.brown51@example.com,Atlanta,GA,2024-12-19,Direct,New,1,114.98,114.98,2025-03-21,2025-03-21,376,376,0,0.0,1
52,Paul,Brown,paul.brown52@example.com,Boston,MA,2025-08-13,Social Media,New,1,641.42,641.42,2025-08-26,2025-08-26,218,218,0,0.0,1
53,James,Taylor,james.taylor53@example.com,Minneapolis,MN,2025-12-04,Referral,Returning,2,449.51,224.755,2026-02-27,2026-02-10,33,50,17,0.0,0
54,Richard,Lopez,richard.lopez54@example.com,Atlanta,GA,2024-12-04,Organic Search,Returning,3,465.18,155.06,2025-08-04,2025-02-07,240,418,178,0.0,1
55,Karen,Taylor,karen.taylor55@example.com,Austin,TX,2025-11-13,Email,New,2,726.4,363.2,2026-03-01,2025-12-02,31,120,89,0.5,1
56,Emily,Jones,emily.jones56@example.com,San Antonio,TX,2024-11-04,Email,Returning,5,1552.41,310.482,2026-01-18,2025-01-29,73,427,354,0.0,1
57,Charles,Miller,charles.miller57@example.com,Atlanta,GA,2025-11-01,Referral,New,1,44.99,44.99,2026-02-07,2026-02-07,53,53,0,0.0,1
58,Susan,Taylor,susan.taylor58@example.com,Portland,OR,2025-11-05,Referral,Returning,2,527.64,263.82,2026-03-24,2025-12-11,8,111,103,0.0,0
59,Michelle,Hernandez,michelle.hernandez59@example.com,Chicago,IL,2024-05-30,Social Media,New,2,337.4,168.7,2024-10-20,2024-08-02,528,607,79,0.0,1
60,Michelle,Ramirez,michelle.ramirez60@example.com,Chicago,IL,2025-04-11,Paid Search,Returning,5,1059.57,211.914,2025-08-28,2025-05-02,216,334,118,0.0,1
61,Anthony,Thomas,anthony.thomas61@example.com,Boston,MA,2024-09-06,Organic Search,Returning,2,558.15,279.075,2025-04-19,2024-12-26,347,461,114,0.0,1
62,Margaret,Davis,margaret.davis62@example.com,Philadelphia,PA,2025-07-24,Social Media,Returning,3,295.92,98.64,2025-11-06,2025-08-16,146,228,82,0.0,1
63,David,Sanchez,david.sanchez63@example.com,Miami,FL,2025-11-14,Email,Returning,2,746.09,373.045,2026-01-04,2025-11-22,87,130,43,0.0,0
64,Donald,Martin,donald.martin64@example.com,Nashville,TN,2025-07-15,Social Media,New,2,661.72,330.86,2025-11-26,2025-09-08,126,205,79,0.0,1
65,Donald,Rodriguez,donald.rodriguez65@example.com,San Diego,CA,2024-10-08,Paid Search,Returning,3,318.71,106.23666666666666,2025-03-06,2024-10-26,391,522,131,0.3333333333333333,1
66,Sarah,Hernandez,sarah.hernandez66@example.com,Seattle,WA,2025-07-07,Social Media,New,1,297.67,297.67,2025-08-06,2025-08-06,238,238,0,0.0,1
67,Elizabeth,Thompson,elizabeth.thompson67@example.com,San Antonio,TX,2024-03-06,Social Media,New,1,98.97,98.97,2024-04-06,2024-04-06,725,725,0,0.0,1
69,Mary,Ramirez,mary.ramirez69@example.com,Boston,MA,2025-05-03,Social Media,New,2,196.64999999999998,98.32499999999999,2025-09-14,2025-06-01,199,304,105,0.0,1
70,Mark,Moore,mark.moore70@example.com,Minneapolis,MN,2024-10-06,Email,New,2,583.9,291.95,2024-11-17,2024-10-13,500,535,35,0.0,1
71,Betty,White,betty.white71@example.com,Philadelphia,PA,2025-06-30,Direct,New,1,206.96,206.96,2025-08-17,2025-08-17,227,227,0,0.0,1
72,Mary,Williams,mary.williams72@example.com,Atlanta,GA,2024-07-05,Paid Search,New,1,15.19,15.19,2024-08-09,2024-08-09,600,600,0,0.0,1
74,Mary,White,mary.white74@example.com,Minneapolis,MN,2024-12-24,Referral,New,1,58.97,58.97,2025-04-21,2025-04-21,345,345,0,0.0,1
75,Robert,Harris,robert.harris75@example.com,New York,NY,2024-09-10,Paid Search,New,2,125.96000000000001,62.980000000000004,2025-03-04,2024-11-09,393,508,115,0.0,1
76,Jessica,Jones,jessica.jones76@example.com,Portland,OR,2025-11-16,Social Media,VIP,2,742.95,371.475,2026-03-06,2026-02-18,26,42,16,0.0,0
77,Thomas,Harris,thomas.harris77@example.com,Denver,CO,2024-11-14,Email,New,2,440.87,220.435,2025-04-16,2025-02-26,350,399,49,0.5,1
78,Joshua,Perez,joshua.perez78@example.com,Boston,MA,2024-07-22,Referral,Returning,3,1116.76,372.25333333333333,2024-11-08,2024-10-24,509,524,15,0.3333333333333333,1
80,Matthew,Moore,matthew.moore80@example.com,Atlanta,GA,2025-11-08,Email,Returning,2,490.6,245.3,2026-02-26,2026-01-22,34,69,35,0.0,1
81,James,Ramirez,james.ramirez81@example.com,Atlanta,GA,2025-03-21,Referral,Returning,2,274.23,137.115,2025-08-12,2025-04-26,232,340,108,0.0,1
82,Sarah,Martin,sarah.martin82@example.com,Minneapolis,MN,2025-08-29,Organic Search,VIP,2,503.92999999999995,251.96499999999997,2026-02-23,2025-12-19,37,103,66,0.0,0
83,Sarah,Lewis,sarah.lewis83@example.com,Miami,FL,2025-01-23,Email,Returning,4,521.9300000000001,130.48250000000002,2025-09-09,2025-03-02,204,395,191,0.25,1
84,Barbara,Thomas,barbara.thomas84@example.com,San Antonio,TX,2024-12-29,Direct,New,2,720.8599999999999,360.42999999999995,2025-04-14,2025-01-17,352,439,87,0.0,1
85,Sarah,Moore,sarah.moore85@example.com,New York,NY,2024-03-28,Direct,New,2,805.8699999999999,402.93499999999995,2024-10-02,2024-06-20,546,650,104,0.0,1
86,Jessica,Thompson,jessica.thompson86@example.com,Portland,OR,2024-04-05,Paid Search,New,1,147.18,147.18,2024-05-08,2024-05-08,693,693,0,0.0,1
87,Karen,Perez,karen.perez87@example.com,Denver,CO,2024-12-18,Email,Returning,4,1074.55,268.6375,2025-08-16,2025-01-23,228,433,205,0.0,1
88,Matthew,Thompson,matthew.thompson88@example.com,Miami,FL,2024-10-04,Referral,New,1,315.92,315.92,2025-02-01,2025-02-01,424,424,0,0.0,1
89,Richard,Hernandez,richard.hernandez89@example.com,Houston,TX,2024-07-15,Referral,Returning,2,1252.4,626.2,2024-12-09,2024-10-16,478,532,54,0.5,1
90,Donna,Harris,donna.harris90@example.com,Nashville,TN,2025-09-03,Paid Search,New,1,376.34,376.34,2025-12-09,2025-12-09,113,113,0,0.0,1
91,Charles,Davis,charles.davis91@example.com,Denver,CO,2024-07-02,Paid Search,Returning,3,1002.86,334.2866666666667,2025-02-13,2024-10-07,412,541,129,0.0,1
92,Sarah,Johnson,sarah.johnson92@example.com,Los Angeles,CA,2025-07-20,Referral,VIP,6,910.91,151.81833333333333,2026-03-24,2025-09-03,8,210,202,0.16666666666666666,0
93,Ashley,Brown,ashley.brown93@example.com,New York,NY,2025-08-10,Email,Returning,4,552.9200000000001,138.23000000000002,2026-01-27,2025-09-24,64,189,125,0.0,0
95,Patricia,Jones,patricia.jones95@example.com,Phoenix,AZ,2024-11-07,Direct,New,2,751.87,375.935,2025-03-27,2025-02-10,370,415,45,0.0,1
96,Mark,Martin,mark.martin96@example.com,San Diego,CA,2025-03-15,Direct,Returning,3,164.95,54.98333333333333,2025-10-03,2025-05-27,180,309,129,0.3333333333333333,1
97,Michael,Harris,michael.harris97@example.com,San Antonio,TX,2025-10-02,Paid Search,Returning,3,394.9,131.63333333333333,2026-03-26,2025-12-14,6,108,102,0.0,0
98,Jessica,Garcia,jessica.garcia98@example.com,Minneapolis,MN,2024-03-17,Referral,New,1,169.82,169.82,2024-07-04,2024-07-04,636,636,0,0.0,1
99,Kenneth,Thomas,kenneth.thomas99@example.com,Austin,TX,2024-02-03,Referral,Returning,6,1996.28,332.7133333333333,2024-12-11,2024-02-27,476,764,288,0.0,1
100,Sandra,Williams,sandra.williams100@example.com,San Diego,CA,2025-03-11,Paid Search,New,1,71.99,71.99,2025-03-29,2025-03-29,368,368,0,0.0,1
101,Sarah,Clark,sarah.clark101@example.com,Phoenix,AZ,2024-03-14,Direct,Returning,3,1015.8299999999999,338.60999999999996,2024-10-02,2024-05-24,546,677,131,0.0,1
102,Joshua,Robinson,joshua.robinson102@example.com,Austin,TX,2025-03-25,Referral,Returning,4,864.69,216.1725,2025-08-29,2025-06-04,215,301,86,0.0,1
103,Betty,Rodriguez,betty.rodriguez103@example.com,Nashville,TN,2025-07-06,Organic Search,New,1,106.96,106.96,2025-10-12,2025-10-12,171,171,0,0.0,1
104,Margaret,White,margaret.white104@example.com,Seattle,WA,2025-09-10,Referral,New,2,155.94,77.97,2026-02-11,2025-10-27,49,156,107,0.0,1
105,Joshua,Jackson,joshua.jackson105@example.com,New York,NY,2025-04-26,Referral,New,2,321.87,160.935,2025-08-07,2025-06-24,237,281,44,0.0,1
106,Michael,Ramirez,michael.ramirez106@example.com,Philadelphia,PA,2024-12-03,Referral,Returning,5,850.1,170.02,2025-10-19,2025-02-17,164,408,244,0.0,1
107,Betty,Clark,betty.clark107@example.com,Minneapolis,MN,2024-11-18,Social Media,New,2,394.95000000000005,197.47500000000002,2025-04-13,2024-12-15,353,472,119,0.0,1
108,Paul,Clark,paul.clark108@example.com,New York,NY,2025-11-04,Organic Search,Returning,2,408.01,204.005,2026-01-14,2025-12-19,77,103,26,0.5,1
109,Richard,Taylor,richard.taylor109@example.com,Denver,CO,2025-10-02,Email,New,1,296.95,296.95,2026-01-08,2026-01-08,83,83,0,0.0,1
110,Emily,Jones,emily.jones110@example.com,Austin,TX,2025-05-11,Direct,VIP,8,1137.83,142.22875,2026-03-28,2025-08-05,4,239,235,0.0,1
111,Jessica,Thompson,jessica.thompson111@example.com,Philadelphia,PA,2024-11-14,Organic Search,Returning,6,1435.3899999999999,239.23166666666665,2025-11-23,2025-01-07,129,449,320,0.0,1
112,Joseph,Clark,joseph.clark112@example.com,Houston,TX,2024-10-06,Social Media,Returning,6,1542.05,257.0083333333333,2025-06-26,2024-10-24,279,524,245,0.3333333333333333,1
113,Jessica,Anderson,jessica.anderson113@example.com,Minneapolis,MN,2024-05-28,Direct,VIP,8,2221.5,277.6875,2026-02-08,2024-08-17,52,592,540,0.0,0
115,Sarah,Clark,sarah.clark115@example.com,New York,NY,2025-11-06,Direct,New,2,655.88,327.94,2025-12-18,2025-12-03,104,119,15,0.0,1
116,Steven,Lopez,steven.lopez116@example.com,Seattle,WA,2024-11-25,Paid Search,VIP,7,1539.6100000000001,219.94428571428574,2026-02-12,2025-02-26,48,399,351,0.0,0
117,Joshua,Gonzalez,joshua.gonzalez117@example.com,San Diego,CA,2024-02-14,Social Media,Returning,5,742.61,148.522,2024-10-14,2024-04-12,534,719,185,0.4,1
118,Anthony,Perez,anthony.perez118@example.com,Phoenix,AZ,2025-08-27,Social Media,New,1,277.94,277.94,2025-10-22,2025-10-22,161,161,0,0.0,1
119,Michael,Taylor,michael.taylor119@example.com,Miami,FL,2024-06-07,Email,Returning,5,1025.9,205.18,2025-05-08,2024-07-06,328,634,306,0.2,1
120,Nancy,Martin,nancy.martin120@example.com,Boston,MA,2025-10-27,Referral,New,1,170.44,170.44,2026-02-10,2026-02-10,50,50,0,0.0,1
121,Andrew,Gonzalez,andrew.gonzalez121@example.com,Seattle,WA,2025-07-08,Referral,New,2,679.37,339.685,2026-01-05,2025-10-31,86,152,66,0.0,1
125,Anthony,Martin,anthony.martin125@example.com,San Diego,CA,2024-05-26,Social Media,Returning,5,1764.4,352.88,2025-03-13,2024-07-12,384,628,244,0.2,1
126,Thomas,Perez,thomas.perez126@example.com,New York,NY,2024-06-10,Direct,VIP,10,1571.77,157.177,2026-02-22,2024-08-15,38,594,556,0.2,0
127,Karen,Lee,karen.lee127@example.com,Atlanta,GA,2025-12-07,Paid Search,Returning,1,299.22,299.22,2026-03-18,2026-03-18,14,14,0,1.0,0
128,Anthony,Ramirez,anthony.ramirez128@example.com,Portland,OR,2024-04-19,Direct,Returning,6,1459.81,243.30166666666665,2025-05-07,2024-06-23,329,647,318,0.0,1
129,Charles,Thompson,charles.thompson129@example.com,Austin,TX,2025-11-05,Referral,New,2,366.4,183.2,2026-02-25,2026-02-06,35,54,19,0.5,1
130,Patricia,Robinson,patricia.robinson130@example.com,Portland,OR,2024-12-26,Email,New,1,132.94,132.94,2025-04-21,2025-04-21,345,345,0,0.0,1
131,David,Lee,david.lee131@example.com,Houston,TX,2024-11-12,Email,New,2,584.89,292.445,2025-06-07,2025-02-13,298,412,114,0.0,1
132,David,Williams,david.williams132@example.com,Austin,TX,2024-11-30,Paid Search,New,1,722.9,722.9,2024-12-22,2024-12-22,465,465,0,0.0,1
133,Andrew,Lewis,andrew.lewis133@example.com,Denver,CO,2024-12-12,Organic Search,Returning,4,974.97,243.7425,2025-09-06,2025-03-28,207,369,162,0.25,1
134,Elizabeth,Harris,elizabeth.harris134@example.com,San Diego,CA,2025-11-21,Direct,VIP,2,193.82,96.91,2026-02-25,2026-02-02,35,58,23,0.0,0
135,Lisa,Williams,lisa.williams135@example.com,Boston,MA,2024-01-15,Email,New,1,311.37,311.37,2024-02-14,2024-02-14,777,777,0,0.0,1
136,Thomas,Jackson,thomas.jackson136@example.com,Boston,MA,2025-01-15,Organic Search,New,1,242.43,242.43,2025-03-09,2025-03-09,388,388,0,0.0,1
137,Michelle,Lewis,michelle.lewis137@example.com,Minneapolis,MN,2024-12-01,Organic Search,New,1,242.26,242.26,2025-02-06,2025-02-06,419,419,0,0.0,1
138,Sandra,Robinson,sandra.robinson138@example.com,Austin,TX,2025-10-26,Organic Search,New,1,371.91,371.91,2025-12-28,2025-12-28,94,94,0,0.0,1
139,Karen,Thomas,karen.thomas139@example.com,Houston,TX,2024-04-09,Social Media,Returning,5,572.21,114.44200000000001,2024-12-25,2024-08-04,462,605,143,0.0,1
140,Sandra,Lopez,sandra.lopez140@example.com,Minneapolis,MN,2026-01-14,Organic Search,New,1,680.42,680.42,2026-02-02,2026-02-02,58,58,0,1.0,1
141,Ashley,Martin,ashley.martin141@example.com,Atlanta,GA,2024-10-13,Social Media,New,2,192.46,96.23,2025-04-28,2025-01-04,338,452,114,0.0,1
142,Donald,Davis,donald.davis142@example.com,Denver,CO,2025-10-22,Paid Search,New,1,305.92,305.92,2026-01-30,2026-01-30,61,61,0,0.0,1
143,Linda,Ramirez,linda.ramirez143@example.com,Miami,FL,2024-01-22,Paid Search,New,2,426.62,213.31,2024-08-17,2024-05-03,592,698,106,0.5,1
144,Joshua,Miller,joshua.miller144@example.com,Chicago,IL,2024-07-31,Paid Search,Returning,4,956.45,239.1125,2025-05-22,2024-08-06,314,603,289,0.0,1
145,Nancy,Harris,nancy.harris145@example.com,Phoenix,AZ,2024-01-03,Paid Search,VIP,11,2487.77,226.1609090909091,2026-02-06,2024-02-01,54,790,736,0.09090909090909091,0
146,Andrew,Rodriguez,andrew.rodriguez146@example.com,Philadelphia,PA,2024-01-27,Paid Search,New,2,327.82,163.91,2024-07-23,2024-03-25,617,737,120,0.0,1
147,Donna,Hernandez,donna.hernandez147@example.com,New York,NY,2024-06-27,Social Media,New,2,639.3399999999999,319.66999999999996,2024-10-28,2024-07-30,520,610,90,0.0,1
148,Kimberly,Brown,kimberly.brown148@example.com,Chicago,IL,2025-05-02,Direct,New,1,135.24,135.24,2025-05-22,2025-05-22,314,314,0,1.0,1
149,Michael,Anderson,michael.anderson149@example.com,Nashville,TN,2024-11-04,Organic Search,VIP,6,997.31,166.21833333333333,2026-01-04,2025-02-08,87,417,330,0.16666666666666666,0
150,Steven,Ramirez,steven.ramirez150@example.com,Boston,MA,2025-03-30,Direct,New,1,29.99,29.99,2025-05-24,2025-05-24,312,312,0,0.0,1
151,Elizabeth,Williams,elizabeth.williams151@example.com,Phoenix,AZ,2024-11-28,Email,Returning,6,1480.72,246.78666666666666,2026-02-12,2025-03-25,48,372,324,0.16666666666666666,1
152,Sandra,Taylor,sandra.taylor152@example.com,Atlanta,GA,2024-08-08,Social Media,VIP,8,1661.22,207.6525,2025-11-24,2024-09-23,128,555,427,0.125,1
153,Nancy,Clark,nancy.clark153@example.com,Miami,FL,2024-04-07,Email,New,2,383.40000000000003,191.70000000000002,2024-09-20,2024-07-14,558,626,68,0.0,1
154,Lisa,Jones,lisa.jones154@example.com,Portland,OR,2024-03-09,Social Media,New,2,506.39,253.195,2024-06-07,2024-03-31,663,731,68,0.0,1
156,Emily,Hernandez,emily.hernandez156@example.com,Houston,TX,2025-11-12,Referral,New,1,148.94,148.94,2026-02-27,2026-02-27,33,33,0,1.0,1
157,Patricia,Martinez,patricia.martinez157@example.com,Austin,TX,2024-12-26,Paid Search,Returning,3,545.4200000000001,181.8066666666667,2025-06-26,2025-03-17,279,380,101,0.3333333333333333,1
158,Steven,Davis,steven.davis158@example.com,Houston,TX,2024-12-24,Email,New,2,803.81,401.905,2025-04-04,2025-03-23,362,374,12,0.5,1
159,Joshua,Davis,joshua.davis159@example.com,Atlanta,GA,2025-07-24,Referral,VIP,2,453.89000000000004,226.94500000000002,2026-01-26,2025-11-02,65,150,85,0.0,0
160,Sarah,Smith,sarah.smith160@example.com,Philadelphia,PA,2024-11-12,Paid Search,New,1,14.99,14.99,2025-02-07,2025-02-07,418,418,0,0.0,1
161,Elizabeth,Jackson,elizabeth.jackson161@example.com,Boston,MA,2024-03-12,Organic Search,Returning,4,754.1199999999999,188.52999999999997,2025-01-21,2024-05-05,435,696,261,0.0,1
162,Jennifer,White,jennifer.white162@example.com,Nashville,TN,2024-08-08,Paid Search,Returning,5,813.31,162.66199999999998,2025-05-12,2024-08-18,324,591,267,0.2,1
163,Lisa,Martinez,lisa.martinez163@example.com,Seattle,WA,2025-09-02,Paid Search,New,2,815.0999999999999,407.54999999999995,2025-12-12,2025-11-07,110,145,35,0.0,1
164,Michelle,Johnson,michelle.johnson164@example.com,Chicago,IL,2024-10-05,Direct,New,1,184.75,184.75,2025-01-16,2025-01-16,440,440,0,0.0,1
165,Donald,Wilson,donald.wilson165@example.com,Dallas,TX,2024-04-26,Referral,New,1,247.45,247.45,2024-06-20,2024-06-20,650,650,0,0.0,1
166,Donna,Thomas,donna.thomas166@example.com,Nashville,TN,2025-11-14,Direct,New,2,281.23,140.615,2026-02-08,2025-11-27,52,125,73,0.0,1
167,Patricia,Smith,patricia.smith167@example.com,San Antonio,TX,2024-11-04,Email,Returning,2,323.94,161.97,2025-01-29,2024-12-27,427,460,33,0.0,1
168,Charles,Hernandez,charles.hernandez168@example.com,Houston,TX,2025-03-16,Referral,New,2,450.1,225.05,2025-08-27,2025-06-02,217,303,86,0.0,1
169,Joseph,Taylor,joseph.taylor169@example.com,Minneapolis,MN,2024-12-28,Organic Search,VIP,7,1786.74,255.24857142857144,2026-02-28,2025-02-20,32,405,373,0.2857142857142857,0
170,Margaret,Smith,margaret.smith170@example.com,Miami,FL,2025-08-12,Referral,New,1,98.55,98.55,2025-09-28,2025-09-28,185,185,0,0.0,1
171,Mark,Martinez,mark.martinez171@example.com,Houston,TX,2025-02-18,Direct,New,2,833.86,416.93,2025-07-31,2025-05-08,244,328,84,0.5,1
172,Sandra,Clark,sandra.clark172@example.com,Denver,CO,2024-03-31,Social Media,New,2,496.17,248.085,2024-06-13,2024-04-26,657,705,48,0.5,1
173,Donna,Gonzalez,donna.gonzalez173@example.com,Nashville,TN,2024-03-21,Email,New,1,45.58,45.58,2024-06-15,2024-06-15,655,655,0,0.0,1
174,Joseph,Hernandez,joseph.hernandez174@example.com,Philadelphia,PA,2024-12-23,Referral,VIP,12,2765.04,230.42,2026-02-22,2024-12-30,38,457,419,0.0,0
175,Elizabeth,Davis,elizabeth.davis175@example.com,Houston,TX,2024-05-29,Paid Search,New,2,462.90000000000003,231.45000000000002,2024-11-27,2024-08-18,490,591,101,0.0,1
176,John,Garcia,john.garcia176@example.com,Portland,OR,2025-11-28,Referral,Returning,1,549.91,549.91,2026-02-20,2026-02-20,40,40,0,0.0,0
177,Michelle,Hernandez,michelle.hernandez177@example.com,Seattle,WA,2024-06-03,Referral,Returning,4,1090.19,272.5475,2025-02-12,2024-08-04,413,605,192,0.0,1
178,Karen,Sanchez,karen.sanchez178@example.com,Dallas,TX,2025-08-28,Email,Returning,3,1073.28,357.76,2025-12-29,2025-11-03,93,149,56,0.0,1
179,Sandra,Anderson,sandra.anderson179@example.com,Los Angeles,CA,2024-10-20,Organic Search,VIP,8,1662.12,207.765,2025-12-27,2024-11-20,95,497,402,0.25,0
180,Michelle,Martin,michelle.martin180@example.com,Nashville,TN,2024-11-25,Organic Search,Returning,3,692.2700000000001,230.7566666666667,2025-06-16,2025-01-26,289,430,141,0.0,1
181,Donald,Brown,donald.brown181@example.com,Seattle,WA,2026-01-01,Organic Search,Returning,1,65.98,65.98,2026-01-28,2026-01-28,63,63,0,0.0,0
182,Jessica,Thompson,jessica.thompson182@example.com,Miami,FL,2025-09-16,Email,New,1,27.99,27.99,2025-09-29,2025-09-29,184,184,0,0.0,1
183,Anthony,Wilson,anthony.wilson183@example.com,Seattle,WA,2025-11-26,Referral,Returning,2,221.53,110.765,2026-03-09,2025-12-12,23,110,87,0.0,1
184,Nancy,Williams,nancy.williams184@example.com,Seattle,WA,2025-01-30,Referral,Returning,4,647.87,161.9675,2025-11-05,2025-03-05,147,392,245,0.0,1
185,Kenneth,Ramirez,kenneth.ramirez185@example.com,Phoenix,AZ,2024-12-07,Email,Returning,3,468.88,156.29333333333332,2025-06-17,2025-01-10,288,446,158,0.0,1
186,Karen,Lee,karen.lee186@example.com,Boston,MA,2024-03-27,Email,New,2,756.05,378.025,2024-08-10,2024-04-16,599,715,116,0.0,1
187,David,Perez,david.perez187@example.com,Nashville,TN,2024-12-15,Paid Search,Returning,5,939.0799999999999,187.81599999999997,2026-03-08,2025-04-12,24,354,330,0.4,0
188,David,Jones,david.jones188@example.com,Chicago,IL,2025-11-08,Paid Search,Returning,1,17.99,17.99,2025-12-05,2025-12-05,117,117,0,0.0,0
189,Kenneth,Gonzalez,kenneth.gonzalez189@example.com,Phoenix,AZ,2024-06-15,Direct,Returning,5,2538.87,507.774,2025-03-21,2024-06-23,376,647,271,0.0,1
190,William,White,william.white190@example.com,Miami,FL,2025-11-23,Direct,VIP,1,208.93,208.93,2026-03-21,2026-03-21,11,11,0,0.0,0
191,Charles,Harris,charles.harris191@example.com,Miami,FL,2024-11-12,Paid Search,Returning,2,256.54,128.27,2025-04-05,2025-01-20,361,436,75,0.0,1
194,Emily,Robinson,emily.robinson194@example.com,Houston,TX,2025-12-29,Email,VIP,1,430.95,430.95,2026-03-26,2026-03-26,6,6,0,0.0,0
195,Jennifer,Harris,jennifer.harris195@example.com,Philadelphia,PA,2024-10-06,Social Media,Returning,2,600.39,300.195,2025-02-11,2025-01-05,414,451,37,0.0,1
197,Mark,Johnson,mark.johnson197@example.com,Boston,MA,2025-05-29,Organic Search,New,1,17.99,17.99,2025-08-02,2025-08-02,242,242,0,0.0,1
198,Lisa,Davis,lisa.davis198@example.com,New York,NY,2024-11-22,Referral,Returning,2,300.31,150.155,2025-03-22,2025-01-24,375,432,57,0.0,1
199,Nancy,Sanchez,nancy.sanchez199@example.com,Phoenix,AZ,2024-05-20,Social Media,VIP,8,1635.01,204.37625,2025-05-19,2024-07-23,317,617,300,0.0,1
200,David,Harris,david.harris200@example.com,Portland,OR,2024-03-22,Paid Search,New,1,311.92,311.92,2024-05-04,2024-05-04,697,697,0,0.0,1
201,Emily,White,emily.white201@example.com,Nashville,TN,2025-03-09,Email,New,1,81.97,81.97,2025-07-02,2025-07-02,273,273,0,0.0,1
202,Linda,Johnson,linda.johnson202@example.com,San Diego,CA,2025-08-11,Social Media,New,2,557.95,278.975,2026-01-03,2025-10-25,88,158,70,0.0,1
203,James,Martin,james.martin203@example.com,Denver,CO,2024-07-10,Email,New,1,288.93,288.93,2024-09-25,2024-09-25,553,553,0,0.0,1
204,John,Taylor,john.taylor204@example.com,Minneapolis,MN,2025-01-17,Organic Search,New,2,704.81,352.405,2025-06-08,2025-03-13,297,384,87,0.0,1
208,Betty,Clark,betty.clark208@example.com,Minneapolis,MN,2025-04-29,Paid Search,Returning,3,540.62,180.20666666666668,2026-01-15,2025-08-08,76,236,160,0.0,0
209,Charles,Lopez,charles.lopez209@example.com,Los Angeles,CA,2024-10-06,Social Media,New,2,382.02,191.01,2025-01-26,2024-11-06,430,511,81,0.0,1
210,Donald,Lewis,donald.lewis210@example.com,Boston,MA,2024-12-13,Social Media,Returning,4,1035.42,258.855,2025-05-18,2025-01-05,318,451,133,0.25,1
212,Jennifer,Hernandez,jennifer.hernandez212@example.com,Austin,TX,2024-11-09,Paid Search,Returning,4,512.59,128.1475,2025-07-30,2025-03-01,245,396,151,0.0,1
213,Donald,Lopez,donald.lopez213@example.com,Miami,FL,2024-12-27,Referral,New,2,722.9300000000001,361.46500000000003,2025-05-20,2025-02-26,316,399,83,0.0,1
214,Patricia,Williams,patricia.williams214@example.com,Boston,MA,2024-02-01,Social Media,Returning,4,1114.83,278.7075,2024-08-20,2024-03-28,589,734,145,0.0,1
215,Robert,Jones,robert.jones215@example.com,Chicago,IL,2025-08-03,Social Media,New,1,22.99,22.99,2025-08-19,2025-08-19,225,225,0,0.0,1
217,Betty,Hernandez,betty.hernandez217@example.com,Dallas,TX,2025-07-29,Referral,Returning,2,603.0799999999999,301.53999999999996,2025-12-21,2025-09-08,101,205,104,0.0,0
218,Donald,Miller,donald.miller218@example.com,Austin,TX,2025-12-11,Organic Search,Returning,2,699.89,349.945,2026-03-29,2026-01-02,3,89,86,0.0,0
219,David,Ramirez,david.ramirez219@example.com,Chicago,IL,2025-04-07,Organic Search,Returning,3,804.84,268.28000000000003,2025-12-13,2025-07-17,109,258,149,0.0,0
222,David,Davis,david.davis222@example.com,Portland,OR,2025-08-09,Direct,Returning,2,829.9200000000001,414.96000000000004,2026-02-11,2025-11-07,49,145,96,0.0,1
223,David,Martin,david.martin223@example.com,Chicago,IL,2024-03-08,Referral,VIP,8,1711.52,213.94,2025-04-28,2024-04-06,338,725,387,0.375,1
224,Steven,Taylor,steven.taylor224@example.com,Atlanta,GA,2025-08-11,Referral,VIP,4,695.25,173.8125,2026-02-13,2025-08-24,47,220,173,0.0,0
225,John,Anderson,john.anderson225@example.com,Miami,FL,2025-11-27,Direct,New,2,249.95,124.975,2026-03-06,2026-02-25,26,35,9,0.5,1
227,Karen,Garcia,karen.garcia227@example.com,Philadelphia,PA,2024-11-26,Direct,New,1,220.22,220.22,2025-03-25,2025-03-25,372,372,0,0.0,1
228,Charles,Ramirez,charles.ramirez228@example.com,Chicago,IL,2024-09-13,Email,VIP,10,3120.7599999999998,312.07599999999996,2026-03-22,2024-10-08,10,540,530,0.1,1
229,David,Lee,david.lee229@example.com,Austin,TX,2024-06-06,Direct,Returning,4,855.1,213.775,2025-01-05,2024-08-18,451,591,140,0.5,1
230,Nancy,Clark,nancy.clark230@example.com,Los Angeles,CA,2024-03-24,Direct,Returning,6,987.9,164.65,2024-10-12,2024-05-21,536,680,144,0.16666666666666666,1
231,Thomas,Lee,thomas.lee231@example.com,San Antonio,TX,2025-07-12,Social Media,VIP,4,600.11,150.0275,2026-02-23,2025-08-18,37,226,189,0.0,0
232,Jessica,Sanchez,jessica.sanchez232@example.com,Boston,MA,2024-10-31,Paid Search,Returning,2,448.9,224.45,2025-01-08,2024-11-12,448,505,57,1.0,1
233,Donald,Wilson,donald.wilson233@example.com,Portland,OR,2025-04-20,Email,Returning,2,134.95,67.475,2025-09-21,2025-08-14,192,230,38,0.0,1
234,Daniel,White,daniel.white234@example.com,Denver,CO,2025-02-12,Direct,New,1,124.71,124.71,2025-05-31,2025-05-31,305,305,0,0.0,1
235,Michael,Hernandez,michael.hernandez235@example.com,San Diego,CA,2025-04-22,Paid Search,New,2,132.94,66.47,2025-09-16,2025-05-31,197,305,108,0.0,1
236,Michael,Johnson,michael.johnson236@example.com,Austin,TX,2025-03-04,Paid Search,VIP,4,216.41,54.1025,2026-03-04,2025-07-01,28,274,246,0.0,0
237,Daniel,Robinson,daniel.robinson237@example.com,Seattle,WA,2024-11-11,Social Media,New,1,262.92,262.92,2025-02-14,2025-02-14,411,411,0,0.0,1
238,Paul,Anderson,paul.anderson238@example.com,San Diego,CA,2024-02-19,Referral,Returning,3,260.14,86.71333333333332,2024-07-17,2024-03-11,623,751,128,0.0,1
239,Steven,Martinez,steven.martinez239@example.com,Minneapolis,MN,2025-03-17,Email,New,2,345.8,172.9,2025-06-01,2025-04-09,304,357,53,0.0,1
240,Betty,Lopez,betty.lopez240@example.com,Los Angeles,CA,2025-02-14,Email,Returning,3,1000.56,333.52,2025-09-28,2025-04-22,185,344,159,0.0,1
241,Emily,Martinez,emily.martinez241@example.com,Chicago,IL,2025-11-27,Organic Search,New,1,269.97,269.97,2026-01-27,2026-01-27,64,64,0,1.0,1
243,Paul,Johnson,paul.johnson243@example.com,Los Angeles,CA,2024-02-09,Social Media,New,1,149.99,149.99,2024-05-04,2024-05-04,697,697,0,0.0,1
244,Kimberly,Anderson,kimberly.anderson244@example.com,Phoenix,AZ,2024-05-23,Paid Search,Returning,6,1415.75,235.95833333333334,2025-08-07,2024-07-20,237,620,383,0.0,1
245,Betty,Martin,betty.martin245@example.com,Austin,TX,2025-08-30,Direct,Returning,2,333.88,166.94,2026-03-04,2025-11-18,28,134,106,0.0,1
246,Ashley,Thompson,ashley.thompson246@example.com,Austin,TX,2025-01-12,Social Media,New,1,180.96,180.96,2025-05-04,2025-05-04,332,332,0,0.0,1
247,Donna,Martinez,donna.martinez247@example.com,New York,NY,2025-11-02,Direct,Returning,2,491.87,245.935,2026-03-12,2025-12-12,20,110,90,0.0,0
248,Joseph,White,joseph.white248@example.com,Los Angeles,CA,2025-01-24,Organic Search,Returning,6,887.81,147.96833333333333,2026-03-14,2025-05-22,18,314,296,0.5,1
249,Joshua,Thompson,joshua.thompson249@example.com,Houston,TX,2024-07-14,Paid Search,New,2,93.01,46.505,2025-01-08,2024-09-24,448,554,106,0.0,1
250,Mark,Thompson,mark.thompson250@example.com,San Antonio,TX,2026-01-14,Paid Search,New,1,35.98,35.98,2026-03-14,2026-03-14,18,18,0,0.0,1
251,Emily,Hernandez,emily.hernandez251@example.com,Portland,OR,2025-06-22,Social Media,VIP,4,816.88,204.22,2026-03-16,2025-08-01,16,243,227,0.25,0
252,Andrew,Hernandez,andrew.hernandez252@example.com,Minneapolis,MN,2024-12-28,Referral,VIP,8,1311.3899999999999,163.92374999999998,2026-03-13,2025-03-02,19,395,376,0.0,0
254,Steven,Lopez,steven.lopez254@example.com,Minneapolis,MN,2024-10-21,Social Media,Returning,6,744.5699999999999,124.09499999999998,2026-03-20,2025-01-23,12,433,421,0.0,1
255,Betty,Clark,betty.clark255@example.com,Denver,CO,2024-10-24,Organic Search,VIP,9,2045.38,227.26444444444445,2026-03-28,2024-11-15,4,502,498,0.2222222222222222,1
256,Matthew,Robinson,matthew.robinson256@example.com,Miami,FL,2025-11-02,Paid Search,Returning,1,26.99,26.99,2026-02-21,2026-02-21,39,39,0,0.0,0
257,Andrew,Rodriguez,andrew.rodriguez257@example.com,Minneapolis,MN,2025-12-13,Referral,New,1,50.99,50.99,2026-02-10,2026-02-10,50,50,0,0.0,1
258,Donna,Davis,donna.davis258@example.com,San Diego,CA,2025-06-27,Organic Search,New,1,171.94,171.94,2025-09-06,2025-09-06,207,207,0,1.0,1
259,Mark,Hernandez,mark.hernandez259@example.com,Portland,OR,2024-05-20,Paid Search,Returning,3,319.63,106.54333333333334,2024-09-01,2024-06-06,577,664,87,0.3333333333333333,1
260,Mark,Lee,mark.lee260@example.com,Portland,OR,2024-11-24,Organic Search,New,1,62.98,62.98,2024-12-13,2024-12-13,474,474,0,0.0,1
261,Joshua,Davis,joshua.davis261@example.com,Minneapolis,MN,2024-06-28,Organic Search,Returning,4,1445.67,361.4175,2024-12-02,2024-08-10,485,599,114,0.0,1
263,Michael,Robinson,michael.robinson263@example.com,Seattle,WA,2024-10-18,Direct,Returning,6,950.34,158.39000000000001,2025-09-02,2024-11-29,211,488,277,0.16666666666666666,1
264,Ashley,Lewis,ashley.lewis264@example.com,Phoenix,AZ,2024-10-06,Paid Search,New,2,637.94,318.97,2025-01-31,2024-12-02,425,485,60,0.5,1
265,Sandra,Lee,sandra.lee265@example.com,Dallas,TX,2026-01-05,Email,Returning,1,286.23,286.23,2026-01-21,2026-01-21,70,70,0,0.0,0
267,Michael,Garcia,michael.garcia267@example.com,Phoenix,AZ,2025-05-03,Email,New,1,357.9,357.9,2025-05-14,2025-05-14,322,322,0,1.0,1
269,Joshua,Smith,joshua.smith269@example.com,Dallas,TX,2025-10-31,Referral,New,2,921.74,460.87,2026-03-31,2025-12-03,1,119,118,0.0,1
270,Linda,Anderson,linda.anderson270@example.com,Austin,TX,2024-06-12,Referral,Returning,5,994.28,198.856,2025-02-01,2024-08-05,424,604,180,0.2,1
271,Karen,Thompson,karen.thompson271@example.com,Houston,TX,2024-10-29,Paid Search,New,2,281.95,140.975,2025-01-27,2025-01-17,429,439,10,0.5,1
272,Steven,Jones,steven.jones272@example.com,Miami,FL,2025-11-11,Referral,Returning,2,346.4,173.2,2026-03-16,2025-12-16,16,106,90,0.0,1
273,Kenneth,Ramirez,kenneth.ramirez273@example.com,Chicago,IL,2025-06-22,Organic Search,Returning,4,746.53,186.6325,2026-02-27,2025-09-03,33,210,177,0.0,0
274,Joshua,Brown,joshua.brown274@example.com,Los Angeles,CA,2025-06-01,Paid Search,Returning,4,541.86,135.465,2026-02-11,2025-07-17,49,258,209,0.5,1
275,Daniel,Ramirez,daniel.ramirez275@example.com,Nashville,TN,2025-03-28,Direct,New,2,629.9100000000001,314.95500000000004,2025-08-03,2025-05-02,241,334,93,0.0,1
276,Ashley,Williams,ashley.williams276@example.com,Nashville,TN,2025-04-09,Direct,New,1,254.64,254.64,2025-07-05,2025-07-05,270,270,0,0.0,1
277,Patricia,Moore,patricia.moore277@example.com,Miami,FL,2025-11-19,Social Media,Returning,2,1033.28,516.64,2026-03-17,2025-12-24,15,98,83,0.5,1
278,Thomas,Clark,thomas.clark278@example.com,New York,NY,2026-02-02,Social Media,New,1,94.46,94.46,2026-03-19,2026-03-19,13,13,0,0.0,1
279,Matthew,Thompson,matthew.thompson279@example.com,Chicago,IL,2025-04-28,Paid Search,New,1,110.96,110.96,2025-06-23,2025-06-23,282,282,0,0.0,1
280,Mark,Lopez,mark.lopez280@example.com,Boston,MA,2025-11-30,Paid Search,VIP,1,146.93,146.93,2026-03-11,2026-03-11,21,21,0,1.0,0
281,Matthew,Brown,matthew.brown281@example.com,Philadelphia,PA,2025-07-04,Paid Search,New,2,135.93,67.965,2025-11-20,2025-08-01,132,243,111,0.0,1
282,James,Harris,james.harris282@example.com,New York,NY,2024-11-01,Social Media,Returning,4,766.78,191.695,2025-07-31,2024-11-29,244,488,244,0.0,1
283,Andrew,Gonzalez,andrew.gonzalez283@example.com,San Diego,CA,2024-06-07,Referral,VIP,8,2259.99,282.49875,2025-08-25,2024-06-18,219,652,433,0.0,1
284,Linda,Johnson,linda.johnson284@example.com,Atlanta,GA,2024-09-03,Organic Search,New,2,548.9,274.45,2024-12-25,2024-12-10,462,477,15,0.0,1
285,Donald,Martin,donald.martin285@example.com,Los Angeles,CA,2025-07-06,Organic Search,VIP,4,1265.34,316.335,2026-01-17,2025-07-27,74,248,174,0.25,0
286,David,Taylor,david.taylor286@example.com,Austin,TX,2025-11-19,Paid Search,New,1,268.95,268.95,2026-03-17,2026-03-17,15,15,0,0.0,1
287,Kimberly,Davis,kimberly.davis287@example.com,Atlanta,GA,2024-11-03,Direct,Returning,4,1606.75,401.6875,2025-05-17,2024-11-11,319,506,187,0.0,1
288,Barbara,Lee,barbara.lee288@example.com,Atlanta,GA,2025-07-23,Referral,VIP,2,408.29,204.145,2026-02-18,2025-11-12,42,140,98,0.5,0
289,Anthony,Sanchez,anthony.sanchez289@example.com,Nashville,TN,2024-11-22,Email,New,2,412.90000000000003,206.45000000000002,2025-06-06,2025-02-13,299,412,113,0.0,1
290,Anthony,Garcia,anthony.garcia290@example.com,Minneapolis,MN,2025-04-29,Referral,New,1,518.43,518.43,2025-05-31,2025-05-31,305,305,0,0.0,1
291,Elizabeth,Sanchez,elizabeth.sanchez291@example.com,Miami,FL,2024-05-17,Email,New,1,199.42,199.42,2024-06-08,2024-06-08,662,662,0,0.0,1
293,Patricia,Rodriguez,patricia.rodriguez293@example.com,Boston,MA,2025-11-20,Organic Search,New,1,144.05,144.05,2026-01-08,2026-01-08,83,83,0,0.0,0
294,Richard,Sanchez,richard.sanchez294@example.com,Minneapolis,MN,2024-11-06,Paid Search,New,2,178.43,89.215,2025-02-12,2024-12-11,413,476,63,0.5,1
295,Linda,White,linda.white295@example.com,Portland,OR,2025-12-21,Direct,VIP,2,267.9,133.95,2026-03-30,2026-03-18,2,14,12,0.0,0
296,Daniel,Harris,daniel.harris296@example.com,Austin,TX,2025-10-26,Direct,New,1,52.78,52.78,2025-11-14,2025-11-14,138,138,0,0.0,1
297,Ashley,Anderson,ashley.anderson297@example.com,Houston,TX,2024-11-23,Social Media,New,2,386.93,193.465,2025-02-14,2025-01-26,411,430,19,0.0,1
298,Robert,Jackson,robert.jackson298@example.com,San Diego,CA,2026-01-29,Direct,New,1,144.04,144.04,2026-04-01,2026-04-01,0,0,0,0.0,1
299,Donna,White,donna.white299@example.com,Atlanta,GA,2024-10-29,Social Media,New,1,242.01,242.01,2024-12-10,2024-12-10,477,477,0,0.0,1
300,Joshua,Clark,joshua.clark300@example.com,San Diego,CA,2025-12-02,Social Media,Returning,2,280.90999999999997,140.45499999999998,2026-02-13,2025-12-29,47,93,46,0.5,0
301,Ashley,Anderson,ashley.anderson301@example.com,Philadelphia,PA,2024-06-22,Paid Search,Returning,6,1752.07,292.01166666666666,2025-01-15,2024-08-10,441,599,158,0.16666666666666666,1
302,Andrew,Lee,andrew.lee302@example.com,Los Angeles,CA,2025-06-20,Referral,Returning,4,841.1,210.275,2026-01-04,2025-06-29,87,276,189,0.0,1
303,Patricia,Harris,patricia.harris303@example.com,New York,NY,2025-02-26,Organic Search,Returning,5,760.6800000000001,152.13600000000002,2026-01-01,2025-05-12,90,324,234,0.2,1
304,Elizabeth,Smith,elizabeth.smith304@example.com,San Antonio,TX,2025-11-13,Referral,VIP,2,200.52,100.26,2026-03-01,2026-01-29,31,62,31,0.0,0
305,Ashley,Smith,ashley.smith305@example.com,New York,NY,2024-01-13,Direct,Returning,5,598.99,119.798,2025-01-13,2024-05-10,443,691,248,0.0,1
306,Charles,Smith,charles.smith306@example.com,Nashville,TN,2024-07-02,Paid Search,New,2,202.35999999999999,101.17999999999999,2024-12-10,2024-09-18,477,560,83,0.0,1
307,Jessica,Miller,jessica.miller307@example.com,Nashville,TN,2024-03-21,Direct,New,2,897.3299999999999,448.66499999999996,2024-06-02,2024-05-15,668,686,18,0.0,1
308,Jessica,Thompson,jessica.thompson308@example.com,San Diego,CA,2024-11-03,Referral,Returning,5,532.04,106.40799999999999,2025-05-26,2024-12-01,310,486,176,0.0,1
309,Robert,Williams,robert.williams309@example.com,Boston,MA,2025-05-02,Paid Search,New,2,189.03,94.515,2025-12-06,2025-08-30,116,214,98,0.0,1
310,Jennifer,Thomas,jennifer.thomas310@example.com,Atlanta,GA,2024-02-13,Referral,VIP,8,1528.04,191.005,2025-07-06,2024-05-25,269,676,407,0.0,1
311,Joshua,Thomas,joshua.thomas311@example.com,Dallas,TX,2025-12-01,Direct,VIP,2,855.1,427.55,2026-02-17,2025-12-25,43,97,54,0.0,0
312,Robert,Garcia,robert.garcia312@example.com,Seattle,WA,2025-08-24,Social Media,Returning,2,234.82,117.41,2025-12-27,2025-09-17,95,196,101,1.0,0
313,John,Martinez,john.martinez313@example.com,Philadelphia,PA,2025-07-31,Social Media,Returning,2,337.41,168.705,2025-11-04,2025-09-25,148,188,40,0.0,1
314,Andrew,Hernandez,andrew.hernandez314@example.com,Boston,MA,2026-01-11,Email,Returning,1,134.97,134.97,2026-03-10,2026-03-10,22,22,0,0.0,0
315,Patricia,Brown,patricia.brown315@example.com,Atlanta,GA,2024-12-14,Direct,Returning,6,919.05,153.17499999999998,2026-02-19,2025-03-22,41,375,334,0.16666666666666666,1
316,Betty,Harris,betty.harris316@example.com,Seattle,WA,2025-05-17,Social Media,Returning,2,878.87,439.435,2025-10-26,2025-07-15,157,260,103,0.0,1
317,Margaret,Garcia,margaret.garcia317@example.com,Boston,MA,2025-12-31,Social Media,New,1,107.97,107.97,2026-02-22,2026-02-22,38,38,0,0.0,1
318,Elizabeth,White,elizabeth.white318@example.com,Boston,MA,2024-11-20,Email,New,2,643.6,321.8,2025-05-30,2025-03-08,306,389,83,0.0,1
319,Donald,Lopez,donald.lopez319@example.com,Dallas,TX,2024-04-14,Social Media,New,1,184.3,184.3,2024-07-01,2024-07-01,639,639,0,0.0,1
320,Emily,Moore,emily.moore320@example.com,Nashville,TN,2025-02-21,Direct,New,2,1145.84,572.92,2025-04-11,2025-03-31,355,366,11,0.0,1
322,Jennifer,White,jennifer.white322@example.com,Minneapolis,MN,2024-06-22,Social Media,New,2,73.41,36.705,2024-12-17,2024-09-13,470,565,95,0.5,1
323,Elizabeth,Williams,elizabeth.williams323@example.com,Philadelphia,PA,2025-03-21,Organic Search,New,2,537.96,268.98,2025-06-17,2025-06-02,288,303,15,0.0,1
324,Lisa,Rodriguez,lisa.rodriguez324@example.com,San Diego,CA,2025-04-13,Social Media,New,2,625.88,312.94,2025-06-03,2025-04-27,302,339,37,0.0,1
325,Nancy,Clark,nancy.clark325@example.com,Boston,MA,2025-03-26,Referral,Returning,3,738.48,246.16,2025-10-21,2025-05-17,162,319,157,0.3333333333333333,1
326,Kenneth,Jones,kenneth.jones326@example.com,Austin,TX,2024-11-24,Social Media,Returning,5,1388.7,277.74,2025-09-08,2025-01-04,205,452,247,0.2,1
327,Daniel,Garcia,daniel.garcia327@example.com,Boston,MA,2024-11-22,Social Media,Returning,2,684.3199999999999,342.15999999999997,2025-03-23,2025-01-31,374,425,51,0.0,1
328,Joshua,Sanchez,joshua.sanchez328@example.com,San Diego,CA,2024-11-29,Social Media,Returning,4,1022.8600000000001,255.71500000000003,2025-07-09,2025-01-03,266,453,187,0.25,1
329,Lisa,Brown,lisa.brown329@example.com,San Antonio,TX,2024-07-03,Referral,Returning,5,944.85,188.97,2025-06-07,2024-10-06,298,542,244,0.0,1
331,Karen,Davis,karen.davis331@example.com,Dallas,TX,2025-11-05,Social Media,New,2,48.730000000000004,24.365000000000002,2026-03-10,2026-02-09,22,51,29,0.0,1
332,John,Anderson,john.anderson332@example.com,Portland,OR,2025-08-19,Referral,Returning,2,360.89,180.445,2026-03-27,2025-12-16,5,106,101,0.0,0
333,Mark,Moore,mark.moore333@example.com,Los Angeles,CA,2025-12-19,Referral,Returning,1,263.91,263.91,2026-02-20,2026-02-20,40,40,0,0.0,0
334,Jennifer,Brown,jennifer.brown334@example.com,San Diego,CA,2025-11-04,Direct,New,1,410.13,410.13,2025-12-15,2025-12-15,107,107,0,0.0,1
336,James,Brown,james.brown336@example.com,Dallas,TX,2025-12-05,Social Media,New,2,494.14,247.07,2026-03-29,2025-12-30,3,92,89,0.0,1
337,Sandra,Harris,sandra.harris337@example.com,Nashville,TN,2024-06-03,Organic Search,New,2,305.53999999999996,152.76999999999998,2024-07-08,2024-07-01,632,639,7,0.0,1
338,Charles,Wilson,charles.wilson338@example.com,Chicago,IL,2026-01-17,Social Media,New,1,229.95,229.95,2026-03-21,2026-03-21,11,11,0,0.0,1
339,Susan,Taylor,susan.taylor339@example.com,Portland,OR,2024-12-22,Referral,New,2,298.48,149.24,2025-04-05,2025-01-13,361,443,82,0.5,1
340,Donald,Hernandez,donald.hernandez340@example.com,Chicago,IL,2024-11-03,Organic Search,Returning,6,1526.55,254.42499999999998,2025-11-19,2024-11-26,133,491,358,0.16666666666666666,1
341,Nancy,Lee,nancy.lee341@example.com,Houston,TX,2025-11-24,Referral,VIP,1,299.98,299.98,2026-02-28,2026-02-28,32,32,0,0.0,0
342,Jessica,Taylor,jessica.taylor342@example.com,Philadelphia,PA,2025-07-19,Social Media,Returning,4,489.44,122.36,2026-03-12,2025-07-24,20,251,231,0.0,1
343,Joseph,Sanchez,joseph.sanchez343@example.com,Boston,MA,2025-10-06,Social Media,Returning,1,785.92,785.92,2026-01-10,2026-01-10,81,81,0,0.0,0
344,Betty,Smith,betty.smith344@example.com,San Antonio,TX,2025-02-02,Email,New,1,106.47,106.47,2025-04-27,2025-04-27,339,339,0,0.0,1
345,John,Jackson,john.jackson345@example.com,Houston,TX,2024-07-10,Organic Search,New,1,269.98,269.98,2024-07-19,2024-07-19,621,621,0,0.0,1
346,Thomas,Perez,thomas.perez346@example.com,Portland,OR,2024-11-16,Direct,Returning,6,1437.7,239.61666666666667,2025-09-30,2025-01-11,183,445,262,0.0,1
348,Jennifer,Perez,jennifer.perez348@example.com,Phoenix,AZ,2024-11-16,Paid Search,New,1,316.49,316.49,2025-02-10,2025-02-10,415,415,0,0.0,1
349,Lisa,Thompson,lisa.thompson349@example.com,Phoenix,AZ,2025-06-07,Direct,Returning,3,666.62,222.20666666666668,2025-10-14,2025-07-05,169,270,101,0.3333333333333333,1
350,Anthony,Wilson,anthony.wilson350@example.com,Philadelphia,PA,2025-12-11,Paid Search,VIP,1,51.27,51.27,2026-02-13,2026-02-13,47,47,0,0.0,0
351,Emily,Garcia,emily.garcia351@example.com,Portland,OR,2024-10-22,Social Media,New,1,78.96,78.96,2025-01-04,2025-01-04,452,452,0,0.0,1
352,Michelle,Johnson,michelle.johnson352@example.com,Denver,CO,2025-07-29,Referral,Returning,2,575.36,287.68,2025-08-17,2025-08-07,227,237,10,0.0,1
353,Ashley,Wilson,ashley.wilson353@example.com,Miami,FL,2025-05-15,Paid Search,Returning,3,922.35,307.45,2025-12-06,2025-08-12,116,232,116,0.0,1
354,Charles,Johnson,charles.johnson354@example.com,Dallas,TX,2025-06-07,Direct,New,1,100.25,100.25,2025-07-10,2025-07-10,265,265,0,0.0,1
355,Lisa,Moore,lisa.moore355@example.com,Los Angeles,CA,2025-07-13,Referral,New,2,542.92,271.46,2026-02-28,2025-11-02,32,150,118,0.5,1
356,Jessica,Martinez,jessica.martinez356@example.com,Los Angeles,CA,2025-04-05,Organic Search,VIP,5,784.54,156.908,2026-02-24,2025-06-27,36,278,242,0.2,0
357,Donald,Ramirez,donald.ramirez357@example.com,Houston,TX,2025-10-09,Paid Search,Returning,2,236.92000000000002,118.46000000000001,2026-03-19,2026-01-09,13,82,69,0.0,1
358,Susan,Sanchez,susan.sanchez358@example.com,Los Angeles,CA,2025-08-06,Direct,New,2,554.91,277.455,2025-12-05,2025-09-01,117,212,95,0.0,1
359,William,Hernandez,william.hernandez359@example.com,Austin,TX,2025-11-26,Social Media,New,1,306.29,306.29,2026-02-04,2026-02-04,56,56,0,1.0,1
360,Patricia,Rodriguez,patricia.rodriguez360@example.com,Phoenix,AZ,2025-12-19,Referral,New,1,104.96,104.96,2025-12-24,2025-12-24,98,98,0,0.0,1
361,Daniel,Clark,daniel.clark361@example.com,San Diego,CA,2025-10-04,Referral,Returning,3,852.02,284.00666666666666,2026-01-03,2025-10-16,88,167,79,0.3333333333333333,1
363,Sandra,Thomas,sandra.thomas363@example.com,Seattle,WA,2025-08-18,Referral,Returning,1,341.94,341.94,2025-12-14,2025-12-14,108,108,0,0.0,0
366,Robert,Brown,robert.brown366@example.com,Miami,FL,2024-01-17,Social Media,VIP,7,2024.19,289.17,2025-02-09,2024-04-10,416,721,305,0.14285714285714285,1
367,Sandra,Smith,sandra.smith367@example.com,Atlanta,GA,2024-11-05,Email,VIP,6,1249.1299999999999,208.1883333333333,2026-03-18,2025-03-03,14,394,380,0.5,0
368,Jennifer,Lee,jennifer.lee368@example.com,Denver,CO,2024-09-13,Referral,Returning,6,1677.18,279.53000000000003,2025-11-21,2024-10-27,131,521,390,0.16666666666666666,1
369,William,Johnson,william.johnson369@example.com,Boston,MA,2025-10-02,Paid Search,Returning,2,261.96,130.98,2026-03-11,2025-11-11,21,141,120,0.0,0
370,Margaret,Lee,margaret.lee370@example.com,Chicago,IL,2025-12-21,Organic Search,New,1,20.69,20.69,2026-01-19,2026-01-19,72,72,0,0.0,1
371,David,Jackson,david.jackson371@example.com,San Diego,CA,2024-01-10,Organic Search,New,1,320.44,320.44,2024-04-21,2024-04-21,710,710,0,0.0,1
372,Margaret,Thompson,margaret.thompson372@example.com,Phoenix,AZ,2025-05-04,Referral,New,1,62.48,62.48,2025-05-13,2025-05-13,323,323,0,0.0,1
373,Michael,Brown,michael.brown373@example.com,Seattle,WA,2024-05-20,Paid Search,Returning,4,614.37,153.5925,2024-12-27,2024-07-23,460,617,157,0.0,1
374,Elizabeth,Williams,elizabeth.williams374@example.com,Nashville,TN,2025-07-30,Social Media,Returning,3,750.64,250.21333333333334,2026-02-26,2025-11-12,34,140,106,0.0,0
375,Matthew,White,matthew.white375@example.com,San Antonio,TX,2024-12-25,Paid Search,New,1,29.98,29.98,2025-02-28,2025-02-28,397,397,0,0.0,1
376,Jessica,Rodriguez,jessica.rodriguez376@example.com,Chicago,IL,2025-12-08,Email,Returning,2,109.72,54.86,2026-03-02,2026-01-31,30,60,30,0.0,0
377,Susan,Taylor,susan.taylor377@example.com,Nashville,TN,2024-04-25,Organic Search,Returning,5,1217.06,243.41199999999998,2024-12-05,2024-07-24,482,616,134,0.0,1
378,Kimberly,Lewis,kimberly.lewis378@example.com,New York,NY,2024-05-15,Social Media,Returning,5,1363.32,272.664,2025-04-04,2024-06-24,362,646,284,0.0,1
380,Thomas,Miller,thomas.miller380@example.com,Los Angeles,CA,2025-12-19,Direct,Returning,2,723.8900000000001,361.94500000000005,2026-02-04,2026-01-05,56,86,30,0.0,0
381,Michelle,Jones,michelle.jones381@example.com,Dallas,TX,2024-03-26,Paid Search,Returning,2,457.25,228.625,2024-06-27,2024-05-28,643,673,30,0.5,1
382,Elizabeth,Moore,elizabeth.moore382@example.com,Seattle,WA,2025-11-28,Social Media,New,1,167.46,167.46,2025-12-06,2025-12-06,116,116,0,1.0,1
383,Jessica,Johnson,jessica.johnson383@example.com,San Diego,CA,2024-04-28,Email,Returning,4,1273.3400000000001,318.33500000000004,2024-09-27,2024-07-04,551,636,85,0.0,1
384,Barbara,Brown,barbara.brown384@example.com,New York,NY,2025-12-25,Social Media,New,1,89.07,89.07,2026-02-27,2026-02-27,33,33,0,0.0,1
385,Matthew,Taylor,matthew.taylor385@example.com,Nashville,TN,2024-09-22,Email,New,1,114.26,114.26,2024-12-08,2024-12-08,479,479,0,0.0,1
386,Linda,Harris,linda.harris386@example.com,New York,NY,2024-12-09,Organic Search,New,1,104.97,104.97,2025-01-05,2025-01-05,451,451,0,0.0,1
387,Thomas,Thompson,thomas.thompson387@example.com,Chicago,IL,2025-01-03,Paid Search,VIP,4,1317.74,329.435,2026-01-31,2025-04-04,60,362,302,0.25,0
389,Linda,Davis,linda.davis389@example.com,Nashville,TN,2024-01-03,Paid Search,VIP,14,3224.01,230.2864285714286,2025-11-06,2024-02-21,146,770,624,0.14285714285714285,1
391,Mark,Davis,mark.davis391@example.com,Seattle,WA,2024-09-11,Email,Returning,3,491.43,163.81,2025-03-04,2024-12-04,393,483,90,0.0,1
392,John,Jackson,john.jackson392@example.com,Denver,CO,2024-02-23,Organic Search,Returning,5,885.42,177.084,2025-04-04,2024-06-07,362,663,301,0.0,1
394,Jennifer,Moore,jennifer.moore394@example.com,Miami,FL,2024-11-07,Email,New,1,266.93,266.93,2024-12-19,2024-12-19,468,468,0,0.0,1
395,Donna,Thomas,donna.thomas395@example.com,San Antonio,TX,2024-06-03,Paid Search,New,1,233.03,233.03,2024-09-22,2024-09-22,556,556,0,1.0,1
396,Andrew,Lopez,andrew.lopez396@example.com,New York,NY,2024-12-09,Referral,Returning,6,1973.78,328.9633333333333,2025-06-24,2025-01-12,281,444,163,0.16666666666666666,1
397,Karen,Brown,karen.brown397@example.com,San Antonio,TX,2024-04-05,Direct,New,2,298.93,149.465,2024-08-05,2024-07-13,604,627,23,1.0,1
398,Mark,Thompson,mark.thompson398@example.com,Denver,CO,2025-06-01,Organic Search,Returning,4,1552.28,388.07,2026-02-16,2025-08-31,44,213,169,0.0,0
399,Donna,Jackson,donna.jackson399@example.com,Los Angeles,CA,2024-05-13,Email,New,2,384.89000000000004,192.44500000000002,2024-08-22,2024-07-29,587,611,24,0.0,1
400,Betty,Thompson,betty.thompson400@example.com,Seattle,WA,2024-11-21,Paid Search,New,2,529.89,264.945,2025-01-16,2024-12-23,440,464,24,0.0,1
401,David,Harris,david.harris401@example.com,Houston,TX,2024-06-08,Email,New,2,279.92,139.96,2024-07-25,2024-06-22,615,648,33,0.0,1
402,Mark,Brown,mark.brown402@example.com,Minneapolis,MN,2024-07-31,Organic Search,Returning,3,368.5,122.83333333333333,2024-12-16,2024-11-03,471,514,43,0.0,1
403,Jennifer,Garcia,jennifer.garcia403@example.com,Austin,TX,2025-09-09,Email,Returning,2,467.73,233.865,2025-12-09,2025-09-27,113,186,73,0.0,1
404,Elizabeth,Williams,elizabeth.williams404@example.com,San Diego,CA,2024-12-30,Email,New,2,386.89,193.445,2025-04-30,2025-03-01,336,396,60,0.0,1
406,Michael,Anderson,michael.anderson406@example.com,Houston,TX,2024-05-04,Paid Search,Returning,3,378.9,126.3,2024-09-15,2024-05-31,563,670,107,0.3333333333333333,1
407,David,Miller,david.miller407@example.com,Boston,MA,2025-10-22,Organic Search,Returning,4,1709.39,427.3475,2026-03-26,2025-11-15,6,137,131,0.0,0
408,Mary,Williams,mary.williams408@example.com,San Antonio,TX,2025-10-23,Email,New,1,92.97,92.97,2026-01-22,2026-01-22,69,69,0,0.0,0
409,Linda,Johnson,linda.johnson409@example.com,Miami,FL,2024-02-21,Referral,Returning,6,1418.59,236.43166666666664,2025-05-22,2024-06-06,314,664,350,0.16666666666666666,1
410,Betty,Thomas,betty.thomas410@example.com,New York,NY,2024-06-25,Email,VIP,11,2224.1099999999997,202.19181818181815,2026-02-24,2024-08-17,36,592,556,0.18181818181818182,0
411,Sarah,Anderson,sarah.anderson411@example.com,Phoenix,AZ,2025-09-23,Social Media,New,1,223.93,223.93,2025-10-03,2025-10-03,180,180,0,0.0,1
412,Emily,Thomas,emily.thomas412@example.com,Los Angeles,CA,2024-03-30,Paid Search,New,1,229.16,229.16,2024-07-18,2024-07-18,622,622,0,0.0,1
414,Matthew,Thomas,matthew.thomas414@example.com,Minneapolis,MN,2025-02-01,Direct,New,2,702.88,351.44,2025-05-11,2025-03-16,325,381,56,0.5,1
415,Joseph,Smith,joseph.smith415@example.com,Dallas,TX,2024-04-12,Direct,New,2,448.41,224.205,2024-09-17,2024-08-06,561,603,42,0.0,1
417,Barbara,Davis,barbara.davis417@example.com,Seattle,WA,2024-12-26,Direct,Returning,3,369.9,123.3,2025-03-10,2025-01-13,387,443,56,0.3333333333333333,1
418,Richard,Clark,richard.clark418@example.com,Portland,OR,2025-07-09,Organic Search,Returning,4,1440.33,360.0825,2026-02-19,2025-10-15,41,168,127,0.0,0
419,Patricia,Davis,patricia.davis419@example.com,San Diego,CA,2024-01-01,Paid Search,Returning,3,672.9200000000001,224.3066666666667,2024-07-05,2024-03-08,635,754,119,0.0,1
420,Nancy,Thompson,nancy.thompson420@example.com,Philadelphia,PA,2024-11-27,Referral,New,1,245.42,245.42,2025-01-16,2025-01-16,440,440,0,0.0,1
421,Elizabeth,Harris,elizabeth.harris421@example.com,Houston,TX,2025-11-09,Email,New,2,115.13999999999999,57.56999999999999,2026-03-16,2026-01-05,16,86,70,0.0,1
423,Charles,Jones,charles.jones423@example.com,Philadelphia,PA,2026-01-16,Direct,Returning,1,119.95,119.95,2026-02-16,2026-02-16,44,44,0,0.0,0
424,Betty,Ramirez,betty.ramirez424@example.com,Los Angeles,CA,2024-07-05,Direct,VIP,9,1103.28,122.58666666666666,2026-03-08,2024-08-22,24,587,563,0.2222222222222222,0
425,Joseph,Lee,joseph.lee425@example.com,Houston,TX,2025-05-23,Paid Search,Returning,4,1453.36,363.34,2026-02-21,2025-08-09,39,235,196,0.0,0
426,Matthew,Hernandez,matthew.hernandez426@example.com,Philadelphia,PA,2025-11-17,Social Media,VIP,2,588.85,294.425,2026-03-05,2025-11-29,27,123,96,0.0,0
427,James,Rodriguez,james.rodriguez427@example.com,San Antonio,TX,2024-12-24,Organic Search,New,2,530.0699999999999,265.03499999999997,2025-05-24,2025-03-08,312,389,77,0.0,1
428,Patricia,Gonzalez,patricia.gonzalez428@example.com,Miami,FL,2024-12-25,Social Media,New,1,203.93,203.93,2025-02-28,2025-02-28,397,397,0,0.0,1
429,Joshua,Lee,joshua.lee429@example.com,San Diego,CA,2024-06-15,Organic Search,Returning,6,1283.42,213.90333333333334,2025-04-10,2024-06-30,356,640,284,0.3333333333333333,1
430,Charles,Smith,charles.smith430@example.com,Seattle,WA,2024-03-16,Paid Search,VIP,6,1270.1999999999998,211.69999999999996,2025-06-06,2024-05-13,299,688,389,0.3333333333333333,1
431,John,Moore,john.moore431@example.com,Chicago,IL,2024-12-12,Social Media,Returning,4,245.6,61.4,2025-03-22,2024-12-29,375,458,83,0.25,1
432,Mary,Wilson,mary.wilson432@example.com,Philadelphia,PA,2024-06-09,Paid Search,New,1,353.91,353.91,2024-06-14,2024-06-14,656,656,0,0.0,1
433,Mark,Thompson,mark.thompson433@example.com,Minneapolis,MN,2025-07-07,Paid Search,New,1,74.37,74.37,2025-08-01,2025-08-01,243,243,0,0.0,1
434,Michael,Johnson,michael.johnson434@example.com,Boston,MA,2025-05-17,Social Media,New,2,653.52,326.76,2025-09-10,2025-06-03,203,302,99,0.5,1
435,Jennifer,Martinez,jennifer.martinez435@example.com,Portland,OR,2024-07-23,Referral,New,1,556.43,556.43,2024-08-19,2024-08-19,590,590,0,0.0,1
437,Ashley,Lewis,ashley.lewis437@example.com,Dallas,TX,2025-01-31,Email,VIP,7,1241.13,177.30428571428573,2026-03-13,2025-05-04,19,332,313,0.2857142857142857,0
438,Barbara,Anderson,barbara.anderson438@example.com,Los Angeles,CA,2024-09-26,Email,New,2,399.32,199.66,2024-11-30,2024-11-09,487,508,21,0.0,1
439,Joshua,Johnson,joshua.johnson439@example.com,Phoenix,AZ,2024-04-09,Direct,New,2,193.41,96.705,2024-09-06,2024-07-15,572,625,53,0.0,1
440,Mark,Harris,mark.harris440@example.com,San Diego,CA,2025-07-20,Direct,New,2,206.39999999999998,103.19999999999999,2025-11-26,2025-10-01,126,182,56,0.5,1
441,Mark,Moore,mark.moore441@example.com,Portland,OR,2025-05-02,Referral,New,1,119.97,119.97,2025-06-03,2025-06-03,302,302,0,0.0,1
442,Robert,Taylor,robert.taylor442@example.com,Nashville,TN,2025-09-27,Social Media,VIP,3,695.87,231.95666666666668,2026-03-15,2025-11-29,17,123,106,0.0,0
444,Margaret,Miller,margaret.miller444@example.com,Phoenix,AZ,2024-11-23,Organic Search,VIP,5,863.44,172.68800000000002,2026-01-31,2025-03-18,60,379,319,0.0,0
447,Joshua,Jackson,joshua.jackson447@example.com,Houston,TX,2024-12-18,Referral,New,2,708.36,354.18,2025-05-11,2025-03-20,325,377,52,0.0,1
448,Ashley,Jackson,ashley.jackson448@example.com,Portland,OR,2024-02-08,Direct,New,1,495.93,495.93,2024-02-21,2024-02-21,770,770,0,0.0,1
450,Steven,Robinson,steven.robinson450@example.com,Dallas,TX,2025-01-16,Email,Returning,6,2262.11,377.0183333333334,2026-03-18,2025-05-14,14,322,308,0.3333333333333333,1
451,Karen,Rodriguez,karen.rodriguez451@example.com,Portland,OR,2024-08-21,Social Media,VIP,10,2004.6000000000001,200.46,2026-02-11,2024-10-09,49,539,490,0.3,0
452,Daniel,Rodriguez,daniel.rodriguez452@example.com,Atlanta,GA,2024-07-11,Social Media,VIP,9,1838.28,204.25333333333333,2026-01-07,2024-08-29,84,580,496,0.1111111111111111,0
454,John,Martinez,john.martinez454@example.com,Nashville,TN,2025-02-17,Direct,VIP,6,1579.42,263.2366666666667,2026-01-15,2025-02-23,76,402,326,0.0,1
456,Lisa,Thompson,lisa.thompson456@example.com,San Antonio,TX,2024-10-07,Social Media,Returning,6,1426.8400000000001,237.8066666666667,2025-08-08,2024-12-11,236,476,240,0.16666666666666666,1
457,Linda,Perez,linda.perez457@example.com,New York,NY,2024-09-04,Paid Search,Returning,2,563.39,281.695,2025-01-19,2024-12-12,437,475,38,0.5,1
458,Steven,Jackson,steven.jackson458@example.com,Minneapolis,MN,2024-12-24,Email,Returning,3,1284.0900000000001,428.03000000000003,2025-07-12,2025-03-12,263,385,122,0.0,1
459,Jennifer,Martinez,jennifer.martinez459@example.com,New York,NY,2025-01-30,Paid Search,VIP,7,2368.5099999999998,338.3585714285714,2026-01-21,2025-02-06,70,419,349,0.0,0
460,Joseph,Lee,joseph.lee460@example.com,San Diego,CA,2025-11-24,Direct,Returning,1,448.91,448.91,2026-02-24,2026-02-24,36,36,0,0.0,0
461,Mary,Ramirez,mary.ramirez461@example.com,New York,NY,2025-10-24,Paid Search,Returning,2,518.83,259.415,2026-03-31,2026-01-25,1,66,65,0.0,1
462,Thomas,Martin,thomas.martin462@example.com,Austin,TX,2025-12-30,Social Media,Returning,1,254.93,254.93,2026-03-02,2026-03-02,30,30,0,0.0,0
463,Anthony,Ramirez,anthony.ramirez463@example.com,Denver,CO,2025-04-15,Referral,Returning,3,609.54,203.17999999999998,2025-10-13,2025-05-13,170,323,153,0.0,1
464,Kimberly,Clark,kimberly.clark464@example.com,Boston,MA,2025-08-21,Referral,Returning,2,225.03,112.515,2026-01-06,2025-12-10,85,112,27,0.0,1
465,Lisa,Moore,lisa.moore465@example.com,Austin,TX,2024-11-01,Email,Returning,4,716.73,179.1825,2025-06-13,2024-11-29,292,488,196,0.5,1
467,Karen,Miller,karen.miller467@example.com,Phoenix,AZ,2025-11-28,Social Media,New,1,318.21,318.21,2026-03-09,2026-03-09,23,23,0,1.0,0
468,Charles,Rodriguez,charles.rodriguez468@example.com,Atlanta,GA,2024-12-17,Direct,New,1,79.99,79.99,2025-01-11,2025-01-11,445,445,0,1.0,1
469,Steven,Robinson,steven.robinson469@example.com,Denver,CO,2025-06-03,Referral,New,1,799.93,799.93,2025-07-16,2025-07-16,259,259,0,1.0,1
470,Emily,Garcia,emily.garcia470@example.com,Austin,TX,2026-01-28,Paid Search,Returning,2,580.74,290.37,2026-03-24,2026-03-19,8,13,5,0.5,0
471,Nancy,Lee,nancy.lee471@example.com,Chicago,IL,2024-08-15,Email,Returning,3,527.13,175.71,2025-02-03,2024-09-15,422,563,141,0.3333333333333333,1
472,Mark,Sanchez,mark.sanchez472@example.com,Seattle,WA,2025-01-15,Organic Search,New,2,200.44,100.22,2025-05-13,2025-04-18,323,348,25,0.0,1
473,Steven,Johnson,steven.johnson473@example.com,Chicago,IL,2025-05-27,Direct,Returning,3,393.95,131.31666666666666,2025-10-24,2025-06-16,159,289,130,0.0,1
474,Karen,Wilson,karen.wilson474@example.com,Los Angeles,CA,2024-12-16,Social Media,Returning,4,1334.57,333.6425,2025-06-24,2025-03-13,281,384,103,0.0,1
475,Elizabeth,Hernandez,elizabeth.hernandez475@example.com,Philadelphia,PA,2026-03-08,Paid Search,New,1,35.98,35.98,2026-03-20,2026-03-20,12,12,0,0.0,1
476,Daniel,Lee,daniel.lee476@example.com,Los Angeles,CA,2025-10-10,Social Media,New,2,61.18000000000001,30.590000000000003,2025-12-21,2025-11-29,101,123,22,0.0,1
477,Anthony,Smith,anthony.smith477@example.com,Los Angeles,CA,2025-06-30,Organic Search,New,1,369.93,369.93,2025-09-09,2025-09-09,204,204,0,0.0,1
478,Daniel,Harris,daniel.harris478@example.com,Nashville,TN,2024-07-14,Referral,New,1,165.95,165.95,2024-09-21,2024-09-21,557,557,0,0.0,1
479,Jessica,Davis,jessica.davis479@example.com,Denver,CO,2024-11-15,Direct,New,1,313.43,313.43,2024-12-28,2024-12-28,459,459,0,0.0,1
481,Kimberly,Martin,kimberly.martin481@example.com,Nashville,TN,2024-12-11,Paid Search,Returning,6,1012.68,168.78,2025-11-03,2025-01-27,149,429,280,0.3333333333333333,1
483,David,Miller,david.miller483@example.com,New York,NY,2024-05-06,Organic Search,Returning,2,499.40999999999997,249.70499999999998,2024-09-16,2024-07-27,562,613,51,0.0,1
484,Anthony,Lewis,anthony.lewis484@example.com,Dallas,TX,2025-03-02,Email,New,1,27.99,27.99,2025-03-13,2025-03-13,384,384,0,0.0,1
485,Steven,Thompson,steven.thompson485@example.com,Phoenix,AZ,2025-10-07,Organic Search,New,1,204.95,204.95,2025-12-19,2025-12-19,103,103,0,0.0,1
486,Kimberly,Rodriguez,kimberly.rodriguez486@example.com,Phoenix,AZ,2025-09-24,Organic Search,New,1,34.99,34.99,2025-12-26,2025-12-26,96,96,0,0.0,1
488,Matthew,Thompson,matthew.thompson488@example.com,Atlanta,GA,2024-10-29,Paid Search,Returning,3,1177.81,392.6033333333333,2025-05-31,2025-01-28,305,428,123,0.0,1
489,Steven,Hernandez,steven.hernandez489@example.com,San Diego,CA,2024-01-03,Organic Search,New,1,219.51,219.51,2024-04-21,2024-04-21,710,710,0,0.0,1
490,Joshua,Perez,joshua.perez490@example.com,Portland,OR,2024-10-30,Paid Search,New,2,293.33000000000004,146.66500000000002,2025-02-15,2025-02-01,410,424,14,0.0,1
491,Robert,Ramirez,robert.ramirez491@example.com,Austin,TX,2024-11-16,Organic Search,New,2,369.45000000000005,184.72500000000002,2025-05-16,2025-02-02,320,423,103,0.0,1
492,James,Ramirez,james.ramirez492@example.com,Phoenix,AZ,2025-11-10,Social Media,New,2,623.85,311.925,2026-01-21,2025-12-07,70,115,45,0.0,1
493,Michelle,Rodriguez,michelle.rodriguez493@example.com,Chicago,IL,2024-07-06,Social Media,New,1,154.92,154.92,2024-09-23,2024-09-23,555,555,0,0.0,1
494,Sarah,Clark,sarah.clark494@example.com,Boston,MA,2025-12-07,Referral,Returning,1,193.45,193.45,2026-02-14,2026-02-14,46,46,0,1.0,0
495,William,Brown,william.brown495@example.com,Phoenix,AZ,2025-12-13,Paid Search,VIP,1,69.98,69.98,2026-03-01,2026-03-01,31,31,0,0.0,0
496,Michael,Wilson,michael.wilson496@example.com,Portland,OR,2025-03-24,Email,New,1,197.0,197.0,2025-04-25,2025-04-25,341,341,0,0.0,1
497,Michelle,Smith,michelle.smith497@example.com,Phoenix,AZ,2025-03-27,Email,New,1,291.89,291.89,2025-05-24,2025-05-24,312,312,0,0.0,1
498,James,Thompson,james.thompson498@example.com,Nashville,TN,2025-11-16,Referral,Returning,1,143.98,143.98,2026-02-15,2026-02-15,45,45,0,0.0,0
499,Michelle,Brown,michelle.brown499@example.com,Atlanta,GA,2025-11-08,Referral,Returning,1,197.64,197.64,2026-02-23,2026-02-23,37,37,0,1.0,0
500,Anthony,Jones,anthony.jones500@example.com,Minneapolis,MN,2025-09-19,Paid Search,Returning,4,580.95,145.2375,2026-03-04,2025-10-16,28,167,139,0.0,0
501,Paul,Ramirez,paul.ramirez501@example.com,Portland,OR,2024-06-18,Paid Search,Returning,6,1879.6,313.26666666666665,2025-08-30,2024-08-15,214,594,380,0.16666666666666666,1
502,Nancy,Rodriguez,nancy.rodriguez502@example.com,Los Angeles,CA,2025-06-03,Social Media,Returning,4,493.93,123.4825,2026-03-18,2025-08-28,14,216,202,0.5,0
503,Jessica,Williams,jessica.williams503@example.com,Miami,FL,2025-04-03,Email,Returning,5,1384.56,276.912,2025-12-17,2025-05-02,105,334,229,0.2,1
504,Linda,Thomas,linda.thomas504@example.com,New York,NY,2024-04-15,Direct,New,2,381.02,190.51,2024-09-22,2024-06-04,556,666,110,0.0,1
505,James,Clark,james.clark505@example.com,Chicago,IL,2024-07-30,Email,Returning,4,1759.41,439.8525,2025-02-20,2024-09-08,405,570,165,0.5,1
507,Michelle,Martin,michelle.martin507@example.com,Portland,OR,2024-08-15,Referral,New,1,357.92,357.92,2024-08-26,2024-08-26,583,583,0,0.0,1
508,Charles,Moore,charles.moore508@example.com,Nashville,TN,2025-05-19,Referral,Returning,3,637.1800000000001,212.39333333333335,2026-01-16,2025-07-14,75,261,186,0.6666666666666666,1
509,Mark,Brown,mark.brown509@example.com,Dallas,TX,2025-09-17,Social Media,New,1,563.3,563.3,2025-11-27,2025-11-27,125,125,0,0.0,1
511,Donna,Brown,donna.brown511@example.com,Miami,FL,2025-05-31,Direct,Returning,6,921.6000000000001,153.60000000000002,2026-02-17,2025-07-26,43,249,206,0.16666666666666666,1
512,Patricia,Moore,patricia.moore512@example.com,Atlanta,GA,2024-05-11,Direct,Returning,4,644.8,161.2,2024-09-12,2024-05-23,566,678,112,0.0,1
514,Charles,Anderson,charles.anderson514@example.com,Phoenix,AZ,2024-05-21,Referral,Returning,6,1570.06,261.6766666666667,2025-05-25,2024-09-12,311,566,255,0.0,1
516,Susan,Miller,susan.miller516@example.com,San Antonio,TX,2025-12-04,Referral,Returning,1,269.97,269.97,2026-01-28,2026-01-28,63,63,0,0.0,0
517,Barbara,Taylor,barbara.taylor517@example.com,Minneapolis,MN,2025-12-11,Email,Returning,3,1181.04,393.68,2026-02-04,2025-12-27,56,95,39,0.3333333333333333,0
518,Emily,Thomas,emily.thomas518@example.com,Atlanta,GA,2025-11-21,Email,Returning,1,99.72,99.72,2026-02-02,2026-02-02,58,58,0,0.0,0
519,Margaret,Sanchez,margaret.sanchez519@example.com,New York,NY,2025-06-19,Organic Search,New,2,407.05,203.525,2025-11-08,2025-07-28,144,247,103,0.0,1
520,Patricia,Miller,patricia.miller520@example.com,Dallas,TX,2025-12-08,Direct,New,1,433.94,433.94,2026-03-16,2026-03-16,16,16,0,0.0,0
521,Robert,Lopez,robert.lopez521@example.com,Miami,FL,2025-11-22,Referral,VIP,2,485.93,242.965,2026-03-13,2026-03-02,19,30,11,0.0,0
522,Emily,Gonzalez,emily.gonzalez522@example.com,San Diego,CA,2025-12-10,Social Media,VIP,1,183.92,183.92,2025-12-26,2025-12-26,96,96,0,0.0,0
523,Mark,Sanchez,mark.sanchez523@example.com,Seattle,WA,2025-07-19,Paid Search,Returning,4,920.97,230.2425,2026-03-28,2025-08-22,4,222,218,0.0,1
525,Lisa,Harris,lisa.harris525@example.com,Minneapolis,MN,2024-07-17,Referral,New,2,914.8699999999999,457.43499999999995,2024-08-18,2024-08-10,591,599,8,0.0,1
526,John,Garcia,john.garcia526@example.com,Philadelphia,PA,2025-01-21,Email,New,1,31.98,31.98,2025-03-13,2025-03-13,384,384,0,0.0,1
527,David,Garcia,david.garcia527@example.com,Dallas,TX,2024-01-06,Paid Search,Returning,2,297.95,148.975,2024-03-04,2024-01-19,758,803,45,0.0,1
528,Robert,Jones,robert.jones528@example.com,Seattle,WA,2025-09-03,Direct,VIP,3,1276.57,425.5233333333333,2026-03-16,2025-10-19,16,164,148,0.3333333333333333,1
529,Karen,Thomas,karen.thomas529@example.com,Minneapolis,MN,2025-01-01,Direct,Returning,4,913.1100000000001,228.27750000000003,2025-10-08,2025-04-07,175,359,184,0.25,1
530,Joseph,Garcia,joseph.garcia530@example.com,Nashville,TN,2024-06-12,Organic Search,Returning,3,707.36,235.78666666666666,2024-11-21,2024-07-28,496,612,116,0.0,1
531,Matthew,Davis,matthew.davis531@example.com,San Antonio,TX,2025-11-10,Paid Search,New,1,314.94,314.94,2026-02-20,2026-02-20,40,40,0,0.0,1
532,Michelle,Taylor,michelle.taylor532@example.com,Portland,OR,2025-10-26,Social Media,Returning,3,759.84,253.28,2026-03-01,2025-11-01,31,151,120,0.0,0
533,Jessica,Lewis,jessica.lewis533@example.com,San Diego,CA,2024-11-24,Organic Search,Returning,5,1272.77,254.554,2025-07-12,2024-11-29,263,488,225,0.0,1
535,Paul,Sanchez,paul.sanchez535@example.com,Nashville,TN,2024-07-16,Organic Search,New,2,100.96,50.48,2024-10-31,2024-08-17,517,592,75,0.0,1
536,William,Harris,william.harris536@example.com,Minneapolis,MN,2025-06-30,Referral,New,2,488.64,244.32,2025-11-13,2025-09-14,139,199,60,0.5,1
538,Margaret,Lee,margaret.lee538@example.com,Chicago,IL,2024-12-05,Paid Search,New,2,572.4,286.2,2025-04-10,2025-03-04,356,393,37,0.0,1
539,Thomas,Moore,thomas.moore539@example.com,Chicago,IL,2024-09-21,Social Media,Returning,4,1069.56,267.39,2025-05-17,2024-11-30,319,487,168,0.25,1
540,Margaret,Hernandez,margaret.hernandez540@example.com,New York,NY,2025-07-01,Organic Search,Returning,4,676.83,169.2075,2026-03-22,2025-10-14,10,169,159,0.5,1
541,Donna,Johnson,donna.johnson541@example.com,Chicago,IL,2024-04-18,Direct,Returning,6,1460.54,243.42333333333332,2024-12-26,2024-05-31,461,670,209,0.0,1
542,Jennifer,Martinez,jennifer.martinez542@example.com,Miami,FL,2025-11-07,Paid Search,New,1,299.68,299.68,2025-11-29,2025-11-29,123,123,0,0.0,1
543,David,White,david.white543@example.com,Boston,MA,2025-07-12,Email,Returning,3,485.0,161.66666666666666,2026-03-24,2025-10-01,8,182,174,0.3333333333333333,0
544,Lisa,Smith,lisa.smith544@example.com,Minneapolis,MN,2024-05-06,Social Media,Returning,4,1285.46,321.365,2024-12-05,2024-08-19,482,590,108,0.25,1
545,Andrew,Moore,andrew.moore545@example.com,Chicago,IL,2024-11-08,Referral,Returning,4,1256.38,314.095,2025-11-18,2025-02-20,134,405,271,0.0,1
546,Matthew,Miller,matthew.miller546@example.com,Atlanta,GA,2024-05-25,Email,New,1,99.98,99.98,2024-09-14,2024-09-14,564,564,0,0.0,1
547,Richard,Brown,richard.brown547@example.com,Philadelphia,PA,2025-11-18,Direct,VIP,3,530.5300000000001,176.84333333333336,2026-01-25,2025-11-30,66,122,56,0.0,0
548,Sandra,Lee,sandra.lee548@example.com,Minneapolis,MN,2024-03-15,Organic Search,New,1,434.95,434.95,2024-05-17,2024-05-17,684,684,0,0.0,1
549,Richard,White,richard.white549@example.com,Portland,OR,2024-12-04,Paid Search,Returning,3,493.56,164.52,2025-07-01,2025-01-06,274,450,176,0.0,1
550,Michael,Martinez,michael.martinez550@example.com,Chicago,IL,2024-07-17,Direct,Returning,3,409.09999999999997,136.36666666666665,2024-11-29,2024-08-03,488,606,118,0.3333333333333333,1
552,Daniel,Davis,daniel.davis552@example.com,San Diego,CA,2025-12-30,Email,New,1,309.95,309.95,2026-02-02,2026-02-02,58,58,0,1.0,1
553,David,Perez,david.perez553@example.com,Seattle,WA,2025-04-01,Direct,New,1,263.92,263.92,2025-07-10,2025-07-10,265,265,0,0.0,1
556,Mary,Clark,mary.clark556@example.com,Boston,MA,2025-07-06,Email,Returning,3,679.89,226.63,2026-02-12,2025-09-27,48,186,138,0.0,1
557,Betty,Davis,betty.davis557@example.com,Austin,TX,2025-06-06,Organic Search,New,2,411.90999999999997,205.95499999999998,2025-11-23,2025-09-09,129,204,75,0.0,1
558,Jessica,Ramirez,jessica.ramirez558@example.com,Philadelphia,PA,2025-04-01,Direct,Returning,5,845.69,169.138,2025-10-11,2025-07-23,172,252,80,0.2,1
559,Elizabeth,White,elizabeth.white559@example.com,Portland,OR,2025-01-02,Paid Search,Returning,2,354.87,177.435,2025-08-17,2025-04-20,227,346,119,0.0,1
560,John,Rodriguez,john.rodriguez560@example.com,Denver,CO,2024-08-27,Email,New,1,149.99,149.99,2024-10-06,2024-10-06,542,542,0,0.0,1
562,Michael,Thompson,michael.thompson562@example.com,Nashville,TN,2024-06-27,Direct,New,1,165.96,165.96,2024-07-11,2024-07-11,629,629,0,1.0,1
563,John,Taylor,john.taylor563@example.com,Dallas,TX,2024-12-27,Social Media,New,1,303.92,303.92,2025-01-13,2025-01-13,443,443,0,0.0,1
565,Paul,Lee,paul.lee565@example.com,Dallas,TX,2024-08-04,Direct,New,2,440.53,220.265,2024-10-07,2024-09-16,541,562,21,0.0,1
567,Susan,Jackson,susan.jackson567@example.com,Philadelphia,PA,2024-01-23,Direct,New,2,330.0,165.0,2024-04-11,2024-03-29,720,733,13,0.0,1
568,William,Jones,william.jones568@example.com,Nashville,TN,2024-05-30,Paid Search,New,1,62.07,62.07,2024-06-23,2024-06-23,647,647,0,0.0,1
569,Kimberly,Gonzalez,kimberly.gonzalez569@example.com,New York,NY,2025-11-08,Paid Search,VIP,2,764.85,382.425,2026-03-28,2026-01-19,4,72,68,0.0,0
570,Donald,Martin,donald.martin570@example.com,Portland,OR,2025-09-07,Paid Search,Returning,3,821.3799999999999,273.7933333333333,2026-02-26,2025-11-19,34,133,99,0.0,0
571,Michelle,Perez,michelle.perez571@example.com,Nashville,TN,2024-09-27,Social Media,Returning,3,868.88,289.62666666666667,2025-03-20,2024-10-03,377,545,168,0.0,1
572,Kenneth,Jackson,kenneth.jackson572@example.com,Chicago,IL,2024-08-23,Organic Search,New,1,472.42,472.42,2024-08-30,2024-08-30,579,579,0,0.0,1
573,Richard,Taylor,richard.taylor573@example.com,Nashville,TN,2025-12-01,Organic Search,New,1,37.98,37.98,2025-12-29,2025-12-29,93,93,0,0.0,1
574,Barbara,Thomas,barbara.thomas574@example.com,Los Angeles,CA,2025-12-15,Social Media,New,1,17.99,17.99,2026-01-01,2026-01-01,90,90,0,1.0,1
575,Anthony,Lopez,anthony.lopez575@example.com,Houston,TX,2025-03-11,Paid Search,Returning,4,1016.4100000000001,254.10250000000002,2025-11-18,2025-05-23,134,313,179,0.0,1
576,Jennifer,Martinez,jennifer.martinez576@example.com,Minneapolis,MN,2025-02-22,Referral,New,2,217.92000000000002,108.96000000000001,2025-08-10,2025-05-18,234,318,84,0.5,1
577,James,Jackson,james.jackson577@example.com,Nashville,TN,2025-12-05,Organic Search,New,2,223.34,111.67,2026-03-21,2026-01-26,11,65,54,0.5,1
578,Elizabeth,Wilson,elizabeth.wilson578@example.com,Dallas,TX,2025-09-18,Paid Search,Returning,3,725.4399999999999,241.8133333333333,2026-02-26,2025-10-21,34,162,128,0.0,0
579,Mark,Moore,mark.moore579@example.com,Minneapolis,MN,2025-05-09,Social Media,Returning,5,1400.67,280.134,2026-03-15,2025-06-14,17,291,274,0.2,1
580,Thomas,Martinez,thomas.martinez580@example.com,Denver,CO,2026-01-23,Organic Search,VIP,1,293.94,293.94,2026-03-19,2026-03-19,13,13,0,0.0,1
581,Joseph,Anderson,joseph.anderson581@example.com,Philadelphia,PA,2024-04-12,Email,New,2,527.88,263.94,2024-09-23,2024-05-31,555,670,115,0.0,1
582,Emily,Martin,emily.martin582@example.com,Los Angeles,CA,2024-06-13,Organic Search,Returning,5,836.72,167.344,2025-04-11,2024-09-15,355,563,208,0.2,1
583,Elizabeth,Thomas,elizabeth.thomas583@example.com,Atlanta,GA,2024-03-31,Organic Search,New,1,115.97,115.97,2024-07-24,2024-07-24,616,616,0,0.0,1
584,Kenneth,Johnson,kenneth.johnson584@example.com,Boston,MA,2025-06-17,Organic Search,VIP,4,904.1700000000001,226.04250000000002,2026-02-03,2025-07-28,57,247,190,0.25,0
585,Barbara,Lee,barbara.lee585@example.com,Portland,OR,2025-03-25,Direct,VIP,4,709.85,177.4625,2026-03-12,2025-06-27,20,278,258,0.25,1
586,Charles,Miller,charles.miller586@example.com,Los Angeles,CA,2025-09-21,Paid Search,New,2,812.8700000000001,406.43500000000006,2026-03-23,2026-01-12,9,79,70,0.0,1
587,James,Garcia,james.garcia587@example.com,Chicago,IL,2024-12-27,Paid Search,New,2,367.62,183.81,2025-01-31,2025-01-16,425,440,15,0.5,1
588,Kimberly,Smith,kimberly.smith588@example.com,Chicago,IL,2025-08-19,Email,VIP,7,1984.69,283.52714285714285,2026-03-11,2025-10-12,21,171,150,0.0,0
589,Joseph,Martin,joseph.martin589@example.com,San Antonio,TX,2025-08-11,Direct,New,2,550.5899999999999,275.29499999999996,2026-01-22,2025-10-07,69,176,107,0.0,1
590,Michael,Moore,michael.moore590@example.com,Chicago,IL,2025-05-30,Direct,VIP,9,1658.08,184.2311111111111,2025-10-27,2025-06-22,156,283,127,0.1111111111111111,1
592,Sandra,Lewis,sandra.lewis592@example.com,New York,NY,2025-05-08,Referral,New,2,211.79,105.895,2025-10-10,2025-07-28,173,247,74,0.0,1
594,Andrew,Smith,andrew.smith594@example.com,Dallas,TX,2024-09-11,Referral,New,2,562.19,281.095,2024-12-23,2024-11-08,464,509,45,0.0,1
595,Nancy,Williams,nancy.williams595@example.com,Minneapolis,MN,2024-07-01,Direct,New,2,554.96,277.48,2024-11-24,2024-07-30,493,610,117,0.0,1
599,Sarah,Gonzalez,sarah.gonzalez599@example.com,San Diego,CA,2025-07-07,Referral,New,2,482.90999999999997,241.45499999999998,2025-10-13,2025-10-06,170,177,7,0.5,1
600,Barbara,Anderson,barbara.anderson600@example.com,Houston,TX,2025-12-16,Organic Search,New,1,247.95,247.95,2026-02-15,2026-02-15,45,45,0,0.0,1
601,James,Perez,james.perez601@example.com,San Antonio,TX,2024-11-29,Paid Search,VIP,6,906.8199999999999,151.13666666666666,2026-03-07,2025-03-01,25,396,371,0.0,0
602,Emily,Rodriguez,emily.rodriguez602@example.com,San Diego,CA,2025-09-19,Social Media,New,2,415.90999999999997,207.95499999999998,2025-10-26,2025-09-24,157,189,32,0.0,1
603,Susan,Wilson,susan.wilson603@example.com,Denver,CO,2024-10-13,Direct,Returning,6,1452.94,242.15666666666667,2025-07-05,2025-01-24,270,432,162,0.16666666666666666,1
604,Joseph,Clark,joseph.clark604@example.com,Houston,TX,2026-01-08,Social Media,New,1,570.92,570.92,2026-03-07,2026-03-07,25,25,0,0.0,0
605,Anthony,Miller,anthony.miller605@example.com,Phoenix,AZ,2024-01-10,Referral,Returning,4,1368.16,342.04,2024-10-22,2024-03-31,526,731,205,0.0,1
606,Kimberly,Moore,kimberly.moore606@example.com,Seattle,WA,2025-08-04,Paid Search,New,2,549.36,274.68,2025-11-02,2025-10-26,150,157,7,0.0,1
607,Patricia,Miller,patricia.miller607@example.com,Dallas,TX,2024-04-08,Email,New,2,1214.88,607.44,2024-08-17,2024-06-20,592,650,58,0.5,1
611,Elizabeth,Ramirez,elizabeth.ramirez611@example.com,Philadelphia,PA,2024-12-11,Social Media,Returning,3,419.95,139.98333333333332,2025-09-06,2025-02-27,207,398,191,0.0,1
612,John,Williams,john.williams612@example.com,Philadelphia,PA,2024-12-17,Email,New,1,80.47,80.47,2025-01-17,2025-01-17,439,439,0,0.0,1
613,Sarah,Martin,sarah.martin613@example.com,Boston,MA,2025-02-27,Paid Search,VIP,7,2391.9500000000003,341.7071428571429,2026-01-23,2025-04-29,68,337,269,0.14285714285714285,0
614,Jessica,Perez,jessica.perez614@example.com,Dallas,TX,2024-03-22,Organic Search,New,1,373.42,373.42,2024-04-05,2024-04-05,726,726,0,0.0,1
615,John,Robinson,john.robinson615@example.com,Portland,OR,2025-07-15,Direct,Returning,4,683.9100000000001,170.97750000000002,2026-03-14,2025-11-09,18,143,125,0.0,0
616,Jennifer,Brown,jennifer.brown616@example.com,Dallas,TX,2025-09-24,Social Media,Returning,4,566.42,141.605,2026-03-29,2025-12-05,3,117,114,0.25,0
618,Kimberly,Clark,kimberly.clark618@example.com,Philadelphia,PA,2024-01-30,Email,New,2,176.93,88.465,2024-05-29,2024-03-13,672,749,77,0.5,1
619,Steven,Anderson,steven.anderson619@example.com,Minneapolis,MN,2025-12-15,Social Media,Returning,1,261.13,261.13,2026-02-19,2026-02-19,41,41,0,0.0,0
620,Joshua,Wilson,joshua.wilson620@example.com,Nashville,TN,2024-11-13,Paid Search,Returning,5,2152.14,430.428,2025-11-30,2025-03-06,122,391,269,0.0,1
621,Jennifer,Anderson,jennifer.anderson621@example.com,Austin,TX,2024-06-08,Paid Search,New,1,59.99,59.99,2024-07-25,2024-07-25,615,615,0,0.0,1
622,Matthew,Martinez,matthew.martinez622@example.com,Portland,OR,2025-07-01,Social Media,VIP,3,702.34,234.11333333333334,2026-02-18,2025-08-28,42,216,174,0.0,0
624,Emily,Lopez,emily.lopez624@example.com,San Antonio,TX,2025-03-23,Referral,New,1,35.98,35.98,2025-03-30,2025-03-30,367,367,0,0.0,1
625,Anthony,Clark,anthony.clark625@example.com,Boston,MA,2024-08-13,Paid Search,New,2,122.46,61.23,2025-01-14,2024-11-27,442,490,48,0.0,1
626,Kimberly,Harris,kimberly.harris626@example.com,Dallas,TX,2025-02-26,Paid Search,New,1,196.54,196.54,2025-04-02,2025-04-02,364,364,0,0.0,1
627,Charles,Brown,charles.brown627@example.com,Miami,FL,2025-09-24,Social Media,Returning,6,694.21,115.70166666666667,2026-03-20,2025-10-05,12,178,166,0.16666666666666666,1
628,Richard,Hernandez,richard.hernandez628@example.com,New York,NY,2024-06-04,Paid Search,Returning,3,310.9,103.63333333333333,2024-10-12,2024-06-18,536,652,116,0.3333333333333333,1
630,Ashley,Miller,ashley.miller630@example.com,Seattle,WA,2025-03-06,Email,Returning,3,997.77,332.59,2025-09-16,2025-05-05,197,331,134,0.0,1
631,Sandra,Thompson,sandra.thompson631@example.com,Los Angeles,CA,2024-12-04,Paid Search,Returning,6,926.9,154.48333333333332,2025-10-24,2024-12-09,159,478,319,0.0,1
632,Patricia,Rodriguez,patricia.rodriguez632@example.com,Boston,MA,2024-07-04,Social Media,Returning,2,451.67,225.835,2024-09-23,2024-07-09,555,631,76,0.0,1
633,James,Brown,james.brown633@example.com,San Diego,CA,2025-03-29,Paid Search,VIP,6,1634.56,272.4266666666667,2026-03-22,2025-05-16,10,320,310,0.0,0
634,Sandra,White,sandra.white634@example.com,Houston,TX,2025-11-28,Paid Search,VIP,1,79.96,79.96,2026-03-18,2026-03-18,14,14,0,0.0,1
635,Robert,White,robert.white635@example.com,Minneapolis,MN,2025-06-17,Email,Returning,3,1184.94,394.98,2026-01-17,2025-09-14,74,199,125,0.6666666666666666,1
636,Richard,Lopez,richard.lopez636@example.com,Los Angeles,CA,2024-04-25,Organic Search,New,2,782.46,391.23,2024-06-16,2024-06-07,654,663,9,0.0,1
637,William,Sanchez,william.sanchez637@example.com,Dallas,TX,2025-08-21,Organic Search,Returning,2,358.94,179.47,2026-03-10,2025-12-01,22,121,99,0.0,0
638,Robert,Jackson,robert.jackson638@example.com,Portland,OR,2025-12-05,Organic Search,New,2,240.96,120.48,2026-01-21,2025-12-24,70,98,28,0.5,1
639,Jessica,Garcia,jessica.garcia639@example.com,Portland,OR,2024-12-12,Referral,VIP,7,1842.1000000000001,263.1571428571429,2025-07-28,2025-01-03,247,453,206,0.2857142857142857,1
640,Patricia,Johnson,patricia.johnson640@example.com,Denver,CO,2025-10-22,Organic Search,Returning,2,215.13,107.565,2026-03-05,2025-11-28,27,124,97,0.0,0
641,David,Thomas,david.thomas641@example.com,San Diego,CA,2024-11-20,Email,Returning,3,982.9,327.6333333333333,2025-06-14,2025-02-12,291,413,122,0.0,1
642,Donald,White,donald.white642@example.com,San Antonio,TX,2025-07-26,Paid Search,Returning,2,310.74,155.37,2025-10-05,2025-08-22,178,222,44,0.5,1
643,Joshua,Garcia,joshua.garcia643@example.com,Minneapolis,MN,2024-12-22,Direct,Returning,2,506.90999999999997,253.45499999999998,2025-02-10,2025-01-14,415,442,27,0.0,1
644,Emily,Garcia,emily.garcia644@example.com,Chicago,IL,2025-06-27,Email,New,2,236.91,118.455,2025-11-07,2025-08-19,145,225,80,0.0,1
645,Andrew,Lopez,andrew.lopez645@example.com,Miami,FL,2025-06-02,Organic Search,New,2,402.09000000000003,201.04500000000002,2025-07-30,2025-07-05,245,270,25,0.5,1
646,Michelle,Ramirez,michelle.ramirez646@example.com,Denver,CO,2024-11-24,Direct,Returning,6,1133.94,188.99,2025-10-11,2024-12-15,172,472,300,0.0,1
647,Anthony,Miller,anthony.miller647@example.com,Nashville,TN,2025-11-30,Direct,Returning,1,104.97,104.97,2026-02-24,2026-02-24,36,36,0,0.0,0
648,Charles,Hernandez,charles.hernandez648@example.com,Atlanta,GA,2025-10-18,Referral,New,2,116.96,58.48,2026-03-31,2025-12-31,1,91,90,0.0,1
649,John,Johnson,john.johnson649@example.com,Phoenix,AZ,2024-07-25,Organic Search,New,1,269.96,269.96,2024-08-11,2024-08-11,598,598,0,0.0,1
650,Joshua,Lee,joshua.lee650@example.com,Boston,MA,2025-11-04,Direct,Returning,1,44.97,44.97,2026-02-18,2026-02-18,42,42,0,0.0,0
651,Thomas,Johnson,thomas.johnson651@example.com,Denver,CO,2024-03-13,Referral,VIP,12,2779.39,231.6158333333333,2026-01-13,2024-04-18,78,713,635,0.08333333333333333,0
652,Ashley,Robinson,ashley.robinson652@example.com,Chicago,IL,2024-03-03,Social Media,Returning,6,849.26,141.54333333333332,2025-01-08,2024-05-18,448,683,235,0.0,1
653,Lisa,Sanchez,lisa.sanchez653@example.com,Los Angeles,CA,2025-06-25,Email,New,2,330.39,165.195,2025-12-09,2025-09-21,113,192,79,0.0,1
654,John,Miller,john.miller654@example.com,Nashville,TN,2024-04-09,Social Media,New,1,58.62,58.62,2024-04-27,2024-04-27,704,704,0,0.0,1
655,Richard,Miller,richard.miller655@example.com,Nashville,TN,2025-11-03,Paid Search,Returning,2,144.95999999999998,72.47999999999999,2026-01-18,2025-12-31,73,91,18,0.5,0
657,Barbara,Moore,barbara.moore657@example.com,Boston,MA,2025-05-31,Direct,New,1,438.65,438.65,2025-07-29,2025-07-29,246,246,0,1.0,1
658,Donald,Robinson,donald.robinson658@example.com,Denver,CO,2024-11-18,Email,VIP,5,1109.02,221.804,2026-03-06,2025-03-05,26,392,366,0.0,0
659,Mark,Harris,mark.harris659@example.com,Atlanta,GA,2025-09-15,Social Media,Returning,2,506.96000000000004,253.48000000000002,2026-03-09,2026-01-12,23,79,56,0.0,0
660,Emily,Robinson,emily.robinson660@example.com,Dallas,TX,2025-06-14,Organic Search,VIP,4,1018.93,254.7325,2026-02-26,2025-06-24,34,281,247,0.0,0
662,Sarah,Robinson,sarah.robinson662@example.com,Minneapolis,MN,2025-08-08,Email,New,1,211.9,211.9,2025-11-24,2025-11-24,128,128,0,0.0,1
663,Elizabeth,Jones,elizabeth.jones663@example.com,Dallas,TX,2024-09-12,Organic Search,Returning,4,1197.3200000000002,299.33000000000004,2025-06-09,2024-10-24,296,524,228,0.0,1
665,Barbara,Thomas,barbara.thomas665@example.com,Houston,TX,2025-08-13,Email,Returning,3,389.29,129.76333333333335,2026-01-03,2025-09-25,88,188,100,0.3333333333333333,1
666,Matthew,Lewis,matthew.lewis666@example.com,Atlanta,GA,2025-10-09,Organic Search,New,2,199.82,99.91,2026-03-28,2026-01-13,4,78,74,0.0,1
667,Daniel,Moore,daniel.moore667@example.com,Phoenix,AZ,2024-11-30,Organic Search,New,2,354.90999999999997,177.45499999999998,2025-01-19,2024-12-21,437,466,29,0.0,1
668,Betty,Anderson,betty.anderson668@example.com,Nashville,TN,2024-04-02,Social Media,New,1,138.94,138.94,2024-05-09,2024-05-09,692,692,0,0.0,1
671,Betty,Lee,betty.lee671@example.com,San Antonio,TX,2025-07-28,Paid Search,Returning,4,1181.15,295.2875,2026-03-17,2025-09-12,15,201,186,0.0,1
673,Jennifer,Brown,jennifer.brown673@example.com,Atlanta,GA,2025-03-09,Email,New,2,347.07,173.535,2025-05-20,2025-03-27,316,370,54,0.0,1
675,Donald,Martin,donald.martin675@example.com,Phoenix,AZ,2025-03-27,Paid Search,Returning,5,918.0,183.6,2026-03-02,2025-06-15,30,290,260,0.0,0
677,Karen,Anderson,karen.anderson677@example.com,Portland,OR,2024-01-24,Paid Search,Returning,3,1499.54,499.84666666666664,2024-10-05,2024-04-18,543,713,170,0.0,1
678,Susan,Moore,susan.moore678@example.com,Nashville,TN,2026-02-07,Referral,Returning,1,141.03,141.03,2026-03-17,2026-03-17,15,15,0,0.0,0
679,Elizabeth,Thompson,elizabeth.thompson679@example.com,New York,NY,2025-11-10,Organic Search,New,1,231.43,231.43,2026-01-14,2026-01-14,77,77,0,0.0,1
680,Charles,Miller,charles.miller680@example.com,Dallas,TX,2024-01-09,Referral,Returning,6,967.65,161.275,2025-02-15,2024-03-10,410,752,342,0.0,1
681,Lisa,Ramirez,lisa.ramirez681@example.com,Houston,TX,2024-01-20,Social Media,VIP,10,2041.83,204.183,2025-06-28,2024-04-08,277,723,446,0.2,1
682,Joseph,Gonzalez,joseph.gonzalez682@example.com,Nashville,TN,2025-12-27,Direct,New,1,101.97,101.97,2026-03-19,2026-03-19,13,13,0,0.0,0
683,Andrew,Williams,andrew.williams683@example.com,Philadelphia,PA,2024-07-22,Referral,Returning,6,1287.05,214.50833333333333,2025-08-27,2024-10-30,217,518,301,0.16666666666666666,1
684,Mary,Johnson,mary.johnson684@example.com,San Diego,CA,2025-06-26,Referral,Returning,2,155.94,77.97,2026-01-05,2025-10-02,86,181,95,0.0,1
685,William,Smith,william.smith685@example.com,Denver,CO,2025-12-01,Paid Search,Returning,1,34.99,34.99,2026-03-13,2026-03-13,19,19,0,0.0,0
686,Paul,Rodriguez,paul.rodriguez686@example.com,Los Angeles,CA,2025-10-02,Organic Search,New,2,430.25,215.125,2026-03-11,2025-12-02,21,120,99,0.0,1
687,Emily,Rodriguez,emily.rodriguez687@example.com,San Diego,CA,2024-06-04,Paid Search,New,2,439.32,219.66,2024-12-20,2024-09-30,467,548,81,0.0,1
688,Jennifer,White,jennifer.white688@example.com,Boston,MA,2025-12-03,Paid Search,New,1,389.97,389.97,2025-12-10,2025-12-10,112,112,0,0.0,1
689,Margaret,Martinez,margaret.martinez689@example.com,Seattle,WA,2024-07-30,Referral,Returning,5,1448.65,289.73,2025-07-21,2024-10-31,254,517,263,0.0,1
690,Richard,Ramirez,richard.ramirez690@example.com,Phoenix,AZ,2024-11-12,Paid Search,VIP,8,2008.5900000000001,251.07375000000002,2026-02-18,2025-02-09,42,416,374,0.0,0
691,Margaret,Robinson,margaret.robinson691@example.com,Phoenix,AZ,2025-11-02,Email,VIP,3,524.36,174.78666666666666,2026-03-25,2025-12-03,7,119,112,0.0,0
693,Mary,Harris,mary.harris693@example.com,Seattle,WA,2025-02-25,Referral,Returning,3,888.4300000000001,296.1433333333334,2025-09-15,2025-04-02,198,364,166,0.0,1
694,Sarah,Jones,sarah.jones694@example.com,San Antonio,TX,2024-04-19,Direct,New,2,614.89,307.445,2024-09-25,2024-08-16,553,593,40,0.0,1
695,Michelle,Rodriguez,michelle.rodriguez695@example.com,San Diego,CA,2025-09-02,Email,Returning,2,871.0699999999999,435.53499999999997,2026-02-09,2025-10-26,51,157,106,0.0,0
696,Jennifer,Thompson,jennifer.thompson696@example.com,Portland,OR,2025-10-27,Social Media,VIP,3,728.98,242.99333333333334,2025-12-29,2025-11-08,93,144,51,0.0,0
697,Steven,Jones,steven.jones697@example.com,Philadelphia,PA,2024-07-16,Organic Search,New,2,942.3799999999999,471.18999999999994,2024-10-04,2024-09-21,544,557,13,0.0,1
698,Sarah,Wilson,sarah.wilson698@example.com,San Diego,CA,2024-03-08,Social Media,VIP,11,2033.19,184.83545454545455,2026-02-21,2024-04-01,39,730,691,0.0,0
699,Michelle,Thomas,michelle.thomas699@example.com,Seattle,WA,2024-09-09,Direct,Returning,4,581.71,145.4275,2025-04-29,2024-10-30,337,518,181,0.0,1
700,Anthony,White,anthony.white700@example.com,Seattle,WA,2025-07-03,Organic Search,VIP,4,1166.92,291.73,2026-03-10,2025-09-26,22,187,165,0.0,0
701,Kimberly,Brown,kimberly.brown701@example.com,Miami,FL,2024-02-20,Email,New,1,159.98,159.98,2024-06-01,2024-06-01,669,669,0,0.0,1
702,Charles,Anderson,charles.anderson702@example.com,Philadelphia,PA,2025-03-08,Referral,VIP,5,987.27,197.454,2026-03-14,2025-04-16,18,350,332,0.2,1
703,Kimberly,Lewis,kimberly.lewis703@example.com,Phoenix,AZ,2025-04-07,Paid Search,Returning,4,982.5799999999999,245.64499999999998,2025-10-25,2025-05-03,158,333,175,0.0,1
704,Donna,Lewis,donna.lewis704@example.com,Minneapolis,MN,2024-05-18,Organic Search,New,2,548.44,274.22,2024-09-02,2024-06-15,576,655,79,0.5,1
705,Barbara,Anderson,barbara.anderson705@example.com,San Antonio,TX,2024-09-13,Referral,Returning,3,817.88,272.62666666666667,2025-02-22,2024-10-29,403,519,116,0.0,1
706,William,Thompson,william.thompson706@example.com,Houston,TX,2024-04-03,Email,New,2,414.15999999999997,207.07999999999998,2024-05-20,2024-04-18,681,713,32,0.0,1
707,Jennifer,Taylor,jennifer.taylor707@example.com,Boston,MA,2024-06-12,Paid Search,New,2,318.94,159.47,2024-11-09,2024-09-09,508,569,61,0.0,1
708,Nancy,Jackson,nancy.jackson708@example.com,Phoenix,AZ,2024-11-12,Email,VIP,6,2044.02,340.67,2026-02-18,2024-12-24,42,463,421,0.0,0
709,Barbara,Brown,barbara.brown709@example.com,Phoenix,AZ,2024-07-26,Organic Search,Returning,3,418.7,139.56666666666666,2025-01-21,2024-09-19,435,559,124,0.6666666666666666,1
710,Sandra,Thomas,sandra.thomas710@example.com,Portland,OR,2024-08-31,Social Media,Returning,2,337.04,168.52,2024-12-13,2024-11-14,474,503,29,0.0,1
711,Mark,Anderson,mark.anderson711@example.com,Chicago,IL,2024-07-31,Referral,New,1,89.98,89.98,2024-11-26,2024-11-26,491,491,0,0.0,1
713,Karen,Hernandez,karen.hernandez713@example.com,Chicago,IL,2024-02-20,Paid Search,VIP,15,3001.5,200.1,2026-03-03,2024-03-23,29,739,710,0.13333333333333333,1
714,Charles,Martin,charles.martin714@example.com,Minneapolis,MN,2024-02-06,Email,New,1,455.42,455.42,2024-05-31,2024-05-31,670,670,0,1.0,1
715,Anthony,Clark,anthony.clark715@example.com,Chicago,IL,2025-07-17,Organic Search,Returning,4,733.34,183.335,2025-11-30,2025-09-19,122,194,72,0.0,1
716,Sarah,Hernandez,sarah.hernandez716@example.com,Nashville,TN,2025-12-13,Direct,New,1,191.98,191.98,2026-03-28,2026-03-28,4,4,0,0.0,1
717,Kimberly,Williams,kimberly.williams717@example.com,Portland,OR,2024-10-21,Email,Returning,4,703.84,175.96,2025-04-27,2025-01-24,339,432,93,0.25,1
719,Charles,Miller,charles.miller719@example.com,New York,NY,2024-05-01,Organic Search,Returning,3,1214.47,404.8233333333333,2024-12-10,2024-07-12,477,628,151,0.6666666666666666,1
720,Susan,Sanchez,susan.sanchez720@example.com,Atlanta,GA,2025-02-27,Referral,New,2,739.6,369.8,2025-09-01,2025-05-15,212,321,109,0.0,1
721,Susan,Smith,susan.smith721@example.com,San Antonio,TX,2025-12-07,Email,Returning,1,139.64,139.64,2026-03-11,2026-03-11,21,21,0,0.0,1
722,Karen,Taylor,karen.taylor722@example.com,Minneapolis,MN,2024-11-27,Email,New,2,818.8399999999999,409.41999999999996,2025-05-13,2025-01-17,323,439,116,0.5,1
725,Sandra,Lewis,sandra.lewis725@example.com,Minneapolis,MN,2024-12-09,Referral,Returning,5,471.82,94.364,2025-07-31,2024-12-20,244,467,223,0.2,1
726,Patricia,Clark,patricia.clark726@example.com,Nashville,TN,2024-11-02,Direct,Returning,3,367.57,122.52333333333333,2025-03-03,2025-01-18,394,438,44,0.0,1
728,Mary,Hernandez,mary.hernandez728@example.com,Boston,MA,2025-02-02,Email,New,2,633.88,316.94,2025-06-10,2025-03-21,295,376,81,0.0,1
729,Daniel,Thompson,daniel.thompson729@example.com,Los Angeles,CA,2024-10-05,Paid Search,Returning,5,1431.6599999999999,286.332,2025-12-15,2025-01-11,107,445,338,0.0,1
730,Lisa,Anderson,lisa.anderson730@example.com,Austin,TX,2024-06-28,Paid Search,Returning,5,803.14,160.628,2025-03-11,2024-07-19,386,621,235,0.2,1
731,Jennifer,Anderson,jennifer.anderson731@example.com,Nashville,TN,2025-05-27,Social Media,New,2,601.8299999999999,300.91499999999996,2025-08-18,2025-07-10,226,265,39,0.5,1
732,Kimberly,Martinez,kimberly.martinez732@example.com,Seattle,WA,2024-05-15,Social Media,New,2,158.29000000000002,79.14500000000001,2024-08-14,2024-06-09,595,661,66,0.0,1
733,Kimberly,Brown,kimberly.brown733@example.com,New York,NY,2024-11-14,Direct,Returning,2,399.40999999999997,199.70499999999998,2025-03-07,2025-02-28,390,397,7,0.0,1
735,Karen,Smith,karen.smith735@example.com,Austin,TX,2024-11-24,Direct,New,2,797.0899999999999,398.54499999999996,2025-03-31,2025-01-06,366,450,84,0.0,1
736,Daniel,Harris,daniel.harris736@example.com,Miami,FL,2025-11-18,Email,New,1,121.95,121.95,2026-03-06,2026-03-06,26,26,0,0.0,0
737,Linda,Smith,linda.smith737@example.com,Minneapolis,MN,2025-06-10,Direct,Returning,3,406.62,135.54,2025-10-07,2025-07-27,176,248,72,0.0,1
738,Daniel,Rodriguez,daniel.rodriguez738@example.com,Phoenix,AZ,2025-12-22,Paid Search,Returning,4,993.27,248.3175,2026-03-07,2026-01-05,25,86,61,0.0,1
739,John,Martinez,john.martinez739@example.com,Seattle,WA,2025-07-07,Social Media,New,1,384.92,384.92,2025-10-28,2025-10-28,155,155,0,0.0,1
740,Patricia,Brown,patricia.brown740@example.com,Boston,MA,2024-02-25,Referral,New,1,377.89,377.89,2024-05-18,2024-05-18,683,683,0,0.0,1
741,Kenneth,Lewis,kenneth.lewis741@example.com,Miami,FL,2025-09-23,Paid Search,New,1,89.99,89.99,2025-11-02,2025-11-02,150,150,0,0.0,1
742,Andrew,Williams,andrew.williams742@example.com,Miami,FL,2025-08-04,Referral,Returning,3,1076.82,358.94,2026-03-10,2025-11-25,22,127,105,0.0,1
743,Sandra,Brown,sandra.brown743@example.com,Miami,FL,2024-11-13,Social Media,Returning,2,918.78,459.39,2025-01-07,2024-11-28,449,489,40,0.5,1
744,Steven,Davis,steven.davis744@example.com,San Diego,CA,2025-09-23,Paid Search,New,2,217.18,108.59,2026-02-08,2025-11-20,52,132,80,0.5,1
745,Nancy,Sanchez,nancy.sanchez745@example.com,Seattle,WA,2024-12-25,Email,Returning,6,1563.21,260.535,2025-07-13,2025-01-13,262,443,181,0.16666666666666666,1
746,Matthew,Martin,matthew.martin746@example.com,Phoenix,AZ,2025-06-04,Organic Search,Returning,3,764.8399999999999,254.94666666666663,2025-12-03,2025-08-23,119,221,102,0.3333333333333333,1
748,Mark,Davis,mark.davis748@example.com,San Diego,CA,2025-07-15,Organic Search,Returning,2,493.90999999999997,246.95499999999998,2025-12-17,2025-10-03,105,180,75,0.5,0
749,Nancy,Miller,nancy.miller749@example.com,Atlanta,GA,2025-12-29,Direct,Returning,3,916.24,305.41333333333336,2026-03-18,2026-01-16,14,75,61,0.0,1
750,Kenneth,Anderson,kenneth.anderson750@example.com,Seattle,WA,2025-07-22,Email,New,1,106.1,106.1,2025-08-19,2025-08-19,225,225,0,0.0,1
751,Betty,Williams,betty.williams751@example.com,Houston,TX,2025-12-02,Social Media,Returning,1,374.94,374.94,2026-03-29,2026-03-29,3,3,0,1.0,0
752,Daniel,Thomas,daniel.thomas752@example.com,Los Angeles,CA,2024-04-02,Direct,New,2,323.45,161.725,2024-05-15,2024-05-01,686,700,14,0.0,1
753,James,Harris,james.harris753@example.com,Phoenix,AZ,2025-11-07,Social Media,Returning,2,223.17,111.585,2026-03-14,2026-02-06,18,54,36,0.0,1
754,Michelle,Jackson,michelle.jackson754@example.com,Miami,FL,2024-07-19,Email,VIP,7,1026.42,146.6314285714286,2026-01-25,2024-11-03,66,514,448,0.14285714285714285,0
755,Joshua,Sanchez,joshua.sanchez755@example.com,Austin,TX,2024-12-18,Direct,Returning,5,1736.3799999999999,347.27599999999995,2025-07-02,2025-01-25,273,431,158,0.2,1
758,Betty,Lee,betty.lee758@example.com,Seattle,WA,2025-12-29,Direct,New,1,107.98,107.98,2026-02-23,2026-02-23,37,37,0,0.0,1
759,Susan,Perez,susan.perez759@example.com,Philadelphia,PA,2025-05-01,Email,Returning,2,445.17,222.585,2025-08-28,2025-08-10,216,234,18,0.0,1
760,Mark,Jones,mark.jones760@example.com,Austin,TX,2024-05-17,Paid Search,Returning,5,702.3,140.45999999999998,2025-05-08,2024-09-05,328,573,245,0.0,1
761,Ashley,Perez,ashley.perez761@example.com,Atlanta,GA,2024-05-19,Social Media,Returning,2,449.48,224.74,2024-09-19,2024-08-26,559,583,24,0.5,1
762,Sandra,Lewis,sandra.lewis762@example.com,Atlanta,GA,2025-09-30,Direct,Returning,1,379.42,379.42,2026-01-19,2026-01-19,72,72,0,0.0,0
763,Donald,Gonzalez,donald.gonzalez763@example.com,Denver,CO,2024-08-19,Direct,Returning,5,557.6700000000001,111.53400000000002,2025-04-27,2024-11-21,339,496,157,0.2,1
764,Ashley,Ramirez,ashley.ramirez764@example.com,San Diego,CA,2025-12-30,Direct,New,1,39.98,39.98,2026-03-30,2026-03-30,2,2,0,0.0,1
765,Joshua,Lopez,joshua.lopez765@example.com,Los Angeles,CA,2025-12-22,Referral,Returning,1,133.49,133.49,2026-01-05,2026-01-05,86,86,0,0.0,0
767,Michelle,Williams,michelle.williams767@example.com,San Diego,CA,2025-11-10,Referral,New,1,338.65,338.65,2026-02-03,2026-02-03,57,57,0,1.0,1
768,Andrew,Sanchez,andrew.sanchez768@example.com,Austin,TX,2025-09-19,Organic Search,New,1,83.98,83.98,2025-09-26,2025-09-26,187,187,0,0.0,1
769,Steven,Anderson,steven.anderson769@example.com,Nashville,TN,2024-12-05,Email,VIP,7,2186.33,312.3328571428571,2026-02-06,2024-12-25,54,462,408,0.0,0
770,Charles,Garcia,charles.garcia770@example.com,Los Angeles,CA,2025-12-12,Referral,Returning,1,255.31,255.31,2026-03-26,2026-03-26,6,6,0,0.0,0
771,Joshua,Rodriguez,joshua.rodriguez771@example.com,Los Angeles,CA,2025-11-03,Direct,Returning,1,312.42,312.42,2026-01-31,2026-01-31,60,60,0,0.0,0
772,Mary,Martinez,mary.martinez772@example.com,Portland,OR,2024-03-25,Email,New,1,14.99,14.99,2024-04-25,2024-04-25,706,706,0,0.0,1
773,Thomas,Jones,thomas.jones773@example.com,Dallas,TX,2025-09-10,Paid Search,Returning,3,940.93,313.6433333333333,2025-12-13,2025-09-19,109,194,85,0.0,1
774,Donald,Lopez,donald.lopez774@example.com,Philadelphia,PA,2025-11-07,Paid Search,Returning,2,320.47,160.235,2026-03-08,2026-01-21,24,70,46,0.0,1
775,Joshua,White,joshua.white775@example.com,Denver,CO,2024-02-23,Email,New,1,479.96,479.96,2024-05-17,2024-05-17,684,684,0,0.0,1
776,Steven,White,steven.white776@example.com,Minneapolis,MN,2024-08-27,Social Media,Returning,5,1415.87,283.174,2025-04-07,2024-09-18,359,560,201,0.2,1
778,Anthony,Perez,anthony.perez778@example.com,Seattle,WA,2024-02-12,Email,Returning,6,1117.68,186.28,2024-12-19,2024-04-09,468,722,254,0.16666666666666666,1
779,Margaret,Martin,margaret.martin779@example.com,Dallas,TX,2024-12-09,Email,Returning,6,1281.19,213.53166666666667,2025-11-12,2025-01-05,140,451,311,0.3333333333333333,1
780,Donna,Gonzalez,donna.gonzalez780@example.com,Miami,FL,2025-06-16,Paid Search,Returning,3,430.87,143.62333333333333,2025-11-28,2025-08-16,124,228,104,0.0,1
781,Daniel,Moore,daniel.moore781@example.com,New York,NY,2025-11-19,Social Media,New,1,449.97,449.97,2025-12-28,2025-12-28,94,94,0,0.0,1
782,Michael,Taylor,michael.taylor782@example.com,Houston,TX,2025-12-02,Email,New,1,328.11,328.11,2025-12-07,2025-12-07,115,115,0,0.0,1
783,Thomas,Miller,thomas.miller783@example.com,Los Angeles,CA,2025-11-03,Direct,New,1,522.93,522.93,2026-01-06,2026-01-06,85,85,0,0.0,1
784,Linda,Thompson,linda.thompson784@example.com,Houston,TX,2024-05-13,Referral,Returning,4,1565.08,391.27,2025-04-29,2024-09-07,337,571,234,0.25,1
785,Joshua,Sanchez,joshua.sanchez785@example.com,Philadelphia,PA,2024-09-16,Organic Search,Returning,5,1144.45,228.89000000000001,2026-01-03,2025-01-05,88,451,363,0.2,1
786,Sandra,Robinson,sandra.robinson786@example.com,Dallas,TX,2025-11-14,Paid Search,New,1,421.15,421.15,2026-03-02,2026-03-02,30,30,0,0.0,1
787,John,Rodriguez,john.rodriguez787@example.com,Los Angeles,CA,2024-03-02,Paid Search,Returning,3,1097.1100000000001,365.7033333333334,2024-09-14,2024-04-25,564,706,142,0.3333333333333333,1
788,Donald,Williams,donald.williams788@example.com,Portland,OR,2024-07-24,Social Media,New,1,225.96,225.96,2024-08-22,2024-08-22,587,587,0,0.0,1
789,Michael,Jones,michael.jones789@example.com,Minneapolis,MN,2024-04-15,Referral,New,2,476.92999999999995,238.46499999999997,2024-08-21,2024-08-11,588,598,10,0.5,1
790,Thomas,Harris,thomas.harris790@example.com,Miami,FL,2025-11-11,Email,New,2,354.1,177.05,2026-03-18,2025-12-19,14,103,89,0.5,1
791,Betty,Jackson,betty.jackson791@example.com,New York,NY,2025-03-22,Organic Search,Returning,4,1398.78,349.695,2025-12-29,2025-03-30,93,367,274,0.25,1
792,Andrew,Davis,andrew.davis792@example.com,New York,NY,2025-01-02,Organic Search,New,2,417.28999999999996,208.64499999999998,2025-04-30,2025-01-11,336,445,109,0.0,1
793,Jennifer,Lopez,jennifer.lopez793@example.com,Minneapolis,MN,2025-10-25,Social Media,Returning,3,708.49,236.16333333333333,2026-03-06,2025-11-03,26,149,123,0.0,0
795,Donna,Davis,donna.davis795@example.com,Portland,OR,2025-02-02,Email,Returning,5,2148.08,429.616,2026-01-30,2025-03-25,61,372,311,0.0,1
796,Ashley,Moore,ashley.moore796@example.com,Miami,FL,2024-01-17,Referral,New,2,474.88,237.44,2024-05-01,2024-02-23,700,768,68,0.0,1
797,Robert,Gonzalez,robert.gonzalez797@example.com,Houston,TX,2025-11-14,Direct,VIP,3,725.54,241.84666666666666,2026-03-12,2026-01-18,20,73,53,0.6666666666666666,0
798,Elizabeth,White,elizabeth.white798@example.com,San Diego,CA,2024-03-14,Referral,New,1,134.45,134.45,2024-05-12,2024-05-12,689,689,0,1.0,1
799,Mary,Thomas,mary.thomas799@example.com,Los Angeles,CA,2024-05-13,Email,Returning,2,193.95999999999998,96.97999999999999,2024-07-09,2024-06-28,631,642,11,0.5,1
800,Michael,Anderson,michael.anderson800@example.com,Philadelphia,PA,2025-03-12,Referral,Returning,4,1179.54,294.885,2025-12-15,2025-03-20,107,377,270,0.0,1
801,Betty,Hernandez,betty.hernandez801@example.com,Houston,TX,2025-12-01,Paid Search,New,1,127.79,127.79,2025-12-13,2025-12-13,109,109,0,0.0,1
802,Robert,Jackson,robert.jackson802@example.com,Philadelphia,PA,2024-12-09,Social Media,New,1,386.95,386.95,2025-01-13,2025-01-13,443,443,0,0.0,1
803,William,Thompson,william.thompson803@example.com,Denver,CO,2025-07-20,Direct,New,2,320.90000000000003,160.45000000000002,2025-12-23,2025-10-01,99,182,83,0.0,1
804,Robert,Jones,robert.jones804@example.com,Houston,TX,2025-09-19,Social Media,New,1,372.93,372.93,2025-11-28,2025-11-28,124,124,0,0.0,1
805,Jennifer,Smith,jennifer.smith805@example.com,New York,NY,2025-12-24,Social Media,VIP,2,473.88,236.94,2026-03-23,2026-03-11,9,21,12,0.5,0
806,Steven,Thompson,steven.thompson806@example.com,Phoenix,AZ,2024-07-30,Social Media,New,1,477.53,477.53,2024-08-10,2024-08-10,599,599,0,0.0,1
807,Mark,Davis,mark.davis807@example.com,Philadelphia,PA,2025-09-02,Organic Search,Returning,3,654.53,218.17666666666665,2026-03-08,2025-10-10,24,173,149,0.0,0
808,Karen,Lopez,karen.lopez808@example.com,Atlanta,GA,2024-07-15,Organic Search,Returning,6,1532.71,255.45166666666668,2025-08-04,2024-09-16,240,562,322,0.16666666666666666,1
809,Michelle,Lopez,michelle.lopez809@example.com,Minneapolis,MN,2025-06-03,Referral,Returning,4,546.46,136.615,2026-02-12,2025-07-08,48,267,219,0.0,1
810,Susan,Rodriguez,susan.rodriguez810@example.com,Los Angeles,CA,2024-07-17,Social Media,New,2,704.13,352.065,2024-11-01,2024-08-01,516,608,92,0.0,1
811,Ashley,Garcia,ashley.garcia811@example.com,Philadelphia,PA,2025-11-17,Email,New,1,627.42,627.42,2026-03-08,2026-03-08,24,24,0,1.0,0
812,Charles,Miller,charles.miller812@example.com,Atlanta,GA,2024-09-14,Social Media,Returning,6,1555.68,259.28000000000003,2025-11-18,2024-11-27,134,490,356,0.16666666666666666,1
813,Robert,Brown,robert.brown813@example.com,Los Angeles,CA,2025-07-04,Social Media,Returning,3,438.98,146.32666666666668,2025-12-04,2025-10-16,118,167,49,0.3333333333333333,1
814,Paul,Brown,paul.brown814@example.com,Chicago,IL,2025-03-05,Email,Returning,5,1345.64,269.12800000000004,2026-03-05,2025-05-10,27,326,299,0.2,1
815,Joseph,Harris,joseph.harris815@example.com,Houston,TX,2024-11-29,Social Media,New,2,276.44,138.22,2025-01-07,2024-12-30,449,457,8,0.0,1
816,Richard,Gonzalez,richard.gonzalez816@example.com,San Diego,CA,2025-05-11,Paid Search,New,1,72.87,72.87,2025-06-16,2025-06-16,289,289,0,0.0,1
817,Michelle,Anderson,michelle.anderson817@example.com,Philadelphia,PA,2025-10-09,Email,New,1,42.48,42.48,2025-10-18,2025-10-18,165,165,0,0.0,1
818,David,Johnson,david.johnson818@example.com,Los Angeles,CA,2024-10-14,Social Media,VIP,7,2007.79,286.82714285714286,2026-02-25,2024-12-16,35,471,436,0.42857142857142855,0
819,Mark,Garcia,mark.garcia819@example.com,Seattle,WA,2025-09-10,Direct,Returning,2,182.62,91.31,2026-01-21,2025-12-11,70,111,41,0.0,0
821,Ashley,Ramirez,ashley.ramirez821@example.com,San Antonio,TX,2025-04-18,Referral,Returning,6,1144.73,190.78833333333333,2026-02-18,2025-04-30,42,336,294,0.16666666666666666,1
822,Jessica,Davis,jessica.davis822@example.com,Seattle,WA,2024-04-10,Direct,New,1,190.29,190.29,2024-06-28,2024-06-28,642,642,0,0.0,1
823,James,Thompson,james.thompson823@example.com,Atlanta,GA,2024-08-11,Referral,New,1,135.47,135.47,2024-09-09,2024-09-09,569,569,0,0.0,1
824,Jennifer,Smith,jennifer.smith824@example.com,Portland,OR,2025-11-16,Direct,Returning,2,461.2,230.6,2026-02-07,2026-01-22,53,69,16,0.0,0
825,Donna,Smith,donna.smith825@example.com,Miami,FL,2025-12-21,Organic Search,VIP,1,186.96,186.96,2026-02-22,2026-02-22,38,38,0,0.0,0
826,Anthony,Lewis,anthony.lewis826@example.com,Seattle,WA,2025-06-27,Email,New,1,72.87,72.87,2025-07-13,2025-07-13,262,262,0,0.0,1
827,Michelle,Moore,michelle.moore827@example.com,San Antonio,TX,2025-11-21,Social Media,New,1,583.91,583.91,2025-12-20,2025-12-20,102,102,0,0.0,1
829,Andrew,Brown,andrew.brown829@example.com,Portland,OR,2025-12-20,Paid Search,Returning,1,119.97,119.97,2026-03-30,2026-03-30,2,2,0,0.0,0
830,Daniel,Lopez,daniel.lopez830@example.com,Dallas,TX,2024-10-10,Social Media,New,1,135.98,135.98,2024-11-11,2024-11-11,506,506,0,0.0,1
832,Andrew,Lewis,andrew.lewis832@example.com,Austin,TX,2025-12-10,Organic Search,VIP,2,330.35,165.175,2026-02-12,2026-01-11,48,80,32,0.5,0
833,Richard,Lewis,richard.lewis833@example.com,Miami,FL,2024-03-30,Email,VIP,10,2541.44,254.144,2025-05-24,2024-04-16,312,715,403,0.2,1
834,John,Brown,john.brown834@example.com,Philadelphia,PA,2024-10-09,Paid Search,New,1,55.66,55.66,2024-12-02,2024-12-02,485,485,0,0.0,1
835,Susan,Taylor,susan.taylor835@example.com,New York,NY,2024-10-27,Paid Search,Returning,4,1336.77,334.1925,2025-08-30,2025-02-16,214,409,195,0.25,1
836,Steven,Lopez,steven.lopez836@example.com,Atlanta,GA,2024-01-22,Paid Search,New,2,615.83,307.915,2024-06-20,2024-02-28,650,763,113,0.0,1
837,Kimberly,Lee,kimberly.lee837@example.com,Seattle,WA,2025-11-02,Direct,New,1,261.34,261.34,2025-12-11,2025-12-11,111,111,0,0.0,1
838,Kimberly,Clark,kimberly.clark838@example.com,Minneapolis,MN,2025-08-03,Paid Search,Returning,4,1224.12,306.03,2026-02-11,2025-09-06,49,207,158,0.25,0
839,Thomas,Davis,thomas.davis839@example.com,Portland,OR,2024-05-31,Paid Search,Returning,4,429.83,107.4575,2025-07-25,2024-09-23,250,555,305,0.25,1
840,Michelle,Robinson,michelle.robinson840@example.com,Philadelphia,PA,2025-12-29,Paid Search,New,1,474.41,474.41,2026-02-23,2026-02-23,37,37,0,0.0,0
841,Elizabeth,Garcia,elizabeth.garcia841@example.com,San Diego,CA,2024-04-29,Paid Search,New,2,436.41,218.205,2024-08-08,2024-07-14,601,626,25,0.0,1
842,Donald,Rodriguez,donald.rodriguez842@example.com,Denver,CO,2024-07-07,Referral,Returning,5,677.3,135.45999999999998,2024-12-21,2024-09-11,466,567,101,0.0,1
844,Elizabeth,Smith,elizabeth.smith844@example.com,Minneapolis,MN,2025-06-03,Social Media,Returning,4,1327.04,331.76,2026-03-29,2025-09-19,3,194,191,0.0,1
845,Charles,Harris,charles.harris845@example.com,Phoenix,AZ,2025-03-28,Social Media,New,2,746.87,373.435,2025-08-15,2025-07-07,229,268,39,0.0,1
846,Robert,Jones,robert.jones846@example.com,Minneapolis,MN,2024-04-29,Paid Search,New,2,454.94000000000005,227.47000000000003,2024-10-26,2024-08-19,522,590,68,0.0,1
847,Donald,Lopez,donald.lopez847@example.com,Chicago,IL,2024-11-30,Direct,Returning,3,373.94,124.64666666666666,2025-09-26,2025-03-13,187,384,197,0.3333333333333333,1
848,Kimberly,Davis,kimberly.davis848@example.com,Dallas,TX,2024-07-19,Social Media,Returning,4,480.53999999999996,120.13499999999999,2025-02-16,2024-08-11,409,598,189,0.0,1
849,Jennifer,Taylor,jennifer.taylor849@example.com,Boston,MA,2024-07-18,Direct,Returning,4,1137.11,284.2775,2025-05-22,2024-09-08,314,570,256,0.0,1
850,Patricia,Robinson,patricia.robinson850@example.com,Denver,CO,2025-02-11,Email,VIP,7,1309.04,187.00571428571428,2026-03-28,2025-04-01,4,365,361,0.0,0
851,Anthony,Lopez,anthony.lopez851@example.com,New York,NY,2024-10-18,Social Media,New,1,536.92,536.92,2024-12-06,2024-12-06,481,481,0,0.0,1
853,Margaret,White,margaret.white853@example.com,Atlanta,GA,2025-09-04,Social Media,New,1,314.92,314.92,2025-10-17,2025-10-17,166,166,0,0.0,1
854,Kimberly,Hernandez,kimberly.hernandez854@example.com,Chicago,IL,2024-03-31,Email,Returning,6,894.15,149.025,2025-06-22,2024-07-27,283,613,330,0.16666666666666666,1
855,Mark,Garcia,mark.garcia855@example.com,Minneapolis,MN,2024-07-23,Direct,New,2,361.89000000000004,180.94500000000002,2024-11-25,2024-08-08,492,601,109,0.0,1
856,Ashley,Johnson,ashley.johnson856@example.com,Austin,TX,2025-04-19,Paid Search,Returning,6,1438.66,239.77666666666667,2026-02-06,2025-05-21,54,315,261,0.0,1
857,Thomas,Martinez,thomas.martinez857@example.com,Portland,OR,2024-10-21,Referral,Returning,5,441.06,88.212,2025-10-16,2025-01-24,167,432,265,0.0,1
859,Kenneth,White,kenneth.white859@example.com,Denver,CO,2025-12-11,Referral,New,1,189.38,189.38,2026-01-09,2026-01-09,82,82,0,1.0,1
860,Joshua,Smith,joshua.smith860@example.com,Dallas,TX,2024-05-29,Paid Search,VIP,8,2121.15,265.14375,2025-12-18,2024-07-25,104,615,511,0.375,0
861,Matthew,Garcia,matthew.garcia861@example.com,Los Angeles,CA,2024-10-06,Email,Returning,3,520.9,173.63333333333333,2025-05-28,2025-01-30,308,426,118,0.0,1
864,Lisa,Brown,lisa.brown864@example.com,Minneapolis,MN,2025-08-16,Paid Search,New,1,41.38,41.38,2025-11-17,2025-11-17,135,135,0,1.0,1
865,Kimberly,Martinez,kimberly.martinez865@example.com,Denver,CO,2024-12-14,Paid Search,New,2,658.9200000000001,329.46000000000004,2025-04-23,2025-04-05,343,361,18,0.0,1
868,Mark,Anderson,mark.anderson868@example.com,Chicago,IL,2024-11-15,Social Media,New,2,648.46,324.23,2025-03-25,2024-11-30,372,487,115,0.5,1
869,Kenneth,Taylor,kenneth.taylor869@example.com,Seattle,WA,2024-05-01,Paid Search,VIP,12,3698.4,308.2,2026-03-27,2024-08-17,5,592,587,0.16666666666666666,1
870,Joseph,Martinez,joseph.martinez870@example.com,Phoenix,AZ,2024-08-02,Referral,New,2,214.67,107.335,2024-09-04,2024-08-12,574,597,23,0.0,1
871,Linda,Williams,linda.williams871@example.com,New York,NY,2025-03-17,Referral,New,1,65.97,65.97,2025-06-13,2025-06-13,292,292,0,0.0,1
872,Paul,Jackson,paul.jackson872@example.com,Los Angeles,CA,2025-04-25,Organic Search,New,2,995.3600000000001,497.68000000000006,2025-06-30,2025-05-20,275,316,41,0.5,1
874,Susan,Jackson,susan.jackson874@example.com,San Antonio,TX,2024-07-08,Paid Search,New,1,179.98,179.98,2024-09-21,2024-09-21,557,557,0,0.0,1
875,Sarah,Jackson,sarah.jackson875@example.com,Denver,CO,2024-12-26,Referral,Returning,3,1191.34,397.1133333333333,2025-08-20,2025-03-11,224,386,162,0.0,1
876,Michelle,Davis,michelle.davis876@example.com,Nashville,TN,2025-08-06,Organic Search,Returning,2,691.9399999999999,345.96999999999997,2026-02-18,2025-11-06,42,146,104,0.0,1
877,Kimberly,Miller,kimberly.miller877@example.com,San Antonio,TX,2024-10-15,Organic Search,Returning,4,990.9300000000001,247.73250000000002,2025-06-15,2025-01-19,290,437,147,0.25,1
878,Michael,Robinson,michael.robinson878@example.com,San Antonio,TX,2025-05-01,Social Media,Returning,2,687.89,343.945,2025-09-30,2025-08-10,183,234,51,0.0,1
879,Michael,Garcia,michael.garcia879@example.com,Denver,CO,2025-06-10,Email,New,2,547.6,273.8,2025-09-20,2025-08-19,193,225,32,0.0,1
880,Linda,Anderson,linda.anderson880@example.com,Houston,TX,2025-06-16,Referral,Returning,3,858.15,286.05,2026-01-23,2025-07-18,68,257,189,0.0,1
881,Charles,Moore,charles.moore881@example.com,Los Angeles,CA,2024-03-25,Email,New,2,929.3599999999999,464.67999999999995,2024-06-09,2024-05-20,661,681,20,0.0,1
882,Sandra,Martin,sandra.martin882@example.com,Austin,TX,2025-12-04,Direct,New,2,300.9,150.45,2026-02-15,2025-12-26,45,96,51,0.0,1
883,Mark,Martinez,mark.martinez883@example.com,Atlanta,GA,2025-11-26,Referral,New,1,265.41,265.41,2026-01-02,2026-01-02,89,89,0,0.0,1
884,Ashley,Perez,ashley.perez884@example.com,Houston,TX,2025-11-05,Social Media,New,2,367.91999999999996,183.95999999999998,2026-03-29,2025-12-24,3,98,95,0.0,1
885,Betty,Thompson,betty.thompson885@example.com,Houston,TX,2024-06-21,Email,VIP,12,2756.31,229.6925,2026-02-09,2024-09-27,51,551,500,0.0,1
886,Richard,Martin,richard.martin886@example.com,Boston,MA,2024-05-05,Social Media,New,2,575.6300000000001,287.81500000000005,2024-06-29,2024-05-30,641,671,30,0.5,1
887,Sarah,Harris,sarah.harris887@example.com,Dallas,TX,2024-12-30,Social Media,Returning,3,1162.48,387.49333333333334,2025-08-03,2025-04-07,241,359,118,0.6666666666666666,1
888,Ashley,Taylor,ashley.taylor888@example.com,Dallas,TX,2024-04-20,Paid Search,Returning,5,1151.05,230.20999999999998,2025-03-30,2024-06-14,367,656,289,0.0,1
889,David,Smith,david.smith889@example.com,Houston,TX,2026-01-25,Referral,New,1,315.93,315.93,2026-03-02,2026-03-02,30,30,0,0.0,1
890,Mary,Garcia,mary.garcia890@example.com,Boston,MA,2024-06-05,Organic Search,Returning,2,676.4,338.2,2024-12-26,2024-09-10,461,568,107,0.0,1
891,Kimberly,Harris,kimberly.harris891@example.com,Portland,OR,2025-07-09,Direct,VIP,4,1398.86,349.715,2026-02-08,2025-09-07,52,206,154,0.0,0
892,Mary,Harris,mary.harris892@example.com,Los Angeles,CA,2024-05-01,Social Media,New,2,759.8399999999999,379.91999999999996,2024-09-06,2024-07-12,572,628,56,0.0,1
893,Donald,Anderson,donald.anderson893@example.com,Los Angeles,CA,2024-02-03,Email,Returning,5,1173.56,234.712,2024-07-06,2024-02-20,634,771,137,0.2,1
894,William,Thomas,william.thomas894@example.com,Atlanta,GA,2024-05-17,Organic Search,New,2,100.97,50.485,2024-10-19,2024-08-14,529,595,66,0.0,1
895,Joshua,Perez,joshua.perez895@example.com,Portland,OR,2025-11-06,Social Media,Returning,1,123.97,123.97,2026-01-20,2026-01-20,71,71,0,0.0,0
896,Steven,Moore,steven.moore896@example.com,Philadelphia,PA,2025-06-02,Direct,New,1,514.95,514.95,2025-09-23,2025-09-23,190,190,0,0.0,1
897,Anthony,Martin,anthony.martin897@example.com,Denver,CO,2024-11-24,Paid Search,Returning,2,636.39,318.195,2025-03-29,2025-03-24,368,373,5,0.5,1
898,Lisa,Lopez,lisa.lopez898@example.com,New York,NY,2024-12-15,Email,New,1,104.97,104.97,2025-04-01,2025-04-01,365,365,0,0.0,1
899,Mark,Lopez,mark.lopez899@example.com,Los Angeles,CA,2025-11-08,Email,New,1,113.45,113.45,2025-11-16,2025-11-16,136,136,0,0.0,1
901,Andrew,Hernandez,andrew.hernandez901@example.com,Los Angeles,CA,2025-03-07,Direct,Returning,2,1160.1100000000001,580.0550000000001,2025-08-05,2025-06-17,239,288,49,0.5,1
902,Mary,Hernandez,mary.hernandez902@example.com,Boston,MA,2025-08-07,Social Media,Returning,2,287.94,143.97,2026-01-21,2025-11-15,70,137,67,0.0,0
903,Michael,Thompson,michael.thompson903@example.com,San Antonio,TX,2024-12-10,Referral,Returning,4,720.89,180.2225,2025-10-16,2025-02-28,167,397,230,0.0,1
904,Nancy,Garcia,nancy.garcia904@example.com,Austin,TX,2024-07-25,Organic Search,Returning,4,465.45,116.3625,2025-04-19,2024-10-14,347,534,187,0.0,1
905,Andrew,Miller,andrew.miller905@example.com,Austin,TX,2024-09-28,Social Media,VIP,10,2927.67,292.767,2026-04-01,2025-01-22,0,434,434,0.3,1
906,Joseph,Martin,joseph.martin906@example.com,Chicago,IL,2024-10-06,Social Media,Returning,2,253.89,126.945,2025-01-11,2024-11-17,445,500,55,0.0,1
908,Karen,Wilson,karen.wilson908@example.com,Minneapolis,MN,2024-11-16,Direct,New,2,139.97,69.985,2025-05-24,2025-02-11,312,414,102,0.0,1
910,Sandra,Rodriguez,sandra.rodriguez910@example.com,Minneapolis,MN,2024-09-03,Email,Returning,2,255.12,127.56,2024-10-14,2024-10-01,534,547,13,0.5,1
912,William,Rodriguez,william.rodriguez912@example.com,San Diego,CA,2025-02-19,Organic Search,New,2,1216.19,608.095,2025-07-29,2025-04-20,246,346,100,0.0,1
913,Jessica,Sanchez,jessica.sanchez913@example.com,Austin,TX,2025-03-22,Paid Search,VIP,4,1584.4299999999998,396.10749999999996,2026-01-16,2025-07-02,75,273,198,0.0,0
914,William,Rodriguez,william.rodriguez914@example.com,Phoenix,AZ,2024-01-30,Referral,Returning,3,669.37,223.12333333333333,2024-07-08,2024-03-06,632,756,124,0.0,1
915,Emily,Garcia,emily.garcia915@example.com,Los Angeles,CA,2024-01-21,Email,VIP,12,2993.73,249.4775,2026-03-03,2024-03-07,29,755,726,0.0,0
916,Kenneth,Martinez,kenneth.martinez916@example.com,Chicago,IL,2025-11-18,Referral,New,1,445.96,445.96,2026-03-08,2026-03-08,24,24,0,0.0,1
917,David,Davis,david.davis917@example.com,Houston,TX,2024-04-02,Email,New,1,237.95,237.95,2024-04-29,2024-04-29,702,702,0,0.0,1
918,Nancy,Clark,nancy.clark918@example.com,Boston,MA,2024-08-11,Email,New,1,358.15,358.15,2024-09-17,2024-09-17,561,561,0,0.0,1
919,Donald,Wilson,donald.wilson919@example.com,Dallas,TX,2025-12-17,Social Media,New,1,238.42,238.42,2026-03-27,2026-03-27,5,5,0,0.0,0
920,Steven,Perez,steven.perez920@example.com,San Diego,CA,2024-05-28,Email,Returning,6,1337.32,222.88666666666666,2025-07-31,2024-06-27,244,643,399,0.0,1
921,Mary,Lee,mary.lee921@example.com,Los Angeles,CA,2025-12-08,Email,Returning,3,797.49,265.83,2026-03-20,2026-01-07,12,84,72,0.0,0
922,Emily,Gonzalez,emily.gonzalez922@example.com,Austin,TX,2025-12-02,Social Media,VIP,1,113.96,113.96,2025-12-28,2025-12-28,94,94,0,0.0,0
923,Anthony,Smith,anthony.smith923@example.com,Boston,MA,2024-09-18,Paid Search,VIP,7,1345.17,192.16714285714286,2026-03-27,2024-11-06,5,511,506,0.0,0
924,Karen,Miller,karen.miller924@example.com,Philadelphia,PA,2025-10-21,Organic Search,New,1,47.58,47.58,2025-12-20,2025-12-20,102,102,0,0.0,1
926,William,Thompson,william.thompson926@example.com,Dallas,TX,2025-06-02,Referral,New,1,29.99,29.99,2025-08-29,2025-08-29,215,215,0,0.0,1
928,Donald,Sanchez,donald.sanchez928@example.com,Phoenix,AZ,2025-10-05,Organic Search,Returning,2,732.8800000000001,366.44000000000005,2026-01-24,2025-12-08,67,114,47,0.0,0
930,Kenneth,Perez,kenneth.perez930@example.com,Atlanta,GA,2026-01-22,Direct,New,1,135.94,135.94,2026-03-25,2026-03-25,7,7,0,0.0,0
931,Daniel,Sanchez,daniel.sanchez931@example.com,Austin,TX,2024-07-22,Social Media,New,1,335.96,335.96,2024-11-11,2024-11-11,506,506,0,0.0,1
932,Anthony,Clark,anthony.clark932@example.com,San Diego,CA,2025-07-25,Organic Search,Returning,2,669.86,334.93,2025-11-28,2025-08-18,124,226,102,0.0,1
933,Sandra,Miller,sandra.miller933@example.com,Dallas,TX,2025-12-19,Direct,New,1,295.94,295.94,2026-02-09,2026-02-09,51,51,0,0.0,0
934,Margaret,Martin,margaret.martin934@example.com,Dallas,TX,2024-06-01,Direct,New,2,315.94,157.97,2024-09-15,2024-08-20,563,589,26,0.0,1
935,Linda,Smith,linda.smith935@example.com,Nashville,TN,2025-05-21,Paid Search,Returning,3,360.49,120.16333333333334,2026-04-01,2025-09-18,0,195,195,0.3333333333333333,0
936,Sarah,Martinez,sarah.martinez936@example.com,Portland,OR,2025-01-26,Direct,VIP,7,1273.6200000000001,181.9457142857143,2026-01-30,2025-02-04,61,421,360,0.0,0
937,Susan,Clark,susan.clark937@example.com,Austin,TX,2025-03-04,Organic Search,Returning,5,902.43,180.486,2026-01-12,2025-04-14,79,352,273,0.0,1
938,Charles,Rodriguez,charles.rodriguez938@example.com,San Diego,CA,2025-09-24,Direct,New,1,119.98,119.98,2025-12-11,2025-12-11,111,111,0,0.0,1
939,Sandra,Williams,sandra.williams939@example.com,New York,NY,2025-04-25,Referral,New,2,531.33,265.665,2025-06-08,2025-05-13,297,323,26,0.0,1
940,Betty,Perez,betty.perez940@example.com,San Antonio,TX,2025-12-31,Direct,New,1,167.96,167.96,2026-03-11,2026-03-11,21,21,0,0.0,0
941,Thomas,Williams,thomas.williams941@example.com,Houston,TX,2025-07-24,Paid Search,New,2,406.16999999999996,203.08499999999998,2026-01-11,2025-10-26,80,157,77,0.0,1
942,Steven,Robinson,steven.robinson942@example.com,Denver,CO,2024-01-06,Email,Returning,2,265.52,132.76,2024-07-05,2024-04-03,635,728,93,0.0,1
943,Betty,Perez,betty.perez943@example.com,Denver,CO,2025-07-26,Paid Search,New,1,169.98,169.98,2025-11-23,2025-11-23,129,129,0,0.0,1
944,Paul,Thomas,paul.thomas944@example.com,Seattle,WA,2024-04-01,Paid Search,Returning,6,1489.14,248.19000000000003,2025-09-23,2024-07-30,190,610,420,0.16666666666666666,1
946,Charles,Lewis,charles.lewis946@example.com,Dallas,TX,2024-11-19,Paid Search,Returning,3,1396.0,465.3333333333333,2025-05-14,2024-12-21,322,466,144,0.0,1
947,Emily,Ramirez,emily.ramirez947@example.com,Miami,FL,2024-02-24,Paid Search,New,2,604.91,302.455,2024-07-21,2024-05-20,619,681,62,0.0,1
948,Robert,Thomas,robert.thomas948@example.com,Dallas,TX,2025-03-22,Social Media,VIP,4,1440.74,360.185,2026-02-28,2025-07-14,32,261,229,0.0,0
949,Robert,Anderson,robert.anderson949@example.com,Denver,CO,2025-12-27,Organic Search,Returning,2,408.53000000000003,204.26500000000001,2026-01-29,2026-01-24,62,67,5,0.0,0
950,Elizabeth,Brown,elizabeth.brown950@example.com,Denver,CO,2024-04-05,Paid Search,New,2,280.91,140.455,2024-08-28,2024-07-09,581,631,50,0.5,1
951,Paul,Clark,paul.clark951@example.com,Dallas,TX,2025-08-22,Organic Search,VIP,5,1956.0,391.2,2026-03-23,2025-09-08,9,205,196,0.0,1
952,Kimberly,Harris,kimberly.harris952@example.com,Philadelphia,PA,2025-11-24,Email,New,1,184.54,184.54,2026-01-13,2026-01-13,78,78,0,1.0,1
953,Linda,Gonzalez,linda.gonzalez953@example.com,Denver,CO,2024-06-06,Referral,Returning,3,776.35,258.78333333333336,2024-12-14,2024-08-06,473,603,130,0.6666666666666666,1
954,Steven,Anderson,steven.anderson954@example.com,Dallas,TX,2024-12-03,Social Media,Returning,4,564.61,141.1525,2025-08-06,2025-03-09,238,388,150,0.0,1
955,Daniel,White,daniel.white955@example.com,Phoenix,AZ,2024-11-26,Direct,Returning,4,972.1200000000001,243.03000000000003,2025-04-04,2024-12-09,362,478,116,0.0,1
956,Kenneth,Gonzalez,kenneth.gonzalez956@example.com,Chicago,IL,2025-02-12,Social Media,New,2,386.29999999999995,193.14999999999998,2025-08-09,2025-05-19,235,317,82,0.0,1
957,Jennifer,Smith,jennifer.smith957@example.com,San Antonio,TX,2024-06-15,Referral,New,2,623.56,311.78,2024-08-02,2024-07-18,607,622,15,0.0,1
958,Elizabeth,Brown,elizabeth.brown958@example.com,Austin,TX,2024-11-13,Email,Returning,2,130.34,65.17,2025-02-27,2024-12-19,398,468,70,0.0,1
959,Michael,Clark,michael.clark959@example.com,Denver,CO,2025-06-08,Social Media,New,1,174.94,174.94,2025-06-17,2025-06-17,288,288,0,0.0,1
961,Margaret,Williams,margaret.williams961@example.com,Los Angeles,CA,2025-06-09,Paid Search,Returning,4,1155.36,288.84,2026-02-10,2025-07-09,50,266,216,0.0,1
962,Elizabeth,Robinson,elizabeth.robinson962@example.com,Portland,OR,2025-06-21,Organic Search,Returning,2,786.8800000000001,393.44000000000005,2025-12-02,2025-09-22,120,191,71,0.0,1
963,Steven,Martinez,steven.martinez963@example.com,Phoenix,AZ,2024-11-03,Email,Returning,5,678.66,135.732,2025-10-04,2025-01-07,179,449,270,0.0,1
964,Joshua,Johnson,joshua.johnson964@example.com,Minneapolis,MN,2025-06-09,Organic Search,New,1,239.96,239.96,2025-07-17,2025-07-17,258,258,0,0.0,1
965,Sandra,Perez,sandra.perez965@example.com,Dallas,TX,2024-12-29,Direct,New,1,661.92,661.92,2025-01-10,2025-01-10,446,446,0,0.0,1
967,Karen,Hernandez,karen.hernandez967@example.com,Miami,FL,2024-12-15,Paid Search,VIP,4,723.86,180.965,2026-03-15,2025-04-13,17,353,336,0.25,1
968,Susan,Garcia,susan.garcia968@example.com,Chicago,IL,2024-04-18,Social Media,New,1,369.92,369.92,2024-07-13,2024-07-13,627,627,0,0.0,1
969,Linda,Smith,linda.smith969@example.com,Philadelphia,PA,2025-11-02,Referral,Returning,2,481.15,240.575,2026-03-31,2025-12-10,1,112,111,0.0,0
970,Kenneth,White,kenneth.white970@example.com,Portland,OR,2024-11-06,Email,VIP,7,1126.77,160.96714285714285,2026-02-24,2024-11-18,36,499,463,0.0,0
971,Betty,Sanchez,betty.sanchez971@example.com,Austin,TX,2024-03-30,Organic Search,New,2,329.92,164.96,2024-07-03,2024-06-26,637,644,7,0.5,1
973,Jessica,Wilson,jessica.wilson973@example.com,Minneapolis,MN,2024-07-14,Paid Search,Returning,5,1486.68,297.336,2025-04-18,2024-07-26,348,614,266,0.0,1
974,Steven,Wilson,steven.wilson974@example.com,New York,NY,2024-04-29,Referral,New,2,388.29,194.145,2024-07-05,2024-06-16,635,654,19,0.5,1
975,Donald,Thomas,donald.thomas975@example.com,Portland,OR,2025-08-22,Social Media,New,1,261.97,261.97,2025-10-22,2025-10-22,161,161,0,0.0,1
976,Patricia,Hernandez,patricia.hernandez976@example.com,New York,NY,2025-12-31,Social Media,New,1,188.97,188.97,2026-02-24,2026-02-24,36,36,0,0.0,1
977,Donna,Martin,donna.martin977@example.com,Minneapolis,MN,2024-10-24,Direct,New,2,390.1,195.05,2024-11-25,2024-11-03,492,514,22,0.0,1
978,Donna,White,donna.white978@example.com,Portland,OR,2025-06-24,Direct,Returning,3,624.08,208.02666666666667,2026-03-08,2025-09-23,24,190,166,0.0,0
979,John,Rodriguez,john.rodriguez979@example.com,Atlanta,GA,2025-10-23,Organic Search,Returning,3,627.02,209.00666666666666,2026-03-23,2025-12-16,9,106,97,0.3333333333333333,1
980,William,Martinez,william.martinez980@example.com,San Antonio,TX,2025-04-25,Paid Search,New,1,215.96,215.96,2025-07-26,2025-07-26,249,249,0,0.0,1
981,Donna,Robinson,donna.robinson981@example.com,Seattle,WA,2025-11-20,Social Media,New,1,40.47,40.47,2026-01-24,2026-01-24,67,67,0,0.0,1
982,William,Martin,william.martin982@example.com,San Antonio,TX,2024-05-12,Social Media,New,1,89.22,89.22,2024-09-05,2024-09-05,573,573,0,0.0,1
983,Michael,Sanchez,michael.sanchez983@example.com,Atlanta,GA,2025-05-20,Organic Search,New,2,513.9,256.95,2025-11-04,2025-07-08,148,267,119,0.0,1
984,Mary,Lopez,mary.lopez984@example.com,Dallas,TX,2024-12-31,Direct,New,1,129.98,129.98,2025-04-28,2025-04-28,338,338,0,0.0,1
985,Robert,Sanchez,robert.sanchez985@example.com,Chicago,IL,2024-12-11,Organic Search,Returning,4,1303.6399999999999,325.90999999999997,2025-08-24,2024-12-31,220,456,236,0.25,1
988,Charles,Thompson,charles.thompson988@example.com,Miami,FL,2024-12-08,Paid Search,New,1,262.86,262.86,2024-12-26,2024-12-26,461,461,0,0.0,1
989,Donald,Wilson,donald.wilson989@example.com,New York,NY,2025-04-30,Organic Search,Returning,3,973.98,324.66,2025-12-11,2025-07-01,111,274,163,0.0,0
990,Sarah,Lopez,sarah.lopez990@example.com,Atlanta,GA,2024-09-08,Social Media,Returning,3,600.97,200.32333333333335,2025-03-06,2024-11-01,391,516,125,0.3333333333333333,1
991,Joseph,Jones,joseph.jones991@example.com,Atlanta,GA,2025-03-29,Direct,New,2,655.83,327.915,2025-10-25,2025-07-12,158,263,105,0.0,1
992,John,Williams,john.williams992@example.com,Seattle,WA,2024-11-18,Social Media,Returning,3,653.99,217.99666666666667,2025-08-10,2025-01-14,234,442,208,0.3333333333333333,1
993,Patricia,Gonzalez,patricia.gonzalez993@example.com,Los Angeles,CA,2025-11-07,Direct,New,2,364.90999999999997,182.45499999999998,2026-03-07,2026-02-24,25,36,11,0.5,1
994,Patricia,Lee,patricia.lee994@example.com,Nashville,TN,2024-10-29,Referral,VIP,5,676.6199999999999,135.32399999999998,2026-03-12,2025-02-25,20,400,380,0.6,0
995,Emily,Ramirez,emily.ramirez995@example.com,Austin,TX,2024-12-18,Direct,New,1,71.98,71.98,2025-01-07,2025-01-07,449,449,0,0.0,1
996,Michelle,Robinson,michelle.robinson996@example.com,Phoenix,AZ,2025-12-18,Direct,Returning,2,632.91,316.455,2026-02-26,2026-01-19,34,72,38,0.5,1
997,Michelle,Sanchez,michelle.sanchez997@example.com,Miami,FL,2025-12-15,Referral,Returning,1,198.95,198.95,2026-02-07,2026-02-07,53,53,0,0.0,0
999,Anthony,White,anthony.white999@example.com,Phoenix,AZ,2024-10-17,Email,Returning,6,1797.6599999999999,299.60999999999996,2025-11-21,2024-12-07,131,480,349,0.16666666666666666,1
1000,Kimberly,Hernandez,kimberly.hernandez1000@example.com,Philadelphia,PA,2024-01-24,Direct,Returning,6,1236.57,206.095,2025-03-20,2024-03-27,377,735,358,0.16666666666666666,1
1001,Thomas,Davis,thomas.davis1001@example.com,Austin,TX,2025-06-01,Email,New,1,359.98,359.98,2025-06-17,2025-06-17,288,288,0,0.0,1
1002,Thomas,Lee,thomas.lee1002@example.com,Nashville,TN,2024-12-28,Organic Search,Returning,5,833.5,166.7,2026-01-09,2025-04-16,82,350,268,0.0,1
1003,Donald,Martinez,donald.martinez1003@example.com,New York,NY,2025-04-09,Referral,New,1,32.58,32.58,2025-06-02,2025-06-02,303,303,0,0.0,1
1004,Donna,Jackson,donna.jackson1004@example.com,Minneapolis,MN,2024-12-24,Referral,Returning,5,1673.41,334.682,2025-11-03,2025-02-07,149,418,269,0.0,1
1005,Joshua,Perez,joshua.perez1005@example.com,Phoenix,AZ,2026-01-25,Direct,New,1,213.74,213.74,2026-02-22,2026-02-22,38,38,0,1.0,1
1006,Richard,Clark,richard.clark1006@example.com,Denver,CO,2025-04-10,Social Media,Returning,2,248.53,124.265,2025-08-16,2025-07-30,228,245,17,0.0,1
1007,Jennifer,Williams,jennifer.williams1007@example.com,Los Angeles,CA,2025-05-02,Referral,New,2,415.90999999999997,207.95499999999998,2025-09-30,2025-07-10,183,265,82,0.0,1
1010,Sandra,Jones,sandra.jones1010@example.com,Nashville,TN,2025-12-12,Referral,Returning,1,44.99,44.99,2026-01-26,2026-01-26,65,65,0,0.0,0
1011,William,Moore,william.moore1011@example.com,Denver,CO,2025-02-22,Email,New,1,180.67,180.67,2025-04-18,2025-04-18,348,348,0,0.0,1
1012,Robert,Taylor,robert.taylor1012@example.com,Phoenix,AZ,2024-04-30,Email,VIP,12,3208.43,267.3691666666667,2026-02-03,2024-08-16,57,593,536,0.08333333333333333,0
1015,Ashley,Smith,ashley.smith1015@example.com,Houston,TX,2025-07-14,Social Media,VIP,4,1330.46,332.615,2026-03-24,2025-10-14,8,169,161,0.0,0
1016,Steven,Jackson,steven.jackson1016@example.com,Austin,TX,2025-08-02,Social Media,New,2,1030.3,515.15,2026-01-19,2025-11-27,72,125,53,0.0,1
1017,Steven,Clark,steven.clark1017@example.com,Phoenix,AZ,2026-02-19,Social Media,Returning,1,430.72,430.72,2026-03-28,2026-03-28,4,4,0,0.0,0
1018,Donald,Jones,donald.jones1018@example.com,Seattle,WA,2025-11-11,Social Media,New,1,170.73,170.73,2026-01-24,2026-01-24,67,67,0,0.0,1
1019,Nancy,Moore,nancy.moore1019@example.com,Los Angeles,CA,2025-11-17,Referral,Returning,1,102.11,102.11,2026-02-07,2026-02-07,53,53,0,1.0,0
1020,Jennifer,Ramirez,jennifer.ramirez1020@example.com,Philadelphia,PA,2025-12-25,Referral,Returning,3,548.74,182.91333333333333,2026-03-12,2026-01-22,20,69,49,0.0,0
1021,Karen,Moore,karen.moore1021@example.com,Houston,TX,2025-07-08,Direct,New,1,110.48,110.48,2025-10-04,2025-10-04,179,179,0,0.0,1
1022,Kimberly,Miller,kimberly.miller1022@example.com,Portland,OR,2025-06-28,Paid Search,New,1,335.94,335.94,2025-10-16,2025-10-16,167,167,0,0.0,1
1023,Jessica,Clark,jessica.clark1023@example.com,Miami,FL,2025-09-13,Social Media,Returning,2,529.59,264.795,2026-01-02,2025-10-28,89,155,66,0.0,1
1024,Mary,Hernandez,mary.hernandez1024@example.com,Atlanta,GA,2024-07-03,Email,VIP,14,3247.0699999999997,231.9335714285714,2026-03-20,2024-07-09,12,631,619,0.07142857142857142,1
1025,Anthony,Rodriguez,anthony.rodriguez1025@example.com,Chicago,IL,2025-07-08,Email,New,1,124.96,124.96,2025-08-14,2025-08-14,230,230,0,0.0,1
1026,Jennifer,Jones,jennifer.jones1026@example.com,Austin,TX,2024-11-29,Email,Returning,4,757.01,189.2525,2025-09-14,2024-12-07,199,480,281,0.0,1
1027,Anthony,Brown,anthony.brown1027@example.com,Seattle,WA,2024-05-25,Social Media,New,1,468.54,468.54,2024-06-11,2024-06-11,659,659,0,1.0,1
1028,Linda,Johnson,linda.johnson1028@example.com,San Antonio,TX,2025-08-23,Direct,Returning,2,582.9,291.45,2026-01-29,2025-12-16,62,106,44,0.0,0
1029,Anthony,Brown,anthony.brown1029@example.com,Dallas,TX,2024-03-03,Organic Search,Returning,6,1563.63,260.605,2025-04-30,2024-05-19,336,682,346,0.0,1
1030,Steven,Smith,steven.smith1030@example.com,Atlanta,GA,2025-10-10,Email,VIP,3,838.56,279.52,2026-03-20,2026-02-06,12,54,42,0.0,0
1031,Emily,Jackson,emily.jackson1031@example.com,Houston,TX,2024-11-07,Referral,New,2,291.94,145.97,2025-01-15,2024-12-03,441,484,43,0.0,1
1032,Paul,Miller,paul.miller1032@example.com,Phoenix,AZ,2025-07-22,Social Media,New,2,239.41,119.705,2025-11-07,2025-08-30,145,214,69,0.5,1
1033,Michelle,Martinez,michelle.martinez1033@example.com,Philadelphia,PA,2024-01-01,Email,VIP,14,2986.33,213.30928571428572,2026-02-28,2024-03-25,32,737,705,0.07142857142857142,0
1034,Kenneth,Rodriguez,kenneth.rodriguez1034@example.com,Boston,MA,2024-12-25,Direct,New,1,80.98,80.98,2025-02-17,2025-02-17,408,408,0,0.0,1
1035,Charles,Johnson,charles.johnson1035@example.com,Philadelphia,PA,2024-03-12,Organic Search,New,1,76.96,76.96,2024-03-22,2024-03-22,740,740,0,0.0,1
1037,Thomas,Harris,thomas.harris1037@example.com,Miami,FL,2024-10-06,Email,VIP,8,2315.94,289.4925,2026-01-12,2024-12-22,79,465,386,0.25,0
1038,Susan,Anderson,susan.anderson1038@example.com,Seattle,WA,2025-11-19,Referral,Returning,1,127.49,127.49,2026-02-18,2026-02-18,42,42,0,0.0,0
1039,Ashley,Harris,ashley.harris1039@example.com,Boston,MA,2025-07-05,Referral,VIP,4,1190.78,297.695,2026-01-26,2025-08-27,65,217,152,0.0,0
1040,John,Moore,john.moore1040@example.com,New York,NY,2024-12-27,Direct,New,1,16.19,16.19,2025-01-29,2025-01-29,427,427,0,0.0,1
1041,Matthew,Gonzalez,matthew.gonzalez1041@example.com,Philadelphia,PA,2025-12-14,Email,New,1,455.92,455.92,2025-12-23,2025-12-23,99,99,0,0.0,1
1043,Richard,Williams,richard.williams1043@example.com,Austin,TX,2025-01-06,Referral,Returning,3,526.88,175.62666666666667,2025-05-13,2025-03-25,323,372,49,0.0,1
1044,Kenneth,Miller,kenneth.miller1044@example.com,New York,NY,2025-10-15,Direct,VIP,4,1306.05,326.5125,2026-03-13,2025-10-21,19,162,143,0.0,0
1045,Paul,Thomas,paul.thomas1045@example.com,Philadelphia,PA,2025-07-19,Referral,Returning,4,1042.6200000000001,260.65500000000003,2026-03-24,2025-08-31,8,213,205,0.0,0
1047,Joseph,Lewis,joseph.lewis1047@example.com,Nashville,TN,2025-12-10,Referral,Returning,1,65.98,65.98,2026-02-14,2026-02-14,46,46,0,1.0,0
1048,Emily,Lewis,emily.lewis1048@example.com,Miami,FL,2025-10-27,Social Media,VIP,1,271.36,271.36,2025-12-12,2025-12-12,110,110,0,0.0,0
1049,Mark,Rodriguez,mark.rodriguez1049@example.com,Houston,TX,2025-11-27,Direct,Returning,2,310.22,155.11,2026-02-25,2026-02-06,35,54,19,0.5,0
1050,Robert,Lewis,robert.lewis1050@example.com,San Diego,CA,2024-02-18,Social Media,New,2,781.35,390.675,2024-08-17,2024-05-10,592,691,99,0.5,1
1051,Daniel,Smith,daniel.smith1051@example.com,Boston,MA,2024-07-18,Organic Search,VIP,9,1617.17,179.68555555555557,2025-04-15,2024-07-30,351,610,259,0.0,1
1052,Joseph,Thompson,joseph.thompson1052@example.com,Atlanta,GA,2024-07-20,Referral,New,2,379.13,189.565,2024-11-29,2024-08-20,488,589,101,0.0,1
1053,Michael,Smith,michael.smith1053@example.com,Portland,OR,2024-12-08,Social Media,New,2,501.22,250.61,2025-03-12,2025-02-15,385,410,25,0.0,1
1056,Jennifer,Johnson,jennifer.johnson1056@example.com,Los Angeles,CA,2025-01-21,Organic Search,Returning,4,1389.16,347.29,2025-09-30,2025-04-10,183,356,173,0.0,1
1057,David,Johnson,david.johnson1057@example.com,Miami,FL,2024-02-26,Organic Search,Returning,6,1634.76,272.46,2025-04-16,2024-05-18,350,683,333,0.0,1
1058,Michael,Perez,michael.perez1058@example.com,Los Angeles,CA,2025-07-26,Social Media,Returning,2,750.97,375.485,2026-02-03,2025-10-29,57,154,97,0.5,1
1059,Michael,Martin,michael.martin1059@example.com,Atlanta,GA,2024-04-13,Organic Search,VIP,8,2473.29,309.16125,2026-02-08,2024-07-30,52,610,558,0.125,0
1060,Sandra,Taylor,sandra.taylor1060@example.com,Seattle,WA,2025-08-24,Direct,New,2,385.46,192.73,2026-02-12,2025-10-17,48,166,118,0.5,1
1061,John,Jackson,john.jackson1061@example.com,San Antonio,TX,2025-08-09,Email,Returning,4,665.72,166.43,2026-02-08,2025-11-18,52,134,82,0.25,0
1062,Mark,Thomas,mark.thomas1062@example.com,Miami,FL,2024-07-09,Organic Search,Returning,3,1056.05,352.01666666666665,2024-10-30,2024-08-14,518,595,77,0.3333333333333333,1
1064,Nancy,Martinez,nancy.martinez1064@example.com,Denver,CO,2025-11-04,Direct,New,2,224.94,112.47,2026-01-23,2025-12-10,68,112,44,0.0,1
1065,Emily,Ramirez,emily.ramirez1065@example.com,Los Angeles,CA,2025-03-08,Referral,VIP,4,771.17,192.7925,2026-01-22,2025-05-15,69,321,252,0.0,0
1066,Richard,Sanchez,richard.sanchez1066@example.com,Chicago,IL,2024-12-15,Referral,Returning,4,1170.69,292.6725,2025-07-05,2025-04-02,270,364,94,0.0,1
1067,Sandra,Martin,sandra.martin1067@example.com,Seattle,WA,2024-12-09,Paid Search,New,2,770.48,385.24,2025-04-13,2025-03-13,353,384,31,0.0,1
1068,Michael,Anderson,michael.anderson1068@example.com,Los Angeles,CA,2025-05-22,Paid Search,New,2,378.52,189.26,2025-11-14,2025-07-23,138,252,114,0.0,1
1069,Joseph,Anderson,joseph.anderson1069@example.com,San Antonio,TX,2024-12-05,Social Media,New,1,183.95,183.95,2025-01-13,2025-01-13,443,443,0,1.0,1
1070,Barbara,Clark,barbara.clark1070@example.com,New York,NY,2025-01-06,Direct,New,2,379.08000000000004,189.54000000000002,2025-07-04,2025-04-19,271,347,76,0.0,1
1071,Linda,Jones,linda.jones1071@example.com,Austin,TX,2025-03-26,Email,Returning,6,1843.23,307.205,2026-03-14,2025-04-19,18,347,329,0.16666666666666666,1
1072,Robert,Smith,robert.smith1072@example.com,San Antonio,TX,2024-07-21,Email,New,1,268.94,268.94,2024-11-11,2024-11-11,506,506,0,0.0,1
1073,Barbara,Hernandez,barbara.hernandez1073@example.com,Minneapolis,MN,2024-09-08,Email,New,1,78.45,78.45,2024-10-09,2024-10-09,539,539,0,0.0,1
1076,Michelle,Lewis,michelle.lewis1076@example.com,Atlanta,GA,2024-05-01,Paid Search,VIP,10,2403.89,240.38899999999998,2026-03-04,2024-06-24,28,646,618,0.2,1
1077,Richard,Moore,richard.moore1077@example.com,Boston,MA,2025-12-12,Referral,Returning,1,29.69,29.69,2026-02-13,2026-02-13,47,47,0,0.0,0
1078,Jessica,Robinson,jessica.robinson1078@example.com,Los Angeles,CA,2024-12-01,Email,Returning,5,601.91,120.38199999999999,2026-02-27,2025-01-30,33,426,393,0.0,1
1079,David,Ramirez,david.ramirez1079@example.com,Nashville,TN,2025-11-10,Social Media,New,2,149.93,74.965,2026-01-09,2025-12-06,82,116,34,0.5,1
1080,Paul,Lopez,paul.lopez1080@example.com,Portland,OR,2024-11-25,Social Media,Returning,2,387.21000000000004,193.60500000000002,2025-02-24,2024-12-31,401,456,55,0.0,1
1081,Ashley,Thomas,ashley.thomas1081@example.com,Dallas,TX,2025-08-18,Direct,VIP,2,280.43,140.215,2026-01-06,2025-12-08,85,114,29,0.0,0
1082,Robert,Miller,robert.miller1082@example.com,San Diego,CA,2024-07-26,Paid Search,New,2,221.94,110.97,2024-11-24,2024-10-23,493,525,32,0.0,1
1083,Karen,Wilson,karen.wilson1083@example.com,Boston,MA,2025-08-08,Email,Returning,3,383.93,127.97666666666667,2026-02-19,2025-10-25,41,158,117,0.3333333333333333,0
1085,Joseph,Jackson,joseph.jackson1085@example.com,Los Angeles,CA,2024-12-10,Social Media,Returning,4,823.32,205.83,2025-07-02,2024-12-29,273,458,185,0.5,1
1086,Lisa,Sanchez,lisa.sanchez1086@example.com,Portland,OR,2024-11-20,Social Media,New,2,931.62,465.81,2025-02-12,2024-12-25,413,462,49,0.0,1
1087,Joseph,Rodriguez,joseph.rodriguez1087@example.com,Chicago,IL,2024-08-21,Organic Search,New,2,126.35,63.175,2024-12-18,2024-09-29,469,549,80,0.5,1
1088,Andrew,Miller,andrew.miller1088@example.com,Seattle,WA,2024-07-20,Referral,New,1,284.94,284.94,2024-10-10,2024-10-10,538,538,0,0.0,1
1089,Sarah,Miller,sarah.miller1089@example.com,Phoenix,AZ,2024-09-24,Email,New,2,378.57,189.285,2025-01-12,2024-11-28,444,489,45,0.0,1
1091,Susan,Thomas,susan.thomas1091@example.com,San Diego,CA,2024-12-14,Paid Search,New,2,897.5999999999999,448.79999999999995,2025-06-12,2025-03-31,293,366,73,0.0,1
1092,Margaret,Harris,margaret.harris1092@example.com,Atlanta,GA,2024-08-02,Organic Search,VIP,10,1455.76,145.576,2026-01-29,2024-08-25,62,584,522,0.0,0
1093,Lisa,Jones,lisa.jones1093@example.com,Phoenix,AZ,2024-11-08,Referral,New,1,179.97,179.97,2025-02-06,2025-02-06,419,419,0,0.0,1
1094,Matthew,Hernandez,matthew.hernandez1094@example.com,San Diego,CA,2025-03-05,Referral,Returning,6,1614.84,269.14,2026-01-24,2025-06-13,67,292,225,0.0,1
1095,Andrew,Martinez,andrew.martinez1095@example.com,Seattle,WA,2025-08-24,Paid Search,Returning,5,1140.25,228.05,2026-02-25,2025-09-15,35,198,163,0.2,1
1096,Elizabeth,Hernandez,elizabeth.hernandez1096@example.com,Boston,MA,2025-01-25,Direct,New,2,483.16,241.58,2025-06-22,2025-03-26,283,371,88,0.0,1
1097,Anthony,Miller,anthony.miller1097@example.com,Portland,OR,2024-04-21,Referral,VIP,8,1584.85,198.10625,2026-03-18,2024-08-17,14,592,578,0.0,0
1098,Karen,Williams,karen.williams1098@example.com,Philadelphia,PA,2024-06-30,Social Media,Returning,2,458.29,229.145,2024-09-07,2024-07-26,571,614,43,0.0,1
1099,Mary,Garcia,mary.garcia1099@example.com,San Antonio,TX,2025-01-30,Referral,New,2,122.75999999999999,61.379999999999995,2025-07-24,2025-05-11,251,325,74,0.5,1
1100,Kimberly,Williams,kimberly.williams1100@example.com,Miami,FL,2024-01-12,Social Media,VIP,13,3038.45,233.72692307692307,2026-02-11,2024-01-22,49,800,751,0.0,0
1102,Margaret,Clark,margaret.clark1102@example.com,Portland,OR,2024-11-13,Referral,Returning,3,182.47,60.82333333333333,2025-08-04,2025-01-10,240,446,206,0.3333333333333333,1
1103,Sandra,Rodriguez,sandra.rodriguez1103@example.com,San Antonio,TX,2025-04-01,Paid Search,New,1,277.34,277.34,2025-04-17,2025-04-17,349,349,0,0.0,1
1104,Kimberly,Hernandez,kimberly.hernandez1104@example.com,Portland,OR,2025-04-12,Email,Returning,5,531.74,106.348,2026-02-14,2025-05-23,46,313,267,0.2,0
1105,Betty,Martin,betty.martin1105@example.com,Philadelphia,PA,2025-03-01,Referral,VIP,5,1236.93,247.38600000000002,2026-02-06,2025-06-05,54,300,246,0.2,0
1106,Margaret,Anderson,margaret.anderson1106@example.com,Boston,MA,2025-11-05,Social Media,Returning,1,49.98,49.98,2026-03-02,2026-03-02,30,30,0,0.0,0
1107,Robert,Davis,robert.davis1107@example.com,Philadelphia,PA,2025-07-04,Referral,VIP,4,830.71,207.6775,2026-03-24,2025-10-12,8,171,163,0.25,1
1108,Susan,Robinson,susan.robinson1108@example.com,Portland,OR,2025-07-20,Organic Search,New,1,39.99,39.99,2025-07-27,2025-07-27,248,248,0,0.0,1
1109,Paul,Harris,paul.harris1109@example.com,Seattle,WA,2024-09-15,Organic Search,New,2,327.90999999999997,163.95499999999998,2024-12-30,2024-10-12,457,536,79,0.0,1
1110,John,Lee,john.lee1110@example.com,Miami,FL,2025-02-10,Referral,New,1,65.97,65.97,2025-05-06,2025-05-06,330,330,0,0.0,1
1111,David,Hernandez,david.hernandez1111@example.com,Miami,FL,2025-03-24,Paid Search,Returning,4,807.0,201.75,2026-01-02,2025-06-17,89,288,199,0.25,1
1112,William,Clark,william.clark1112@example.com,New York,NY,2025-09-13,Direct,New,1,381.94,381.94,2025-12-12,2025-12-12,110,110,0,0.0,1
1113,Betty,Garcia,betty.garcia1113@example.com,Chicago,IL,2025-11-18,Paid Search,Returning,1,138.73,138.73,2026-03-14,2026-03-14,18,18,0,0.0,0
1114,Donald,Lopez,donald.lopez1114@example.com,Philadelphia,PA,2025-11-22,Organic Search,New,1,29.99,29.99,2026-03-07,2026-03-07,25,25,0,1.0,1
1115,Kimberly,Lee,kimberly.lee1115@example.com,Houston,TX,2025-03-30,Social Media,New,1,702.93,702.93,2025-05-23,2025-05-23,313,313,0,1.0,1
1116,Richard,Robinson,richard.robinson1116@example.com,San Diego,CA,2024-07-23,Organic Search,New,2,112.25,56.125,2024-11-25,2024-10-29,492,519,27,0.0,1
1117,Nancy,Clark,nancy.clark1117@example.com,San Antonio,TX,2025-11-27,Organic Search,New,1,104.97,104.97,2026-03-07,2026-03-07,25,25,0,0.0,0
1118,William,White,william.white1118@example.com,Philadelphia,PA,2024-11-26,Paid Search,New,2,520.91,260.455,2025-02-17,2024-12-23,408,464,56,0.0,1
1119,Andrew,Gonzalez,andrew.gonzalez1119@example.com,Atlanta,GA,2024-05-03,Email,New,2,494.39000000000004,247.19500000000002,2024-07-19,2024-05-26,621,675,54,0.0,1
1120,Barbara,Smith,barbara.smith1120@example.com,Boston,MA,2025-10-31,Social Media,New,1,282.55,282.55,2026-02-10,2026-02-10,50,50,0,0.0,0
1121,Joseph,Williams,joseph.williams1121@example.com,Dallas,TX,2024-02-14,Email,New,2,89.97,44.985,2024-07-04,2024-04-15,636,716,80,0.0,1
1122,Kenneth,Thomas,kenneth.thomas1122@example.com,Houston,TX,2025-12-30,Direct,VIP,1,48.58,48.58,2026-03-22,2026-03-22,10,10,0,0.0,0
1123,William,Rodriguez,william.rodriguez1123@example.com,Houston,TX,2025-09-06,Social Media,Returning,4,578.17,144.5425,2026-03-28,2025-09-21,4,192,188,0.0,0
1124,David,Hernandez,david.hernandez1124@example.com,Philadelphia,PA,2025-12-05,Social Media,VIP,2,421.76,210.88,2026-01-22,2025-12-28,69,94,25,0.0,0
1125,John,Hernandez,john.hernandez1125@example.com,New York,NY,2025-04-04,Paid Search,Returning,2,717.4300000000001,358.71500000000003,2025-06-21,2025-06-15,284,290,6,0.0,1
1126,Paul,Jackson,paul.jackson1126@example.com,New York,NY,2024-08-26,Organic Search,Returning,5,1165.53,233.106,2025-08-22,2024-12-09,222,478,256,0.2,1
1128,Lisa,Thomas,lisa.thomas1128@example.com,Austin,TX,2024-07-25,Organic Search,New,1,189.95,189.95,2024-09-17,2024-09-17,561,561,0,0.0,1
1129,Jessica,Robinson,jessica.robinson1129@example.com,Miami,FL,2024-05-17,Organic Search,Returning,4,825.34,206.335,2025-01-13,2024-07-25,443,615,172,0.25,1
1130,Kimberly,Sanchez,kimberly.sanchez1130@example.com,Atlanta,GA,2026-02-07,Email,Returning,1,143.68,143.68,2026-03-26,2026-03-26,6,6,0,0.0,0
1131,Nancy,Davis,nancy.davis1131@example.com,San Antonio,TX,2025-07-06,Paid Search,VIP,3,677.33,225.77666666666667,2026-01-09,2025-10-13,82,170,88,0.3333333333333333,0
1132,Joseph,Martin,joseph.martin1132@example.com,Boston,MA,2025-06-17,Organic Search,New,2,673.99,336.995,2025-11-04,2025-09-01,148,212,64,0.0,1
1133,John,Ramirez,john.ramirez1133@example.com,Portland,OR,2024-05-08,Paid Search,Returning,5,1293.78,258.756,2024-12-27,2024-05-16,460,685,225,0.0,1
1134,Jessica,Taylor,jessica.taylor1134@example.com,Chicago,IL,2024-11-14,Social Media,New,2,285.41,142.705,2025-03-10,2024-12-10,387,477,90,0.0,1
1135,Barbara,Martin,barbara.martin1135@example.com,San Diego,CA,2024-11-06,Referral,New,1,17.09,17.09,2025-02-07,2025-02-07,418,418,0,0.0,1
1137,Kenneth,Moore,kenneth.moore1137@example.com,Phoenix,AZ,2024-09-20,Email,New,2,349.21999999999997,174.60999999999999,2024-10-21,2024-10-13,527,535,8,0.0,1
1138,Anthony,Moore,anthony.moore1138@example.com,Portland,OR,2024-03-14,Paid Search,Returning,3,632.86,210.95333333333335,2024-10-08,2024-05-26,540,675,135,0.3333333333333333,1
1139,Elizabeth,Robinson,elizabeth.robinson1139@example.com,San Antonio,TX,2024-01-05,Referral,Returning,6,1584.1399999999999,264.0233333333333,2025-01-07,2024-02-12,449,779,330,0.0,1
1140,Lisa,Thomas,lisa.thomas1140@example.com,Boston,MA,2025-05-16,Organic Search,VIP,4,978.43,244.6075,2026-02-01,2025-08-03,59,241,182,0.0,0
1141,Mark,Lewis,mark.lewis1141@example.com,Los Angeles,CA,2024-05-07,Paid Search,Returning,6,865.8199999999999,144.3033333333333,2025-03-13,2024-05-17,384,684,300,0.16666666666666666,1
1142,Margaret,Rodriguez,margaret.rodriguez1142@example.com,Denver,CO,2025-12-14,Social Media,New,1,67.18,67.18,2026-01-14,2026-01-14,77,77,0,0.0,0
1143,Jessica,Davis,jessica.davis1143@example.com,Portland,OR,2025-11-23,Paid Search,Returning,3,620.6800000000001,206.89333333333335,2026-04-01,2025-12-04,0,118,118,0.0,0
1144,Thomas,Martin,thomas.martin1144@example.com,Miami,FL,2025-11-28,Direct,New,1,163.22,163.22,2026-02-24,2026-02-24,36,36,0,0.0,1
1147,Karen,Taylor,karen.taylor1147@example.com,Minneapolis,MN,2025-11-05,Referral,Returning,1,584.4,584.4,2026-01-13,2026-01-13,78,78,0,0.0,0
1149,Betty,Thompson,betty.thompson1149@example.com,Austin,TX,2024-04-09,Direct,Returning,3,829.87,276.62333333333333,2024-09-28,2024-07-29,550,611,61,0.0,1
1150,Mark,Lee,mark.lee1150@example.com,Austin,TX,2024-06-29,Paid Search,Returning,3,720.27,240.09,2024-10-21,2024-07-30,527,610,83,0.3333333333333333,1
1151,Ashley,Garcia,ashley.garcia1151@example.com,Nashville,TN,2024-04-22,Paid Search,Returning,5,1490.36,298.072,2025-05-23,2024-07-04,313,636,323,0.2,1
1153,Michael,Ramirez,michael.ramirez1153@example.com,Philadelphia,PA,2024-03-22,Email,New,1,34.99,34.99,2024-04-09,2024-04-09,722,722,0,0.0,1
1154,John,Hernandez,john.hernandez1154@example.com,New York,NY,2025-08-22,Organic Search,Returning,2,54.980000000000004,27.490000000000002,2025-12-13,2025-10-01,109,182,73,0.0,0
1155,James,Johnson,james.johnson1155@example.com,Dallas,TX,2025-11-12,Organic Search,VIP,2,524.93,262.465,2026-03-11,2026-02-16,21,44,23,0.0,0
1157,Kenneth,Wilson,kenneth.wilson1157@example.com,Seattle,WA,2024-12-17,Email,Returning,5,1351.0900000000001,270.218,2025-10-03,2025-02-27,180,398,218,0.2,1
1158,Betty,Gonzalez,betty.gonzalez1158@example.com,Los Angeles,CA,2024-12-30,Organic Search,Returning,5,957.0899999999999,191.41799999999998,2026-02-04,2025-02-02,56,423,367,0.0,1
1159,Sandra,Ramirez,sandra.ramirez1159@example.com,Boston,MA,2024-05-22,Direct,New,1,214.03,214.03,2024-07-27,2024-07-27,613,613,0,0.0,1
1160,Sarah,Thompson,sarah.thompson1160@example.com,San Diego,CA,2025-12-03,Social Media,Returning,2,241.93,120.965,2026-03-22,2025-12-09,10,113,103,0.0,1
1163,Michael,White,michael.white1163@example.com,Boston,MA,2025-12-30,Direct,Returning,2,75.97,37.985,2026-02-26,2026-02-02,34,58,24,0.0,0
1164,Paul,Johnson,paul.johnson1164@example.com,Phoenix,AZ,2024-11-04,Social Media,VIP,6,575.3299999999999,95.88833333333332,2025-12-11,2025-01-18,111,438,327,0.0,1
1165,William,Lewis,william.lewis1165@example.com,Miami,FL,2025-07-07,Referral,New,2,872.3900000000001,436.19500000000005,2025-12-10,2025-09-10,112,203,91,0.0,1
1166,Jennifer,Brown,jennifer.brown1166@example.com,Atlanta,GA,2026-01-02,Email,VIP,1,239.97,239.97,2026-03-24,2026-03-24,8,8,0,0.0,0
1167,Anthony,Harris,anthony.harris1167@example.com,Dallas,TX,2025-11-12,Organic Search,VIP,3,437.63,145.87666666666667,2026-03-30,2025-11-26,2,126,124,0.6666666666666666,0
1168,David,Robinson,david.robinson1168@example.com,Minneapolis,MN,2024-12-06,Direct,VIP,7,1436.32,205.1885714285714,2026-02-01,2024-12-14,59,473,414,0.0,0
1170,Linda,Martinez,linda.martinez1170@example.com,Chicago,IL,2024-04-24,Paid Search,Returning,5,1521.67,304.334,2024-11-21,2024-06-04,496,666,170,0.0,1
1171,Linda,Jackson,linda.jackson1171@example.com,Denver,CO,2024-01-02,Paid Search,Returning,4,1165.17,291.2925,2024-08-16,2024-03-30,593,732,139,0.0,1
1172,Anthony,Wilson,anthony.wilson1172@example.com,Seattle,WA,2025-11-26,Referral,New,1,68.56,68.56,2026-02-03,2026-02-03,57,57,0,0.0,0
1173,Kenneth,Jackson,kenneth.jackson1173@example.com,San Diego,CA,2024-04-19,Social Media,Returning,4,642.86,160.715,2024-11-02,2024-04-28,515,703,188,0.0,1
1175,Kenneth,Martinez,kenneth.martinez1175@example.com,Phoenix,AZ,2024-11-12,Email,Returning,5,1098.34,219.66799999999998,2025-09-02,2024-12-02,211,485,274,0.0,1
1176,Joshua,Thomas,joshua.thomas1176@example.com,San Antonio,TX,2025-05-21,Organic Search,VIP,5,1047.3000000000002,209.46000000000004,2026-01-19,2025-07-02,72,273,201,0.0,0
1178,Ashley,White,ashley.white1178@example.com,Boston,MA,2024-11-02,Paid Search,Returning,5,728.53,145.706,2025-09-16,2024-11-14,197,503,306,0.2,1
1179,Mary,Moore,mary.moore1179@example.com,Boston,MA,2024-12-11,Email,Returning,5,607.72,121.54400000000001,2025-08-21,2025-04-08,223,358,135,0.2,1
1180,Betty,Gonzalez,betty.gonzalez1180@example.com,Chicago,IL,2025-07-15,Direct,New,1,149.94,149.94,2025-10-21,2025-10-21,162,162,0,1.0,1
1181,Patricia,Ramirez,patricia.ramirez1181@example.com,Austin,TX,2025-08-14,Email,Returning,2,340.12,170.06,2026-01-05,2025-10-05,86,178,92,0.5,1
1182,Elizabeth,Miller,elizabeth.miller1182@example.com,San Antonio,TX,2025-08-12,Paid Search,Returning,3,307.4,102.46666666666665,2026-03-15,2025-11-22,17,130,113,0.3333333333333333,1
1183,Anthony,Wilson,anthony.wilson1183@example.com,Philadelphia,PA,2024-02-27,Paid Search,VIP,6,1718.71,286.45166666666665,2024-12-06,2024-04-01,481,730,249,0.3333333333333333,1
1184,Patricia,Brown,patricia.brown1184@example.com,Nashville,TN,2025-10-27,Paid Search,New,1,212.92,212.92,2026-02-17,2026-02-17,43,43,0,0.0,1
1185,Betty,Davis,betty.davis1185@example.com,Los Angeles,CA,2024-05-01,Referral,Returning,4,558.53,139.6325,2025-02-10,2024-06-30,415,640,225,0.0,1
1186,Kenneth,Garcia,kenneth.garcia1186@example.com,Boston,MA,2025-01-26,Email,Returning,4,1033.94,258.485,2025-12-10,2025-05-21,112,315,203,0.0,1
1187,James,Brown,james.brown1187@example.com,Houston,TX,2024-03-25,Direct,Returning,3,189.11,63.03666666666667,2024-11-21,2024-06-05,496,665,169,0.0,1
1188,Joseph,Smith,joseph.smith1188@example.com,Portland,OR,2024-07-04,Referral,VIP,6,1044.02,174.00333333333333,2025-02-26,2024-09-03,399,575,176,0.0,1
1189,Margaret,Martinez,margaret.martinez1189@example.com,Phoenix,AZ,2024-04-11,Direct,Returning,3,1101.8,367.26666666666665,2024-11-27,2024-05-20,490,681,191,0.3333333333333333,1
1190,Barbara,Gonzalez,barbara.gonzalez1190@example.com,New York,NY,2025-11-05,Direct,New,1,281.45,281.45,2026-01-31,2026-01-31,60,60,0,1.0,1
1191,Barbara,Smith,barbara.smith1191@example.com,Minneapolis,MN,2024-05-05,Referral,Returning,4,1300.9,325.225,2024-11-30,2024-08-27,487,582,95,0.0,1
1192,William,Williams,william.williams1192@example.com,Minneapolis,MN,2024-02-05,Email,New,2,189.95,94.975,2024-09-19,2024-05-28,559,673,114,0.5,1
1193,Lisa,Moore,lisa.moore1193@example.com,Philadelphia,PA,2025-11-04,Direct,New,1,275.43,275.43,2026-02-10,2026-02-10,50,50,0,0.0,0
1194,Charles,Perez,charles.perez1194@example.com,Minneapolis,MN,2025-03-31,Email,Returning,2,514.75,257.375,2025-10-19,2025-07-03,164,272,108,0.0,1
1195,Kimberly,Robinson,kimberly.robinson1195@example.com,Denver,CO,2025-11-09,Paid Search,New,1,293.93,293.93,2026-02-15,2026-02-15,45,45,0,0.0,0
1196,Elizabeth,Martinez,elizabeth.martinez1196@example.com,San Antonio,TX,2024-10-11,Organic Search,Returning,6,1649.09,274.8483333333333,2025-12-13,2025-01-04,109,452,343,0.16666666666666666,1
1197,Emily,Rodriguez,emily.rodriguez1197@example.com,Dallas,TX,2024-06-16,Email,New,2,254.94,127.47,2024-09-14,2024-08-14,564,595,31,0.0,1
1198,Margaret,Thompson,margaret.thompson1198@example.com,Phoenix,AZ,2025-07-02,Email,Returning,3,349.86,116.62,2026-02-01,2025-10-11,59,172,113,0.0,1
1199,Richard,Thompson,richard.thompson1199@example.com,Denver,CO,2025-07-31,Direct,Returning,2,259.51,129.755,2025-11-03,2025-08-18,149,226,77,0.0,1
1200,William,Wilson,william.wilson1200@example.com,Phoenix,AZ,2024-11-19,Organic Search,New,2,675.85,337.925,2025-06-16,2025-02-19,289,406,117,0.0,1
