shipment_id,customer_id,carrier_id,ship_date,declared_value,required_tier_rank,carrier_tier_rank,policy_violation,sla_days,actual_transit_days,premium_amount,status
1,54,3,2026-01-25,9908.74,1,1,0,1,1,213.04,Delivered On-Time
2,91,7,2024-02-19,3445.38,1,3,0,4,4,36.18,Delivered On-Time
3,18,4,2024-08-14,27288.88,2,2,0,1,1,395.69,Delivered On-Time
4,24,5,2024-01-23,22149.25,2,2,0,2,2,343.31,Delivered On-Time
5,105,2,2025-01-10,1779.98,1,1,0,1,1,38.27,Delivered On-Time
6,75,5,2024-10-03,609.2,1,2,0,2,3,9.44,Delivered On-Time
7,228,1,2026-01-21,503.8,1,1,0,5,5,9.82,Delivered On-Time
8,54,7,2024-01-13,17890.13,2,3,0,4,4,187.85,Delivered On-Time
9,33,6,2024-11-03,403507.13,3,3,0,3,3,3833.32,Delivered On-Time
10,239,6,2025-04-08,241499.36,3,3,0,3,3,2294.24,Delivered On-Time
11,137,7,2024-08-10,2112.64,1,3,0,4,4,22.18,Delivered On-Time
12,168,6,2024-12-02,8592.46,1,3,0,3,4,81.63,Delivered On-Time
13,4,2,2026-05-28,73382.61,3,1,1,1,2,1577.73,Delivered On-Time
14,88,2,2024-05-28,6408.09,1,1,0,1,1,137.77,Delivered On-Time
15,22,2,2025-12-14,8635.87,1,1,0,1,2,185.67,Delivered On-Time
16,34,7,2024-04-19,821.64,1,3,0,4,3,8.63,Delivered On-Time
17,148,3,2025-05-03,7694.2,1,1,0,1,1,165.43,Delivered On-Time
18,132,7,2024-10-16,46412.46,2,3,0,4,5,487.33,Delivered On-Time
19,212,5,2024-02-01,23870.92,2,2,0,2,1,370.0,Delivered On-Time
20,148,1,2024-06-23,3238.89,1,1,0,5,9,63.16,Delivered Late
21,95,6,2025-05-21,101513.51,3,3,0,3,3,964.38,Delivered On-Time
22,119,6,2025-05-25,126680.19,3,3,0,3,3,1203.46,Delivered On-Time
23,203,2,2024-01-26,4566.15,1,1,0,1,1,98.17,Delivered On-Time
24,65,5,2025-12-06,23939.07,2,2,0,2,2,371.06,Delivered On-Time
25,166,6,2024-06-22,20288.26,2,3,0,3,3,192.74,Delivered On-Time
26,137,5,2024-11-04,34692.68,2,2,0,2,3,537.74,Delivered On-Time
27,83,1,2024-08-29,9762.93,1,1,0,5,4,190.38,Delivered On-Time
28,78,4,2024-05-31,27396.49,2,2,0,1,1,397.25,Delivered On-Time
29,7,3,2025-02-12,2613.07,1,1,0,1,1,56.18,Delivered On-Time
30,208,7,2024-01-06,93002.41,3,3,0,4,5,976.53,Delivered On-Time
31,93,4,2025-10-18,2967.92,1,2,0,1,1,43.03,Delivered On-Time
32,81,5,2025-05-09,26373.38,2,2,0,2,2,408.79,Delivered On-Time
33,200,6,2026-05-01,163350.94,3,3,0,3,3,1551.83,Delivered On-Time
34,52,6,2026-05-17,7313.6,1,3,0,3,3,69.48,Delivered On-Time
35,211,7,2026-01-29,7000.74,1,3,0,4,5,73.51,Delivered On-Time
36,29,4,2024-09-15,626.42,1,2,0,1,1,9.08,Delivered On-Time
37,56,7,2024-08-17,9558.15,1,3,0,4,4,100.36,Delivered On-Time
38,67,5,2026-03-06,17726.69,2,2,0,2,2,274.76,Delivered On-Time
39,212,7,2026-02-17,8419.74,1,3,0,4,4,88.41,Delivered On-Time
40,219,2,2025-11-26,7356.28,1,1,0,1,1,158.16,Delivered On-Time
41,220,1,2025-11-06,3379.8,1,1,0,5,5,65.91,Delivered On-Time
42,72,6,2025-11-04,115595.02,3,3,0,3,3,1098.15,Delivered On-Time
43,232,5,2024-12-20,4323.2,1,2,0,2,3,67.01,Delivered On-Time
44,47,7,2026-05-08,2524.24,1,3,0,4,3,26.5,Delivered On-Time
45,136,4,2025-03-05,5183.74,1,2,0,1,1,75.16,Delivered On-Time
46,85,6,2026-01-22,28717.95,2,3,0,3,3,272.82,Delivered On-Time
47,39,4,2024-01-22,47258.79,2,2,0,1,1,685.25,Delivered On-Time
48,74,6,2024-02-04,1705.44,1,3,0,3,3,16.2,Delivered On-Time
49,108,3,2024-10-17,5762.71,1,1,0,1,1,123.9,Delivered On-Time
50,258,2,2025-11-01,2326.74,1,1,0,1,1,50.02,Delivered On-Time
51,21,7,2025-02-12,104539.57,3,3,0,4,5,1097.67,Delivered Late
52,244,1,2025-09-23,37564.31,2,1,1,5,5,732.5,Delivered On-Time
53,90,6,2024-04-13,92156.72,3,3,0,3,3,875.49,Delivered On-Time
54,133,6,2026-06-02,3525.21,1,3,0,3,2,33.49,Delivered On-Time
55,21,7,2026-04-24,33012.28,2,3,0,4,8,346.63,Delivered Late
56,80,2,2025-05-01,1287.7,1,1,0,1,1,27.69,Lost
57,46,6,2024-05-12,5904.83,1,3,0,3,2,56.1,Delivered On-Time
58,75,6,2026-01-17,5795.59,1,3,0,3,3,55.06,Delivered On-Time
59,27,5,2026-01-04,8890.77,1,2,0,2,5,137.81,Delivered Late
60,85,6,2025-09-15,5961.58,1,3,0,3,2,56.64,Delivered On-Time
61,84,6,2025-05-03,47795.93,2,3,0,3,2,454.06,Delivered On-Time
62,171,5,2024-01-16,22343.6,2,2,0,2,2,346.33,Delivered On-Time
63,120,5,2026-04-06,22860.71,2,2,0,2,1,354.34,Delivered On-Time
64,73,7,2025-08-08,429040.96,3,3,0,4,3,4504.93,Delivered On-Time
65,249,2,2026-03-27,38886.9,2,1,1,1,1,836.07,Delivered On-Time
66,106,7,2024-01-10,1333.07,1,3,0,4,8,14.0,Delivered Late
67,133,5,2024-11-24,17565.87,2,2,0,2,2,272.27,Delivered On-Time
68,184,7,2025-02-16,74630.24,3,3,0,4,3,783.62,Delivered On-Time
69,238,5,2026-03-17,788.38,1,2,0,2,3,12.22,Delivered Late
70,249,6,2024-10-13,126724.13,3,3,0,3,2,1203.88,Delivered On-Time
71,93,4,2025-01-22,5794.55,1,2,0,1,1,84.02,Delivered On-Time
72,204,1,2024-05-02,3527.43,1,1,0,5,6,68.78,Delivered On-Time
73,230,6,2026-05-20,149170.58,3,3,0,3,3,1417.12,Delivered On-Time
74,15,6,2025-12-27,29336.52,2,3,0,3,3,278.7,Delivered On-Time
75,153,3,2026-02-15,4030.66,1,1,0,1,1,86.66,Delivered On-Time
76,74,2,2025-11-24,9168.66,1,1,0,1,1,197.13,Delivered On-Time
77,192,6,2026-03-07,9322.47,1,3,0,3,3,88.56,Delivered On-Time
78,120,2,2025-05-03,3653.47,1,1,0,1,2,78.55,Delivered On-Time
79,225,5,2026-06-10,2843.94,1,2,0,2,2,44.08,Delivered On-Time
80,134,5,2025-05-17,5082.66,1,2,0,2,4,78.78,Delivered Late
81,147,2,2024-05-02,3960.3,1,1,0,1,1,85.15,Delivered On-Time
82,213,1,2024-06-15,21740.68,2,1,1,5,6,423.94,Delivered On-Time
83,72,7,2025-03-29,31062.94,2,3,0,4,8,326.16,Delivered Late
84,93,7,2025-12-29,43158.01,2,3,0,4,4,453.16,Delivered On-Time
85,99,7,2025-08-19,7075.62,1,3,0,4,3,74.29,Delivered On-Time
86,178,7,2024-12-09,47824.75,2,3,0,4,4,502.16,Delivered On-Time
87,137,6,2024-09-11,24683.67,2,3,0,3,2,234.49,Delivered On-Time
88,229,3,2025-06-12,2824.65,1,1,0,1,1,60.73,Delivered On-Time
89,32,1,2026-01-18,5539.32,1,1,0,5,4,108.02,Delivered On-Time
90,94,1,2024-06-20,8262.14,1,1,0,5,5,161.11,Delivered On-Time
91,238,2,2025-06-19,3831.3,1,1,0,1,2,82.37,Delivered Late
92,257,5,2026-02-18,4353.27,1,2,0,2,2,67.48,Delivered On-Time
93,237,7,2026-02-03,51850.86,3,3,0,4,5,544.43,Delivered On-Time
94,203,4,2024-02-23,2783.34,1,2,0,1,2,40.36,Delivered On-Time
95,165,6,2026-04-14,22994.87,2,3,0,3,3,218.45,Delivered On-Time
96,6,6,2025-01-08,3581.0,1,3,0,3,5,34.02,Delivered Late
97,204,1,2025-04-09,45374.03,2,1,1,5,6,884.79,Delivered On-Time
98,140,1,2024-02-06,5442.38,1,1,0,5,5,106.13,Delivered On-Time
99,86,1,2024-05-03,142104.83,3,1,1,5,6,2771.04,Delivered On-Time
100,226,7,2024-05-06,141557.9,3,3,0,4,3,1486.36,Delivered On-Time
101,148,6,2026-05-09,18864.42,2,3,0,3,4,179.21,Delivered On-Time
102,245,5,2024-02-01,5367.76,1,2,0,2,2,83.2,Delivered On-Time
103,123,3,2024-11-27,3205.51,1,1,0,1,2,68.92,Delivered Late
104,35,2,2025-06-13,7485.69,1,1,0,1,1,160.94,Delivered On-Time
105,181,4,2024-05-23,43998.85,2,2,0,1,1,637.98,Delivered On-Time
106,66,4,2025-02-26,7773.17,1,2,0,1,2,112.71,Delivered On-Time
107,144,3,2024-04-23,4849.61,1,1,0,1,2,104.27,Delivered On-Time
108,197,7,2025-10-25,43981.8,2,3,0,4,5,461.81,Delivered On-Time
109,75,3,2025-08-18,23202.91,2,1,1,1,1,498.86,Delivered On-Time
110,219,5,2024-01-11,9010.08,1,2,0,2,3,139.66,Delivered On-Time
111,224,3,2026-01-14,3897.91,1,1,0,1,1,83.81,Delivered On-Time
112,118,2,2024-04-11,6660.45,1,1,0,1,1,143.2,Delivered On-Time
113,226,6,2026-02-24,270147.89,3,3,0,3,3,2566.4,Delivered On-Time
114,39,3,2026-04-25,6730.64,1,1,0,1,2,144.71,Delivered On-Time
115,216,2,2025-10-08,5359.75,1,1,0,1,1,115.23,Delivered On-Time
116,55,4,2024-12-27,38913.87,2,2,0,1,1,564.25,Delivered On-Time
117,3,2,2024-11-07,646.67,1,1,0,1,2,13.9,Delivered On-Time
118,74,4,2025-08-11,15814.01,2,2,0,1,2,229.3,Delivered Late
119,252,6,2026-04-22,8102.03,1,3,0,3,3,76.97,Delivered On-Time
120,122,5,2024-12-28,6472.0,1,2,0,2,4,100.32,Delivered Late
121,198,4,2024-01-21,108265.63,3,2,1,1,3,1569.85,Delivered Late
122,23,4,2026-05-25,8735.51,1,2,0,1,1,126.66,Delivered On-Time
123,35,4,2025-11-22,3436.69,1,2,0,1,3,49.83,Delivered Late
124,88,3,2025-01-01,8880.98,1,1,0,1,5,190.94,Delivered Late
125,34,7,2024-05-06,105383.55,3,3,0,4,4,1106.53,Delivered On-Time
126,143,5,2025-11-11,19671.75,2,2,0,2,2,304.91,Delivered On-Time
127,240,4,2026-05-06,3994.85,1,2,0,1,2,57.93,Delivered On-Time
128,244,3,2025-05-31,117529.57,3,1,1,1,1,2526.89,Delivered On-Time
129,189,4,2025-07-01,18501.47,2,2,0,1,1,268.27,Delivered On-Time
130,139,3,2026-01-23,6745.8,1,1,0,1,2,145.03,Delivered Late
131,119,5,2024-11-24,56808.01,3,2,1,2,2,880.52,Damaged
132,205,3,2024-10-16,28578.11,2,1,1,1,1,614.43,Delivered On-Time
133,91,1,2024-01-31,37637.45,2,1,1,5,5,733.93,Delivered On-Time
134,206,6,2024-04-10,9169.6,1,3,0,3,3,87.11,Delivered On-Time
135,83,3,2025-03-17,4116.67,1,1,0,1,1,88.51,Delivered On-Time
136,117,5,2025-08-06,9293.16,1,2,0,2,1,144.04,Delivered On-Time
137,147,3,2024-02-13,37839.48,2,1,1,1,4,813.55,Delivered Late
138,177,5,2026-02-06,7566.62,1,2,0,2,2,117.28,Delivered On-Time
139,179,7,2025-03-10,5278.71,1,3,0,4,4,55.43,Delivered On-Time
140,106,5,2024-05-10,9545.89,1,2,0,2,3,147.96,Delivered On-Time
141,121,6,2025-07-10,66804.94,3,3,0,3,3,634.65,Delivered On-Time
142,250,1,2025-11-17,10235.19,2,1,1,5,5,199.59,Delivered On-Time
143,69,6,2024-12-07,4533.61,1,3,0,3,4,43.07,Delivered On-Time
144,208,4,2026-05-01,10494.84,2,2,0,1,4,152.18,Delivered Late
145,57,7,2025-12-19,66131.8,3,3,0,4,5,694.38,Delivered On-Time
146,6,2,2026-02-07,23268.67,2,1,1,1,5,500.28,Delivered Late
147,251,7,2024-11-25,114450.03,3,3,0,4,3,1201.73,Delivered On-Time
148,15,5,2024-01-26,21852.32,2,2,0,2,5,338.71,Delivered Late
149,168,6,2025-01-23,22805.9,2,3,0,3,3,216.66,Delivered On-Time
150,22,4,2024-04-19,42788.55,2,2,0,1,1,620.43,Delivered On-Time
151,81,5,2024-11-02,15675.37,2,2,0,2,2,242.97,Delivered On-Time
152,21,7,2026-05-21,7367.3,1,3,0,4,5,77.36,Delivered On-Time
153,146,6,2026-06-30,6827.32,1,3,0,3,3,64.86,Damaged
154,44,7,2025-07-09,9726.34,1,3,0,4,4,102.13,Delivered On-Time
155,42,6,2026-01-10,21881.25,2,3,0,3,3,207.87,Delivered On-Time
156,176,2,2024-01-29,7526.56,1,1,0,1,1,161.82,Delivered On-Time
157,214,5,2025-01-03,25853.33,2,2,0,2,2,400.73,Delivered On-Time
158,58,4,2025-12-14,6089.74,1,2,0,1,1,88.3,Delivered On-Time
159,258,1,2026-05-08,9910.26,1,1,0,5,5,193.25,Delivered On-Time
160,99,4,2025-07-30,4046.59,1,2,0,1,1,58.68,Delivered On-Time
161,110,3,2025-04-15,27038.59,2,1,1,1,1,581.33,Delivered On-Time
162,182,1,2024-06-21,42163.59,2,1,1,5,4,822.19,Delivered On-Time
163,183,6,2026-01-09,24137.35,2,3,0,3,2,229.3,Delivered On-Time
164,125,2,2024-09-17,10851.31,2,1,1,1,1,233.3,Delivered On-Time
165,38,6,2026-03-30,9344.51,1,3,0,3,3,88.77,Delivered On-Time
166,129,6,2026-02-18,51380.06,3,3,0,3,3,488.11,Delivered On-Time
167,19,7,2024-03-17,37179.81,2,3,0,4,4,390.39,Delivered On-Time
168,39,1,2025-01-04,8991.96,1,1,0,5,5,175.34,Delivered On-Time
169,170,7,2025-08-13,81435.66,3,3,0,4,3,855.07,Delivered On-Time
170,24,6,2025-10-08,20906.4,2,3,0,3,4,198.61,Delivered On-Time
171,72,7,2025-12-16,40835.74,2,3,0,4,3,428.78,Delivered On-Time
172,145,5,2024-05-24,7750.89,1,2,0,2,2,120.14,Delivered On-Time
173,208,4,2024-12-08,3570.08,1,2,0,1,1,51.77,Delivered On-Time
174,179,4,2024-06-03,8773.4,1,2,0,1,1,127.21,Delivered On-Time
175,34,3,2024-05-27,7402.5,1,1,0,1,3,159.15,Delivered Late
176,41,7,2025-08-21,49497.5,2,3,0,4,3,519.72,Delivered On-Time
177,164,3,2024-06-28,719.16,1,1,0,1,1,15.46,Delivered On-Time
178,205,1,2025-04-03,44562.01,2,1,1,5,4,868.96,Delivered On-Time
179,25,1,2024-03-22,33018.7,2,1,1,5,6,643.86,Delivered On-Time
180,8,1,2025-10-17,3554.38,1,1,0,5,5,69.31,Delivered On-Time
181,173,3,2024-06-27,931.86,1,1,0,1,2,20.03,Delivered On-Time
182,238,1,2026-06-13,106413.37,3,1,1,5,5,2075.06,Delivered On-Time
183,10,3,2024-06-08,8484.92,1,1,0,1,2,182.43,Delivered On-Time
184,79,4,2025-08-11,20312.98,2,2,0,1,1,294.54,Delivered On-Time
185,233,1,2025-07-26,9437.99,1,1,0,5,4,184.04,Delivered On-Time
186,186,6,2024-08-21,477932.64,3,3,0,3,4,4540.36,Delivered On-Time
187,94,6,2025-01-09,137082.65,3,3,0,3,3,1302.29,Delivered On-Time
188,125,6,2025-05-25,140102.08,3,3,0,3,2,1330.97,Delivered On-Time
189,8,4,2025-02-15,2666.88,1,2,0,1,1,38.67,Delivered On-Time
190,11,3,2024-09-04,7711.33,1,1,0,1,1,165.79,Delivered On-Time
191,81,7,2026-02-08,1340.02,1,3,0,4,4,14.07,Delivered On-Time
192,232,5,2025-01-04,27562.61,2,2,0,2,2,427.22,Delivered On-Time
193,58,7,2024-01-10,5274.48,1,3,0,4,4,55.38,Delivered On-Time
194,174,2,2026-01-03,9001.38,1,1,0,1,1,193.53,Delivered On-Time
195,259,3,2025-09-01,1496.14,1,1,0,1,1,32.17,Delivered On-Time
196,250,6,2024-05-19,2626.94,1,3,0,3,4,24.96,Delivered On-Time
197,182,6,2026-05-09,84943.81,3,3,0,3,3,806.97,Delivered On-Time
198,8,7,2024-09-27,69644.47,3,3,0,4,4,731.27,Delivered On-Time
199,233,6,2025-07-11,4398.13,1,3,0,3,3,41.78,Delivered On-Time
200,215,2,2025-01-27,4161.06,1,1,0,1,1,89.46,Delivered On-Time
201,257,7,2026-01-17,2384.8,1,3,0,4,3,25.04,Delivered On-Time
202,26,3,2025-02-19,6638.48,1,1,0,1,2,142.73,Lost
203,195,6,2025-01-22,9770.37,1,3,0,3,3,92.82,Delivered On-Time
204,115,7,2024-12-22,2601.41,1,3,0,4,5,27.31,Delivered On-Time
205,87,1,2026-04-12,16098.13,2,1,1,5,4,313.91,Delivered On-Time
206,186,3,2025-03-14,2888.83,1,1,0,1,2,62.11,Delivered On-Time
207,232,4,2025-11-09,9970.14,1,2,0,1,1,144.57,Delivered On-Time
208,77,3,2024-01-07,5446.07,1,1,0,1,1,117.09,Delivered On-Time
209,103,3,2024-01-01,2194.9,1,1,0,1,1,47.19,Delivered On-Time
210,225,7,2024-04-03,1343.84,1,3,0,4,4,14.11,Delivered On-Time
211,227,6,2025-01-19,21809.57,2,3,0,3,3,207.19,Delivered On-Time
212,67,6,2025-09-25,399163.6,3,3,0,3,2,3792.05,Delivered On-Time
213,229,7,2025-01-23,9388.66,1,3,0,4,8,98.58,Delivered Late
214,224,2,2025-02-28,1118.34,1,1,0,1,1,24.04,Delivered On-Time
215,103,7,2025-02-15,79397.83,3,3,0,4,3,833.68,Delivered On-Time
216,40,5,2024-04-14,18625.23,2,2,0,2,2,288.69,Delivered On-Time
217,214,2,2026-05-13,435897.31,3,1,1,1,1,9371.79,Delivered On-Time
218,4,5,2024-03-29,8658.49,1,2,0,2,1,134.21,Delivered On-Time
219,128,2,2026-06-06,5625.64,1,1,0,1,4,120.95,Delivered Late
220,251,6,2025-12-27,8112.97,1,3,0,3,2,77.07,Delivered On-Time
221,5,6,2025-06-29,132337.85,3,3,0,3,3,1257.21,Delivered On-Time
222,108,6,2025-09-17,94487.64,3,3,0,3,2,897.63,Delivered On-Time
223,37,7,2026-04-13,9261.86,1,3,0,4,4,97.25,Delivered On-Time
224,151,5,2026-04-01,15830.87,2,2,0,2,2,245.38,Delivered On-Time
225,47,7,2024-02-21,20303.34,2,3,0,4,3,213.19,Delivered On-Time
226,69,7,2024-02-12,7701.84,1,3,0,4,5,80.87,Delivered On-Time
227,159,1,2024-09-21,16075.76,2,1,1,5,4,313.48,Delivered On-Time
228,80,5,2025-10-18,37767.0,2,2,0,2,2,585.39,Delivered On-Time
229,206,6,2024-04-27,6745.54,1,3,0,3,4,64.08,Delivered On-Time
230,251,1,2024-12-22,45574.83,2,1,1,5,5,888.71,Delivered On-Time
231,46,2,2024-07-25,8983.22,1,1,0,1,1,193.14,Delivered On-Time
232,52,7,2024-01-02,115652.53,3,3,0,4,4,1214.35,Delivered On-Time
233,187,2,2024-07-02,42359.58,2,1,1,1,2,910.73,Delivered On-Time
234,83,4,2025-09-01,876.27,1,2,0,1,1,12.71,Delivered On-Time
235,181,4,2024-03-19,16555.21,2,2,0,1,1,240.05,Delivered On-Time
236,134,5,2024-04-06,1954.07,1,2,0,2,2,30.29,Delivered On-Time
237,22,6,2025-06-02,78348.09,3,3,0,3,4,744.31,Delivered On-Time
238,49,2,2024-01-16,8020.18,1,1,0,1,1,172.43,Delivered On-Time
239,88,4,2024-02-01,14384.38,2,2,0,1,3,208.57,Delivered Late
240,32,5,2026-04-21,49317.09,2,2,0,2,2,764.41,Delivered On-Time
241,237,6,2024-01-12,128659.47,3,3,0,3,4,1222.26,Delivered On-Time
242,78,3,2026-03-27,2382.71,1,1,0,1,1,51.23,Delivered On-Time
243,246,4,2024-02-08,46322.94,2,2,0,1,1,671.68,Delivered On-Time
244,211,7,2024-04-04,353972.08,3,3,0,4,4,3716.71,Delivered On-Time
245,156,7,2024-02-24,42085.94,2,3,0,4,5,441.9,Delivered On-Time
246,60,2,2026-02-07,2380.93,1,1,0,1,2,51.19,Delivered On-Time
247,26,3,2025-02-05,6453.55,1,1,0,1,1,138.75,Delivered On-Time
248,117,4,2026-03-21,43451.06,2,2,0,1,2,630.04,Delivered On-Time
249,57,1,2025-03-04,1885.24,1,1,0,5,5,36.76,Delivered On-Time
250,150,6,2024-12-09,7160.48,1,3,0,3,3,68.02,Delivered On-Time
251,22,3,2025-01-19,3078.79,1,1,0,1,1,66.19,Delivered On-Time
252,202,2,2024-11-11,100674.88,3,1,1,1,1,2164.51,Delivered On-Time
253,5,6,2024-01-01,2835.55,1,3,0,3,3,26.94,Delivered On-Time
254,193,7,2024-12-05,86181.78,3,3,0,4,3,904.91,Delivered On-Time
255,256,6,2025-05-20,169942.84,3,3,0,3,3,1614.46,Delivered On-Time
256,78,1,2026-01-16,9507.21,1,1,0,5,5,185.39,Delivered On-Time
257,24,5,2025-02-05,49284.89,2,2,0,2,3,763.92,Delivered On-Time
258,209,7,2025-10-26,113943.01,3,3,0,4,4,1196.4,Delivered On-Time
259,254,7,2026-04-25,8989.46,1,3,0,4,4,94.39,Delivered On-Time
260,88,3,2025-11-28,3327.21,1,1,0,1,1,71.54,Delivered On-Time
261,244,7,2025-03-24,24471.3,2,3,0,4,4,256.95,Delivered On-Time
262,231,7,2025-10-14,54394.66,3,3,0,4,4,571.14,Delivered On-Time
263,141,6,2025-02-05,102933.8,3,3,0,3,2,977.87,Delivered On-Time
264,157,5,2024-12-28,9813.64,1,2,0,2,6,152.11,Delivered Late
265,57,1,2024-11-10,7367.02,1,1,0,5,5,143.66,Delivered On-Time
266,175,5,2025-02-13,23988.5,2,2,0,2,3,371.82,Delivered On-Time
267,148,4,2024-05-16,46981.01,2,2,0,1,1,681.22,Delivered On-Time
268,207,5,2025-11-26,16046.09,2,2,0,2,2,248.71,Delivered On-Time
269,196,6,2026-06-18,45019.68,2,3,0,3,4,427.69,Delivered On-Time
270,140,7,2025-09-14,1391.39,1,3,0,4,3,14.61,Delivered On-Time
271,37,5,2024-11-28,7757.1,1,2,0,2,6,120.24,Delivered Late
272,17,3,2024-02-10,5094.91,1,1,0,1,2,109.54,Delivered On-Time
273,112,6,2024-08-01,352137.4,3,3,0,3,2,3345.31,Delivered On-Time
274,138,6,2025-03-10,77373.08,3,3,0,3,4,735.04,Delivered On-Time
275,210,6,2026-04-03,6748.69,1,3,0,3,3,64.11,Delivered On-Time
276,233,2,2024-07-14,4326.93,1,1,0,1,2,93.03,Delivered On-Time
277,102,6,2025-12-19,7967.59,1,3,0,3,2,75.69,Delivered On-Time
278,106,7,2025-03-03,122197.89,3,3,0,4,4,1283.08,Delivered On-Time
279,162,1,2024-12-29,2163.97,1,1,0,5,5,42.2,Delivered On-Time
280,176,7,2025-01-07,9909.43,1,3,0,4,4,104.05,Delivered On-Time
281,129,2,2025-06-04,6734.48,1,1,0,1,2,144.79,Delivered On-Time
282,197,5,2026-05-11,1555.62,1,2,0,2,1,24.11,Delivered On-Time
283,45,7,2025-04-19,5941.36,1,3,0,4,5,62.38,Delivered On-Time
284,237,7,2025-05-11,50733.66,3,3,0,4,3,532.7,Delivered On-Time
285,65,7,2024-07-23,46818.04,2,3,0,4,5,491.59,Delivered On-Time
286,28,2,2026-06-01,6891.84,1,1,0,1,1,148.17,Delivered On-Time
287,242,6,2025-09-12,109906.58,3,3,0,3,3,1044.11,Lost
288,20,6,2024-09-05,430952.05,3,3,0,3,3,4094.04,Delivered On-Time
289,23,1,2025-02-27,673.09,1,1,0,5,4,13.13,Delivered On-Time
290,84,1,2024-04-18,88161.67,3,1,1,5,6,1719.15,Delivered On-Time
291,44,4,2025-05-29,41671.98,2,2,0,1,2,604.24,Delivered On-Time
292,204,2,2025-11-17,10962.85,2,1,1,1,1,235.7,Delivered On-Time
293,57,4,2025-11-24,43988.34,2,2,0,1,4,637.83,Delivered Late
294,152,4,2024-05-31,23393.82,2,2,0,1,2,339.21,Delivered Late
295,110,6,2025-06-16,473327.31,3,3,0,3,2,4496.61,Delivered On-Time
296,31,1,2026-01-03,15401.43,2,1,1,5,5,300.33,Delivered On-Time
297,69,6,2026-05-16,1399.72,1,3,0,3,3,13.3,Delivered On-Time
298,167,7,2024-01-14,2692.18,1,3,0,4,4,28.27,Delivered On-Time
299,41,3,2025-06-28,8587.43,1,1,0,1,2,184.63,Delivered On-Time
300,235,4,2024-06-13,6802.48,1,2,0,1,2,98.64,Delivered On-Time
301,46,3,2025-10-25,9111.17,1,1,0,1,1,195.89,Delivered On-Time
302,91,7,2025-09-17,37624.82,2,3,0,4,4,395.06,Delivered On-Time
303,47,5,2025-12-08,34730.67,2,2,0,2,3,538.33,Delivered On-Time
304,201,4,2024-11-07,31426.6,2,2,0,1,1,455.69,Delivered On-Time
305,141,6,2026-02-26,75493.61,3,3,0,3,2,717.19,Delivered On-Time
306,236,1,2024-12-16,4185.45,1,1,0,5,5,81.62,Delivered On-Time
307,143,6,2025-10-01,9095.52,1,3,0,3,3,86.41,Delivered On-Time
308,93,6,2024-02-16,9834.68,1,3,0,3,5,93.43,Delivered Late
309,152,6,2024-01-16,143604.48,3,3,0,3,3,1364.24,Delivered On-Time
310,86,4,2026-06-12,21410.9,2,2,0,1,1,310.46,Delivered On-Time
311,197,4,2026-05-23,28871.13,2,2,0,1,1,418.63,Delivered On-Time
312,121,6,2024-10-15,1600.4,1,3,0,3,3,15.2,Delivered On-Time
313,246,4,2025-03-12,1145.03,1,2,0,1,1,16.6,Delivered On-Time
314,37,2,2025-06-05,32514.3,2,1,1,1,1,699.06,Delivered On-Time
315,123,7,2025-06-18,71238.24,3,3,0,4,4,748.0,Delivered On-Time
316,68,1,2025-10-08,6797.21,1,1,0,5,5,132.55,Delivered On-Time
317,93,7,2025-06-05,30585.83,2,3,0,4,3,321.15,Delivered On-Time
318,120,6,2026-03-02,36044.8,2,3,0,3,3,342.43,Delivered On-Time
319,94,5,2025-12-17,46062.63,2,2,0,2,2,713.97,Delivered On-Time
320,72,7,2026-05-09,33331.54,2,3,0,4,6,349.98,Delivered Late
321,248,6,2024-08-26,8605.19,1,3,0,3,4,81.75,Delivered On-Time
322,99,7,2026-05-03,7950.47,1,3,0,4,4,83.48,Delivered On-Time
323,212,4,2025-11-15,40800.45,2,2,0,1,1,591.61,Delivered On-Time
324,244,2,2025-01-30,1644.97,1,1,0,1,2,35.37,Delivered On-Time
325,165,4,2024-06-20,6062.51,1,2,0,1,2,87.91,Delivered On-Time
326,78,6,2026-02-01,90774.62,3,3,0,3,3,862.36,Delivered On-Time
327,90,6,2026-06-10,4079.67,1,3,0,3,4,38.76,Delivered On-Time
328,229,5,2024-09-06,6957.57,1,2,0,2,2,107.84,Delivered On-Time
329,130,7,2025-08-07,145657.69,3,3,0,4,5,1529.41,Delivered On-Time
330,38,4,2025-12-18,28866.8,2,2,0,1,1,418.57,Delivered On-Time
331,93,6,2025-03-16,339889.92,3,3,0,3,3,3228.95,Delivered On-Time
332,185,5,2025-01-24,15102.43,2,2,0,2,1,234.09,Delivered On-Time
333,70,3,2026-06-24,1238.96,1,1,0,1,1,26.64,Delivered On-Time
334,224,2,2024-11-18,667.31,1,1,0,1,1,14.35,Delivered On-Time
335,150,7,2026-05-05,2861.18,1,3,0,4,4,30.04,Delivered On-Time
336,84,1,2026-04-21,6825.19,1,1,0,5,4,133.09,Delivered On-Time
337,212,1,2026-01-13,8083.97,1,1,0,5,4,157.64,Delivered On-Time
338,90,4,2024-01-20,1340.57,1,2,0,1,2,19.44,Delivered On-Time
339,150,1,2026-06-14,1297.23,1,1,0,5,4,25.3,Delivered On-Time
340,135,5,2024-05-14,23667.6,2,2,0,2,3,366.85,Delivered On-Time
341,79,7,2026-05-09,7310.88,1,3,0,4,8,76.76,Delivered Late
342,78,5,2025-09-29,32600.55,2,2,0,2,2,505.31,Delivered On-Time
343,235,6,2025-05-28,7381.35,1,3,0,3,6,70.12,Delivered Late
344,233,3,2025-09-21,9868.37,1,1,0,1,1,212.17,Delivered On-Time
345,174,7,2026-04-26,38077.52,2,3,0,4,4,399.81,Delivered On-Time
346,162,6,2024-04-01,2745.04,1,3,0,3,3,26.08,Delivered On-Time
347,165,7,2024-05-02,44795.46,2,3,0,4,3,470.35,Delivered On-Time
348,36,2,2025-09-30,2899.46,1,1,0,1,1,62.34,Delivered On-Time
349,215,3,2026-02-27,7906.89,1,1,0,1,1,170.0,Delivered On-Time
350,45,7,2024-05-16,468379.03,3,3,0,4,3,4917.98,Delivered On-Time
351,36,7,2026-05-22,27493.7,2,3,0,4,3,288.68,Delivered On-Time
352,70,7,2025-06-26,2057.67,1,3,0,4,4,21.61,Delivered On-Time
353,219,1,2025-12-25,2806.61,1,1,0,5,9,54.73,Delivered Late
354,95,5,2026-02-15,39358.97,2,2,0,2,2,610.06,Delivered On-Time
355,174,2,2026-04-01,4957.07,1,1,0,1,2,106.58,Delivered On-Time
356,89,7,2026-01-16,2281.28,1,3,0,4,6,23.95,Delivered Late
357,6,3,2025-09-13,9976.15,1,1,0,1,1,214.49,Delivered On-Time
358,155,1,2025-01-18,3197.33,1,1,0,5,5,62.35,Delivered On-Time
359,126,7,2026-04-03,67142.22,3,3,0,4,4,704.99,Delivered On-Time
360,158,5,2024-05-16,36834.26,2,2,0,2,2,570.93,Delivered On-Time
361,25,6,2024-12-13,7613.83,1,3,0,3,3,72.33,Delivered On-Time
362,61,6,2024-11-30,52557.32,3,3,0,3,2,499.29,Delivered On-Time
363,237,7,2025-10-17,48161.65,2,3,0,4,4,505.7,Delivered On-Time
364,160,4,2026-01-26,14235.25,2,2,0,1,1,206.41,Damaged
365,186,5,2025-11-05,9185.19,1,2,0,2,1,142.37,Delivered On-Time
366,220,1,2024-04-04,5393.85,1,1,0,5,6,105.18,Delivered On-Time
367,113,6,2025-01-10,301713.82,3,3,0,3,3,2866.28,Delivered On-Time
368,169,3,2024-07-10,10433.49,2,1,1,1,2,224.32,Delivered On-Time
369,85,6,2024-07-06,45157.36,2,3,0,3,4,428.99,Delivered Late
370,12,6,2026-01-01,101079.28,3,3,0,3,3,960.25,Delivered On-Time
371,218,5,2024-05-19,3121.84,1,2,0,2,1,48.39,Delivered On-Time
372,3,6,2026-04-01,39933.53,2,3,0,3,3,379.37,Delivered On-Time
373,90,5,2026-06-12,38830.94,2,2,0,2,2,601.88,Delivered On-Time
374,27,7,2026-06-08,37104.59,2,3,0,4,4,389.6,Delivered On-Time
375,173,4,2025-02-22,2389.09,1,2,0,1,1,34.64,Delivered On-Time
376,83,5,2025-10-12,2334.47,1,2,0,2,2,36.18,Delivered On-Time
377,226,2,2026-02-26,9474.82,1,1,0,1,2,203.71,Delivered On-Time
378,87,6,2024-08-26,48678.79,2,3,0,3,3,462.45,Delivered On-Time
379,201,7,2025-10-22,107256.63,3,3,0,4,4,1126.19,Delivered On-Time
380,153,6,2025-11-09,7021.0,1,3,0,3,3,66.7,Delivered On-Time
381,113,3,2024-12-14,5742.55,1,1,0,1,1,123.46,Delivered On-Time
382,246,5,2025-03-27,9003.02,1,2,0,2,2,139.55,Delivered On-Time
383,245,3,2024-04-29,6286.3,1,1,0,1,5,135.16,Delivered Late
384,7,2,2025-01-21,1064.97,1,1,0,1,1,22.9,Delivered On-Time
385,136,3,2024-05-04,46412.26,2,1,1,1,1,997.86,Delivered On-Time
386,77,6,2024-02-10,88575.53,3,3,0,3,3,841.47,Delivered On-Time
387,29,1,2024-06-13,7228.02,1,1,0,5,4,140.95,Delivered On-Time
388,184,7,2024-07-21,302059.85,3,3,0,4,4,3171.63,Delivered On-Time
389,90,1,2024-06-18,3834.3,1,1,0,5,6,74.77,Delivered On-Time
390,18,4,2026-03-12,33026.82,2,2,0,1,1,478.89,Delivered On-Time
391,76,7,2026-05-30,30661.08,2,3,0,4,3,321.94,Delivered On-Time
392,3,6,2026-05-14,6857.84,1,3,0,3,3,65.15,Delivered On-Time
393,83,6,2024-11-19,9937.37,1,3,0,3,2,94.41,Delivered On-Time
394,168,7,2024-11-21,42041.68,2,3,0,4,3,441.44,Delivered On-Time
395,24,5,2024-06-01,4435.79,1,2,0,2,1,68.75,Delivered On-Time
396,69,7,2024-04-15,110614.11,3,3,0,4,8,1161.45,Delivered Late
397,50,6,2024-02-06,18579.88,2,3,0,3,3,176.51,Delivered On-Time
398,257,7,2025-06-23,42338.72,2,3,0,4,4,444.56,Delivered On-Time
399,243,5,2024-05-01,42451.5,2,2,0,2,2,658.0,Delivered On-Time
400,133,7,2026-04-14,742.86,1,3,0,4,3,7.8,Delivered On-Time
401,241,3,2026-01-16,34349.77,2,1,1,1,1,738.52,Delivered On-Time
402,257,7,2024-09-23,9333.23,1,3,0,4,4,98.0,Delivered On-Time
403,114,7,2025-09-19,172079.01,3,3,0,4,4,1806.83,Delivered On-Time
404,161,5,2025-11-29,6698.88,1,2,0,2,2,103.83,Delivered On-Time
405,62,7,2025-07-21,141492.43,3,3,0,4,4,1485.67,Delivered On-Time
406,51,6,2025-07-21,264972.4,3,3,0,3,2,2517.24,Delivered On-Time
407,72,7,2025-05-25,88503.3,3,3,0,4,4,929.28,Delivered On-Time
408,64,6,2024-10-18,7889.97,1,3,0,3,3,74.95,Delivered On-Time
409,90,6,2025-01-03,3283.92,1,3,0,3,2,31.2,Delivered On-Time
410,108,2,2025-07-20,6793.86,1,1,0,1,1,146.07,Delivered On-Time
411,99,1,2025-11-25,20662.39,2,1,1,5,5,402.92,Delivered On-Time
412,5,1,2025-06-11,108949.93,3,1,1,5,5,2124.52,Delivered On-Time
413,115,3,2024-04-14,6061.41,1,1,0,1,1,130.32,Delivered On-Time
414,14,2,2025-03-14,48141.14,2,1,1,1,1,1035.03,Delivered On-Time
415,188,6,2025-07-18,87006.28,3,3,0,3,3,826.56,Delivered On-Time
416,64,7,2024-06-12,13842.64,2,3,0,4,3,145.35,Delivered On-Time
417,121,3,2025-03-08,50574.53,3,1,1,1,1,1087.35,Delivered On-Time
418,199,4,2025-03-15,18892.56,2,2,0,1,2,273.94,Delivered On-Time
419,20,6,2024-07-21,3650.21,1,3,0,3,3,34.68,Delivered On-Time
420,229,4,2024-06-25,9143.22,1,2,0,1,2,132.58,Delivered On-Time
421,63,6,2026-05-17,42748.87,2,3,0,3,3,406.11,Delivered On-Time
422,98,4,2025-06-06,2489.79,1,2,0,1,1,36.1,Lost
423,45,4,2025-01-08,6870.64,1,2,0,1,1,99.62,Delivered On-Time
424,44,4,2024-03-13,2999.54,1,2,0,1,1,43.49,Delivered On-Time
425,51,4,2024-10-25,45673.37,2,2,0,1,1,662.26,Delivered On-Time
426,13,6,2025-12-15,401825.52,3,3,0,3,3,3817.34,Delivered On-Time
427,114,6,2024-10-01,24668.44,2,3,0,3,3,234.35,Delivered On-Time
428,2,5,2024-05-15,44587.99,2,2,0,2,2,691.11,Delivered On-Time
429,59,6,2026-04-07,10144.9,2,3,0,3,6,96.38,Delivered Late
430,163,6,2025-08-25,128504.18,3,3,0,3,3,1220.79,Delivered On-Time
431,173,3,2024-05-09,6085.83,1,1,0,1,1,130.85,Delivered On-Time
432,215,4,2024-07-08,1629.45,1,2,0,1,2,23.63,Delivered On-Time
433,193,4,2025-07-11,7231.72,1,2,0,1,1,104.86,Delivered On-Time
434,184,2,2025-12-27,7669.02,1,1,0,1,1,164.88,Delivered On-Time
435,131,4,2025-10-12,5709.37,1,2,0,1,4,82.79,Delivered Late
436,118,4,2024-12-14,8057.97,1,2,0,1,3,116.84,Delivered Late
437,250,4,2024-02-14,134883.2,3,2,1,1,1,1955.81,Delivered On-Time
438,94,3,2025-12-30,9258.78,1,1,0,1,3,199.06,Delivered Late
439,219,6,2025-03-10,24985.52,2,3,0,3,3,237.36,Delivered On-Time
440,131,1,2024-01-21,7928.99,1,1,0,5,5,154.62,Delivered On-Time
441,18,5,2024-07-30,34438.88,2,2,0,2,2,533.8,Delivered On-Time
442,165,5,2024-05-04,6621.13,1,2,0,2,2,102.63,Delivered On-Time
443,160,7,2024-01-16,9869.71,1,3,0,4,4,103.63,Delivered On-Time
444,194,7,2025-10-10,42417.56,2,3,0,4,3,445.38,Delivered On-Time
445,195,7,2025-04-18,41116.23,2,3,0,4,3,431.72,Delivered On-Time
446,226,1,2026-06-18,2518.61,1,1,0,5,5,49.11,Delivered On-Time
447,222,6,2025-02-24,7168.08,1,3,0,3,4,68.1,Delivered On-Time
448,59,7,2025-01-15,2594.32,1,3,0,4,5,27.24,Delivered On-Time
449,141,2,2025-01-13,9849.29,1,1,0,1,1,211.76,Delivered On-Time
450,214,6,2024-01-24,4318.84,1,3,0,3,4,41.03,Delivered On-Time
451,208,6,2024-09-21,28289.74,2,3,0,3,2,268.75,Delivered On-Time
452,113,5,2025-11-29,5684.33,1,2,0,2,2,88.11,Delivered On-Time
453,133,5,2026-04-10,6323.36,1,2,0,2,2,98.01,Delivered On-Time
454,69,5,2026-01-03,15390.04,2,2,0,2,3,238.55,Delivered On-Time
455,114,6,2025-11-18,32666.85,2,3,0,3,4,310.34,Delivered On-Time
456,31,4,2024-02-03,30486.48,2,2,0,1,2,442.05,Delivered On-Time
457,118,5,2025-03-26,28156.33,2,2,0,2,2,436.42,Delivered On-Time
458,68,6,2024-12-10,52246.81,3,3,0,3,3,496.34,Delivered On-Time
459,154,7,2026-01-22,148979.67,3,3,0,4,3,1564.29,Delivered On-Time
460,147,6,2024-08-21,116124.49,3,3,0,3,4,1103.18,Delivered On-Time
461,234,6,2026-04-29,78116.23,3,3,0,3,3,742.1,Delivered On-Time
462,115,7,2024-04-07,86820.64,3,3,0,4,7,911.62,Delivered Late
463,82,6,2024-12-21,143336.11,3,3,0,3,3,1361.69,Delivered On-Time
464,260,4,2024-09-11,13773.98,2,2,0,1,1,199.72,Delivered On-Time
465,112,7,2024-11-19,8086.58,1,3,0,4,5,84.91,Delivered On-Time
466,65,6,2025-12-18,8695.45,1,3,0,3,3,82.61,Delivered On-Time
467,224,7,2024-06-08,1916.37,1,3,0,4,4,20.12,Delivered On-Time
468,94,4,2026-01-09,5012.45,1,2,0,1,1,72.68,Delivered On-Time
469,9,5,2026-06-11,7790.91,1,2,0,2,2,120.76,Delivered On-Time
470,117,6,2025-08-09,1490.79,1,3,0,3,3,14.16,Delivered On-Time
471,52,4,2024-07-21,2900.18,1,2,0,1,1,42.05,Delivered On-Time
472,237,5,2024-08-16,38907.97,2,2,0,2,1,603.07,Delivered On-Time
473,56,4,2025-04-08,49830.93,2,2,0,1,1,722.55,Delivered On-Time
474,201,4,2024-08-17,9504.08,1,2,0,1,2,137.81,Delivered On-Time
475,244,6,2024-10-08,8966.56,1,3,0,3,5,85.18,Delivered Late
476,126,1,2024-05-01,8865.08,1,1,0,5,5,172.87,Delivered On-Time
477,99,7,2026-06-14,39132.12,2,3,0,4,4,410.89,Delivered On-Time
478,227,4,2026-01-07,23468.55,2,2,0,1,1,340.29,Delivered On-Time
479,84,6,2024-04-28,49821.51,2,3,0,3,4,473.3,Delivered On-Time
480,257,4,2026-01-27,5465.84,1,2,0,1,1,79.25,Delivered On-Time
481,195,6,2024-07-23,43301.99,2,3,0,3,4,411.37,Delivered On-Time
482,230,5,2024-07-26,6290.14,1,2,0,2,2,97.5,Delivered On-Time
483,140,7,2026-05-08,26648.83,2,3,0,4,4,279.81,Delivered On-Time
484,226,5,2025-12-28,8101.45,1,2,0,2,1,125.57,Delivered On-Time
485,187,6,2024-05-09,757.38,1,3,0,3,4,7.2,Delivered Late
486,37,7,2024-05-20,94109.41,3,3,0,4,3,988.15,Delivered On-Time
487,50,5,2025-02-22,1562.63,1,2,0,2,3,24.22,Delivered On-Time
488,143,5,2025-11-24,4651.96,1,2,0,2,3,72.11,Delivered On-Time
489,44,3,2025-05-22,3507.48,1,1,0,1,1,75.41,Delivered On-Time
490,141,5,2025-04-21,34475.83,2,2,0,2,3,534.38,Delivered On-Time
491,132,4,2025-01-04,17759.05,2,2,0,1,1,257.51,Delivered On-Time
492,215,2,2024-02-14,89206.82,3,1,1,1,2,1917.95,Delivered On-Time
493,147,2,2025-02-16,4258.95,1,1,0,1,1,91.57,Delivered On-Time
494,239,2,2024-02-07,7555.13,1,1,0,1,1,162.44,Delivered On-Time
495,236,1,2025-05-01,49354.3,2,1,1,5,5,962.41,Delivered On-Time
496,80,2,2025-05-04,1970.24,1,1,0,1,1,42.36,Delivered On-Time
497,148,2,2024-11-05,9229.29,1,1,0,1,1,198.43,Delivered On-Time
498,193,6,2026-03-16,72842.24,3,3,0,3,3,692.0,Delivered On-Time
499,259,1,2024-04-02,9714.86,1,1,0,5,4,189.44,Delivered On-Time
500,11,6,2025-05-11,16175.11,2,3,0,3,3,153.66,Delivered On-Time
501,172,1,2025-09-05,3251.48,1,1,0,5,5,63.4,Delivered On-Time
502,20,6,2024-12-07,47723.97,2,3,0,3,4,453.38,Delivered On-Time
503,237,7,2025-04-23,1542.98,1,3,0,4,4,16.2,Delivered On-Time
504,108,4,2025-05-19,3666.1,1,2,0,1,1,53.16,Delivered On-Time
505,30,6,2024-06-27,793.35,1,3,0,3,2,7.54,Delivered On-Time
506,71,4,2026-03-09,3723.8,1,2,0,1,2,54.0,Delivered On-Time
507,20,1,2025-03-17,614.39,1,1,0,5,5,11.98,Delivered On-Time
508,192,6,2026-05-07,3498.0,1,3,0,3,4,33.23,Delivered On-Time
509,256,7,2024-04-16,1470.58,1,3,0,4,3,15.44,Delivered On-Time
510,241,3,2026-05-17,8844.8,1,1,0,1,1,190.16,Delivered On-Time
511,127,5,2024-12-25,3311.4,1,2,0,2,5,51.33,Delivered Late
512,205,2,2025-11-06,5745.99,1,1,0,1,1,123.54,Delivered On-Time
513,24,4,2025-12-22,15912.15,2,2,0,1,1,230.73,Delivered On-Time
514,85,6,2026-03-30,43489.03,2,3,0,3,3,413.15,Delivered On-Time
515,52,7,2024-09-10,145173.86,3,3,0,4,5,1524.33,Delivered On-Time
516,148,2,2025-01-14,5183.55,1,1,0,1,1,111.45,Delivered On-Time
517,33,6,2024-11-30,1770.92,1,3,0,3,4,16.82,Delivered Late
518,236,6,2026-04-20,65382.99,3,3,0,3,6,621.14,Delivered Late
519,94,7,2026-03-02,8165.87,1,3,0,4,4,85.74,Delivered On-Time
520,202,5,2025-12-01,27920.05,2,2,0,2,2,432.76,Delivered On-Time
521,125,4,2025-12-12,14874.16,2,2,0,1,1,215.68,Delivered On-Time
522,239,2,2024-06-12,4318.3,1,1,0,1,1,92.84,Delivered On-Time
523,206,6,2024-03-26,1000.6,1,3,0,3,2,9.51,Delivered On-Time
524,103,1,2026-03-14,8580.0,1,1,0,5,5,167.31,Delivered On-Time
525,61,7,2024-08-07,2282.17,1,3,0,4,4,23.96,Delivered On-Time
526,46,6,2024-05-01,44499.58,2,3,0,3,3,422.75,Delivered On-Time
527,81,7,2025-06-07,318415.09,3,3,0,4,3,3343.36,Delivered On-Time
528,44,4,2025-02-05,5391.63,1,2,0,1,1,78.18,Delivered On-Time
529,245,6,2024-05-22,5252.18,1,3,0,3,2,49.9,Delivered On-Time
530,255,7,2025-01-18,92705.0,3,3,0,4,3,973.4,Delivered On-Time
531,114,4,2024-11-13,5976.19,1,2,0,1,1,86.65,Delivered On-Time
532,116,4,2024-03-11,7617.47,1,2,0,1,2,110.45,Delivered On-Time
533,88,1,2025-03-12,9993.92,1,1,0,5,6,194.88,Delivered On-Time
534,28,2,2026-04-12,7932.71,1,1,0,1,1,170.55,Delivered On-Time
535,210,4,2025-06-29,16912.17,2,2,0,1,2,245.23,Delivered On-Time
536,155,4,2025-01-05,36172.71,2,2,0,1,4,524.5,Delivered Late
537,207,7,2025-01-15,2266.15,1,3,0,4,4,23.79,Delivered On-Time
538,69,3,2026-04-11,17625.47,2,1,1,1,1,378.95,Delivered On-Time
539,52,4,2025-07-22,8508.69,1,2,0,1,1,123.38,Delivered On-Time
540,191,6,2024-11-04,18816.81,2,3,0,3,3,178.76,Delivered On-Time
541,194,6,2024-01-11,33567.31,2,3,0,3,3,318.89,Delivered On-Time
542,108,3,2025-04-25,4981.84,1,1,0,1,1,107.11,Delivered On-Time
543,227,2,2025-11-15,5171.03,1,1,0,1,1,111.18,Delivered On-Time
544,50,6,2024-10-30,33103.35,2,3,0,3,4,314.48,Delivered On-Time
545,50,3,2024-11-06,3065.19,1,1,0,1,2,65.9,Delivered On-Time
546,7,3,2024-08-15,2385.2,1,1,0,1,4,51.28,Delivered Late
547,140,2,2024-05-20,3988.24,1,1,0,1,1,85.75,Delivered On-Time
548,229,3,2025-05-25,7853.48,1,1,0,1,2,168.85,Delivered On-Time
549,93,6,2025-05-01,74423.89,3,3,0,3,3,707.03,Delivered On-Time
550,18,6,2024-08-31,29767.5,2,3,0,3,3,282.79,Delivered On-Time
551,119,4,2025-05-02,11647.29,2,2,0,1,2,168.89,Delivered On-Time
552,90,1,2026-05-31,6034.72,1,1,0,5,5,117.68,Delivered On-Time
553,107,6,2026-03-02,139100.36,3,3,0,3,3,1321.45,Delivered On-Time
554,115,4,2024-04-14,35691.93,2,2,0,1,2,517.53,Delivered On-Time
555,197,2,2025-04-27,8241.79,1,1,0,1,1,177.2,Delivered On-Time
556,177,6,2025-11-24,7407.2,1,3,0,3,4,70.37,Delivered Late
557,9,3,2025-11-07,777.57,1,1,0,1,1,16.72,Delivered On-Time
558,107,6,2026-01-27,764.96,1,3,0,3,3,7.27,Delivered On-Time
559,186,2,2024-01-04,30241.15,2,1,1,1,1,650.18,Delivered On-Time
560,70,2,2025-05-19,7885.75,1,1,0,1,1,169.54,Delivered On-Time
561,44,6,2024-09-01,86394.79,3,3,0,3,3,820.75,Delivered On-Time
562,48,1,2024-12-02,947.17,1,1,0,5,5,18.47,Delivered On-Time
563,109,7,2026-02-15,35319.6,2,3,0,4,4,370.86,Delivered On-Time
564,107,6,2026-04-03,123178.66,3,3,0,3,3,1170.2,Delivered On-Time
565,76,7,2025-12-01,33550.75,2,3,0,4,4,352.28,Delivered On-Time
566,216,7,2024-03-09,24468.09,2,3,0,4,4,256.91,Delivered On-Time
567,47,4,2025-03-27,25808.16,2,2,0,1,1,374.22,Delivered On-Time
568,78,1,2026-06-13,44806.27,2,1,1,5,5,873.72,Delivered On-Time
569,124,7,2025-04-04,41868.23,2,3,0,4,4,439.62,Delivered On-Time
570,188,5,2024-04-27,38212.22,2,2,0,2,2,592.29,Delivered On-Time
571,36,5,2026-01-11,28939.03,2,2,0,2,3,448.55,Delivered Late
572,128,6,2026-01-17,27580.21,2,3,0,3,5,262.01,Delivered Late
573,170,4,2026-01-14,6256.95,1,2,0,1,1,90.73,Delivered On-Time
574,176,3,2026-05-13,5824.01,1,1,0,1,1,125.22,Delivered On-Time
575,137,7,2025-12-01,16240.91,2,3,0,4,5,170.53,Delivered On-Time
576,99,7,2025-03-30,3656.0,1,3,0,4,4,38.39,Delivered On-Time
577,80,2,2026-03-03,8349.39,1,1,0,1,2,179.51,Delivered On-Time
578,106,7,2025-01-25,15141.05,2,3,0,4,5,158.98,Delivered On-Time
579,91,7,2025-10-21,31733.91,2,3,0,4,4,333.21,Delivered On-Time
580,56,7,2026-04-22,6182.59,1,3,0,4,4,64.92,Delivered On-Time
581,28,4,2025-12-15,36327.25,2,2,0,1,1,526.75,Delivered On-Time
582,41,7,2026-04-21,69269.84,3,3,0,4,4,727.33,Delivered On-Time
583,61,1,2025-02-11,8943.85,1,1,0,5,6,174.41,Delivered On-Time
584,166,4,2024-10-15,19363.56,2,2,0,1,1,280.77,Delivered On-Time
585,224,5,2025-11-03,5984.05,1,2,0,2,2,92.75,Delivered On-Time
586,244,4,2024-05-19,45760.18,2,2,0,1,1,663.52,Delivered On-Time
587,163,6,2026-05-06,41275.62,2,3,0,3,2,392.12,Delivered On-Time
588,81,5,2025-10-26,22767.77,2,2,0,2,2,352.9,Delivered On-Time
589,198,1,2024-05-18,26149.56,2,1,1,5,6,509.92,Delivered On-Time
590,49,6,2026-02-22,35107.45,2,3,0,3,3,333.52,Delivered On-Time
591,165,7,2026-06-03,1458.39,1,3,0,4,4,15.31,Delivered On-Time
592,75,5,2026-02-05,24861.99,2,2,0,2,2,385.36,Delivered On-Time
593,23,4,2024-12-13,14051.08,2,2,0,1,2,203.74,Delivered On-Time
594,183,4,2026-02-17,27975.9,2,2,0,1,1,405.65,Delivered On-Time
595,100,2,2024-02-10,78290.72,3,1,1,1,2,1683.25,Delivered On-Time
596,69,7,2024-09-12,6888.21,1,3,0,4,3,72.33,Delivered On-Time
597,27,5,2024-08-18,7898.79,1,2,0,2,2,122.43,Delivered On-Time
598,204,7,2024-01-05,37215.61,2,3,0,4,3,390.76,Delivered On-Time
599,65,3,2025-12-02,6194.85,1,1,0,1,1,133.19,Delivered On-Time
600,251,5,2024-06-01,8366.65,1,2,0,2,2,129.68,Delivered On-Time
601,64,7,2025-04-25,22875.36,2,3,0,4,4,240.19,Delivered On-Time
602,228,3,2025-08-16,23871.66,2,1,1,1,1,513.24,Delivered On-Time
603,64,7,2025-06-05,4513.59,1,3,0,4,4,47.39,Delivered On-Time
604,114,3,2024-12-15,1036.66,1,1,0,1,2,22.29,Delivered On-Time
605,154,7,2026-02-17,38570.42,2,3,0,4,4,404.99,Delivered On-Time
606,239,7,2025-09-23,30275.9,2,3,0,4,4,317.9,Delivered On-Time
607,57,1,2024-12-02,3817.55,1,1,0,5,5,74.44,Delivered On-Time
608,169,7,2026-04-15,9673.11,1,3,0,4,4,101.57,Delivered On-Time
609,161,3,2024-04-16,4386.18,1,1,0,1,1,94.3,Delivered On-Time
610,136,4,2025-12-13,5986.22,1,2,0,1,1,86.8,Delivered On-Time
611,10,6,2024-12-20,75457.5,3,3,0,3,4,716.85,Delivered On-Time
612,49,7,2024-09-17,1240.82,1,3,0,4,4,13.03,Delivered On-Time
613,92,6,2026-01-02,5425.47,1,3,0,3,3,51.54,Delivered On-Time
614,102,7,2024-01-26,55743.16,3,3,0,4,4,585.3,Delivered On-Time
615,152,5,2025-03-15,42968.67,2,2,0,2,3,666.01,Delivered On-Time
616,90,4,2026-01-01,33955.7,2,2,0,1,4,492.36,Delivered Late
617,55,2,2025-04-06,7097.3,1,1,0,1,2,152.59,Delivered On-Time
618,167,6,2025-03-21,2041.98,1,3,0,3,3,19.4,Delivered On-Time
619,95,4,2025-07-02,28116.51,2,2,0,1,1,407.69,Delivered On-Time
620,190,7,2026-05-23,40329.15,2,3,0,4,4,423.46,Delivered On-Time
621,217,5,2025-05-23,5722.76,1,2,0,2,2,88.7,Delivered On-Time
622,122,7,2024-09-10,44334.82,2,3,0,4,4,465.52,Delivered On-Time
623,177,6,2024-03-07,2212.18,1,3,0,3,3,21.02,Delivered On-Time
624,19,2,2025-06-17,5496.3,1,1,0,1,1,118.17,Delivered On-Time
625,108,1,2025-01-01,9353.04,1,1,0,5,5,182.38,Delivered On-Time
626,257,1,2024-02-29,6290.19,1,1,0,5,9,122.66,Delivered Late
627,216,7,2026-02-03,471662.39,3,3,0,4,3,4952.46,Delivered On-Time
628,238,6,2024-11-16,44565.26,2,3,0,3,3,423.37,Delivered On-Time
629,38,6,2024-01-05,128899.28,3,3,0,3,2,1224.54,Delivered On-Time
630,200,5,2025-02-09,3586.63,1,2,0,2,3,55.59,Delivered On-Time
631,5,4,2024-03-25,2155.01,1,2,0,1,1,31.25,Delivered On-Time
632,66,4,2025-05-23,567.28,1,2,0,1,1,8.23,Delivered On-Time
633,119,5,2024-11-12,4183.71,1,2,0,2,1,64.85,Delivered On-Time
634,160,5,2025-07-08,7309.27,1,2,0,2,3,113.29,Delivered Late
635,117,4,2025-02-08,6598.4,1,2,0,1,1,95.68,Delivered On-Time
636,239,7,2025-05-08,116455.35,3,3,0,4,5,1222.78,Delivered On-Time
637,65,1,2024-03-16,6750.68,1,1,0,5,5,131.64,Damaged
638,2,3,2026-04-13,3579.9,1,1,0,1,1,76.97,Delivered On-Time
639,159,7,2026-01-25,36014.17,2,3,0,4,4,378.15,Delivered On-Time
640,248,3,2024-05-19,5831.32,1,1,0,1,2,125.37,Delivered On-Time
641,194,3,2025-06-27,8456.01,1,1,0,1,1,181.8,Delivered On-Time
642,178,4,2024-04-28,131905.3,3,2,1,1,1,1912.63,Delivered On-Time
643,60,5,2025-11-20,4403.41,1,2,0,2,2,68.25,Delivered On-Time
644,77,6,2024-05-25,125242.7,3,3,0,3,3,1189.81,Delivered On-Time
645,40,6,2025-04-25,115613.11,3,3,0,3,4,1098.32,Delivered Late
646,49,3,2024-04-17,6097.28,1,1,0,1,1,131.09,Delivered On-Time
647,84,1,2026-02-27,130099.77,3,1,1,5,5,2536.95,Delivered On-Time
648,204,4,2024-03-14,7212.71,1,2,0,1,1,104.58,Delivered On-Time
649,254,7,2025-04-02,6707.85,1,3,0,4,3,70.43,Delivered On-Time
650,39,4,2025-03-25,5250.32,1,2,0,1,1,76.13,Delivered On-Time
651,45,4,2025-01-10,3534.14,1,2,0,1,1,51.25,Delivered On-Time
652,106,5,2025-01-12,1741.55,1,2,0,2,1,26.99,Delivered On-Time
653,121,3,2024-12-08,15715.09,2,1,1,1,4,337.87,Delivered Late
654,251,2,2024-10-17,2418.18,1,1,0,1,1,51.99,Delivered On-Time
655,60,7,2024-08-03,149055.42,3,3,0,4,3,1565.08,Delivered On-Time
656,52,3,2024-12-31,1245.21,1,1,0,1,1,26.77,Delivered On-Time
657,65,5,2024-02-21,18057.21,2,2,0,2,2,279.89,Delivered On-Time
658,56,7,2025-02-11,122355.19,3,3,0,4,4,1284.73,Delivered On-Time
659,26,4,2025-10-21,6033.81,1,2,0,1,3,87.49,Delivered Late
660,177,7,2024-11-12,55155.97,3,3,0,4,8,579.14,Delivered Late
661,80,2,2024-05-21,225802.48,3,1,1,1,1,4854.75,Delivered On-Time
662,194,7,2026-03-15,9566.51,1,3,0,4,3,100.45,Delivered On-Time
663,43,6,2024-06-13,72756.25,3,3,0,3,3,691.18,Delivered On-Time
664,182,1,2024-04-10,5399.93,1,1,0,5,5,105.3,Delivered On-Time
665,48,2,2026-04-30,4303.13,1,1,0,1,2,92.52,Delivered On-Time
666,171,1,2026-06-04,42111.13,2,1,1,5,4,821.17,Delivered On-Time
667,67,4,2024-01-05,44310.34,2,2,0,1,3,642.5,Delivered Late
668,136,7,2024-04-24,2770.67,1,3,0,4,6,29.09,Delivered Late
669,260,6,2025-06-13,2195.2,1,3,0,3,3,20.85,Delivered On-Time
670,194,1,2025-07-13,808.48,1,1,0,5,4,15.77,Delivered On-Time
671,223,7,2025-04-19,373493.68,3,3,0,4,3,3921.68,Delivered On-Time
672,11,1,2024-11-17,8720.65,1,1,0,5,5,170.05,Delivered On-Time
673,15,7,2025-01-29,3877.24,1,3,0,4,4,40.71,Delivered On-Time
674,37,7,2024-01-26,79988.35,3,3,0,4,4,839.88,Delivered On-Time
675,118,5,2026-03-16,7966.11,1,2,0,2,1,123.47,Delivered On-Time
676,251,7,2025-05-11,96886.85,3,3,0,4,5,1017.31,Delivered Late
677,250,5,2025-02-06,2378.73,1,2,0,2,2,36.87,Delivered On-Time
678,83,5,2024-03-30,4118.86,1,2,0,2,1,63.84,Delivered On-Time
679,10,7,2025-09-08,6946.12,1,3,0,4,3,72.93,Delivered On-Time
680,211,1,2024-12-15,6012.37,1,1,0,5,9,117.24,Delivered Late
681,54,4,2025-12-28,35855.11,2,2,0,1,5,519.9,Delivered Late
682,252,2,2024-03-24,128787.11,3,1,1,1,1,2768.92,Delivered On-Time
683,154,5,2025-12-27,46745.59,2,2,0,2,2,724.56,Delivered On-Time
684,195,7,2025-10-13,5118.73,1,3,0,4,5,53.75,Delivered On-Time
685,107,7,2024-05-11,1590.5,1,3,0,4,4,16.7,Delivered On-Time
686,12,6,2025-11-22,9958.59,1,3,0,3,3,94.61,Delivered On-Time
687,145,6,2025-10-28,378849.19,3,3,0,3,3,3599.07,Delivered On-Time
688,40,7,2026-02-21,29593.42,2,3,0,4,7,310.73,Delivered Late
689,75,4,2025-07-01,43634.14,2,2,0,1,2,632.7,Delivered On-Time
690,174,4,2024-07-26,1208.06,1,2,0,1,1,17.52,Delivered On-Time
691,27,2,2026-01-07,56883.06,3,1,1,1,1,1222.99,Delivered On-Time
692,190,6,2025-01-08,582.69,1,3,0,3,4,5.54,Delivered On-Time
693,39,6,2025-01-07,154940.75,3,3,0,3,5,1471.94,Delivered Late
694,190,7,2026-01-03,8784.67,1,3,0,4,4,92.24,Delivered On-Time
695,36,4,2024-11-29,17998.1,2,2,0,1,5,260.97,Delivered Late
696,40,4,2025-01-02,1157.1,1,2,0,1,2,16.78,Delivered On-Time
697,246,1,2024-05-24,1310.75,1,1,0,5,7,25.56,Delivered Late
698,24,4,2026-05-25,7675.65,1,2,0,1,2,111.3,Delivered On-Time
699,32,6,2025-06-09,5710.83,1,3,0,3,3,54.25,Delivered On-Time
700,187,4,2024-08-07,3168.59,1,2,0,1,1,45.94,Delivered On-Time
701,234,7,2026-01-05,297647.44,3,3,0,4,4,3125.3,Delivered On-Time
702,175,3,2026-05-04,6979.55,1,1,0,1,2,150.06,Delivered Late
703,220,6,2025-11-03,43948.01,2,3,0,3,2,417.51,Delivered On-Time
704,33,2,2024-11-14,2896.9,1,1,0,1,3,62.28,Delivered Late
705,234,3,2024-01-26,4059.81,1,1,0,1,1,87.29,Delivered On-Time
706,75,5,2025-11-14,1657.8,1,2,0,2,2,25.7,Delivered On-Time
707,142,3,2024-02-12,6652.49,1,1,0,1,3,143.03,Delivered Late
708,105,6,2025-01-20,8122.87,1,3,0,3,4,77.17,Delivered On-Time
709,255,5,2025-01-02,9433.94,1,2,0,2,3,146.23,Delivered Late
710,178,4,2024-02-15,9369.58,1,2,0,1,1,135.86,Delivered On-Time
711,103,4,2025-07-07,16507.51,2,2,0,1,1,239.36,Delivered On-Time
712,58,1,2025-06-18,8003.31,1,1,0,5,5,156.06,Delivered On-Time
713,63,7,2025-02-19,28552.95,2,3,0,4,4,299.81,Delivered On-Time
714,219,5,2025-08-11,25889.79,2,2,0,2,1,401.29,Delivered On-Time
715,75,5,2024-12-12,5114.29,1,2,0,2,2,79.27,Delivered On-Time
716,222,1,2025-11-01,18658.65,2,1,1,5,4,363.84,Delivered On-Time
717,66,7,2024-03-31,13694.8,2,3,0,4,3,143.8,Delivered On-Time
718,260,1,2024-04-23,4411.82,1,1,0,5,5,86.03,Delivered On-Time
719,48,7,2025-07-10,6297.33,1,3,0,4,5,66.12,Delivered On-Time
720,240,5,2026-04-06,4958.02,1,2,0,2,2,76.85,Delivered On-Time
721,155,4,2025-02-05,8830.78,1,2,0,1,1,128.05,Delivered On-Time
722,110,1,2024-12-22,9608.25,1,1,0,5,8,187.36,Delivered Late
723,47,6,2025-06-13,46708.8,2,3,0,3,3,443.73,Delivered On-Time
724,57,4,2024-04-25,6188.75,1,2,0,1,2,89.74,Delivered On-Time
725,94,7,2025-02-25,42413.6,2,3,0,4,8,445.34,Delivered Late
726,11,1,2026-02-22,8166.05,1,1,0,5,5,159.24,Delivered On-Time
727,83,4,2024-01-12,49407.97,2,2,0,1,1,716.42,Delivered On-Time
728,18,1,2025-12-14,7644.71,1,1,0,5,5,149.07,Delivered On-Time
729,242,1,2024-05-12,29715.51,2,1,1,5,4,579.45,Delivered On-Time
730,81,1,2024-06-23,7348.01,1,1,0,5,5,143.29,Delivered On-Time
731,186,6,2024-03-30,3845.71,1,3,0,3,4,36.53,Delivered On-Time
732,135,6,2024-05-23,43192.12,2,3,0,3,3,410.33,Damaged
733,80,3,2025-12-17,2699.98,1,1,0,1,1,58.05,Delivered On-Time
734,138,7,2024-01-09,43500.97,2,3,0,4,4,456.76,Delivered On-Time
735,229,1,2024-03-15,1741.43,1,1,0,5,4,33.96,Delivered On-Time
736,131,7,2024-09-11,2352.28,1,3,0,4,4,24.7,Delivered On-Time
737,205,7,2025-09-24,2549.44,1,3,0,4,4,26.77,Delivered On-Time
738,40,1,2024-01-08,4649.84,1,1,0,5,8,90.67,Delivered Late
739,77,7,2024-02-03,26451.82,2,3,0,4,4,277.74,Delivered On-Time
740,178,1,2025-11-28,7384.78,1,1,0,5,5,144.0,Delivered On-Time
741,99,7,2026-02-10,5505.58,1,3,0,4,5,57.81,Delivered Late
742,175,2,2024-08-21,7528.21,1,1,0,1,1,161.86,Delivered On-Time
743,23,6,2024-04-29,8943.65,1,3,0,3,3,84.96,Delivered On-Time
744,27,6,2024-09-22,379906.02,3,3,0,3,4,3609.11,Delivered On-Time
745,55,5,2024-12-30,5044.23,1,2,0,2,2,78.19,Delivered On-Time
746,228,6,2024-10-15,113649.33,3,3,0,3,3,1079.67,Delivered On-Time
747,9,3,2024-11-06,18676.65,2,1,1,1,1,401.55,Delivered On-Time
748,80,1,2026-04-22,1363.2,1,1,0,5,6,26.58,Delivered On-Time
749,253,7,2026-05-13,14412.0,2,3,0,4,7,151.33,Delivered Late
750,24,7,2025-08-22,15840.03,2,3,0,4,4,166.32,Delivered On-Time
751,198,2,2025-09-28,6387.96,1,1,0,1,1,137.34,Delivered On-Time
752,136,5,2024-10-11,28309.5,2,2,0,2,3,438.8,Delivered On-Time
753,32,4,2025-12-05,580.53,1,2,0,1,1,8.42,Delivered On-Time
754,147,7,2024-12-28,96381.15,3,3,0,4,5,1012.0,Delivered On-Time
755,82,7,2026-02-27,87534.78,3,3,0,4,4,919.12,Delivered On-Time
756,213,5,2025-03-25,7417.1,1,2,0,2,2,114.97,Delivered On-Time
757,72,4,2024-01-08,9185.89,1,2,0,1,1,133.2,Delivered On-Time
758,163,6,2025-12-03,8399.77,1,3,0,3,3,79.8,Delivered On-Time
759,128,2,2025-12-14,8926.27,1,1,0,1,4,191.91,Delivered Late
760,75,1,2024-06-10,873.16,1,1,0,5,5,17.03,Delivered On-Time
761,45,5,2024-10-19,6820.2,1,2,0,2,1,105.71,Delivered On-Time
762,1,6,2025-07-11,124881.73,3,3,0,3,3,1186.38,Delivered On-Time
763,109,6,2025-12-21,7860.5,1,3,0,3,4,74.67,Delivered On-Time
764,13,2,2024-07-21,3937.27,1,1,0,1,2,84.65,Delivered On-Time
765,67,7,2025-10-28,410178.36,3,3,0,4,4,4306.87,Delivered On-Time
766,212,6,2024-07-31,2600.93,1,3,0,3,3,24.71,Delivered On-Time
767,65,5,2026-02-01,95246.16,3,2,1,2,1,1476.32,Delivered On-Time
768,58,7,2024-02-01,8954.78,1,3,0,4,5,94.03,Delivered On-Time
769,69,6,2024-05-15,7199.54,1,3,0,3,3,68.4,Delivered On-Time
770,156,7,2025-10-17,79837.26,3,3,0,4,3,838.29,Delivered On-Time
771,43,5,2024-04-29,31798.52,2,2,0,2,2,492.88,Delivered On-Time
772,180,1,2025-07-25,7488.08,1,1,0,5,4,146.02,Delivered On-Time
773,96,1,2025-06-21,2320.41,1,1,0,5,5,45.25,Delivered On-Time
774,25,7,2025-09-09,5736.39,1,3,0,4,4,60.23,Delivered On-Time
775,184,4,2025-09-10,21977.19,2,2,0,1,1,318.67,Delivered On-Time
776,68,6,2024-04-18,7658.1,1,3,0,3,4,72.75,Delivered Late
777,103,6,2024-01-17,80920.43,3,3,0,3,4,768.74,Delivered Late
778,180,1,2024-01-30,35926.3,2,1,1,5,6,700.56,Delivered Late
779,215,4,2024-09-16,7657.36,1,2,0,1,2,111.03,Delivered On-Time
780,39,4,2025-08-06,9044.29,1,2,0,1,1,131.14,Delivered On-Time
781,3,6,2024-02-13,76186.07,3,3,0,3,4,723.77,Delivered On-Time
782,75,7,2025-01-02,29417.29,2,3,0,4,3,308.88,Delivered On-Time
783,68,4,2025-08-25,2215.9,1,2,0,1,1,32.13,Delivered On-Time
784,132,7,2026-03-24,33280.86,2,3,0,4,4,349.45,Delivered On-Time
785,251,6,2024-12-09,119179.73,3,3,0,3,3,1132.21,Delivered On-Time
786,61,5,2025-03-04,5167.64,1,2,0,2,2,80.1,Delivered On-Time
787,37,1,2024-04-17,6281.81,1,1,0,5,5,122.5,Delivered On-Time
788,91,6,2024-05-21,22649.84,2,3,0,3,5,215.17,Delivered Late
789,168,4,2024-04-14,40708.26,2,2,0,1,1,590.27,Delivered On-Time
790,63,6,2025-03-30,33000.74,2,3,0,3,3,313.51,Delivered On-Time
791,78,5,2025-04-03,2317.51,1,2,0,2,2,35.92,Delivered On-Time
792,162,4,2024-01-05,1825.71,1,2,0,1,2,26.47,Delivered Late
793,100,1,2024-12-19,56369.56,3,1,1,5,6,1099.21,Delivered On-Time
794,31,4,2025-09-02,5876.53,1,2,0,1,2,85.21,Delivered On-Time
795,231,5,2024-09-25,6893.12,1,2,0,2,2,106.84,Delivered On-Time
796,118,6,2025-01-01,4180.19,1,3,0,3,2,39.71,Delivered On-Time
797,142,6,2026-03-05,1094.02,1,3,0,3,3,10.39,Delivered On-Time
798,67,1,2025-10-28,5508.18,1,1,0,5,6,107.41,Delivered On-Time
799,48,2,2025-02-10,1837.88,1,1,0,1,2,39.51,Delivered On-Time
800,243,4,2024-01-04,6280.44,1,2,0,1,2,91.07,Delivered On-Time
801,119,7,2026-05-10,15739.08,2,3,0,4,3,165.26,Delivered On-Time
802,213,1,2025-12-14,5475.25,1,1,0,5,6,106.77,Delivered On-Time
803,176,2,2026-01-23,7042.22,1,1,0,1,1,151.41,Delivered On-Time
804,139,2,2026-02-09,6696.26,1,1,0,1,1,143.97,Delivered On-Time
805,14,3,2024-09-30,13614.84,2,1,1,1,1,292.72,Damaged
806,76,3,2024-06-27,9223.78,1,1,0,1,1,198.31,Delivered On-Time
807,43,1,2025-05-10,4161.63,1,1,0,5,6,81.15,Damaged
808,191,6,2024-04-23,35083.38,2,3,0,3,4,333.29,Delivered On-Time
809,151,4,2025-01-16,4253.6,1,2,0,1,1,61.68,Delivered On-Time
810,37,4,2025-11-25,3444.09,1,2,0,1,1,49.94,Delivered On-Time
811,37,2,2024-05-15,698.75,1,1,0,1,1,15.02,Delivered On-Time
812,35,3,2026-01-27,7498.69,1,1,0,1,1,161.22,Delivered On-Time
813,152,7,2025-01-09,8181.59,1,3,0,4,4,85.91,Delivered On-Time
814,241,1,2024-11-14,8476.18,1,1,0,5,5,165.29,Delivered On-Time
815,185,3,2026-02-12,15659.26,2,1,1,1,1,336.67,Delivered On-Time
816,176,7,2025-06-23,16220.86,2,3,0,4,3,170.32,Delivered On-Time
817,5,5,2025-11-20,8119.09,1,2,0,2,2,125.85,Delivered On-Time
818,83,6,2026-04-03,5911.85,1,3,0,3,4,56.16,Delivered On-Time
819,193,7,2025-11-28,9041.53,1,3,0,4,7,94.94,Delivered Late
820,18,6,2026-02-12,56417.2,3,3,0,3,3,535.96,Delivered On-Time
821,230,7,2026-06-17,110713.47,3,3,0,4,4,1162.49,Delivered On-Time
822,250,4,2025-10-03,44697.75,2,2,0,1,2,648.12,Delivered On-Time
823,168,5,2024-11-03,8451.64,1,2,0,2,1,131.0,Delivered On-Time
824,3,6,2024-11-13,6637.52,1,3,0,3,3,63.06,Delivered On-Time
825,126,2,2025-01-06,9255.16,1,1,0,1,1,198.99,Delivered On-Time
826,41,7,2025-01-26,40560.72,2,3,0,4,4,425.89,Delivered On-Time
827,183,3,2025-12-21,5646.42,1,1,0,1,1,121.4,Delivered On-Time
828,98,6,2026-02-06,6062.64,1,3,0,3,4,57.6,Delivered On-Time
829,217,2,2024-01-09,5948.03,1,1,0,1,2,127.88,Delivered On-Time
830,82,5,2025-02-26,43751.29,2,2,0,2,2,678.14,Delivered On-Time
831,55,3,2024-11-06,9427.49,1,1,0,1,2,202.69,Delivered Late
832,182,7,2024-06-02,5231.29,1,3,0,4,7,54.93,Delivered Late
833,80,7,2025-12-08,7273.4,1,3,0,4,3,76.37,Delivered On-Time
834,233,7,2025-08-21,9396.22,1,3,0,4,4,98.66,Delivered On-Time
835,177,6,2024-12-18,140142.62,3,3,0,3,3,1331.35,Delivered On-Time
836,125,5,2024-04-28,19576.94,2,2,0,2,3,303.44,Delivered On-Time
837,169,4,2026-03-21,122140.66,3,2,1,1,1,1771.04,Delivered On-Time
838,155,7,2025-06-20,7059.95,1,3,0,4,4,74.13,Delivered On-Time
839,135,5,2025-05-22,11969.89,2,2,0,2,2,185.53,Delivered On-Time
840,38,7,2024-04-30,145531.4,3,3,0,4,3,1528.08,Delivered On-Time
841,165,7,2025-08-23,142970.99,3,3,0,4,3,1501.2,Delivered On-Time
842,9,6,2024-04-28,46564.89,2,3,0,3,3,442.37,Delivered On-Time
843,15,4,2024-04-12,5631.76,1,2,0,1,2,81.66,Delivered On-Time
844,188,2,2024-01-05,2083.72,1,1,0,1,4,44.8,Delivered Late
845,44,1,2024-05-23,29318.89,2,1,1,5,6,571.72,Delivered On-Time
846,170,4,2024-02-03,25191.35,2,2,0,1,2,365.27,Delivered On-Time
847,87,4,2024-11-12,19183.56,2,2,0,1,1,278.16,Delivered On-Time
848,74,7,2025-05-30,9042.28,1,3,0,4,3,94.94,Delivered On-Time
849,220,1,2025-07-25,9609.64,1,1,0,5,4,187.39,Delivered On-Time
850,204,4,2026-02-19,25933.96,2,2,0,1,1,376.04,Delivered On-Time
851,220,5,2024-01-22,6266.91,1,2,0,2,1,97.14,Delivered On-Time
852,154,6,2025-12-04,47824.92,2,3,0,3,2,454.34,Delivered On-Time
853,47,7,2024-11-09,26314.85,2,3,0,4,4,276.31,Delivered On-Time
854,245,5,2024-11-01,31822.26,2,2,0,2,6,493.25,Delivered Late
855,178,2,2024-06-11,43628.68,2,1,1,1,1,938.02,Delivered On-Time
856,41,7,2024-02-16,24452.51,2,3,0,4,4,256.75,Delivered On-Time
857,148,5,2025-04-29,4543.25,1,2,0,2,2,70.42,Delivered On-Time
858,86,6,2025-11-03,5006.56,1,3,0,3,7,47.56,Delivered Late
859,55,7,2024-05-31,17955.82,2,3,0,4,4,188.54,Delivered On-Time
860,203,4,2025-11-27,8851.37,1,2,0,1,1,128.34,Delivered On-Time
861,55,7,2025-04-10,5182.26,1,3,0,4,4,54.41,Delivered On-Time
862,163,5,2024-05-25,5449.37,1,2,0,2,2,84.47,Delivered On-Time
863,23,4,2025-08-27,15212.9,2,2,0,1,1,220.59,Delivered On-Time
864,260,3,2025-09-02,1194.77,1,1,0,1,1,25.69,Delivered On-Time
865,237,7,2024-06-27,471744.99,3,3,0,4,4,4953.32,Delivered On-Time
866,50,5,2024-11-20,28579.94,2,2,0,2,1,442.99,Delivered On-Time
867,77,6,2026-01-23,9581.38,1,3,0,3,3,91.02,Delivered On-Time
868,169,7,2025-08-24,63118.97,3,3,0,4,4,662.75,Delivered On-Time
869,91,4,2024-10-24,43499.68,2,2,0,1,1,630.75,Delivered On-Time
870,184,7,2024-05-18,3774.54,1,3,0,4,6,39.63,Delivered Late
871,250,6,2026-02-19,48648.27,2,3,0,3,4,462.16,Delivered Late
872,209,6,2025-11-21,7298.2,1,3,0,3,4,69.33,Delivered On-Time
873,10,2,2024-07-17,1263.89,1,1,0,1,2,27.17,Delivered On-Time
874,78,4,2024-01-12,9045.54,1,2,0,1,1,131.16,Delivered On-Time
875,93,7,2025-05-31,9187.18,1,3,0,4,5,96.47,Delivered On-Time
876,62,6,2024-06-08,59499.71,3,3,0,3,3,565.25,Delivered On-Time
877,164,7,2026-04-03,8843.73,1,3,0,4,4,92.86,Delivered On-Time
878,123,4,2024-11-07,7066.23,1,2,0,1,1,102.46,Delivered On-Time
879,169,6,2025-05-01,2275.04,1,3,0,3,3,21.61,Delivered On-Time
880,212,7,2025-11-27,20255.11,2,3,0,4,3,212.68,Delivered On-Time
881,13,5,2026-02-05,9985.15,1,2,0,2,1,154.77,Delivered On-Time
882,225,5,2024-02-25,1491.07,1,2,0,2,2,23.11,Delivered On-Time
883,226,7,2024-06-24,40477.56,2,3,0,4,4,425.01,Delivered On-Time
884,2,6,2025-01-08,84433.83,3,3,0,3,3,802.12,Delivered On-Time
885,35,5,2025-03-31,13976.2,2,2,0,2,2,216.63,Delivered On-Time
886,201,1,2026-01-19,6655.88,1,1,0,5,5,129.79,Delivered On-Time
887,177,5,2024-12-20,3991.68,1,2,0,2,2,61.87,Delivered On-Time
888,239,6,2025-05-30,86720.09,3,3,0,3,3,823.84,Delivered On-Time
889,188,2,2025-08-03,1334.71,1,1,0,1,2,28.7,Delivered On-Time
890,69,7,2024-05-23,35884.54,2,3,0,4,5,376.79,Delivered On-Time
891,189,7,2025-05-31,43593.33,2,3,0,4,3,457.73,Delivered On-Time
892,223,4,2024-02-16,3792.52,1,2,0,1,1,54.99,Delivered On-Time
893,129,5,2024-12-28,26153.43,2,2,0,2,6,405.38,Delivered Late
894,227,1,2024-10-26,505.74,1,1,0,5,5,9.86,Delivered On-Time
895,114,6,2026-01-31,49389.79,2,3,0,3,3,469.2,Delivered On-Time
896,110,5,2026-05-02,21015.12,2,2,0,2,1,325.73,Delivered On-Time
897,28,6,2026-05-21,101678.2,3,3,0,3,3,965.94,Delivered On-Time
898,242,4,2025-09-03,43371.7,2,2,0,1,1,628.89,Delivered On-Time
899,68,4,2026-05-05,31367.08,2,2,0,1,1,454.82,Delivered On-Time
900,22,6,2025-06-20,30159.39,2,3,0,3,3,286.51,Delivered On-Time
901,194,4,2025-12-16,41781.72,2,2,0,1,1,605.83,Delivered On-Time
902,186,4,2024-12-06,3019.51,1,2,0,1,1,43.78,Delivered On-Time
903,35,3,2024-05-17,6495.32,1,1,0,1,1,139.65,Delivered On-Time
904,260,6,2024-09-06,7182.81,1,3,0,3,2,68.24,Delivered On-Time
905,193,7,2024-02-15,126144.58,3,3,0,4,4,1324.52,Delivered On-Time
906,199,4,2026-03-16,9014.05,1,2,0,1,1,130.7,Delivered On-Time
907,141,3,2025-06-04,2841.78,1,1,0,1,1,61.1,Delivered On-Time
908,226,3,2025-07-06,4241.05,1,1,0,1,2,91.18,Delivered On-Time
909,57,4,2025-09-11,8212.9,1,2,0,1,1,119.09,Delivered On-Time
910,230,6,2024-04-19,6659.1,1,3,0,3,3,63.26,Delivered On-Time
911,196,6,2026-01-14,44687.03,2,3,0,3,3,424.53,Delivered On-Time
912,235,6,2026-02-26,69914.66,3,3,0,3,4,664.19,Delivered On-Time
913,230,5,2025-06-04,2287.26,1,2,0,2,2,35.45,Delivered On-Time
914,13,2,2026-02-05,5603.96,1,1,0,1,2,120.49,Delivered On-Time
915,53,7,2026-01-13,74235.07,3,3,0,4,4,779.47,Delivered On-Time
916,17,5,2024-01-24,2819.4,1,2,0,2,3,43.7,Delivered On-Time
917,36,6,2024-06-29,26121.91,2,3,0,3,3,248.16,Delivered On-Time
918,118,5,2025-10-24,19572.16,2,2,0,2,2,303.37,Delivered On-Time
919,108,6,2024-04-16,37190.64,2,3,0,3,3,353.31,Delivered On-Time
920,177,2,2025-05-18,5151.46,1,1,0,1,2,110.76,Delivered Late
921,110,2,2025-02-21,4302.64,1,1,0,1,4,92.51,Delivered Late
922,152,6,2025-03-13,1835.44,1,3,0,3,3,17.44,Delivered On-Time
923,119,3,2024-07-16,6679.57,1,1,0,1,1,143.61,Delivered On-Time
924,231,5,2025-03-03,16802.61,2,2,0,2,2,260.44,Delivered On-Time
925,30,3,2024-11-23,5845.63,1,1,0,1,1,125.68,Delivered On-Time
926,222,6,2025-10-23,65409.74,3,3,0,3,3,621.39,Delivered On-Time
927,16,2,2025-12-20,7545.78,1,1,0,1,1,162.23,Delivered On-Time
928,31,6,2026-05-03,44605.36,2,3,0,3,4,423.75,Delivered On-Time
929,54,7,2024-08-04,20095.59,2,3,0,4,4,211.0,Delivered On-Time
930,251,5,2025-12-09,32371.16,2,2,0,2,2,501.75,Delivered On-Time
931,181,4,2025-08-17,13766.51,2,2,0,1,1,199.61,Delivered On-Time
932,254,7,2025-02-23,142968.62,3,3,0,4,4,1501.17,Delivered On-Time
933,247,6,2024-04-22,45751.8,2,3,0,3,2,434.64,Delivered On-Time
934,213,6,2025-05-31,17648.69,2,3,0,3,4,167.66,Delivered On-Time
935,115,2,2024-02-27,7655.43,1,1,0,1,1,164.59,Delivered On-Time
936,177,6,2025-10-22,8880.82,1,3,0,3,3,84.37,Delivered On-Time
937,252,1,2024-09-18,4702.03,1,1,0,5,4,91.69,Delivered On-Time
938,173,6,2026-01-20,10054.73,2,3,0,3,2,95.52,Delivered On-Time
939,219,5,2024-11-12,9082.66,1,2,0,2,2,140.78,Delivered On-Time
940,192,5,2024-12-25,14656.92,2,2,0,2,2,227.18,Delivered On-Time
941,176,3,2025-03-19,4026.92,1,1,0,1,1,86.58,Delivered On-Time
942,155,1,2024-11-23,8366.46,1,1,0,5,5,163.15,Delivered On-Time
943,150,1,2026-04-19,7223.72,1,1,0,5,5,140.86,Delivered On-Time
944,206,5,2025-07-09,5740.12,1,2,0,2,2,88.97,Delivered On-Time
945,8,1,2025-07-06,4843.58,1,1,0,5,5,94.45,Delivered On-Time
946,114,5,2025-02-27,6986.39,1,2,0,2,2,108.29,Delivered On-Time
947,199,5,2024-04-08,9355.12,1,2,0,2,2,145.0,Delivered On-Time
948,213,2,2024-12-12,3915.5,1,1,0,1,1,84.18,Delivered On-Time
949,120,6,2025-06-13,16807.39,2,3,0,3,4,159.67,Delivered On-Time
950,256,5,2025-07-31,8233.15,1,2,0,2,1,127.61,Delivered On-Time
951,110,5,2024-05-15,885.37,1,2,0,2,2,13.72,Delivered On-Time
952,232,6,2024-11-08,5713.3,1,3,0,3,3,54.28,Delivered On-Time
953,230,6,2024-05-01,25443.77,2,3,0,3,3,241.72,Delivered On-Time
954,164,5,2026-02-07,546.98,1,2,0,2,2,8.48,Delivered On-Time
955,138,4,2024-12-18,25981.85,2,2,0,1,2,376.74,Delivered On-Time
956,258,7,2024-01-03,6074.82,1,3,0,4,4,63.79,Delivered On-Time
957,47,7,2025-10-03,32104.91,2,3,0,4,4,337.1,Delivered On-Time
958,121,5,2026-06-23,9757.25,1,2,0,2,2,151.24,Delivered On-Time
959,213,1,2025-03-12,8013.49,1,1,0,5,5,156.26,Delivered On-Time
960,30,1,2024-02-09,5272.8,1,1,0,5,4,102.82,Delivered On-Time
961,260,7,2025-12-24,23536.29,2,3,0,4,4,247.13,Delivered On-Time
962,216,1,2026-02-28,2994.44,1,1,0,5,6,58.39,Delivered On-Time
963,45,2,2025-02-16,5071.44,1,1,0,1,1,109.04,Delivered On-Time
964,115,6,2026-05-16,137357.37,3,3,0,3,3,1304.9,Delivered On-Time
965,214,3,2025-09-26,8721.8,1,1,0,1,1,187.52,Delivered On-Time
966,63,4,2024-11-15,3553.72,1,2,0,1,2,51.53,Delivered On-Time
967,251,7,2026-03-20,129725.15,3,3,0,4,4,1362.11,Delivered On-Time
968,100,5,2024-03-11,149757.04,3,2,1,2,2,2321.23,Delivered On-Time
969,66,2,2025-01-07,3891.59,1,1,0,1,1,83.67,Delivered On-Time
970,37,7,2024-07-18,61124.09,3,3,0,4,3,641.8,Delivered On-Time
971,207,3,2026-01-29,3124.22,1,1,0,1,1,67.17,Delivered On-Time
972,155,7,2025-12-09,8894.82,1,3,0,4,5,93.4,Delivered On-Time
973,51,4,2026-05-28,7450.82,1,2,0,1,1,108.04,Delivered On-Time
974,95,5,2025-09-10,3176.76,1,2,0,2,3,49.24,Delivered On-Time
975,147,3,2024-05-20,42717.47,2,1,1,1,1,918.43,Delivered On-Time
976,118,7,2024-01-02,3145.0,1,3,0,4,3,33.02,Delivered On-Time
977,28,7,2025-06-25,77725.81,3,3,0,4,4,816.12,Delivered On-Time
978,240,4,2024-12-29,1347.07,1,2,0,1,1,19.53,Delivered On-Time
979,238,7,2026-06-14,33886.36,2,3,0,4,4,355.81,Delivered On-Time
980,92,7,2024-11-15,37384.3,2,3,0,4,4,392.54,Delivered On-Time
981,223,7,2026-01-08,72248.94,3,3,0,4,5,758.61,Delivered On-Time
982,244,7,2024-04-23,23781.41,2,3,0,4,5,249.7,Delivered On-Time
983,109,7,2025-09-28,33680.12,2,3,0,4,5,353.64,Delivered On-Time
984,169,7,2025-11-16,29381.25,2,3,0,4,4,308.5,Delivered On-Time
985,86,6,2025-12-20,316955.22,3,3,0,3,4,3011.07,Delivered On-Time
986,196,7,2025-01-04,2808.78,1,3,0,4,8,29.49,Delivered Late
987,236,2,2024-01-09,31271.55,2,1,1,1,1,672.34,Delivered On-Time
988,167,6,2026-04-09,32121.24,2,3,0,3,4,305.15,Delivered Late
989,156,5,2025-06-11,41531.47,2,2,0,2,2,643.74,Delivered On-Time
990,161,7,2026-02-20,3090.96,1,3,0,4,5,32.46,Delivered On-Time
991,81,4,2026-05-09,16134.34,2,2,0,1,1,233.95,Delivered On-Time
992,31,7,2026-05-06,3692.34,1,3,0,4,3,38.77,Delivered On-Time
993,226,5,2025-11-10,41501.05,2,2,0,2,3,643.27,Delivered On-Time
994,158,4,2024-10-09,6255.44,1,2,0,1,2,90.7,Delivered On-Time
995,34,5,2026-05-29,15622.09,2,2,0,2,2,242.14,Delivered On-Time
996,41,6,2026-06-02,36257.68,2,3,0,3,4,344.45,Delivered On-Time
997,1,6,2024-08-02,5413.83,1,3,0,3,2,51.43,Delivered On-Time
998,63,1,2025-03-18,5326.59,1,1,0,5,5,103.87,Delivered On-Time
999,229,1,2024-03-22,4755.32,1,1,0,5,5,92.73,Delivered On-Time
1000,204,7,2025-11-16,38822.16,2,3,0,4,4,407.63,Delivered On-Time
1001,46,7,2024-11-21,37214.9,2,3,0,4,3,390.76,Delivered On-Time
1002,45,6,2024-04-09,9548.69,1,3,0,3,4,90.71,Delivered On-Time
1003,240,1,2024-04-16,25774.13,2,1,1,5,5,502.6,Delivered On-Time
1004,220,5,2026-02-12,15945.52,2,2,0,2,2,247.16,Delivered On-Time
1005,72,3,2026-06-01,3739.54,1,1,0,1,1,80.4,Delivered On-Time
1006,127,2,2025-02-28,6402.88,1,1,0,1,1,137.66,Delivered On-Time
1007,132,7,2024-08-26,5088.93,1,3,0,4,5,53.43,Delivered Late
1008,106,3,2025-08-21,9937.76,1,1,0,1,1,213.66,Delivered On-Time
1009,41,6,2026-06-27,101277.88,3,3,0,3,4,962.14,Delivered On-Time
1010,249,7,2025-07-01,2393.09,1,3,0,4,4,25.13,Delivered On-Time
1011,236,5,2026-04-12,31638.74,2,2,0,2,1,490.4,Delivered On-Time
1012,213,7,2025-05-16,1805.24,1,3,0,4,4,18.96,Delivered On-Time
1013,130,3,2026-02-13,1916.95,1,1,0,1,1,41.21,Delivered On-Time
1014,112,4,2025-03-16,6534.1,1,2,0,1,1,94.74,Delivered On-Time
1015,259,2,2024-08-11,8485.31,1,1,0,1,1,182.43,Delivered On-Time
1016,73,2,2024-01-10,3867.22,1,1,0,1,1,83.15,Delivered On-Time
1017,231,6,2024-12-07,7593.96,1,3,0,3,3,72.14,Delivered On-Time
1018,248,3,2026-01-20,1063.36,1,1,0,1,2,22.86,Delivered On-Time
1019,79,6,2026-01-26,17935.33,2,3,0,3,2,170.39,Delivered On-Time
1020,57,6,2025-07-07,4310.79,1,3,0,3,3,40.95,Delivered On-Time
1021,16,1,2025-12-22,9488.86,1,1,0,5,4,185.03,Delivered On-Time
1022,13,7,2024-04-02,25459.89,2,3,0,4,4,267.33,Delivered On-Time
1023,67,1,2024-03-25,7580.93,1,1,0,5,5,147.83,Delivered On-Time
1024,221,7,2024-05-23,32247.53,2,3,0,4,6,338.6,Delivered Late
1025,141,5,2025-03-06,18873.29,2,2,0,2,3,292.54,Delivered On-Time
1026,7,7,2025-09-07,125506.38,3,3,0,4,5,1317.82,Delivered On-Time
1027,125,3,2025-11-04,2211.07,1,1,0,1,1,47.54,Delivered On-Time
1028,99,7,2026-02-18,481135.52,3,3,0,4,6,5051.92,Delivered Late
1029,205,7,2026-02-19,6025.4,1,3,0,4,4,63.27,Delivered On-Time
1030,132,6,2024-12-02,19382.37,2,3,0,3,2,184.13,Delivered On-Time
1031,228,2,2025-01-24,9179.82,1,1,0,1,5,197.37,Delivered Late
1032,123,3,2024-10-17,7602.07,1,1,0,1,1,163.44,Delivered On-Time
1033,187,3,2024-09-16,9732.65,1,1,0,1,1,209.25,Delivered On-Time
1034,175,4,2024-11-10,4231.67,1,2,0,1,1,61.36,Delivered On-Time
1035,17,3,2024-02-21,17362.63,2,1,1,1,1,373.3,Lost
1036,36,7,2024-05-12,7950.91,1,3,0,4,5,83.48,Delivered On-Time
1037,99,6,2025-01-08,8944.73,1,3,0,3,3,84.97,Delivered On-Time
1038,71,6,2025-12-23,7788.56,1,3,0,3,2,73.99,Delivered On-Time
1039,255,7,2026-01-31,6207.95,1,3,0,4,4,65.18,Delivered On-Time
1040,3,7,2025-08-17,1502.27,1,3,0,4,3,15.77,Delivered On-Time
1041,145,6,2026-05-08,144124.16,3,3,0,3,4,1369.18,Delivered On-Time
1042,150,3,2025-07-30,8265.36,1,1,0,1,2,177.71,Delivered On-Time
1043,240,6,2024-03-07,36059.72,2,3,0,3,2,342.57,Delivered On-Time
1044,20,4,2026-05-28,13153.93,2,2,0,1,1,190.73,Delivered On-Time
1045,126,6,2024-02-09,23136.32,2,3,0,3,3,219.8,Delivered On-Time
1046,215,1,2024-05-21,9062.11,1,1,0,5,6,176.71,Delivered On-Time
1047,154,7,2025-05-10,3498.83,1,3,0,4,5,36.74,Delivered On-Time
1048,68,5,2025-03-27,1409.2,1,2,0,2,2,21.84,Delivered On-Time
1049,89,1,2024-05-06,7551.56,1,1,0,5,5,147.26,Delivered On-Time
1050,218,7,2026-04-20,3406.06,1,3,0,4,4,35.76,Delivered On-Time
1051,156,5,2024-05-05,40993.69,2,2,0,2,1,635.4,Delivered On-Time
1052,88,7,2025-04-05,10731.43,2,3,0,4,4,112.68,Delivered On-Time
1053,12,4,2024-10-05,26224.71,2,2,0,1,2,380.26,Delivered On-Time
1054,94,6,2024-02-28,2466.84,1,3,0,3,3,23.43,Delivered On-Time
1055,130,3,2024-08-19,9146.91,1,1,0,1,2,196.66,Delivered On-Time
1056,16,5,2025-11-02,2366.96,1,2,0,2,2,36.69,Delivered On-Time
1057,193,6,2025-07-25,14973.38,2,3,0,3,7,142.25,Delivered Late
1058,203,7,2026-02-16,8680.2,1,3,0,4,5,91.14,Delivered On-Time
1059,132,1,2025-06-19,2821.32,1,1,0,5,5,55.02,Delivered On-Time
1060,166,2,2024-03-27,9498.72,1,1,0,1,1,204.22,Delivered On-Time
1061,214,5,2025-07-18,835.4,1,2,0,2,2,12.95,Delivered On-Time
1062,225,6,2026-05-30,49636.82,2,3,0,3,3,471.55,Delivered On-Time
1063,232,2,2026-02-16,7934.3,1,1,0,1,1,170.59,Delivered On-Time
1064,39,7,2024-11-25,45487.87,2,3,0,4,8,477.62,Delivered Late
1065,73,5,2024-01-17,13817.45,2,2,0,2,3,214.17,Delivered On-Time
1066,14,7,2024-12-15,976.56,1,3,0,4,4,10.25,Delivered On-Time
1067,203,5,2025-10-17,19973.21,2,2,0,2,2,309.58,Delivered On-Time
1068,105,6,2025-10-11,4465.75,1,3,0,3,3,42.42,Delivered On-Time
1069,215,6,2024-08-11,1359.24,1,3,0,3,3,12.91,Delivered On-Time
1070,157,2,2026-03-27,3548.87,1,1,0,1,2,76.3,Delivered On-Time
1071,170,7,2025-02-02,17986.76,2,3,0,4,5,188.86,Delivered On-Time
1072,230,3,2024-11-24,7081.4,1,1,0,1,1,152.25,Delivered On-Time
1073,129,2,2025-04-28,4687.94,1,1,0,1,1,100.79,Delivered On-Time
1074,239,7,2024-10-05,136302.7,3,3,0,4,3,1431.18,Delivered On-Time
1075,107,5,2026-06-23,36954.26,2,2,0,2,2,572.79,Delivered On-Time
1076,181,6,2026-04-28,42160.46,2,3,0,3,4,400.52,Delivered On-Time
1077,91,5,2025-09-19,39067.57,2,2,0,2,2,605.55,Delivered On-Time
1078,227,7,2026-01-05,27579.82,2,3,0,4,4,289.59,Delivered On-Time
1079,124,1,2025-02-01,8129.63,1,1,0,5,5,158.53,Delivered On-Time
1080,133,6,2024-08-12,34575.65,2,3,0,3,3,328.47,Delivered On-Time
1081,196,6,2025-02-13,2677.36,1,3,0,3,7,25.43,Delivered Late
1082,79,6,2026-02-14,2297.47,1,3,0,3,3,21.83,Delivered On-Time
1083,75,6,2025-01-20,53637.79,3,3,0,3,4,509.56,Delivered On-Time
1084,154,6,2024-04-14,6710.82,1,3,0,3,2,63.75,Delivered On-Time
1085,13,7,2025-11-22,90167.19,3,3,0,4,5,946.76,Delivered On-Time
1086,90,6,2026-04-05,18378.46,2,3,0,3,3,174.6,Delivered On-Time
1087,159,6,2026-01-31,415117.09,3,3,0,3,3,3943.61,Delivered On-Time
1088,172,4,2024-12-11,94676.18,3,2,1,1,1,1372.8,Delivered On-Time
1089,25,1,2024-04-02,147164.95,3,1,1,5,5,2869.72,Delivered On-Time
1090,79,6,2024-06-27,1299.33,1,3,0,3,2,12.34,Delivered On-Time
1091,104,5,2024-07-01,15885.9,2,2,0,2,2,246.23,Delivered On-Time
1092,224,7,2025-06-11,5101.11,1,3,0,4,4,53.56,Delivered On-Time
1093,37,6,2025-04-15,3645.21,1,3,0,3,4,34.63,Delivered On-Time
1094,170,3,2024-04-01,7207.39,1,1,0,1,1,154.96,Delivered On-Time
1095,56,6,2024-11-22,158986.26,3,3,0,3,2,1510.37,Delivered On-Time
1096,241,2,2024-12-14,44359.84,2,1,1,1,2,953.74,Delivered On-Time
1097,76,7,2024-04-24,4444.96,1,3,0,4,5,46.67,Delivered On-Time
1098,197,7,2026-04-11,2929.45,1,3,0,4,3,30.76,Delivered On-Time
1099,211,4,2026-01-30,9977.85,1,2,0,1,1,144.68,Delivered On-Time
1100,151,7,2025-03-03,49671.69,2,3,0,4,5,521.55,Delivered On-Time
1101,70,1,2025-05-23,4877.0,1,1,0,5,5,95.1,Delivered On-Time
1102,243,1,2025-11-01,3579.34,1,1,0,5,5,69.8,Delivered On-Time
1103,140,7,2025-12-27,24728.71,2,3,0,4,4,259.65,Delivered On-Time
1104,115,5,2026-02-12,42324.95,2,2,0,2,3,656.04,Delivered On-Time
1105,86,2,2026-06-21,844.53,1,1,0,1,2,18.16,Delivered On-Time
1106,260,4,2024-10-05,8504.1,1,2,0,1,2,123.31,Delivered On-Time
1107,10,5,2025-09-20,48915.96,2,2,0,2,3,758.2,Delivered On-Time
1108,126,7,2025-10-24,29892.15,2,3,0,4,4,313.87,Delivered On-Time
1109,154,3,2025-01-31,19927.34,2,1,1,1,5,428.44,Delivered Late
1110,11,6,2026-05-14,31727.15,2,3,0,3,4,301.41,Lost
1111,46,4,2024-07-25,48460.52,2,2,0,1,2,702.68,Delivered On-Time
1112,161,7,2024-09-16,3953.63,1,3,0,4,4,41.51,Delivered On-Time
1113,146,2,2024-07-31,25795.32,2,1,1,1,3,554.6,Delivered Late
1114,239,5,2025-10-13,47454.88,2,2,0,2,3,735.55,Delivered On-Time
1115,210,1,2026-02-20,1103.95,1,1,0,5,7,21.53,Delivered Late
1116,137,5,2024-06-13,30370.95,2,2,0,2,1,470.75,Delivered On-Time
1117,193,3,2025-08-20,5656.88,1,1,0,1,1,121.62,Delivered On-Time
1118,248,1,2025-07-28,5420.63,1,1,0,5,6,105.7,Delivered On-Time
1119,33,2,2025-10-26,6249.1,1,1,0,1,1,134.36,Delivered On-Time
1120,204,1,2025-02-14,6474.28,1,1,0,5,4,126.25,Delivered On-Time
1121,107,4,2025-04-22,1189.15,1,2,0,1,2,17.24,Delivered On-Time
1122,184,4,2026-02-26,5320.75,1,2,0,1,1,77.15,Delivered On-Time
1123,208,6,2026-02-23,1914.31,1,3,0,3,4,18.19,Delivered On-Time
1124,117,7,2026-06-02,5798.65,1,3,0,4,4,60.89,Delivered On-Time
1125,190,4,2024-11-26,48105.99,2,2,0,1,1,697.54,Delivered On-Time
1126,146,3,2024-11-19,56954.63,3,1,1,1,1,1224.52,Delivered On-Time
1127,21,5,2024-01-30,2849.73,1,2,0,2,6,44.17,Delivered Late
1128,197,5,2025-01-13,2012.91,1,2,0,2,2,31.2,Delivered On-Time
1129,84,1,2024-11-18,5467.55,1,1,0,5,5,106.62,Delivered On-Time
1130,181,4,2024-02-07,6513.86,1,2,0,1,1,94.45,Damaged
1131,39,7,2024-02-15,49825.72,2,3,0,4,4,523.17,Delivered On-Time
1132,118,2,2025-10-01,611.27,1,1,0,1,1,13.14,Delivered On-Time
1133,38,5,2025-12-15,1815.54,1,2,0,2,2,28.14,Delivered On-Time
1134,115,3,2025-06-20,41571.2,2,1,1,1,1,893.78,Delivered On-Time
1135,218,4,2024-01-20,774.75,1,2,0,1,1,11.23,Delivered On-Time
1136,153,6,2024-04-27,123817.97,3,3,0,3,4,1176.27,Delivered On-Time
1137,219,7,2025-04-06,139109.82,3,3,0,4,4,1460.65,Delivered On-Time
1138,191,2,2026-01-21,145684.7,3,1,1,1,1,3132.22,Delivered On-Time
1139,194,6,2024-10-13,45119.53,2,3,0,3,4,428.64,Delivered On-Time
1140,6,6,2025-11-07,6480.17,1,3,0,3,3,61.56,Delivered On-Time
1141,67,1,2025-05-16,2963.83,1,1,0,5,5,57.79,Delivered On-Time
1142,116,7,2024-08-25,335189.47,3,3,0,4,4,3519.49,Delivered On-Time
1143,70,3,2026-01-22,5342.9,1,1,0,1,3,114.87,Delivered Late
1144,226,7,2026-02-07,5973.06,1,3,0,4,4,62.72,Delivered On-Time
1145,80,4,2025-01-03,37322.36,2,2,0,1,1,541.17,Delivered On-Time
1146,260,5,2026-03-27,18293.38,2,2,0,2,2,283.55,Delivered On-Time
1147,49,3,2024-06-16,1754.55,1,1,0,1,2,37.72,Delivered On-Time
1148,38,6,2025-04-26,82708.68,3,3,0,3,3,785.73,Delivered On-Time
1149,205,3,2025-05-11,2436.09,1,1,0,1,1,52.38,Delivered On-Time
1150,198,1,2024-02-03,47472.78,2,1,1,5,5,925.72,Delivered On-Time
1151,8,3,2024-05-26,8486.83,1,1,0,1,1,182.47,Delivered On-Time
1152,20,3,2024-04-03,5580.17,1,1,0,1,1,119.97,Delivered On-Time
1153,171,7,2025-07-01,4500.27,1,3,0,4,4,47.25,Delivered On-Time
1154,188,7,2026-01-21,25090.82,2,3,0,4,4,263.45,Delivered On-Time
1155,219,7,2026-05-17,39073.96,2,3,0,4,5,410.28,Delivered On-Time
1156,17,5,2024-02-19,32003.97,2,2,0,2,2,496.06,Lost
1157,164,7,2025-05-11,9940.81,1,3,0,4,4,104.38,Delivered On-Time
1158,256,1,2026-06-20,6024.39,1,1,0,5,6,117.48,Delivered Late
1159,259,2,2026-01-12,4886.73,1,1,0,1,1,105.06,Delivered On-Time
1160,164,6,2024-11-25,5384.76,1,3,0,3,2,51.16,Delivered On-Time
1161,102,2,2024-12-22,56480.11,3,1,1,1,2,1214.32,Delivered On-Time
1162,223,1,2024-02-25,4888.85,1,1,0,5,4,95.33,Delivered On-Time
1163,68,6,2025-05-01,36714.28,2,3,0,3,3,348.79,Delivered On-Time
1164,81,7,2024-05-30,3991.49,1,3,0,4,4,41.91,Delivered On-Time
1165,138,6,2026-04-08,4321.87,1,3,0,3,3,41.06,Delivered On-Time
1166,162,2,2026-06-24,8855.63,1,1,0,1,1,190.4,Delivered On-Time
1167,46,4,2024-04-13,7283.91,1,2,0,1,1,105.62,Delivered On-Time
1168,91,7,2026-05-04,38581.24,2,3,0,4,5,405.1,Delivered On-Time
1169,168,5,2026-06-20,7617.77,1,2,0,2,1,118.08,Delivered On-Time
1170,117,3,2025-01-15,4117.55,1,1,0,1,1,88.53,Delivered On-Time
1171,12,1,2026-06-06,4885.07,1,1,0,5,6,95.26,Delivered On-Time
1172,151,6,2025-05-15,10685.9,2,3,0,3,3,101.52,Delivered On-Time
1173,110,7,2025-12-29,2492.69,1,3,0,4,5,26.17,Delivered On-Time
1174,77,1,2025-07-01,3849.95,1,1,0,5,5,75.07,Delivered On-Time
1175,128,5,2024-02-18,5576.05,1,2,0,2,2,86.43,Delivered On-Time
1176,81,7,2025-02-14,98832.85,3,3,0,4,4,1037.74,Delivered On-Time
1177,141,6,2025-12-29,30732.23,2,3,0,3,3,291.96,Delivered On-Time
1178,233,5,2026-02-02,4079.37,1,2,0,2,2,63.23,Delivered On-Time
1179,40,7,2026-04-22,1509.73,1,3,0,4,4,15.85,Delivered On-Time
1180,19,7,2024-01-19,2708.29,1,3,0,4,6,28.44,Delivered Late
1181,85,5,2025-08-23,7403.64,1,2,0,2,1,114.76,Delivered On-Time
1182,150,2,2025-04-20,3523.68,1,1,0,1,2,75.76,Delivered On-Time
1183,258,2,2025-02-11,7331.8,1,1,0,1,1,157.63,Delivered On-Time
1184,113,2,2024-07-14,6752.57,1,1,0,1,1,145.18,Delivered On-Time
1185,56,4,2024-05-26,33871.87,2,2,0,1,3,491.14,Delivered Late
1186,209,6,2024-02-23,8245.94,1,3,0,3,2,78.34,Delivered On-Time
1187,101,7,2026-01-01,4784.41,1,3,0,4,3,50.24,Delivered On-Time
1188,222,6,2025-02-12,5690.03,1,3,0,3,3,54.06,Delivered On-Time
1189,253,5,2025-01-24,28310.99,2,2,0,2,1,438.82,Delivered On-Time
1190,36,7,2024-04-18,18274.53,2,3,0,4,4,191.88,Delivered On-Time
1191,137,7,2026-01-12,27024.97,2,3,0,4,4,283.76,Delivered On-Time
1192,97,7,2024-08-03,44884.33,2,3,0,4,3,471.29,Delivered On-Time
1193,28,2,2024-07-25,4148.68,1,1,0,1,1,89.2,Delivered On-Time
1194,189,7,2025-07-13,2454.66,1,3,0,4,4,25.77,Delivered On-Time
1195,115,3,2024-02-29,6387.35,1,1,0,1,1,137.33,Delivered On-Time
1196,84,4,2024-02-09,4126.87,1,2,0,1,1,59.84,Delivered On-Time
1197,214,3,2026-01-04,72612.38,3,1,1,1,1,1561.17,Delivered On-Time
1198,205,7,2025-05-12,15267.07,2,3,0,4,4,160.3,Delivered On-Time
1199,238,4,2025-01-30,8428.6,1,2,0,1,1,122.21,Delivered On-Time
1200,56,5,2026-06-11,3053.82,1,2,0,2,3,47.33,Delivered On-Time
1201,59,4,2025-05-30,5151.29,1,2,0,1,1,74.69,Delivered On-Time
1202,100,3,2026-02-11,5188.55,1,1,0,1,2,111.55,Delivered On-Time
1203,174,7,2025-01-27,143782.71,3,3,0,4,3,1509.72,Delivered On-Time
1204,104,6,2026-03-12,308967.09,3,3,0,3,3,2935.19,Delivered On-Time
1205,206,2,2024-11-03,1474.99,1,1,0,1,1,31.71,Delivered On-Time
1206,85,2,2025-08-17,1846.42,1,1,0,1,2,39.7,Delivered Late
1207,117,7,2024-01-18,3551.48,1,3,0,4,4,37.29,Delivered On-Time
1208,98,7,2025-09-07,37471.3,2,3,0,4,4,393.45,Delivered On-Time
1209,132,6,2026-03-08,38769.82,2,3,0,3,3,368.31,Delivered On-Time
1210,232,5,2026-02-12,34674.52,2,2,0,2,2,537.46,Delivered On-Time
1211,26,6,2024-01-14,40156.94,2,3,0,3,3,381.49,Delivered On-Time
1212,208,4,2025-02-27,2346.34,1,2,0,1,1,34.02,Delivered On-Time
1213,93,4,2024-10-20,3671.35,1,2,0,1,1,53.23,Delivered On-Time
1214,225,7,2025-11-28,103426.84,3,3,0,4,6,1085.98,Delivered Late
1215,47,5,2025-01-09,39515.21,2,2,0,2,3,612.49,Delivered On-Time
1216,120,3,2025-11-15,2727.54,1,1,0,1,1,58.64,Delivered On-Time
1217,21,5,2024-11-25,20641.12,2,2,0,2,2,319.94,Delivered On-Time
1218,98,5,2026-05-19,47297.92,2,2,0,2,6,733.12,Delivered Late
1219,164,6,2024-02-21,88224.94,3,3,0,3,2,838.14,Delivered On-Time
1220,188,6,2024-01-31,1601.88,1,3,0,3,3,15.22,Delivered On-Time
1221,163,3,2025-10-20,5957.8,1,1,0,1,1,128.09,Delivered On-Time
1222,61,2,2026-01-07,2073.4,1,1,0,1,4,44.58,Delivered Late
1223,221,3,2026-01-27,7064.07,1,1,0,1,1,151.88,Delivered On-Time
1224,169,4,2025-11-04,25022.65,2,2,0,1,1,362.83,Delivered On-Time
1225,166,7,2024-08-08,34359.43,2,3,0,4,4,360.77,Delivered On-Time
1226,140,6,2024-11-25,33837.12,2,3,0,3,2,321.45,Delivered On-Time
1227,207,6,2025-11-25,3999.14,1,3,0,3,3,37.99,Delivered On-Time
1228,243,7,2024-02-17,4703.98,1,3,0,4,5,49.39,Delivered On-Time
1229,3,5,2024-03-24,7533.88,1,2,0,2,1,116.78,Delivered On-Time
1230,159,3,2026-05-18,8045.89,1,1,0,1,2,172.99,Delivered On-Time
1231,77,3,2024-10-10,2308.63,1,1,0,1,2,49.64,Delivered Late
1232,151,3,2024-08-24,4689.92,1,1,0,1,1,100.83,Delivered On-Time
1233,54,4,2025-04-01,8666.26,1,2,0,1,1,125.66,Delivered On-Time
1234,14,7,2024-03-22,2425.54,1,3,0,4,4,25.47,Delivered On-Time
1235,100,7,2025-04-05,41765.86,2,3,0,4,3,438.54,Delivered On-Time
1236,158,6,2024-11-02,9926.48,1,3,0,3,5,94.3,Delivered Late
1237,176,6,2025-03-04,49321.95,2,3,0,3,4,468.56,Delivered On-Time
1238,137,6,2026-04-20,48661.13,2,3,0,3,3,462.28,Delivered On-Time
1239,228,3,2024-05-29,146582.25,3,1,1,1,1,3151.52,Delivered On-Time
1240,41,5,2026-01-05,25916.53,2,2,0,2,3,401.71,Delivered On-Time
1241,67,7,2025-01-01,4775.6,1,3,0,4,4,50.14,Delivered On-Time
1242,220,7,2024-10-02,144596.32,3,3,0,4,3,1518.26,Delivered On-Time
1243,174,3,2024-11-13,1983.94,1,1,0,1,2,42.65,Delivered On-Time
1244,138,7,2024-10-19,132922.47,3,3,0,4,4,1395.69,Delivered On-Time
1245,223,5,2024-01-28,15186.39,2,2,0,2,3,235.39,Delivered On-Time
1246,17,6,2024-08-16,24692.17,2,3,0,3,4,234.58,Delivered On-Time
1247,19,2,2024-01-06,5431.08,1,1,0,1,1,116.77,Delivered On-Time
1248,78,5,2025-11-27,16940.55,2,2,0,2,1,262.58,Delivered On-Time
1249,94,6,2025-02-25,67944.47,3,3,0,3,3,645.47,Delivered On-Time
1250,72,5,2025-09-28,3475.43,1,2,0,2,2,53.87,Delivered On-Time
1251,23,6,2024-05-17,93260.87,3,3,0,3,5,885.98,Delivered Late
1252,163,6,2026-01-06,3128.27,1,3,0,3,3,29.72,Delivered On-Time
1253,39,7,2025-04-23,4243.45,1,3,0,4,4,44.56,Delivered On-Time
1254,178,6,2024-05-24,1288.09,1,3,0,3,3,12.24,Delivered On-Time
1255,149,7,2025-05-20,2253.26,1,3,0,4,4,23.66,Delivered On-Time
1256,96,6,2024-07-01,3531.82,1,3,0,3,7,33.55,Delivered Late
1257,190,2,2026-01-15,4920.16,1,1,0,1,2,105.78,Delivered On-Time
1258,114,7,2026-03-07,5797.26,1,3,0,4,4,60.87,Delivered On-Time
1259,196,7,2025-05-23,33748.49,2,3,0,4,4,354.36,Delivered On-Time
1260,206,1,2025-06-11,1839.41,1,1,0,5,5,35.87,Delivered On-Time
1261,103,3,2025-10-17,6248.1,1,1,0,1,2,134.33,Delivered On-Time
1262,118,3,2025-01-30,8633.99,1,1,0,1,1,185.63,Delivered On-Time
1263,121,5,2026-01-30,5563.45,1,2,0,2,2,86.23,Delivered On-Time
1264,130,4,2024-09-24,7440.36,1,2,0,1,1,107.89,Delivered On-Time
1265,154,3,2024-04-11,5655.23,1,1,0,1,1,121.59,Delivered On-Time
1266,187,5,2024-02-03,6829.48,1,2,0,2,2,105.86,Delivered On-Time
1267,205,3,2025-11-20,5980.68,1,1,0,1,4,128.58,Delivered Late
1268,170,2,2024-12-01,5955.33,1,1,0,1,2,128.04,Delivered Late
1269,242,7,2026-04-06,9809.99,1,3,0,4,5,103.0,Delivered On-Time
1270,246,5,2025-04-05,1973.27,1,2,0,2,2,30.59,Delivered On-Time
1271,197,2,2025-09-11,7254.89,1,1,0,1,1,155.98,Delivered On-Time
1272,3,7,2024-05-22,15545.73,2,3,0,4,3,163.23,Delivered On-Time
1273,182,2,2024-12-09,5493.26,1,1,0,1,2,118.11,Delivered Late
1274,143,7,2024-06-20,2475.23,1,3,0,4,3,25.99,Delivered On-Time
1275,116,7,2025-01-15,7157.73,1,3,0,4,6,75.16,Delivered Late
1276,63,4,2024-08-06,9030.32,1,2,0,1,1,130.94,Delivered On-Time
1277,34,6,2026-05-13,16135.7,2,3,0,3,3,153.29,Delivered On-Time
1278,44,6,2024-02-12,7234.76,1,3,0,3,3,68.73,Delivered On-Time
1279,117,3,2024-04-01,8916.01,1,1,0,1,2,191.69,Delivered Late
1280,190,2,2025-02-19,5718.69,1,1,0,1,1,122.95,Delivered On-Time
1281,245,4,2024-02-11,1267.4,1,2,0,1,3,18.38,Delivered Late
1282,38,7,2024-05-29,4155.1,1,3,0,4,5,43.63,Delivered Late
1283,41,7,2024-04-11,55968.34,3,3,0,4,7,587.67,Delivered Late
1284,193,4,2026-06-08,41762.77,2,2,0,1,4,605.56,Delivered Late
1285,227,6,2026-06-29,6266.81,1,3,0,3,2,59.53,Delivered On-Time
1286,117,4,2025-02-15,2362.13,1,2,0,1,1,34.25,Delivered On-Time
1287,206,7,2024-12-21,6716.36,1,3,0,4,6,70.52,Delivered Late
1288,110,4,2025-04-13,21460.1,2,2,0,1,2,311.17,Delivered On-Time
1289,139,5,2025-05-13,12426.59,2,2,0,2,5,192.61,Delivered Late
1290,6,3,2025-04-16,30908.81,2,1,1,1,2,664.54,Delivered On-Time
1291,50,6,2024-07-04,3219.22,1,3,0,3,3,30.58,Delivered On-Time
1292,115,6,2024-02-29,3895.98,1,3,0,3,4,37.01,Delivered On-Time
1293,80,7,2025-08-19,136666.88,3,3,0,4,5,1435.0,Delivered On-Time
1294,110,4,2025-12-15,6511.4,1,2,0,1,3,94.42,Delivered Late
1295,31,1,2024-01-17,7623.58,1,1,0,5,6,148.66,Delivered On-Time
1296,45,7,2025-10-13,41746.05,2,3,0,4,4,438.33,Delivered On-Time
1297,19,6,2024-09-25,185754.3,3,3,0,3,3,1764.67,Delivered On-Time
1298,239,6,2024-11-30,3776.07,1,3,0,3,2,35.87,Delivered On-Time
1299,206,1,2024-04-03,4294.05,1,1,0,5,5,83.73,Delivered On-Time
1300,110,5,2025-05-12,47700.67,2,2,0,2,2,739.36,Delivered On-Time
1301,191,4,2024-01-02,3577.62,1,2,0,1,1,51.88,Delivered On-Time
1302,159,3,2026-02-06,7895.34,1,1,0,1,1,169.75,Delivered On-Time
1303,217,4,2025-01-24,31788.27,2,2,0,1,2,460.93,Delivered On-Time
1304,247,6,2024-07-19,31262.04,2,3,0,3,3,296.99,Delivered On-Time
1305,227,5,2025-07-26,17611.71,2,2,0,2,2,272.98,Delivered On-Time
1306,128,7,2025-06-08,84618.05,3,3,0,4,5,888.49,Delivered On-Time
1307,174,4,2026-06-11,3114.23,1,2,0,1,1,45.16,Delivered On-Time
1308,103,5,2025-01-26,48554.03,2,2,0,2,1,752.59,Delivered On-Time
1309,87,5,2025-03-06,6913.99,1,2,0,2,2,107.17,Delivered On-Time
1310,188,7,2024-03-18,2405.56,1,3,0,4,4,25.26,Delivered On-Time
1311,67,1,2024-02-20,1906.08,1,1,0,5,6,37.17,Delivered On-Time
1312,156,1,2025-01-06,6225.5,1,1,0,5,6,121.4,Delivered On-Time
1313,250,7,2025-01-31,18072.76,2,3,0,4,4,189.76,Delivered On-Time
1314,127,1,2025-07-08,1421.14,1,1,0,5,5,27.71,Delivered On-Time
1315,115,3,2024-12-02,3681.99,1,1,0,1,1,79.16,Delivered On-Time
1316,115,5,2024-02-06,4768.01,1,2,0,2,2,73.9,Delivered On-Time
1317,241,7,2026-05-25,43418.76,2,3,0,4,4,455.9,Delivered On-Time
1318,187,1,2024-12-05,42767.49,2,1,1,5,4,833.97,Delivered On-Time
1319,212,3,2025-04-25,45873.13,2,1,1,1,1,986.27,Delivered On-Time
1320,48,6,2026-04-04,46667.24,2,3,0,3,3,443.34,Delivered On-Time
1321,130,7,2024-10-02,4844.14,1,3,0,4,4,50.86,Delivered On-Time
1322,129,7,2026-06-24,38603.4,2,3,0,4,4,405.34,Delivered On-Time
1323,13,5,2025-02-18,8385.42,1,2,0,2,2,129.97,Delivered On-Time
1324,95,6,2025-05-09,6519.04,1,3,0,3,2,61.93,Delivered On-Time
1325,219,6,2024-05-05,8420.87,1,3,0,3,4,80.0,Delivered On-Time
1326,233,7,2026-06-25,5525.88,1,3,0,4,5,58.02,Delivered On-Time
1327,220,1,2024-05-04,8033.52,1,1,0,5,6,156.65,Delivered On-Time
1328,71,6,2025-08-08,99474.46,3,3,0,3,3,945.01,Delivered On-Time
1329,49,5,2024-01-29,35641.36,2,2,0,2,1,552.44,Delivered On-Time
1330,72,1,2026-01-01,1577.19,1,1,0,5,6,30.76,Delivered On-Time
1331,208,3,2024-11-10,9647.08,1,1,0,1,1,207.41,Delivered On-Time
1332,179,7,2024-02-25,40160.52,2,3,0,4,6,421.69,Delivered Late
1333,103,3,2026-03-15,6597.2,1,1,0,1,1,141.84,Delivered On-Time
1334,135,5,2025-11-22,20349.92,2,2,0,2,2,315.42,Delivered On-Time
1335,140,7,2025-03-22,35524.71,2,3,0,4,3,373.01,Delivered On-Time
1336,99,7,2025-12-22,10637.37,2,3,0,4,8,111.69,Delivered Late
1337,59,6,2026-01-07,37949.2,2,3,0,3,3,360.52,Delivered On-Time
1338,109,5,2024-05-20,6526.33,1,2,0,2,2,101.16,Delivered On-Time
1339,191,6,2024-09-01,6410.5,1,3,0,3,3,60.9,Delivered On-Time
1340,32,7,2025-03-05,148312.88,3,3,0,4,4,1557.29,Delivered On-Time
1341,151,6,2024-01-05,117304.85,3,3,0,3,3,1114.4,Delivered On-Time
1342,94,7,2024-02-08,6580.18,1,3,0,4,4,69.09,Delivered On-Time
1343,239,4,2024-09-10,36757.85,2,2,0,1,2,532.99,Delivered On-Time
1344,173,6,2024-12-11,127665.34,3,3,0,3,3,1212.82,Delivered On-Time
1345,188,1,2025-09-16,4034.04,1,1,0,5,5,78.66,Delivered On-Time
1346,110,5,2024-03-13,1900.27,1,2,0,2,1,29.45,Delivered On-Time
1347,144,3,2024-06-13,3308.9,1,1,0,1,2,71.14,Delivered On-Time
1348,179,7,2024-10-13,114678.38,3,3,0,4,5,1204.12,Delivered On-Time
1349,23,7,2025-12-17,7505.5,1,3,0,4,5,78.81,Delivered Late
1350,195,2,2026-02-04,6804.51,1,1,0,1,1,146.3,Delivered On-Time
1351,209,6,2024-04-04,12364.51,2,3,0,3,3,117.46,Delivered On-Time
1352,126,7,2026-02-18,471187.03,3,3,0,4,6,4947.46,Delivered Late
1353,232,6,2024-04-16,25375.66,2,3,0,3,4,241.07,Delivered On-Time
1354,18,7,2024-05-28,102173.15,3,3,0,4,4,1072.82,Delivered On-Time
1355,110,7,2026-04-24,20040.56,2,3,0,4,6,210.43,Delivered Late
1356,226,5,2024-01-21,2521.63,1,2,0,2,1,39.09,Delivered On-Time
1357,187,7,2025-11-03,6172.11,1,3,0,4,4,64.81,Delivered On-Time
1358,27,6,2025-04-04,67833.35,3,3,0,3,3,644.42,Delivered On-Time
1359,130,4,2024-05-05,23676.19,2,2,0,1,2,343.3,Delivered On-Time
1360,103,2,2026-02-22,1685.84,1,1,0,1,1,36.25,Delivered On-Time
1361,109,7,2025-02-09,83015.34,3,3,0,4,4,871.66,Delivered On-Time
1362,191,6,2025-04-11,1517.51,1,3,0,3,3,14.42,Delivered On-Time
1363,73,2,2026-03-14,3324.75,1,1,0,1,2,71.48,Delivered On-Time
1364,192,5,2025-04-29,22695.44,2,2,0,2,2,351.78,Delivered On-Time
1365,113,4,2024-05-23,82914.93,3,2,1,1,1,1202.27,Delivered On-Time
1366,87,2,2026-04-10,3476.26,1,1,0,1,2,74.74,Delivered Late
1367,90,5,2024-09-24,4030.08,1,2,0,2,2,62.47,Delivered On-Time
1368,91,5,2025-12-02,1121.66,1,2,0,2,2,17.39,Delivered On-Time
1369,38,6,2024-12-15,538.04,1,3,0,3,2,5.11,Delivered On-Time
1370,13,4,2025-10-05,37076.77,2,2,0,1,1,537.61,Delivered On-Time
1371,260,5,2024-01-23,29318.95,2,2,0,2,2,454.44,Delivered On-Time
1372,22,3,2026-04-01,2542.54,1,1,0,1,2,54.66,Lost
1373,226,4,2026-02-08,5146.48,1,2,0,1,1,74.62,Delivered On-Time
1374,127,5,2026-05-02,12524.25,2,2,0,2,2,194.13,Delivered On-Time
1375,170,5,2024-10-17,12396.69,2,2,0,2,1,192.15,Delivered On-Time
1376,200,7,2025-12-26,8002.32,1,3,0,4,3,84.02,Delivered On-Time
1377,125,7,2026-01-12,263520.52,3,3,0,4,4,2766.97,Delivered On-Time
1378,17,6,2024-04-23,5220.02,1,3,0,3,2,49.59,Delivered On-Time
1379,69,6,2024-01-30,142646.88,3,3,0,3,2,1355.15,Delivered On-Time
1380,28,7,2025-10-30,3832.29,1,3,0,4,5,40.24,Delivered On-Time
1381,39,1,2025-05-27,9643.13,1,1,0,5,6,188.04,Delivered On-Time
1382,213,7,2025-05-25,67798.43,3,3,0,4,4,711.88,Delivered On-Time
1383,67,5,2024-06-24,16469.52,2,2,0,2,2,255.28,Delivered On-Time
1384,134,3,2025-06-06,3453.22,1,1,0,1,1,74.24,Delivered On-Time
1385,195,5,2024-02-12,27479.19,2,2,0,2,3,425.93,Delivered On-Time
1386,72,5,2024-04-13,747.47,1,2,0,2,3,11.59,Delivered On-Time
1387,196,4,2025-01-20,10833.67,2,2,0,1,1,157.09,Delivered On-Time
1388,185,5,2025-09-30,25947.18,2,2,0,2,1,402.18,Delivered On-Time
1389,233,2,2025-03-28,8076.3,1,1,0,1,1,173.64,Delivered On-Time
1390,184,4,2024-06-17,34919.71,2,2,0,1,1,506.34,Delivered On-Time
1391,83,6,2024-12-22,133507.06,3,3,0,3,4,1268.32,Delivered On-Time
1392,117,6,2026-05-27,49492.31,2,3,0,3,4,470.18,Delivered On-Time
1393,1,7,2026-01-14,8319.24,1,3,0,4,4,87.35,Delivered On-Time
1394,129,7,2024-11-25,118410.02,3,3,0,4,3,1243.31,Delivered On-Time
1395,243,7,2025-03-14,72248.34,3,3,0,4,4,758.61,Delivered On-Time
1396,250,4,2026-01-05,1796.65,1,2,0,1,1,26.05,Delivered On-Time
1397,217,6,2025-02-05,8554.73,1,3,0,3,4,81.27,Delivered On-Time
1398,212,2,2025-07-01,2472.14,1,1,0,1,1,53.15,Delivered On-Time
1399,42,7,2026-02-07,49566.39,2,3,0,4,4,520.45,Delivered On-Time
1400,228,6,2026-01-22,49493.31,2,3,0,3,4,470.19,Delivered On-Time
1401,236,7,2026-04-24,176225.04,3,3,0,4,4,1850.36,Delivered On-Time
1402,172,5,2025-05-03,6786.91,1,2,0,2,1,105.2,Delivered On-Time
1403,2,1,2024-04-22,7542.25,1,1,0,5,5,147.07,Delivered On-Time
1404,185,5,2025-07-24,34377.16,2,2,0,2,2,532.85,Delivered On-Time
1405,63,3,2025-01-11,6558.32,1,1,0,1,1,141.0,Delivered On-Time
1406,166,3,2024-12-22,20897.81,2,1,1,1,3,449.3,Delivered Late
1407,189,6,2025-12-09,8193.95,1,3,0,3,4,77.84,Delivered On-Time
1408,255,5,2025-03-31,40569.73,2,2,0,2,3,628.83,Delivered On-Time
1409,152,1,2026-01-09,5166.79,1,1,0,5,5,100.75,Delivered On-Time
1410,250,1,2026-02-03,20603.25,2,1,1,5,4,401.76,Delivered On-Time
1411,100,6,2026-04-14,2258.51,1,3,0,3,2,21.46,Delivered On-Time
1412,180,6,2025-04-03,88279.88,3,3,0,3,2,838.66,Delivered On-Time
1413,170,7,2025-02-27,5477.64,1,3,0,4,4,57.52,Delivered On-Time
1414,49,4,2024-02-26,39185.0,2,2,0,1,1,568.18,Delivered On-Time
1415,114,5,2024-08-26,4213.01,1,2,0,2,3,65.3,Delivered On-Time
1416,55,4,2025-03-09,46780.72,2,2,0,1,1,678.32,Delivered On-Time
1417,140,7,2024-03-27,139335.76,3,3,0,4,4,1463.03,Delivered On-Time
1418,127,6,2026-01-08,8437.35,1,3,0,3,4,80.15,Delivered Late
1419,9,5,2024-09-24,40612.64,2,2,0,2,2,629.5,Delivered On-Time
1420,196,1,2024-12-16,6430.81,1,1,0,5,7,125.4,Delivered Late
1421,32,1,2024-04-20,4551.46,1,1,0,5,4,88.75,Delivered On-Time
1422,237,3,2024-06-21,3738.95,1,1,0,1,2,80.39,Delivered On-Time
1423,69,6,2025-01-07,10153.97,2,3,0,3,3,96.46,Delivered On-Time
1424,76,6,2024-12-10,44951.83,2,3,0,3,4,427.04,Delivered On-Time
1425,259,4,2024-04-03,19820.99,2,2,0,1,1,287.4,Delivered On-Time
1426,122,3,2025-05-11,32354.09,2,1,1,1,1,695.61,Delivered On-Time
1427,93,5,2025-11-24,23721.53,2,2,0,2,6,367.68,Delivered Late
1428,176,4,2024-07-04,28220.66,2,2,0,1,1,409.2,Delivered On-Time
1429,174,2,2024-12-31,13183.58,2,1,1,1,1,283.45,Delivered On-Time
1430,229,6,2024-11-08,1713.95,1,3,0,3,3,16.28,Delivered On-Time
1431,145,1,2026-02-04,1027.49,1,1,0,5,5,20.04,Delivered On-Time
1432,167,4,2025-03-12,2679.64,1,2,0,1,1,38.85,Delivered On-Time
1433,241,3,2024-01-02,3557.7,1,1,0,1,1,76.49,Delivered On-Time
1434,96,4,2024-06-03,10040.87,2,2,0,1,1,145.59,Delivered On-Time
1435,154,5,2026-01-27,3870.7,1,2,0,2,3,60.0,Delivered Late
1436,118,5,2025-11-06,2590.65,1,2,0,2,2,40.16,Delivered On-Time
1437,208,2,2026-01-01,6092.31,1,1,0,1,2,130.98,Delivered Late
1438,69,4,2026-04-25,2376.42,1,2,0,1,2,34.46,Delivered On-Time
1439,172,1,2025-02-26,4575.7,1,1,0,5,5,89.23,Delivered On-Time
1440,123,3,2026-05-13,3027.64,1,1,0,1,1,65.09,Delivered On-Time
1441,66,5,2024-02-10,7568.23,1,2,0,2,2,117.31,Delivered On-Time
1442,196,4,2025-06-15,47082.59,2,2,0,1,1,682.7,Delivered On-Time
1443,202,2,2024-07-26,1890.54,1,1,0,1,2,40.65,Delivered On-Time
1444,11,4,2025-02-18,85676.07,3,2,1,1,1,1242.3,Delivered On-Time
1445,94,6,2024-01-09,8477.86,1,3,0,3,3,80.54,Delivered On-Time
1446,222,2,2024-09-24,9575.63,1,1,0,1,1,205.88,Delivered On-Time
1447,109,7,2025-03-16,375969.37,3,3,0,4,4,3947.68,Delivered On-Time
1448,3,2,2025-05-12,5291.32,1,1,0,1,1,113.76,Delivered On-Time
1449,72,3,2025-12-28,15820.35,2,1,1,1,1,340.14,Delivered On-Time
1450,82,3,2025-06-12,6559.38,1,1,0,1,1,141.03,Delivered On-Time
1451,204,7,2026-01-05,6803.68,1,3,0,4,4,71.44,Delivered On-Time
1452,160,4,2024-09-14,1698.24,1,2,0,1,1,24.62,Delivered On-Time
1453,61,1,2024-05-10,5273.11,1,1,0,5,5,102.83,Delivered On-Time
1454,35,3,2025-07-19,4828.61,1,1,0,1,2,103.82,Delivered On-Time
1455,43,7,2025-11-21,4566.07,1,3,0,4,4,47.94,Delivered On-Time
1456,6,2,2025-07-15,2951.8,1,1,0,1,1,63.46,Delivered On-Time
1457,153,6,2024-11-19,29787.08,2,3,0,3,4,282.98,Delivered Late
1458,225,2,2024-09-18,7380.45,1,1,0,1,1,158.68,Delivered On-Time
1459,249,7,2025-02-09,5097.06,1,3,0,4,5,53.52,Delivered Late
1460,54,5,2025-02-11,8532.83,1,2,0,2,3,132.26,Delivered On-Time
1461,199,5,2025-02-25,9851.01,1,2,0,2,2,152.69,Delivered On-Time
1462,30,2,2024-03-10,147969.28,3,1,1,1,1,3181.34,Delivered On-Time
1463,18,5,2025-09-20,3599.68,1,2,0,2,1,55.8,Delivered On-Time
1464,36,7,2025-12-07,42687.51,2,3,0,4,8,448.22,Delivered Late
1465,238,7,2025-02-25,23437.57,2,3,0,4,5,246.09,Delivered On-Time
1466,4,7,2024-02-20,37374.99,2,3,0,4,4,392.44,Delivered On-Time
1467,185,7,2024-01-06,1399.16,1,3,0,4,4,14.69,Delivered On-Time
1468,14,1,2026-05-21,1947.46,1,1,0,5,5,37.98,Delivered On-Time
1469,78,3,2025-06-04,142691.96,3,1,1,1,1,3067.88,Delivered On-Time
1470,7,6,2025-06-28,4388.48,1,3,0,3,3,41.69,Delivered On-Time
1471,215,3,2025-06-24,41720.47,2,1,1,1,2,896.99,Delivered On-Time
1472,48,2,2024-01-06,2478.12,1,1,0,1,2,53.28,Delivered On-Time
1473,164,6,2025-07-13,9339.18,1,3,0,3,3,88.72,Delivered On-Time
1474,78,7,2026-05-07,5136.14,1,3,0,4,5,53.93,Delivered On-Time
1475,238,6,2025-12-13,6136.89,1,3,0,3,5,58.3,Delivered Late
1476,252,2,2024-01-18,3380.47,1,1,0,1,2,72.68,Delivered On-Time
1477,241,4,2024-05-07,6245.96,1,2,0,1,1,90.57,Delivered On-Time
1478,80,5,2024-02-23,23426.31,2,2,0,2,3,363.11,Delivered On-Time
1479,147,3,2026-01-11,4080.31,1,1,0,1,1,87.73,Delivered On-Time
1480,244,4,2024-10-24,7857.69,1,2,0,1,1,113.94,Delivered On-Time
1481,146,2,2025-01-31,5164.08,1,1,0,1,2,111.03,Delivered Late
1482,45,6,2024-07-17,16980.26,2,3,0,3,3,161.31,Delivered On-Time
1483,16,2,2026-05-12,5558.72,1,1,0,1,1,119.51,Delivered On-Time
1484,113,4,2026-01-19,7690.7,1,2,0,1,4,111.52,Delivered Late
1485,195,7,2025-10-09,82703.68,3,3,0,4,4,868.39,Delivered On-Time
1486,80,6,2024-09-14,117782.29,3,3,0,3,3,1118.93,Delivered On-Time
1487,165,6,2024-11-10,121148.37,3,3,0,3,3,1150.91,Delivered On-Time
1488,149,7,2025-03-29,12959.27,2,3,0,4,4,136.07,Delivered On-Time
1489,80,3,2025-04-29,82341.85,3,1,1,1,1,1770.35,Delivered On-Time
1490,232,5,2025-05-28,30635.48,2,2,0,2,1,474.85,Delivered On-Time
1491,206,6,2026-03-10,18690.91,2,3,0,3,3,177.56,Delivered On-Time
1492,21,7,2026-01-21,41789.5,2,3,0,4,5,438.79,Delivered On-Time
1493,112,3,2024-04-18,2676.5,1,1,0,1,1,57.54,Delivered On-Time
1494,63,6,2025-03-24,7431.87,1,3,0,3,3,70.6,Delivered On-Time
1495,17,7,2024-07-18,3813.61,1,3,0,4,4,40.04,Delivered On-Time
1496,60,5,2026-03-15,74342.09,3,2,1,2,2,1152.3,Delivered On-Time
1497,25,2,2026-05-02,8318.28,1,1,0,1,1,178.84,Delivered On-Time
1498,171,5,2025-03-24,6599.12,1,2,0,2,6,102.29,Delivered Late
1499,197,4,2024-02-28,35314.73,2,2,0,1,3,512.06,Delivered Late
1500,208,1,2024-06-04,4391.99,1,1,0,5,4,85.64,Delivered On-Time
1501,102,4,2025-04-18,49651.19,2,2,0,1,1,719.94,Delivered On-Time
1502,87,2,2024-05-13,3739.61,1,1,0,1,1,80.4,Delivered On-Time
1503,163,4,2024-02-20,27227.2,2,2,0,1,2,394.79,Delivered On-Time
1504,133,3,2026-02-23,4908.41,1,1,0,1,4,105.53,Delivered Late
1505,180,5,2025-05-27,65070.58,3,2,1,2,2,1008.59,Delivered On-Time
1506,153,6,2026-02-09,57808.99,3,3,0,3,3,549.19,Delivered On-Time
1507,178,7,2024-03-03,66545.79,3,3,0,4,4,698.73,Delivered On-Time
1508,62,6,2024-07-07,9600.72,1,3,0,3,3,91.21,Delivered On-Time
1509,87,4,2025-12-13,2198.42,1,2,0,1,1,31.88,Delivered On-Time
1510,3,7,2025-04-11,66711.41,3,3,0,4,4,700.47,Delivered On-Time
1511,104,3,2025-04-03,3364.55,1,1,0,1,2,72.34,Delivered On-Time
1512,115,7,2026-02-05,111846.1,3,3,0,4,4,1174.38,Delivered On-Time
1513,10,4,2025-09-02,1374.88,1,2,0,1,1,19.94,Delivered On-Time
1514,243,6,2026-04-21,93913.91,3,3,0,3,4,892.18,Damaged
1515,156,7,2025-05-14,13428.03,2,3,0,4,4,140.99,Delivered On-Time
1516,168,1,2025-02-12,3769.22,1,1,0,5,5,73.5,Delivered On-Time
1517,149,5,2025-12-12,9679.93,1,2,0,2,1,150.04,Delivered On-Time
1518,59,2,2024-08-12,99353.52,3,1,1,1,1,2136.1,Delivered On-Time
1519,235,7,2024-01-30,1171.7,1,3,0,4,4,12.3,Delivered On-Time
1520,111,6,2025-12-08,4467.44,1,3,0,3,3,42.44,Delivered On-Time
1521,59,3,2024-11-02,79695.01,3,1,1,1,2,1713.44,Delivered On-Time
1522,201,6,2024-02-15,41585.66,2,3,0,3,2,395.06,Delivered On-Time
1523,17,6,2025-03-04,81695.14,3,3,0,3,3,776.1,Delivered On-Time
1524,100,1,2024-11-24,3816.64,1,1,0,5,5,74.42,Delivered On-Time
1525,210,2,2025-07-24,48579.2,2,1,1,1,1,1044.45,Delivered On-Time
1526,226,3,2026-05-26,1223.59,1,1,0,1,1,26.31,Delivered On-Time
1527,189,6,2026-05-04,8501.33,1,3,0,3,2,80.76,Delivered On-Time
1528,62,7,2026-03-01,76159.38,3,3,0,4,4,799.67,Delivered On-Time
1529,44,4,2025-06-02,16029.93,2,2,0,1,4,232.43,Delivered Late
1530,217,4,2026-05-02,45293.52,2,2,0,1,1,656.76,Delivered On-Time
1531,33,6,2024-11-25,141001.32,3,3,0,3,3,1339.51,Delivered On-Time
1532,120,5,2025-01-09,25019.45,2,2,0,2,2,387.8,Delivered On-Time
1533,131,5,2024-08-04,25262.1,2,2,0,2,2,391.56,Delivered On-Time
1534,165,4,2025-01-05,17709.39,2,2,0,1,1,256.79,Delivered On-Time
1535,155,7,2025-11-25,2518.86,1,3,0,4,4,26.45,Delivered On-Time
1536,143,6,2024-12-27,8905.3,1,3,0,3,3,84.6,Delivered On-Time
1537,222,7,2026-04-01,18678.95,2,3,0,4,3,196.13,Delivered On-Time
1538,192,4,2025-10-27,8023.16,1,2,0,1,1,116.34,Delivered On-Time
1539,18,5,2026-05-25,9133.9,1,2,0,2,3,141.58,Delivered On-Time
1540,240,2,2024-08-13,7640.68,1,1,0,1,2,164.27,Delivered On-Time
1541,172,2,2025-02-03,18735.87,2,1,1,1,1,402.82,Delivered On-Time
1542,53,6,2026-05-11,47045.07,2,3,0,3,3,446.93,Delivered On-Time
1543,136,1,2025-08-22,1043.76,1,1,0,5,5,20.35,Delivered On-Time
1544,255,5,2026-02-05,23682.33,2,2,0,2,3,367.08,Delivered On-Time
1545,139,4,2024-08-29,39745.93,2,2,0,1,1,576.32,Delivered On-Time
1546,220,4,2026-04-24,6798.4,1,2,0,1,1,98.58,Delivered On-Time
1547,64,7,2024-11-06,35646.33,2,3,0,4,5,374.29,Delivered On-Time
1548,194,7,2026-04-23,8909.17,1,3,0,4,4,93.55,Delivered On-Time
1549,251,6,2025-07-17,162496.01,3,3,0,3,3,1543.71,Delivered On-Time
1550,62,3,2026-05-16,2838.31,1,1,0,1,1,61.02,Delivered On-Time
1551,210,5,2024-08-07,7986.24,1,2,0,2,1,123.79,Delivered On-Time
1552,232,1,2024-07-06,5671.65,1,1,0,5,5,110.6,Delivered On-Time
1553,187,2,2025-01-03,9971.94,1,1,0,1,1,214.4,Delivered On-Time
1554,134,7,2024-01-10,8355.52,1,3,0,4,5,87.73,Delivered On-Time
1555,25,5,2025-06-18,5635.86,1,2,0,2,2,87.36,Delivered On-Time
1556,22,5,2025-10-31,3013.6,1,2,0,2,1,46.71,Delivered On-Time
1557,193,1,2024-08-22,2764.51,1,1,0,5,5,53.91,Delivered On-Time
1558,228,3,2024-01-17,84263.8,3,1,1,1,1,1811.67,Delivered On-Time
1559,238,1,2024-08-20,4971.72,1,1,0,5,5,96.95,Delivered On-Time
1560,7,4,2026-04-21,6379.72,1,2,0,1,1,92.51,Delivered On-Time
1561,166,1,2024-01-26,852.83,1,1,0,5,4,16.63,Delivered On-Time
1562,131,5,2024-02-25,7651.79,1,2,0,2,1,118.6,Delivered On-Time
1563,66,7,2024-12-05,140990.72,3,3,0,4,8,1480.4,Delivered Late
1564,174,7,2024-02-01,4417.24,1,3,0,4,4,46.38,Delivered On-Time
1565,245,3,2025-02-18,559.73,1,1,0,1,2,12.03,Delivered On-Time
1566,234,5,2024-11-24,2402.77,1,2,0,2,2,37.24,Delivered On-Time
1567,222,6,2025-04-16,9844.44,1,3,0,3,4,93.52,Delivered Late
1568,95,6,2024-07-26,8387.06,1,3,0,3,3,79.68,Delivered On-Time
1569,67,6,2026-02-03,25858.76,2,3,0,3,3,245.66,Delivered On-Time
1570,259,1,2025-07-13,22748.18,2,1,1,5,5,443.59,Delivered On-Time
1571,150,5,2026-01-29,28352.83,2,2,0,2,3,439.47,Delivered On-Time
1572,216,1,2025-06-13,603.81,1,1,0,5,6,11.77,Delivered On-Time
1573,247,7,2026-06-09,129680.88,3,3,0,4,3,1361.65,Delivered On-Time
1574,45,2,2026-06-14,2497.58,1,1,0,1,1,53.7,Delivered On-Time
1575,159,4,2024-09-02,32849.38,2,2,0,1,2,476.32,Delivered On-Time
1576,39,6,2026-05-01,19255.86,2,3,0,3,4,182.93,Delivered On-Time
1577,93,7,2025-02-14,142471.82,3,3,0,4,4,1495.95,Delivered On-Time
1578,154,6,2026-03-02,77921.75,3,3,0,3,3,740.26,Delivered On-Time
1579,209,4,2025-02-23,21433.78,2,2,0,1,2,310.79,Delivered On-Time
1580,216,6,2026-02-26,3811.01,1,3,0,3,2,36.2,Delivered On-Time
1581,219,3,2024-02-22,4153.05,1,1,0,1,1,89.29,Delivered On-Time
1582,64,7,2024-01-21,6963.79,1,3,0,4,4,73.12,Delivered On-Time
1583,231,5,2024-07-19,9799.35,1,2,0,2,2,151.89,Delivered On-Time
1584,89,1,2024-06-06,5548.85,1,1,0,5,9,108.2,Delivered Late
1585,253,2,2026-03-15,7398.95,1,1,0,1,2,159.08,Delivered On-Time
1586,175,2,2025-04-19,1529.39,1,1,0,1,1,32.88,Delivered On-Time
1587,137,7,2026-04-17,6054.57,1,3,0,4,4,63.57,Delivered On-Time
1588,110,5,2025-05-18,7378.94,1,2,0,2,2,114.37,Delivered On-Time
1589,60,6,2026-01-16,35584.52,2,3,0,3,3,338.05,Delivered On-Time
1590,239,6,2025-03-24,697.67,1,3,0,3,3,6.63,Delivered On-Time
1591,251,3,2025-12-11,2188.63,1,1,0,1,2,47.06,Delivered Late
1592,200,7,2025-11-19,830.62,1,3,0,4,4,8.72,Delivered On-Time
1593,63,4,2025-07-31,51320.41,3,2,1,1,1,744.15,Delivered On-Time
1594,205,6,2026-01-18,313458.95,3,3,0,3,2,2977.86,Delivered On-Time
1595,219,3,2025-12-14,2523.16,1,1,0,1,1,54.25,Delivered On-Time
1596,187,1,2024-01-11,5238.61,1,1,0,5,5,102.15,Delivered On-Time
1597,236,6,2025-04-07,9038.1,1,3,0,3,3,85.86,Delivered On-Time
1598,183,3,2024-08-08,7000.0,1,1,0,1,1,150.5,Delivered On-Time
1599,205,1,2025-05-29,25049.5,2,1,1,5,5,488.47,Delivered On-Time
1600,56,5,2026-06-16,661.65,1,2,0,2,6,10.26,Delivered Late
1601,58,3,2025-06-13,7051.02,1,1,0,1,1,151.6,Delivered On-Time
1602,240,2,2024-08-10,7878.41,1,1,0,1,1,169.39,Delivered On-Time
1603,245,2,2024-08-15,7314.12,1,1,0,1,1,157.25,Delivered On-Time
1604,205,1,2025-03-28,1900.26,1,1,0,5,4,37.06,Delivered On-Time
1605,174,5,2024-09-24,30883.04,2,2,0,2,1,478.69,Delivered On-Time
1606,62,7,2024-06-23,133736.45,3,3,0,4,4,1404.23,Delivered On-Time
1607,134,4,2024-07-16,4647.12,1,2,0,1,2,67.38,Delivered On-Time
1608,227,6,2026-02-18,128163.01,3,3,0,3,4,1217.55,Delivered On-Time
1609,6,5,2025-09-20,42279.13,2,2,0,2,4,655.33,Delivered Late
1610,193,2,2024-05-17,7728.74,1,1,0,1,1,166.17,Delivered On-Time
1611,13,6,2025-04-16,84840.77,3,3,0,3,4,805.99,Delivered On-Time
1612,11,3,2026-01-25,5601.02,1,1,0,1,2,120.42,Delivered On-Time
1613,40,2,2024-08-02,8769.6,1,1,0,1,1,188.55,Delivered On-Time
1614,160,1,2024-09-15,3967.69,1,1,0,5,5,77.37,Delivered On-Time
1615,148,7,2025-09-29,258505.45,3,3,0,4,4,2714.31,Delivered On-Time
1616,65,7,2024-08-08,31583.97,2,3,0,4,4,331.63,Delivered On-Time
1617,95,4,2025-07-11,18951.99,2,2,0,1,1,274.8,Delivered On-Time
1618,113,4,2025-10-21,37870.87,2,2,0,1,1,549.13,Delivered On-Time
1619,129,7,2024-04-24,7823.5,1,3,0,4,8,82.15,Delivered Late
1620,19,1,2026-02-18,73870.74,3,1,1,5,5,1440.48,Delivered On-Time
1621,45,7,2024-09-14,78370.27,3,3,0,4,3,822.89,Delivered On-Time
1622,246,3,2025-10-13,610.34,1,1,0,1,1,13.12,Delivered On-Time
1623,192,2,2024-04-09,7773.93,1,1,0,1,1,167.14,Delivered On-Time
1624,168,1,2026-05-12,31100.54,2,1,1,5,6,606.46,Delivered On-Time
1625,121,3,2024-12-30,8523.39,1,1,0,1,4,183.25,Delivered Late
1626,238,5,2026-02-25,27847.28,2,2,0,2,3,431.63,Delivered On-Time
1627,158,7,2024-12-19,43851.29,2,3,0,4,4,460.44,Delivered On-Time
1628,51,6,2025-10-12,44220.26,2,3,0,3,3,420.09,Delivered On-Time
1629,141,5,2025-12-24,585.46,1,2,0,2,2,9.07,Delivered On-Time
1630,172,7,2026-03-16,9989.76,1,3,0,4,8,104.89,Delivered Late
1631,124,7,2025-02-03,20345.79,2,3,0,4,5,213.63,Delivered On-Time
1632,39,6,2024-02-26,717.31,1,3,0,3,3,6.81,Delivered On-Time
1633,72,5,2024-02-21,8045.85,1,2,0,2,2,124.71,Delivered On-Time
1634,102,7,2025-03-08,72917.63,3,3,0,4,5,765.64,Delivered On-Time
1635,250,4,2025-03-31,3997.47,1,2,0,1,1,57.96,Delivered On-Time
1636,90,7,2025-01-29,7334.19,1,3,0,4,4,77.01,Delivered On-Time
1637,189,4,2025-06-16,1490.21,1,2,0,1,1,21.61,Delivered On-Time
1638,234,1,2024-04-29,7241.75,1,1,0,5,6,141.21,Delivered On-Time
1639,14,5,2026-03-15,7063.96,1,2,0,2,2,109.49,Delivered On-Time
1640,241,2,2026-06-17,5615.07,1,1,0,1,1,120.72,Delivered On-Time
1641,91,7,2025-11-04,444943.66,3,3,0,4,5,4671.91,Delivered Late
1642,219,6,2025-10-25,89881.3,3,3,0,3,3,853.87,Delivered On-Time
1643,96,6,2025-08-20,50106.68,3,3,0,3,3,476.01,Delivered On-Time
1644,173,5,2026-06-07,8889.2,1,2,0,2,2,137.78,Delivered On-Time
1645,63,1,2026-05-09,42718.64,2,1,1,5,6,833.01,Delivered On-Time
1646,58,2,2026-01-09,7363.74,1,1,0,1,1,158.32,Delivered On-Time
1647,3,6,2024-12-01,112701.86,3,3,0,3,2,1070.67,Delivered On-Time
1648,111,6,2025-12-18,9464.15,1,3,0,3,2,89.91,Delivered On-Time
1649,248,7,2025-01-21,114061.59,3,3,0,4,7,1197.65,Delivered Late
1650,130,3,2024-11-05,4313.15,1,1,0,1,1,92.73,Delivered On-Time
1651,201,4,2025-01-11,44717.21,2,2,0,1,1,648.4,Delivered On-Time
1652,234,4,2026-04-23,26603.67,2,2,0,1,1,385.75,Delivered On-Time
1653,69,5,2025-12-11,5352.71,1,2,0,2,3,82.97,Delivered On-Time
1654,48,1,2026-06-20,7841.79,1,1,0,5,5,152.91,Delivered On-Time
1655,187,5,2024-02-02,2928.76,1,2,0,2,2,45.4,Delivered On-Time
1656,172,7,2024-07-01,43491.99,2,3,0,4,5,456.67,Delivered On-Time
1657,176,7,2025-01-22,40853.82,2,3,0,4,5,428.97,Delivered On-Time
1658,210,7,2024-06-14,13694.91,2,3,0,4,4,143.8,Delivered On-Time
1659,17,1,2024-11-23,5369.51,1,1,0,5,4,104.71,Delivered On-Time
1660,168,4,2025-03-20,20064.72,2,2,0,1,1,290.94,Delivered On-Time
1661,2,5,2025-02-02,42854.37,2,2,0,2,2,664.24,Delivered On-Time
1662,221,6,2024-12-25,4416.98,1,3,0,3,3,41.96,Delivered On-Time
1663,195,6,2025-11-19,8078.91,1,3,0,3,3,76.75,Delivered On-Time
1664,102,5,2026-05-22,31884.6,2,2,0,2,3,494.21,Delivered On-Time
1665,253,7,2025-02-22,108754.47,3,3,0,4,8,1141.92,Lost
1666,229,7,2024-12-05,141729.7,3,3,0,4,5,1488.16,Delivered On-Time
1667,181,7,2025-01-17,37489.64,2,3,0,4,3,393.64,Delivered On-Time
1668,99,7,2024-10-07,27063.08,2,3,0,4,4,284.16,Delivered On-Time
1669,108,6,2026-02-27,52483.67,3,3,0,3,4,498.59,Delivered On-Time
1670,200,1,2025-06-11,6924.38,1,1,0,5,5,135.03,Delivered On-Time
1671,228,6,2025-11-20,35609.73,2,3,0,3,7,338.29,Delivered Late
1672,235,5,2026-01-26,8165.98,1,2,0,2,1,126.57,Delivered On-Time
1673,216,7,2026-04-22,7838.18,1,3,0,4,4,82.3,Delivered On-Time
1674,242,4,2025-01-29,16596.6,2,2,0,1,1,240.65,Delivered On-Time
1675,186,2,2026-03-18,27245.11,2,1,1,1,1,585.77,Delivered On-Time
1676,36,7,2025-02-23,105760.44,3,3,0,4,3,1110.48,Delivered On-Time
1677,174,4,2025-02-13,5773.04,1,2,0,1,1,83.71,Delivered On-Time
1678,9,6,2024-02-15,8349.69,1,3,0,3,2,79.32,Delivered On-Time
1679,120,1,2026-06-05,3651.79,1,1,0,5,5,71.21,Delivered On-Time
1680,105,6,2025-11-11,11258.64,2,3,0,3,3,106.96,Delivered On-Time
1681,228,7,2025-06-29,5628.58,1,3,0,4,4,59.1,Delivered On-Time
1682,255,6,2026-04-30,3787.12,1,3,0,3,7,35.98,Delivered Late
1683,62,6,2024-04-02,38504.84,2,3,0,3,3,365.8,Delivered On-Time
1684,114,3,2025-04-16,1145.14,1,1,0,1,1,24.62,Delivered On-Time
1685,253,5,2025-05-05,49465.25,2,2,0,2,5,766.71,Delivered Late
1686,56,7,2024-04-25,8895.59,1,3,0,4,4,93.4,Delivered On-Time
1687,238,1,2025-05-01,6338.36,1,1,0,5,4,123.6,Delivered On-Time
1688,96,6,2024-07-04,14066.85,2,3,0,3,3,133.64,Delivered On-Time
1689,252,7,2025-04-26,21097.33,2,3,0,4,5,221.52,Delivered On-Time
1690,110,5,2025-01-24,1786.84,1,2,0,2,1,27.7,Delivered On-Time
1691,229,4,2024-09-23,5714.72,1,2,0,1,1,82.86,Delivered On-Time
1692,252,2,2026-02-11,7305.62,1,1,0,1,2,157.07,Delivered On-Time
1693,152,7,2024-10-28,6172.32,1,3,0,4,3,64.81,Delivered On-Time
1694,68,6,2025-12-19,9358.68,1,3,0,3,3,88.91,Delivered On-Time
1695,219,1,2024-07-06,48590.4,2,1,1,5,5,947.51,Delivered On-Time
1696,233,4,2024-03-18,5718.15,1,2,0,1,2,82.91,Delivered On-Time
1697,43,7,2024-04-25,127488.33,3,3,0,4,4,1338.63,Delivered On-Time
1698,145,4,2025-08-22,9022.42,1,2,0,1,1,130.83,Delivered On-Time
1699,94,7,2026-03-18,3200.09,1,3,0,4,6,33.6,Delivered Late
1700,191,7,2024-06-11,4728.85,1,3,0,4,4,49.65,Delivered On-Time
1701,33,4,2025-09-05,1654.33,1,2,0,1,2,23.99,Delivered On-Time
1702,132,4,2025-03-18,2084.13,1,2,0,1,1,30.22,Delivered On-Time
1703,75,1,2026-02-28,9689.65,1,1,0,5,5,188.95,Delivered On-Time
1704,193,6,2024-06-30,44921.92,2,3,0,3,3,426.76,Delivered On-Time
1705,47,5,2025-12-20,2819.43,1,2,0,2,2,43.7,Delivered On-Time
1706,222,3,2024-10-24,1279.33,1,1,0,1,1,27.51,Delivered On-Time
1707,219,6,2024-10-29,8585.31,1,3,0,3,3,81.56,Delivered On-Time
1708,44,3,2024-05-22,2319.98,1,1,0,1,1,49.88,Delivered On-Time
1709,116,5,2026-03-03,1866.01,1,2,0,2,2,28.92,Delivered On-Time
1710,246,1,2026-01-16,1898.26,1,1,0,5,5,37.02,Delivered On-Time
1711,260,7,2026-01-22,2060.6,1,3,0,4,4,21.64,Delivered On-Time
1712,242,6,2024-05-10,24693.88,2,3,0,3,3,234.59,Delivered On-Time
1713,28,7,2025-02-19,820.74,1,3,0,4,4,8.62,Delivered On-Time
1714,195,7,2024-03-21,463886.92,3,3,0,4,3,4870.81,Delivered On-Time
1715,177,5,2024-12-08,2026.1,1,2,0,2,3,31.4,Delivered On-Time
1716,25,5,2024-05-02,3299.46,1,2,0,2,1,51.14,Delivered On-Time
1717,96,4,2024-08-05,35306.85,2,2,0,1,1,511.95,Delivered On-Time
1718,38,6,2025-04-13,4304.28,1,3,0,3,3,40.89,Delivered On-Time
1719,149,4,2025-01-11,96093.29,3,2,1,1,2,1393.35,Damaged
1720,153,6,2024-11-02,8140.79,1,3,0,3,3,77.34,Delivered On-Time
1721,176,6,2024-10-20,4878.84,1,3,0,3,2,46.35,Delivered On-Time
1722,69,5,2024-12-10,5763.73,1,2,0,2,2,89.34,Delivered On-Time
1723,85,7,2026-02-23,27289.72,2,3,0,4,4,286.54,Delivered On-Time
1724,148,2,2025-11-27,9754.2,1,1,0,1,1,209.72,Delivered On-Time
1725,216,4,2025-07-23,8974.58,1,2,0,1,1,130.13,Delivered On-Time
1726,57,5,2026-01-04,36825.52,2,2,0,2,1,570.8,Delivered On-Time
1727,9,4,2024-11-18,41207.76,2,2,0,1,2,597.51,Delivered On-Time
1728,2,5,2025-01-22,46518.49,2,2,0,2,1,721.04,Delivered On-Time
1729,125,6,2025-01-01,240680.09,3,3,0,3,3,2286.46,Delivered On-Time
1730,80,4,2026-04-02,31393.11,2,2,0,1,2,455.2,Delivered On-Time
1731,34,4,2024-06-11,6514.89,1,2,0,1,1,94.47,Delivered On-Time
1732,65,7,2024-08-09,11084.03,2,3,0,4,5,116.38,Delivered On-Time
1733,86,6,2024-12-21,9064.37,1,3,0,3,4,86.11,Delivered On-Time
1734,43,2,2025-10-01,6570.98,1,1,0,1,1,141.28,Delivered On-Time
1735,34,6,2024-07-08,120895.35,3,3,0,3,4,1148.51,Delivered On-Time
1736,17,1,2025-02-08,5577.14,1,1,0,5,5,108.75,Delivered On-Time
1737,138,4,2024-05-28,7622.45,1,2,0,1,1,110.53,Delivered On-Time
1738,236,7,2026-01-10,49629.74,2,3,0,4,5,521.11,Delivered On-Time
1739,28,5,2024-12-04,12901.47,2,2,0,2,3,199.97,Delivered On-Time
1740,118,5,2026-06-12,40204.5,2,2,0,2,1,623.17,Delivered On-Time
1741,176,4,2025-02-06,37677.14,2,2,0,1,1,546.32,Delivered On-Time
1742,238,5,2024-04-23,37354.23,2,2,0,2,5,578.99,Delivered Late
1743,57,6,2024-01-15,3512.28,1,3,0,3,3,33.37,Delivered On-Time
1744,121,7,2024-05-31,3753.15,1,3,0,4,6,39.41,Delivered Late
1745,106,7,2024-01-24,39123.17,2,3,0,4,4,410.79,Delivered On-Time
1746,2,2,2024-02-06,2618.45,1,1,0,1,4,56.3,Delivered Late
1747,81,3,2024-02-26,3178.36,1,1,0,1,1,68.33,Delivered On-Time
1748,96,4,2025-02-09,4867.58,1,2,0,1,1,70.58,Delivered On-Time
1749,121,7,2024-04-07,43208.72,2,3,0,4,5,453.69,Delivered Late
1750,37,5,2025-09-11,4532.83,1,2,0,2,1,70.26,Delivered On-Time
1751,162,7,2026-06-14,1426.75,1,3,0,4,4,14.98,Delivered On-Time
1752,130,5,2025-10-21,8288.17,1,2,0,2,2,128.47,Delivered On-Time
1753,255,3,2024-02-09,3573.48,1,1,0,1,2,76.83,Delivered On-Time
1754,44,5,2025-05-19,3475.13,1,2,0,2,2,53.86,Delivered On-Time
1755,147,6,2026-05-13,91785.67,3,3,0,3,2,871.96,Delivered On-Time
1756,119,5,2025-06-26,41763.01,2,2,0,2,1,647.33,Delivered On-Time
1757,16,3,2024-07-09,8161.09,1,1,0,1,1,175.46,Delivered On-Time
1758,159,6,2025-12-17,5447.35,1,3,0,3,3,51.75,Delivered On-Time
1759,68,3,2026-02-17,5792.18,1,1,0,1,2,124.53,Delivered On-Time
1760,60,3,2024-11-18,3460.77,1,1,0,1,2,74.41,Delivered On-Time
1761,91,7,2026-01-31,81852.79,3,3,0,4,4,859.45,Delivered On-Time
1762,167,6,2024-04-28,49164.87,2,3,0,3,3,467.07,Delivered On-Time
1763,75,7,2025-01-06,360959.97,3,3,0,4,4,3790.08,Delivered On-Time
1764,67,6,2025-10-01,45541.44,2,3,0,3,4,432.64,Delivered On-Time
1765,176,7,2026-06-11,9963.81,1,3,0,4,4,104.62,Delivered On-Time
1766,232,1,2026-06-24,4369.63,1,1,0,5,6,85.21,Delivered On-Time
1767,106,6,2026-01-23,10957.73,2,3,0,3,4,104.1,Delivered On-Time
1768,113,6,2025-04-23,12988.14,2,3,0,3,3,123.39,Delivered On-Time
1769,177,5,2026-04-03,8197.72,1,2,0,2,2,127.06,Delivered On-Time
1770,130,7,2026-05-08,43465.85,2,3,0,4,5,456.39,Delivered Late
1771,83,7,2024-06-22,11201.4,2,3,0,4,4,117.61,Delivered On-Time
1772,37,6,2025-07-17,34789.17,2,3,0,3,3,330.5,Delivered On-Time
1773,148,6,2025-03-28,5927.83,1,3,0,3,3,56.31,Delivered On-Time
1774,19,4,2025-10-26,526.26,1,2,0,1,1,7.63,Delivered On-Time
1775,12,1,2025-04-11,3960.58,1,1,0,5,4,77.23,Delivered On-Time
1776,147,7,2025-05-05,2217.12,1,3,0,4,5,23.28,Delivered On-Time
1777,12,6,2025-01-02,34071.7,2,3,0,3,2,323.68,Delivered On-Time
1778,29,7,2025-05-03,4769.81,1,3,0,4,3,50.08,Delivered On-Time
1779,45,5,2025-12-12,31686.89,2,2,0,2,1,491.15,Delivered On-Time
1780,114,1,2025-06-29,1905.39,1,1,0,5,4,37.16,Delivered On-Time
1781,237,2,2026-06-07,6926.04,1,1,0,1,1,148.91,Delivered On-Time
1782,213,1,2025-04-29,7839.36,1,1,0,5,6,152.87,Delivered On-Time
1783,51,6,2026-01-09,8829.45,1,3,0,3,2,83.88,Delivered On-Time
1784,175,5,2025-08-21,5751.46,1,2,0,2,2,89.15,Delivered On-Time
1785,245,6,2025-06-12,36566.53,2,3,0,3,3,347.38,Delivered On-Time
1786,59,5,2025-11-22,9130.42,1,2,0,2,2,141.52,Delivered On-Time
1787,86,4,2024-12-06,34341.01,2,2,0,1,1,497.94,Delivered On-Time
1788,146,5,2024-11-17,4992.0,1,2,0,2,1,77.38,Delivered On-Time
1789,189,5,2024-02-22,16559.72,2,2,0,2,2,256.68,Delivered On-Time
1790,159,6,2024-11-28,8686.98,1,3,0,3,4,82.53,Delivered Late
1791,48,7,2024-03-26,1554.66,1,3,0,4,3,16.32,Delivered On-Time
1792,165,7,2025-06-25,63793.29,3,3,0,4,4,669.83,Delivered On-Time
1793,45,7,2024-11-24,40445.98,2,3,0,4,4,424.68,Delivered On-Time
1794,69,6,2025-04-04,116550.85,3,3,0,3,3,1107.23,Delivered On-Time
1795,58,3,2026-01-06,1654.11,1,1,0,1,1,35.56,Delivered On-Time
1796,158,6,2024-11-07,37118.96,2,3,0,3,4,352.63,Delivered On-Time
1797,119,5,2024-02-17,19745.66,2,2,0,2,3,306.06,Lost
1798,132,1,2025-12-21,5360.88,1,1,0,5,5,104.54,Delivered On-Time
1799,83,4,2024-01-14,506.39,1,2,0,1,2,7.34,Delivered On-Time
1800,193,5,2025-01-29,3287.06,1,2,0,2,2,50.95,Delivered On-Time
1801,257,7,2024-10-31,126834.79,3,3,0,4,4,1331.77,Delivered On-Time
1802,69,2,2024-04-17,8305.12,1,1,0,1,1,178.56,Delivered On-Time
1803,213,5,2025-02-06,35705.14,2,2,0,2,4,553.43,Delivered Late
1804,238,7,2025-10-14,87318.84,3,3,0,4,4,916.85,Delivered On-Time
1805,160,5,2025-07-09,6649.06,1,2,0,2,1,103.06,Delivered On-Time
1806,229,4,2024-04-23,5056.02,1,2,0,1,1,73.31,Delivered On-Time
1807,255,3,2024-04-20,1109.9,1,1,0,1,1,23.86,Delivered On-Time
1808,239,4,2024-06-10,3582.66,1,2,0,1,2,51.95,Delivered Late
1809,15,7,2025-07-23,37546.2,2,3,0,4,4,394.24,Delivered On-Time
1810,173,3,2026-05-15,6064.09,1,1,0,1,1,130.38,Delivered On-Time
1811,166,2,2024-08-18,43062.42,2,1,1,1,2,925.84,Delivered On-Time
1812,105,4,2026-05-13,37715.74,2,2,0,1,1,546.88,Delivered On-Time
1813,71,7,2026-02-15,750.45,1,3,0,4,3,7.88,Delivered On-Time
1814,82,3,2026-02-06,9815.85,1,1,0,1,1,211.04,Delivered On-Time
1815,192,4,2025-03-10,3657.33,1,2,0,1,2,53.03,Delivered On-Time
1816,173,6,2026-06-18,520.57,1,3,0,3,3,4.95,Delivered On-Time
1817,207,4,2025-01-16,12643.0,2,2,0,1,1,183.32,Delivered On-Time
1818,63,4,2026-06-05,13514.1,2,2,0,1,1,195.95,Delivered On-Time
1819,205,6,2024-06-01,7439.31,1,3,0,3,2,70.67,Delivered On-Time
1820,164,6,2026-03-04,5510.1,1,3,0,3,3,52.35,Delivered On-Time
1821,92,4,2025-04-25,4588.17,1,2,0,1,1,66.53,Delivered On-Time
1822,46,5,2026-06-23,5909.43,1,2,0,2,1,91.6,Delivered On-Time
1823,97,3,2025-05-09,6193.37,1,1,0,1,1,133.16,Delivered On-Time
1824,114,4,2026-04-04,7242.02,1,2,0,1,1,105.01,Delivered On-Time
1825,80,7,2024-09-16,8495.83,1,3,0,4,4,89.21,Delivered On-Time
1826,217,3,2025-12-30,2321.43,1,1,0,1,2,49.91,Delivered On-Time
1827,96,1,2024-02-10,4107.11,1,1,0,5,6,80.09,Delivered On-Time
1828,237,1,2025-09-04,16083.38,2,1,1,5,5,313.63,Delivered On-Time
1829,51,7,2025-07-25,1913.64,1,3,0,4,5,20.09,Delivered On-Time
1830,94,6,2025-10-13,26345.75,2,3,0,3,3,250.28,Delivered On-Time
1831,51,6,2025-04-06,78678.15,3,3,0,3,5,747.44,Delivered Late
1832,44,6,2024-02-13,279796.78,3,3,0,3,2,2658.07,Delivered On-Time
1833,38,3,2026-06-16,1783.75,1,1,0,1,1,38.35,Delivered On-Time
1834,23,4,2025-10-03,3422.57,1,2,0,1,1,49.63,Delivered On-Time
1835,53,2,2026-04-09,7805.93,1,1,0,1,5,167.83,Delivered Late
1836,151,7,2024-02-02,2183.55,1,3,0,4,5,22.93,Delivered On-Time
1837,47,5,2025-08-05,40765.32,2,2,0,2,2,631.86,Delivered On-Time
1838,53,2,2024-07-15,1003.83,1,1,0,1,1,21.58,Delivered On-Time
1839,241,3,2025-02-24,592.41,1,1,0,1,1,12.74,Delivered On-Time
1840,242,7,2025-03-07,60573.17,3,3,0,4,5,636.02,Delivered On-Time
1841,126,5,2024-08-05,33492.66,2,2,0,2,3,519.14,Delivered On-Time
1842,168,3,2024-09-29,7746.85,1,1,0,1,1,166.56,Delivered On-Time
1843,222,4,2024-11-09,34877.31,2,2,0,1,1,505.72,Delivered On-Time
1844,103,1,2025-02-10,4756.95,1,1,0,5,4,92.76,Delivered On-Time
1845,79,5,2025-04-22,18719.03,2,2,0,2,2,290.14,Delivered On-Time
1846,232,2,2024-01-01,8742.9,1,1,0,1,2,187.97,Delivered On-Time
1847,248,5,2024-02-19,4460.1,1,2,0,2,1,69.13,Delivered On-Time
1848,13,5,2025-01-08,6944.92,1,2,0,2,2,107.65,Delivered On-Time
1849,99,6,2025-03-23,18122.84,2,3,0,3,3,172.17,Delivered On-Time
1850,82,7,2024-08-04,109434.87,3,3,0,4,3,1149.07,Delivered On-Time
1851,169,3,2026-04-13,5052.28,1,1,0,1,2,108.62,Delivered On-Time
1852,51,5,2024-07-25,4928.2,1,2,0,2,2,76.39,Delivered On-Time
1853,176,7,2026-01-11,38859.16,2,3,0,4,5,408.02,Delivered On-Time
1854,19,4,2025-05-06,7144.12,1,2,0,1,1,103.59,Delivered On-Time
1855,106,4,2025-05-09,3985.41,1,2,0,1,1,57.79,Delivered On-Time
1856,15,3,2025-05-02,4895.84,1,1,0,1,1,105.26,Delivered On-Time
1857,25,5,2026-04-20,12711.13,2,2,0,2,3,197.02,Delivered On-Time
1858,190,2,2024-02-05,9445.37,1,1,0,1,1,203.08,Delivered On-Time
1859,227,7,2025-05-16,35722.76,2,3,0,4,3,375.09,Delivered On-Time
1860,127,3,2025-06-30,7933.87,1,1,0,1,2,170.58,Delivered On-Time
1861,40,5,2026-02-18,15574.06,2,2,0,2,3,241.4,Delivered On-Time
1862,227,5,2024-05-29,26848.85,2,2,0,2,1,416.16,Delivered On-Time
1863,104,6,2025-12-20,13258.36,2,3,0,3,3,125.95,Delivered On-Time
1864,230,7,2024-08-09,590.31,1,3,0,4,4,6.2,Delivered On-Time
1865,82,5,2026-06-28,43663.4,2,2,0,2,6,676.78,Delivered Late
1866,230,4,2025-11-17,3110.4,1,2,0,1,1,45.1,Delivered On-Time
1867,188,5,2024-12-11,27476.2,2,2,0,2,2,425.88,Delivered On-Time
1868,251,3,2025-04-17,9095.82,1,1,0,1,1,195.56,Delivered On-Time
1869,33,6,2025-03-25,36817.14,2,3,0,3,3,349.76,Delivered On-Time
1870,114,7,2025-09-02,2506.2,1,3,0,4,5,26.32,Delivered On-Time
1871,192,5,2025-10-08,11903.74,2,2,0,2,6,184.51,Delivered Late
1872,256,4,2025-08-24,28243.41,2,2,0,1,2,409.53,Delivered On-Time
1873,178,1,2025-06-07,115633.96,3,1,1,5,4,2254.86,Delivered On-Time
1874,227,6,2025-09-20,40488.07,2,3,0,3,2,384.64,Delivered On-Time
1875,243,5,2024-10-15,12794.29,2,2,0,2,3,198.31,Delivered On-Time
1876,258,7,2026-05-11,221553.55,3,3,0,4,4,2326.31,Delivered On-Time
1877,94,1,2025-05-01,99479.44,3,1,1,5,4,1939.85,Delivered On-Time
1878,112,6,2024-06-29,7042.21,1,3,0,3,5,66.9,Delivered Late
1879,161,3,2024-11-27,6340.06,1,1,0,1,1,136.31,Delivered On-Time
1880,150,1,2025-01-14,2696.87,1,1,0,5,6,52.59,Delivered On-Time
1881,226,3,2025-10-02,2706.15,1,1,0,1,1,58.18,Delivered On-Time
1882,164,1,2024-02-29,1255.25,1,1,0,5,6,24.48,Delivered On-Time
1883,20,2,2025-10-26,4995.7,1,1,0,1,1,107.41,Delivered On-Time
1884,162,7,2026-04-30,43906.83,2,3,0,4,4,461.02,Delivered On-Time
1885,222,2,2024-04-16,9969.62,1,1,0,1,1,214.35,Delivered On-Time
1886,130,6,2025-04-19,115941.01,3,3,0,3,2,1101.44,Delivered On-Time
1887,93,1,2026-02-18,6884.82,1,1,0,5,6,134.25,Delivered On-Time
1888,230,6,2024-04-12,91108.13,3,3,0,3,3,865.53,Delivered On-Time
1889,216,7,2024-10-02,558.19,1,3,0,4,5,5.86,Delivered On-Time
1890,216,5,2025-07-01,4935.69,1,2,0,2,2,76.5,Delivered On-Time
1891,41,4,2024-08-02,31435.94,2,2,0,1,1,455.82,Delivered On-Time
1892,14,7,2026-04-10,2722.65,1,3,0,4,3,28.59,Delivered On-Time
1893,246,6,2026-05-28,145120.76,3,3,0,3,2,1378.65,Delivered On-Time
1894,45,1,2025-03-20,4165.25,1,1,0,5,6,81.22,Delivered On-Time
1895,41,2,2024-05-16,5441.21,1,1,0,1,1,116.99,Delivered On-Time
1896,156,4,2025-09-04,3586.13,1,2,0,1,1,52.0,Delivered On-Time
1897,88,6,2026-04-13,6074.32,1,3,0,3,4,57.71,Delivered On-Time
1898,107,4,2025-04-19,40216.73,2,2,0,1,1,583.14,Delivered On-Time
1899,247,1,2024-02-11,514.61,1,1,0,5,4,10.03,Delivered On-Time
1900,19,5,2026-01-16,2946.73,1,2,0,2,3,45.67,Delivered On-Time
1901,229,4,2024-01-31,13646.25,2,2,0,1,1,197.87,Delivered On-Time
1902,205,4,2024-02-19,4227.93,1,2,0,1,1,61.3,Delivered On-Time
1903,72,5,2025-07-05,44674.07,2,2,0,2,3,692.45,Delivered On-Time
1904,36,5,2024-02-13,27627.95,2,2,0,2,3,428.23,Delivered On-Time
1905,194,1,2024-04-04,7513.39,1,1,0,5,4,146.51,Delivered On-Time
1906,120,7,2024-03-20,7558.55,1,3,0,4,4,79.36,Delivered On-Time
1907,17,4,2024-08-10,8545.44,1,2,0,1,1,123.91,Delivered On-Time
1908,117,7,2026-05-10,868.28,1,3,0,4,4,9.12,Delivered On-Time
1909,75,2,2024-09-10,4176.6,1,1,0,1,1,89.8,Delivered On-Time
1910,56,2,2026-04-05,2966.64,1,1,0,1,3,63.78,Delivered Late
1911,87,4,2025-04-13,49374.02,2,2,0,1,1,715.92,Delivered On-Time
1912,44,6,2024-02-20,17253.34,2,3,0,3,4,163.91,Delivered Late
1913,119,4,2025-01-26,5265.91,1,2,0,1,2,76.36,Delivered On-Time
1914,234,4,2025-05-24,4594.36,1,2,0,1,2,66.62,Delivered On-Time
1915,30,7,2026-06-05,53578.34,3,3,0,4,3,562.57,Delivered On-Time
1916,15,4,2024-01-24,36284.48,2,2,0,1,1,526.12,Delivered On-Time
1917,186,6,2025-02-25,124868.19,3,3,0,3,4,1186.25,Damaged
1918,72,7,2025-05-04,13897.65,2,3,0,4,4,145.93,Delivered On-Time
1919,29,6,2024-04-07,39053.09,2,3,0,3,3,371.0,Delivered On-Time
1920,258,5,2024-10-12,18100.67,2,2,0,2,2,280.56,Delivered On-Time
1921,259,4,2024-11-27,9472.79,1,2,0,1,1,137.36,Delivered On-Time
1922,203,5,2025-12-20,40800.16,2,2,0,2,2,632.4,Delivered On-Time
1923,254,6,2024-02-19,4166.37,1,3,0,3,3,39.58,Delivered On-Time
1924,62,7,2024-04-04,9541.11,1,3,0,4,4,100.18,Delivered On-Time
1925,202,6,2025-04-22,9336.56,1,3,0,3,3,88.7,Delivered On-Time
1926,91,3,2024-01-18,1141.31,1,1,0,1,2,24.54,Delivered Late
1927,214,1,2026-04-20,9489.13,1,1,0,5,7,185.04,Delivered Late
1928,72,6,2025-03-22,139970.92,3,3,0,3,4,1329.72,Delivered On-Time
1929,119,5,2024-03-18,2613.45,1,2,0,2,3,40.51,Delivered On-Time
1930,121,6,2025-08-15,21899.1,2,3,0,3,3,208.04,Delivered On-Time
1931,249,7,2024-12-29,19573.69,2,3,0,4,5,205.52,Delivered On-Time
1932,4,6,2025-12-21,9100.39,1,3,0,3,4,86.45,Delivered Late
1933,32,7,2024-07-07,33643.3,2,3,0,4,4,353.25,Delivered On-Time
1934,170,5,2025-11-10,35853.33,2,2,0,2,2,555.73,Delivered On-Time
1935,33,6,2026-02-21,122350.36,3,3,0,3,3,1162.33,Delivered On-Time
1936,178,4,2025-08-28,23812.05,2,2,0,1,1,345.27,Delivered On-Time
1937,8,4,2024-01-16,6700.69,1,2,0,1,1,97.16,Delivered On-Time
1938,71,6,2025-09-24,149460.56,3,3,0,3,3,1419.88,Delivered On-Time
1939,177,5,2024-04-08,6339.12,1,2,0,2,1,98.26,Delivered On-Time
1940,228,6,2024-12-07,7346.9,1,3,0,3,4,69.8,Delivered On-Time
1941,207,6,2026-05-14,22401.54,2,3,0,3,3,212.81,Delivered On-Time
1942,12,4,2025-02-19,5654.98,1,2,0,1,2,82.0,Delivered On-Time
1943,195,7,2024-06-16,64626.75,3,3,0,4,5,678.58,Delivered On-Time
1944,213,4,2024-05-15,39492.17,2,2,0,1,1,572.64,Delivered On-Time
1945,245,1,2024-02-14,426758.34,3,1,1,5,5,8321.79,Delivered On-Time
1946,18,4,2026-05-08,21356.38,2,2,0,1,2,309.67,Delivered On-Time
1947,160,1,2024-02-10,1923.47,1,1,0,5,5,37.51,Delivered On-Time
1948,10,6,2026-02-14,87323.54,3,3,0,3,3,829.57,Delivered On-Time
1949,12,3,2025-10-08,3469.99,1,1,0,1,1,74.6,Delivered On-Time
1950,58,2,2024-05-30,883.13,1,1,0,1,1,18.99,Delivered On-Time
1951,24,1,2025-04-15,3485.42,1,1,0,5,5,67.97,Delivered On-Time
1952,165,4,2026-01-11,3182.01,1,2,0,1,1,46.14,Delivered On-Time
1953,223,6,2024-02-27,5657.45,1,3,0,3,3,53.75,Delivered On-Time
1954,127,3,2026-05-22,2371.85,1,1,0,1,1,50.99,Delivered On-Time
1955,230,6,2024-06-16,127746.56,3,3,0,3,3,1213.59,Delivered On-Time
1956,173,3,2026-02-02,6852.08,1,1,0,1,1,147.32,Delivered On-Time
1957,239,6,2025-07-28,47751.5,2,3,0,3,3,453.64,Delivered On-Time
1958,220,5,2026-06-17,7415.44,1,2,0,2,1,114.94,Delivered On-Time
1959,115,1,2025-01-04,12821.14,2,1,1,5,4,250.01,Delivered On-Time
1960,193,7,2025-11-14,1607.54,1,3,0,4,3,16.88,Delivered On-Time
1961,158,6,2025-08-16,134486.47,3,3,0,3,2,1277.62,Delivered On-Time
1962,243,6,2025-09-16,218344.28,3,3,0,3,3,2074.27,Delivered On-Time
1963,210,5,2025-10-24,4190.98,1,2,0,2,2,64.96,Delivered On-Time
1964,104,3,2026-02-19,34267.3,2,1,1,1,1,736.75,Delivered On-Time
1965,250,1,2026-04-28,43245.56,2,1,1,5,6,843.29,Delivered On-Time
1966,68,4,2024-11-01,8689.15,1,2,0,1,1,125.99,Delivered On-Time
1967,94,5,2024-12-16,14177.03,2,2,0,2,1,219.74,Delivered On-Time
1968,183,3,2025-07-26,3970.76,1,1,0,1,1,85.37,Delivered On-Time
1969,177,7,2025-02-28,25933.68,2,3,0,4,5,272.3,Delivered Late
1970,128,1,2026-04-23,7567.69,1,1,0,5,4,147.57,Delivered On-Time
1971,239,7,2025-08-09,47722.05,2,3,0,4,4,501.08,Delivered On-Time
1972,92,4,2025-04-02,31666.31,2,2,0,1,1,459.16,Delivered On-Time
1973,165,7,2026-01-28,104396.6,3,3,0,4,4,1096.16,Delivered On-Time
1974,247,6,2024-02-25,93944.84,3,3,0,3,2,892.48,Delivered On-Time
1975,249,7,2024-06-14,43124.63,2,3,0,4,4,452.81,Delivered On-Time
1976,38,3,2024-05-21,1636.6,1,1,0,1,1,35.19,Damaged
1977,188,4,2024-05-27,6895.6,1,2,0,1,2,99.99,Delivered On-Time
1978,254,5,2024-06-09,32391.8,2,2,0,2,2,502.07,Delivered On-Time
1979,172,6,2024-10-04,49093.84,2,3,0,3,2,466.39,Delivered On-Time
1980,56,6,2025-06-12,3216.72,1,3,0,3,2,30.56,Delivered On-Time
1981,49,4,2026-04-30,9162.66,1,2,0,1,2,132.86,Delivered On-Time
1982,163,5,2025-02-11,8216.38,1,2,0,2,2,127.35,Delivered On-Time
1983,238,5,2025-08-13,49104.16,2,2,0,2,2,761.11,Delivered On-Time
1984,251,7,2026-05-12,1585.17,1,3,0,4,4,16.64,Delivered On-Time
1985,205,5,2026-01-07,33762.0,2,2,0,2,3,523.31,Delivered On-Time
1986,1,5,2026-05-17,4286.85,1,2,0,2,1,66.45,Delivered On-Time
1987,49,7,2025-03-04,148177.13,3,3,0,4,4,1555.86,Delivered On-Time
1988,165,6,2026-02-13,8465.4,1,3,0,3,4,80.42,Delivered On-Time
1989,39,4,2024-10-02,4070.98,1,2,0,1,1,59.03,Delivered On-Time
1990,254,6,2024-01-20,7221.8,1,3,0,3,7,68.61,Delivered Late
1991,104,7,2025-08-08,10204.68,2,3,0,4,4,107.15,Delivered On-Time
1992,11,4,2025-07-12,46433.3,2,2,0,1,1,673.28,Delivered On-Time
1993,22,7,2026-05-13,92475.42,3,3,0,4,4,970.99,Delivered On-Time
1994,147,6,2024-11-10,31414.02,2,3,0,3,2,298.43,Delivered On-Time
1995,136,5,2026-04-13,8362.49,1,2,0,2,2,129.62,Delivered On-Time
1996,69,2,2026-04-20,3670.41,1,1,0,1,1,78.91,Delivered On-Time
1997,70,4,2024-07-24,18563.3,2,2,0,1,1,269.17,Delivered On-Time
1998,137,3,2024-02-09,2665.39,1,1,0,1,1,57.31,Delivered On-Time
1999,221,5,2024-03-04,12755.0,2,2,0,2,2,197.7,Delivered On-Time
2000,166,5,2024-02-28,4150.05,1,2,0,2,3,64.33,Delivered On-Time
2001,240,7,2025-05-30,218094.8,3,3,0,4,4,2290.0,Delivered On-Time
2002,39,6,2025-01-07,36993.03,2,3,0,3,7,351.43,Delivered Late
2003,52,3,2025-03-05,5486.25,1,1,0,1,1,117.95,Delivered On-Time
2004,221,7,2025-11-25,3957.95,1,3,0,4,5,41.56,Delivered On-Time
2005,217,5,2024-08-19,921.98,1,2,0,2,1,14.29,Delivered On-Time
2006,105,5,2026-06-14,1261.63,1,2,0,2,1,19.56,Delivered On-Time
2007,214,1,2025-07-22,46879.4,2,1,1,5,5,914.15,Delivered On-Time
2008,47,2,2024-01-20,867.1,1,1,0,1,3,18.64,Delivered Late
2009,179,7,2024-01-18,29045.76,2,3,0,4,5,304.98,Lost
2010,202,2,2026-01-12,41766.02,2,1,1,1,1,897.97,Delivered On-Time
2011,238,5,2025-08-15,9790.11,1,2,0,2,1,151.75,Delivered On-Time
2012,172,6,2026-01-02,3244.52,1,3,0,3,3,30.82,Delivered On-Time
2013,235,6,2024-09-28,9366.06,1,3,0,3,2,88.98,Delivered On-Time
2014,107,6,2024-02-11,406546.87,3,3,0,3,4,3862.2,Delivered On-Time
2015,71,7,2025-12-02,20372.59,2,3,0,4,6,213.91,Delivered Late
2016,159,7,2024-11-06,15148.62,2,3,0,4,5,159.06,Delivered On-Time
2017,194,4,2026-04-22,2454.22,1,2,0,1,1,35.59,Delivered On-Time
2018,33,6,2026-02-23,1573.43,1,3,0,3,2,14.95,Delivered On-Time
2019,211,5,2025-12-05,8720.42,1,2,0,2,2,135.17,Delivered On-Time
2020,117,5,2024-09-12,45848.21,2,2,0,2,1,710.65,Delivered On-Time
2021,14,5,2024-07-26,4376.22,1,2,0,2,2,67.83,Delivered On-Time
2022,50,4,2025-12-11,5087.29,1,2,0,1,3,73.77,Delivered Late
2023,238,7,2024-04-16,3785.64,1,3,0,4,6,39.75,Delivered Late
2024,38,4,2024-12-10,36455.06,2,2,0,1,1,528.6,Delivered On-Time
2025,40,4,2025-12-22,1522.5,1,2,0,1,5,22.08,Delivered Late
2026,42,5,2024-12-17,5330.44,1,2,0,2,1,82.62,Delivered On-Time
2027,89,7,2025-12-15,146749.67,3,3,0,4,5,1540.87,Delivered On-Time
2028,173,3,2025-04-30,7483.66,1,1,0,1,2,160.9,Delivered On-Time
2029,137,7,2024-04-08,6955.72,1,3,0,4,3,73.04,Delivered On-Time
2030,34,4,2025-03-22,1407.12,1,2,0,1,1,20.4,Delivered On-Time
2031,14,3,2026-01-13,3945.51,1,1,0,1,3,84.83,Delivered Late
2032,237,5,2026-01-09,1643.52,1,2,0,2,1,25.47,Delivered On-Time
2033,180,4,2025-11-05,16443.37,2,2,0,1,2,238.43,Delivered On-Time
2034,69,3,2025-11-23,5524.35,1,1,0,1,1,118.77,Delivered On-Time
2035,100,5,2024-09-27,8351.28,1,2,0,2,3,129.44,Delivered On-Time
2036,168,7,2025-02-21,120376.54,3,3,0,4,4,1263.95,Delivered On-Time
2037,74,7,2025-04-01,84807.89,3,3,0,4,5,890.48,Delivered On-Time
2038,202,5,2025-05-09,4520.48,1,2,0,2,3,70.07,Delivered On-Time
2039,84,3,2024-04-18,7313.85,1,1,0,1,1,157.25,Delivered On-Time
2040,168,1,2024-05-04,314456.77,3,1,1,5,5,6131.91,Delivered On-Time
2041,95,6,2025-04-05,9462.48,1,3,0,3,2,89.89,Delivered On-Time
2042,142,3,2024-03-28,50858.63,3,1,1,1,1,1093.46,Delivered On-Time
2043,11,1,2025-11-30,9234.56,1,1,0,5,4,180.07,Delivered On-Time
2044,230,7,2024-12-06,64116.89,3,3,0,4,3,673.23,Delivered On-Time
2045,22,3,2026-02-08,2002.14,1,1,0,1,2,43.05,Delivered On-Time
2046,36,2,2024-11-21,3686.52,1,1,0,1,1,79.26,Delivered On-Time
2047,100,7,2024-07-27,2751.85,1,3,0,4,4,28.89,Delivered On-Time
2048,253,5,2025-05-03,9673.75,1,2,0,2,2,149.94,Delivered On-Time
2049,11,6,2024-12-18,33347.1,2,3,0,3,3,316.8,Delivered On-Time
2050,105,2,2026-02-20,3589.93,1,1,0,1,1,77.18,Delivered On-Time
2051,67,6,2025-12-20,121160.35,3,3,0,3,6,1151.02,Delivered Late
2052,246,4,2025-03-01,7390.51,1,2,0,1,2,107.16,Delivered On-Time
2053,189,6,2026-01-05,1884.35,1,3,0,3,7,17.9,Delivered Late
2054,143,6,2025-03-15,30330.26,2,3,0,3,4,288.14,Delivered On-Time
2055,26,1,2025-12-09,6833.1,1,1,0,5,4,133.25,Delivered On-Time
2056,160,4,2026-06-12,36872.46,2,2,0,1,1,534.65,Delivered On-Time
2057,132,6,2025-08-25,19650.1,2,3,0,3,3,186.68,Delivered On-Time
2058,119,7,2025-05-15,6984.47,1,3,0,4,4,73.34,Delivered On-Time
2059,202,7,2024-02-08,88371.23,3,3,0,4,5,927.9,Delivered On-Time
2060,247,7,2025-11-15,3890.3,1,3,0,4,4,40.85,Delivered On-Time
2061,182,3,2025-08-06,33213.31,2,1,1,1,2,714.09,Delivered On-Time
2062,124,7,2024-03-22,35511.97,2,3,0,4,3,372.88,Delivered On-Time
2063,32,4,2024-05-02,48415.57,2,2,0,1,1,702.03,Delivered On-Time
2064,191,7,2024-01-30,48991.88,2,3,0,4,3,514.41,Delivered On-Time
2065,247,5,2024-01-14,2843.97,1,2,0,2,3,44.08,Delivered On-Time
2066,13,2,2025-10-25,48574.34,2,1,1,1,1,1044.35,Delivered On-Time
2067,119,1,2026-06-24,1109.54,1,1,0,5,4,21.64,Delivered On-Time
2068,24,7,2024-11-09,7681.78,1,3,0,4,4,80.66,Delivered On-Time
2069,244,6,2025-03-23,94786.18,3,3,0,3,3,900.47,Delivered On-Time
2070,185,3,2024-05-01,7725.93,1,1,0,1,2,166.11,Delivered On-Time
2071,249,6,2025-05-20,388824.59,3,3,0,3,4,3693.83,Delivered On-Time
2072,159,5,2024-12-23,6581.89,1,2,0,2,3,102.02,Delivered On-Time
2073,233,5,2025-11-18,9747.07,1,2,0,2,6,151.08,Delivered Late
2074,39,6,2025-06-16,1743.49,1,3,0,3,4,16.56,Delivered On-Time
2075,152,5,2025-12-31,5790.9,1,2,0,2,2,89.76,Delivered On-Time
2076,76,1,2026-04-04,512.51,1,1,0,5,5,9.99,Delivered On-Time
2077,68,1,2026-01-10,3625.38,1,1,0,5,6,70.69,Delivered On-Time
2078,76,7,2024-03-22,8653.66,1,3,0,4,5,90.86,Delivered On-Time
2079,167,2,2024-11-18,9533.05,1,1,0,1,1,204.96,Delivered On-Time
2080,95,5,2025-11-14,646.56,1,2,0,2,2,10.02,Delivered On-Time
2081,140,7,2025-12-14,18212.97,2,3,0,4,4,191.24,Delivered On-Time
2082,87,6,2026-01-23,31984.0,2,3,0,3,3,303.85,Delivered On-Time
2083,213,5,2025-05-24,7774.73,1,2,0,2,6,120.51,Delivered Late
2084,85,5,2024-07-24,1337.69,1,2,0,2,1,20.73,Delivered On-Time
2085,50,4,2025-01-22,9681.91,1,2,0,1,1,140.39,Delivered On-Time
2086,194,7,2024-07-03,39360.96,2,3,0,4,4,413.29,Delivered On-Time
2087,69,4,2024-11-21,39736.01,2,2,0,1,4,576.17,Lost
2088,111,7,2025-02-02,6823.92,1,3,0,4,3,71.65,Delivered On-Time
2089,144,2,2025-08-15,6910.02,1,1,0,1,1,148.57,Delivered On-Time
2090,125,7,2025-01-31,9343.44,1,3,0,4,4,98.11,Delivered On-Time
2091,57,7,2025-12-07,2673.16,1,3,0,4,4,28.07,Delivered On-Time
2092,189,1,2026-04-13,3931.13,1,1,0,5,4,76.66,Delivered On-Time
2093,28,1,2026-01-12,6755.24,1,1,0,5,5,131.73,Delivered On-Time
2094,44,5,2026-03-28,674.35,1,2,0,2,2,10.45,Delivered On-Time
2095,88,3,2025-02-18,42323.83,2,1,1,1,1,909.96,Delivered On-Time
2096,146,7,2026-05-24,8599.56,1,3,0,4,4,90.3,Delivered On-Time
2097,26,5,2026-01-27,9240.82,1,2,0,2,2,143.23,Delivered On-Time
2098,7,4,2025-10-08,5700.46,1,2,0,1,2,82.66,Delivered On-Time
2099,225,4,2025-12-18,3103.3,1,2,0,1,1,45.0,Delivered On-Time
2100,24,3,2026-03-05,149373.95,3,1,1,1,1,3211.54,Delivered On-Time
2101,130,1,2025-11-15,4813.0,1,1,0,5,5,93.85,Delivered On-Time
2102,144,6,2024-09-06,36021.36,2,3,0,3,3,342.2,Delivered On-Time
2103,86,4,2025-12-02,82766.09,3,2,1,1,1,1200.11,Delivered On-Time
2104,219,4,2024-09-28,25059.61,2,2,0,1,1,363.36,Delivered On-Time
2105,71,6,2025-04-09,3843.7,1,3,0,3,4,36.52,Delivered On-Time
2106,191,6,2025-01-13,16120.64,2,3,0,3,3,153.15,Delivered On-Time
2107,127,6,2025-10-06,147225.19,3,3,0,3,3,1398.64,Delivered On-Time
2108,179,7,2024-01-13,34797.96,2,3,0,4,4,365.38,Delivered On-Time
2109,56,5,2024-10-31,3848.77,1,2,0,2,3,59.66,Delivered On-Time
2110,9,6,2024-03-10,62330.68,3,3,0,3,3,592.14,Delivered On-Time
2111,161,4,2025-05-24,8537.44,1,2,0,1,3,123.79,Delivered Late
2112,233,1,2024-07-01,8452.96,1,1,0,5,5,164.83,Delivered On-Time
2113,173,7,2025-01-09,23562.94,2,3,0,4,3,247.41,Delivered On-Time
2114,84,6,2024-04-01,7770.93,1,3,0,3,2,73.82,Delivered On-Time
2115,224,2,2024-06-08,3043.77,1,1,0,1,2,65.44,Delivered On-Time
2116,210,3,2024-11-18,562.26,1,1,0,1,1,12.09,Delivered On-Time
2117,114,4,2024-06-15,2665.81,1,2,0,1,2,38.65,Delivered On-Time
2118,33,6,2024-01-12,53010.24,3,3,0,3,3,503.6,Delivered On-Time
2119,102,1,2025-07-10,6336.36,1,1,0,5,5,123.56,Delivered On-Time
2120,89,1,2024-08-28,6841.71,1,1,0,5,5,133.41,Damaged
2121,55,7,2024-05-31,2795.86,1,3,0,4,4,29.36,Delivered On-Time
2122,232,3,2024-05-22,9898.93,1,1,0,1,1,212.83,Delivered On-Time
2123,20,5,2025-11-19,2954.19,1,2,0,2,2,45.79,Delivered On-Time
2124,97,2,2025-12-22,624.49,1,1,0,1,1,13.43,Delivered On-Time
2125,87,1,2025-11-21,41833.02,2,1,1,5,5,815.74,Delivered On-Time
2126,208,6,2024-05-14,3867.97,1,3,0,3,3,36.75,Delivered On-Time
2127,184,3,2026-04-16,4889.07,1,1,0,1,1,105.12,Delivered On-Time
2128,111,1,2025-02-21,2653.31,1,1,0,5,6,51.74,Delivered Late
2129,97,5,2024-02-19,1313.57,1,2,0,2,3,20.36,Delivered On-Time
2130,205,1,2025-11-04,82977.57,3,1,1,5,8,1618.06,Damaged
2131,119,4,2024-01-27,20259.19,2,2,0,1,1,293.76,Delivered On-Time
2132,187,3,2025-04-29,7339.38,1,1,0,1,1,157.8,Delivered On-Time
2133,194,7,2024-06-17,4637.79,1,3,0,4,4,48.7,Delivered On-Time
2134,109,7,2025-11-23,37128.59,2,3,0,4,4,389.85,Delivered On-Time
2135,85,6,2025-11-19,355861.93,3,3,0,3,3,3380.69,Delivered On-Time
2136,244,2,2024-11-18,9088.46,1,1,0,1,2,195.4,Delivered On-Time
2137,86,2,2024-09-16,4531.48,1,1,0,1,1,97.43,Delivered On-Time
2138,81,5,2025-05-02,8973.28,1,2,0,2,3,139.09,Delivered Late
2139,256,4,2025-08-12,6766.81,1,2,0,1,2,98.12,Delivered On-Time
2140,37,7,2026-06-16,3512.15,1,3,0,4,4,36.88,Delivered On-Time
2141,87,1,2025-03-22,49833.35,2,1,1,5,4,971.75,Delivered On-Time
2142,6,1,2025-07-12,6488.13,1,1,0,5,5,126.52,Delivered On-Time
2143,143,7,2026-05-03,99624.17,3,3,0,4,4,1046.05,Delivered On-Time
2144,13,2,2024-01-26,6506.41,1,1,0,1,1,139.89,Delivered On-Time
2145,1,5,2024-11-12,29342.8,2,2,0,2,5,454.81,Delivered Late
2146,39,4,2025-08-20,3777.96,1,2,0,1,1,54.78,Lost
2147,171,6,2024-12-15,122005.83,3,3,0,3,3,1159.06,Delivered On-Time
2148,118,4,2025-03-05,10641.14,2,2,0,1,2,154.3,Delivered On-Time
2149,50,1,2025-01-29,1514.07,1,1,0,5,4,29.52,Delivered On-Time
2150,120,4,2025-11-30,22925.51,2,2,0,1,1,332.42,Delivered On-Time
2151,220,6,2025-01-17,34788.62,2,3,0,3,4,330.49,Delivered Late
2152,214,6,2026-01-11,9623.6,1,3,0,3,3,91.42,Delivered On-Time
2153,42,6,2026-01-29,98861.74,3,3,0,3,3,939.19,Delivered On-Time
2154,219,6,2024-01-02,53453.89,3,3,0,3,4,507.81,Delivered On-Time
2155,240,7,2026-02-06,3261.27,1,3,0,4,4,34.24,Delivered On-Time
2156,98,2,2025-01-09,2042.7,1,1,0,1,1,43.92,Delivered On-Time
2157,169,1,2026-03-25,9636.79,1,1,0,5,6,187.92,Delivered Late
2158,211,4,2024-03-28,6671.24,1,2,0,1,2,96.73,Delivered On-Time
2159,256,7,2024-07-27,3109.22,1,3,0,4,3,32.65,Delivered On-Time
2160,194,5,2025-08-18,5834.3,1,2,0,2,1,90.43,Delivered On-Time
2161,213,7,2025-12-06,138963.13,3,3,0,4,5,1459.11,Delivered On-Time
2162,31,6,2024-11-27,3236.42,1,3,0,3,3,30.75,Delivered On-Time
2163,214,1,2024-03-02,1998.74,1,1,0,5,5,38.98,Delivered On-Time
2164,198,3,2024-12-31,40286.37,2,1,1,1,1,866.16,Delivered On-Time
2165,141,7,2026-02-16,1949.15,1,3,0,4,4,20.47,Delivered On-Time
2166,56,6,2024-02-16,6123.2,1,3,0,3,3,58.17,Delivered On-Time
2167,253,2,2026-02-10,38676.19,2,1,1,1,1,831.54,Delivered On-Time
2168,153,2,2024-06-08,9280.12,1,1,0,1,1,199.52,Delivered On-Time
2169,138,5,2024-07-06,9937.9,1,2,0,2,2,154.04,Delivered On-Time
2170,123,6,2025-04-23,48509.39,2,3,0,3,4,460.84,Delivered On-Time
2171,30,6,2025-11-22,3596.77,1,3,0,3,2,34.17,Delivered On-Time
2172,47,7,2024-12-04,7843.44,1,3,0,4,7,82.36,Delivered Late
2173,26,7,2025-11-02,20245.58,2,3,0,4,4,212.58,Delivered On-Time
2174,254,4,2024-02-26,17210.26,2,2,0,1,1,249.55,Delivered On-Time
2175,114,4,2025-08-02,48287.77,2,2,0,1,1,700.17,Delivered On-Time
2176,4,7,2025-02-13,33470.91,2,3,0,4,6,351.44,Delivered Late
2177,109,2,2026-05-27,5266.06,1,1,0,1,1,113.22,Delivered On-Time
2178,189,7,2024-12-26,48777.61,2,3,0,4,3,512.16,Delivered On-Time
2179,179,6,2026-06-18,9463.86,1,3,0,3,7,89.91,Delivered Late
2180,201,1,2024-06-11,9905.66,1,1,0,5,5,193.16,Delivered On-Time
2181,140,4,2025-02-24,32222.09,2,2,0,1,1,467.22,Delivered On-Time
2182,11,7,2024-11-12,2253.39,1,3,0,4,4,23.66,Delivered On-Time
2183,41,6,2026-02-14,133968.87,3,3,0,3,2,1272.7,Delivered On-Time
2184,66,4,2025-02-09,30275.29,2,2,0,1,1,438.99,Delivered On-Time
2185,205,4,2026-03-09,4215.96,1,2,0,1,1,61.13,Delivered On-Time
2186,110,4,2024-04-28,1233.89,1,2,0,1,1,17.89,Delivered On-Time
2187,257,6,2024-04-02,139455.44,3,3,0,3,3,1324.83,Delivered On-Time
2188,118,2,2025-11-12,1613.66,1,1,0,1,2,34.69,Delivered On-Time
2189,204,4,2026-05-24,22813.77,2,2,0,1,2,330.8,Delivered On-Time
2190,111,2,2025-02-20,5837.98,1,1,0,1,1,125.52,Delivered On-Time
2191,7,3,2026-05-19,2913.59,1,1,0,1,1,62.64,Delivered On-Time
2192,84,7,2024-09-12,3811.05,1,3,0,4,3,40.02,Delivered On-Time
2193,59,5,2025-02-22,8451.85,1,2,0,2,2,131.0,Delivered On-Time
2194,232,5,2024-08-08,15420.3,2,2,0,2,2,239.01,Delivered On-Time
2195,112,1,2024-11-28,8616.6,1,1,0,5,5,168.02,Delivered On-Time
2196,48,6,2026-01-03,8755.07,1,3,0,3,4,83.17,Delivered On-Time
2197,155,3,2025-12-17,8123.72,1,1,0,1,1,174.66,Delivered On-Time
2198,93,2,2024-02-08,125139.43,3,1,1,1,1,2690.5,Delivered On-Time
2199,220,1,2025-01-12,4673.04,1,1,0,5,4,91.12,Delivered On-Time
2200,215,5,2025-11-15,7204.05,1,2,0,2,2,111.66,Delivered On-Time
2201,93,4,2026-01-08,43895.88,2,2,0,1,1,636.49,Delivered On-Time
2202,188,4,2025-08-27,8504.9,1,2,0,1,1,123.32,Delivered On-Time
2203,128,6,2024-12-16,5591.51,1,3,0,3,3,53.12,Delivered On-Time
2204,87,1,2024-12-06,3779.66,1,1,0,5,6,73.7,Delivered On-Time
2205,169,2,2024-06-11,2645.95,1,1,0,1,1,56.89,Delivered On-Time
2206,168,1,2025-05-22,5559.97,1,1,0,5,6,108.42,Delivered Late
2207,242,6,2024-07-05,2347.71,1,3,0,3,2,22.3,Delivered On-Time
2208,76,6,2025-02-23,26797.6,2,3,0,3,4,254.58,Delivered Late
2209,118,4,2024-11-24,7591.45,1,2,0,1,1,110.08,Delivered On-Time
2210,177,3,2025-02-10,5039.37,1,1,0,1,1,108.35,Delivered On-Time
2211,146,6,2025-11-22,1195.99,1,3,0,3,4,11.36,Delivered On-Time
2212,112,3,2025-02-15,781.98,1,1,0,1,1,16.81,Delivered On-Time
2213,54,7,2024-05-08,9490.75,1,3,0,4,3,99.65,Delivered On-Time
2214,209,5,2025-04-17,9423.97,1,2,0,2,2,146.07,Delivered On-Time
2215,218,1,2025-09-20,16173.33,2,1,1,5,6,315.38,Delivered On-Time
2216,6,5,2025-12-16,108587.19,3,2,1,2,3,1683.1,Delivered On-Time
2217,107,6,2025-01-23,39454.54,2,3,0,3,2,374.82,Delivered On-Time
2218,215,5,2025-04-12,3878.91,1,2,0,2,2,60.12,Delivered On-Time
2219,14,7,2024-03-19,135259.09,3,3,0,4,4,1420.22,Delivered On-Time
2220,123,5,2026-06-18,48522.99,2,2,0,2,2,752.11,Delivered On-Time
2221,105,3,2026-01-01,41628.51,2,1,1,1,1,895.01,Delivered On-Time
2222,192,2,2024-01-11,61339.64,3,1,1,1,1,1318.8,Delivered On-Time
2223,58,4,2026-06-14,9932.47,1,2,0,1,1,144.02,Delivered On-Time
2224,93,3,2024-06-09,4555.79,1,1,0,1,1,97.95,Delivered On-Time
2225,179,3,2025-08-21,5493.78,1,1,0,1,1,118.12,Delivered On-Time
2226,195,3,2025-12-18,2326.56,1,1,0,1,2,50.02,Delivered Late
2227,260,6,2024-04-15,6219.18,1,3,0,3,3,59.08,Delivered On-Time
2228,173,5,2025-01-08,1639.87,1,2,0,2,2,25.42,Delivered On-Time
2229,6,1,2025-04-16,3920.67,1,1,0,5,5,76.45,Delivered On-Time
2230,20,6,2026-01-20,434245.92,3,3,0,3,2,4125.34,Delivered On-Time
2231,144,3,2026-05-16,8593.08,1,1,0,1,1,184.75,Delivered On-Time
2232,257,4,2026-06-21,24412.46,2,2,0,1,1,353.98,Delivered On-Time
2233,81,6,2025-06-06,4969.96,1,3,0,3,3,47.21,Delivered On-Time
2234,223,6,2025-12-16,385655.72,3,3,0,3,3,3663.73,Delivered On-Time
2235,137,6,2026-02-06,53359.5,3,3,0,3,4,506.92,Delivered On-Time
2236,71,1,2024-04-16,4444.19,1,1,0,5,5,86.66,Delivered On-Time
2237,158,6,2025-12-14,1120.12,1,3,0,3,3,10.64,Delivered On-Time
2238,221,5,2024-02-21,8060.38,1,2,0,2,2,124.94,Delivered On-Time
2239,34,4,2025-04-27,9690.31,1,2,0,1,1,140.51,Delivered On-Time
2240,218,3,2025-07-12,3853.53,1,1,0,1,2,82.85,Delivered On-Time
2241,174,7,2025-07-30,21276.9,2,3,0,4,4,223.41,Delivered On-Time
2242,245,5,2026-02-27,20194.54,2,2,0,2,2,313.02,Delivered On-Time
2243,221,5,2024-06-01,4980.88,1,2,0,2,3,77.2,Delivered On-Time
2244,88,2,2026-06-15,1078.56,1,1,0,1,2,23.19,Delivered On-Time
2245,133,6,2024-04-06,57927.37,3,3,0,3,3,550.31,Delivered On-Time
2246,178,5,2026-02-28,1784.1,1,2,0,2,2,27.65,Delivered On-Time
2247,237,4,2026-03-20,40786.4,2,2,0,1,1,591.4,Delivered On-Time
2248,165,4,2025-06-06,38808.21,2,2,0,1,1,562.72,Delivered On-Time
2249,111,4,2025-11-23,41915.46,2,2,0,1,1,607.77,Delivered On-Time
2250,198,5,2024-02-25,4927.12,1,2,0,2,5,76.37,Delivered Late
2251,38,5,2024-09-19,37079.69,2,2,0,2,2,574.74,Delivered On-Time
2252,241,2,2024-03-11,9511.59,1,1,0,1,1,204.5,Delivered On-Time
2253,68,1,2024-01-07,246158.76,3,1,1,5,5,4800.1,Delivered On-Time
2254,120,5,2024-04-26,1486.35,1,2,0,2,4,23.04,Delivered Late
2255,46,6,2025-09-22,8598.25,1,3,0,3,3,81.68,Delivered On-Time
2256,12,4,2024-04-02,12174.51,2,2,0,1,1,176.53,Delivered On-Time
2257,57,4,2024-10-27,4787.34,1,2,0,1,2,69.42,Delivered On-Time
2258,29,6,2024-04-17,71475.85,3,3,0,3,4,679.02,Delivered On-Time
2259,189,2,2026-03-04,7883.13,1,1,0,1,1,169.49,Delivered On-Time
2260,16,3,2026-02-20,2256.71,1,1,0,1,1,48.52,Delivered On-Time
2261,242,4,2026-02-12,2234.53,1,2,0,1,1,32.4,Delivered On-Time
2262,240,1,2025-04-30,45374.71,2,1,1,5,5,884.81,Delivered On-Time
2263,144,6,2024-01-12,5030.07,1,3,0,3,3,47.79,Delivered On-Time
2264,63,5,2026-02-09,1587.6,1,2,0,2,2,24.61,Delivered On-Time
2265,145,3,2025-06-05,20414.03,2,1,1,1,2,438.9,Delivered Late
2266,105,6,2025-02-13,10582.39,2,3,0,3,2,100.53,Delivered On-Time
2267,207,5,2025-03-19,3305.81,1,2,0,2,3,51.24,Delivered On-Time
2268,95,7,2025-08-12,965.19,1,3,0,4,4,10.13,Delivered On-Time
2269,101,1,2024-06-14,6161.31,1,1,0,5,5,120.15,Delivered On-Time
2270,51,5,2025-08-23,31406.97,2,2,0,2,3,486.81,Delivered On-Time
2271,219,6,2026-01-12,19431.36,2,3,0,3,3,184.6,Delivered On-Time
2272,254,7,2025-02-10,43306.89,2,3,0,4,4,454.72,Delivered On-Time
2273,20,4,2025-12-12,39934.7,2,2,0,1,1,579.05,Delivered On-Time
2274,180,4,2024-06-07,4437.43,1,2,0,1,1,64.34,Delivered On-Time
2275,112,4,2025-03-25,11068.02,2,2,0,1,1,160.49,Delivered On-Time
2276,177,3,2024-06-30,3025.09,1,1,0,1,4,65.04,Delivered Late
2277,242,6,2025-05-07,41646.42,2,3,0,3,3,395.64,Delivered On-Time
2278,245,3,2024-04-10,4261.9,1,1,0,1,1,91.63,Delivered On-Time
2279,48,7,2026-05-28,11401.65,2,3,0,4,4,119.72,Delivered On-Time
2280,70,3,2026-04-01,5578.05,1,1,0,1,1,119.93,Delivered On-Time
2281,252,1,2024-03-20,64323.45,3,1,1,5,8,1254.31,Damaged
2282,120,7,2024-10-27,24617.54,2,3,0,4,3,258.48,Delivered On-Time
2283,114,4,2026-02-03,13389.94,2,2,0,1,2,194.15,Delivered On-Time
2284,238,2,2024-12-04,8941.24,1,1,0,1,2,192.24,Delivered On-Time
2285,192,4,2026-02-07,28706.44,2,2,0,1,5,416.24,Delivered Late
2286,233,1,2025-03-26,6316.64,1,1,0,5,6,123.17,Delivered On-Time
2287,204,4,2024-02-01,41136.06,2,2,0,1,1,596.47,Delivered On-Time
2288,144,7,2025-12-31,23252.77,2,3,0,4,4,244.15,Delivered On-Time
2289,14,4,2024-12-22,38732.23,2,2,0,1,1,561.62,Delivered On-Time
2290,172,3,2026-01-06,2310.03,1,1,0,1,1,49.67,Delivered On-Time
2291,65,7,2024-01-26,24285.88,2,3,0,4,3,255.0,Delivered On-Time
2292,225,2,2025-12-19,2097.86,1,1,0,1,1,45.1,Delivered On-Time
2293,44,1,2024-04-18,3405.05,1,1,0,5,5,66.4,Delivered On-Time
2294,112,7,2025-12-15,53569.56,3,3,0,4,3,562.48,Delivered On-Time
2295,259,5,2026-05-21,2513.04,1,2,0,2,3,38.95,Delivered On-Time
2296,152,4,2024-04-07,37157.64,2,2,0,1,2,538.79,Delivered On-Time
2297,142,1,2025-01-31,13109.89,2,1,1,5,5,255.64,Delivered On-Time
2298,127,6,2026-05-16,117352.56,3,3,0,3,3,1114.85,Delivered On-Time
2299,201,2,2024-03-12,34882.75,2,1,1,1,1,749.98,Delivered On-Time
2300,234,7,2024-08-18,29022.92,2,3,0,4,4,304.74,Delivered On-Time
2301,56,4,2024-12-10,8917.48,1,2,0,1,1,129.3,Delivered On-Time
2302,43,1,2024-12-12,7920.38,1,1,0,5,9,154.45,Delivered Late
2303,253,3,2025-04-22,5424.15,1,1,0,1,2,116.62,Delivered On-Time
2304,240,2,2024-09-07,8652.53,1,1,0,1,1,186.03,Delivered On-Time
2305,61,6,2025-02-13,35474.7,2,3,0,3,5,337.01,Delivered Late
2306,42,4,2024-04-11,49768.91,2,2,0,1,4,721.65,Delivered Late
2307,27,7,2025-04-17,80664.29,3,3,0,4,4,846.98,Delivered On-Time
2308,6,5,2024-09-30,5033.22,1,2,0,2,3,78.01,Delivered On-Time
2309,164,7,2024-01-01,10029.46,2,3,0,4,5,105.31,Delivered Late
2310,19,2,2025-11-30,4404.18,1,1,0,1,2,94.69,Delivered On-Time
2311,149,6,2025-01-01,102396.57,3,3,0,3,5,972.77,Delivered Late
2312,127,4,2024-10-24,2633.35,1,2,0,1,1,38.18,Delivered On-Time
2313,258,6,2025-11-16,7138.38,1,3,0,3,4,67.81,Delivered On-Time
2314,119,4,2025-08-18,3737.63,1,2,0,1,2,54.2,Delivered On-Time
2315,89,6,2024-05-19,50640.37,3,3,0,3,3,481.08,Delivered On-Time
2316,233,6,2025-02-25,2475.09,1,3,0,3,6,23.51,Delivered Late
2317,68,5,2024-07-26,3255.06,1,2,0,2,3,50.45,Delivered On-Time
2318,197,7,2026-02-03,90298.59,3,3,0,4,4,948.14,Delivered On-Time
2319,90,4,2026-04-06,9167.91,1,2,0,1,1,132.93,Delivered On-Time
2320,129,3,2025-06-29,3024.4,1,1,0,1,2,65.02,Delivered On-Time
2321,113,4,2026-02-26,9894.47,1,2,0,1,1,143.47,Delivered On-Time
2322,199,2,2026-01-28,8506.53,1,1,0,1,1,182.89,Delivered On-Time
2323,71,1,2024-07-13,8988.44,1,1,0,5,6,175.27,Delivered On-Time
2324,26,4,2026-05-08,29904.48,2,2,0,1,1,433.61,Delivered On-Time
2325,188,3,2026-02-24,1568.13,1,1,0,1,1,33.71,Delivered On-Time
2326,223,3,2025-01-21,98501.93,3,1,1,1,4,2117.79,Delivered Late
2327,189,7,2026-05-15,7276.05,1,3,0,4,3,76.4,Delivered On-Time
2328,142,5,2024-08-09,6978.44,1,2,0,2,2,108.17,Delivered On-Time
2329,119,6,2025-12-20,128628.48,3,3,0,3,3,1221.97,Delivered On-Time
2330,47,4,2025-08-12,2268.12,1,2,0,1,1,32.89,Delivered On-Time
2331,258,4,2025-09-03,4246.07,1,2,0,1,1,61.57,Delivered On-Time
2332,93,4,2026-01-24,22898.07,2,2,0,1,1,332.02,Delivered On-Time
2333,164,7,2024-04-08,1093.37,1,3,0,4,4,11.48,Delivered On-Time
2334,213,6,2026-05-17,47786.35,2,3,0,3,3,453.97,Delivered On-Time
2335,224,5,2025-03-04,8015.81,1,2,0,2,1,124.25,Delivered On-Time
2336,57,2,2024-05-10,3599.41,1,1,0,1,1,77.39,Delivered On-Time
2337,91,7,2025-11-24,2391.0,1,3,0,4,5,25.11,Delivered On-Time
2338,136,2,2024-01-13,4506.27,1,1,0,1,1,96.88,Delivered On-Time
2339,155,4,2024-02-28,6366.74,1,2,0,1,1,92.32,Delivered On-Time
2340,118,1,2024-02-26,11328.88,2,1,1,5,9,220.91,Delivered Late
2341,233,6,2025-11-19,83367.88,3,3,0,3,4,791.99,Delivered On-Time
2342,108,1,2025-11-05,5450.6,1,1,0,5,6,106.29,Delivered On-Time
2343,223,7,2025-02-12,389076.87,3,3,0,4,4,4085.31,Delivered On-Time
2344,115,4,2025-01-01,7550.68,1,2,0,1,1,109.48,Delivered On-Time
2345,256,4,2024-01-15,29589.65,2,2,0,1,2,429.05,Delivered On-Time
2346,231,4,2025-06-21,5111.55,1,2,0,1,1,74.12,Delivered On-Time
2347,171,6,2025-08-23,9860.34,1,3,0,3,3,93.67,Delivered On-Time
2348,209,7,2024-06-10,21173.84,2,3,0,4,4,222.33,Delivered On-Time
2349,62,7,2026-01-25,99296.52,3,3,0,4,4,1042.61,Delivered On-Time
2350,247,5,2024-03-16,605.5,1,2,0,2,3,9.39,Delivered Late
2351,33,3,2025-02-21,1645.88,1,1,0,1,1,35.39,Delivered On-Time
2352,205,5,2025-09-16,5595.0,1,2,0,2,3,86.72,Delivered On-Time
2353,58,1,2025-09-14,6212.59,1,1,0,5,5,121.15,Delivered On-Time
2354,184,2,2024-08-11,6419.22,1,1,0,1,1,138.01,Delivered On-Time
2355,206,3,2026-05-22,54138.53,3,1,1,1,2,1163.98,Delivered On-Time
2356,129,3,2024-08-29,5341.43,1,1,0,1,1,114.84,Delivered On-Time
2357,68,3,2025-11-18,7420.54,1,1,0,1,1,159.54,Delivered On-Time
2358,50,5,2024-10-24,42475.91,2,2,0,2,2,658.38,Delivered On-Time
2359,234,3,2024-01-14,4981.2,1,1,0,1,2,107.1,Delivered On-Time
2360,101,7,2024-04-22,66252.71,3,3,0,4,3,695.65,Delivered On-Time
2361,132,3,2025-10-29,32806.29,2,1,1,1,1,705.34,Damaged
2362,189,6,2025-10-06,71090.24,3,3,0,3,2,675.36,Delivered On-Time
2363,106,6,2025-02-26,124763.46,3,3,0,3,2,1185.25,Delivered On-Time
2364,180,4,2026-01-30,16447.47,2,2,0,1,3,238.49,Delivered Late
2365,209,7,2025-01-15,82454.94,3,3,0,4,7,865.78,Delivered Late
2366,232,4,2025-12-24,34006.78,2,2,0,1,1,493.1,Delivered On-Time
2367,137,7,2025-08-20,12845.03,2,3,0,4,4,134.87,Delivered On-Time
2368,191,6,2025-01-03,7721.73,1,3,0,3,4,73.36,Delivered On-Time
2369,226,7,2026-01-12,94280.98,3,3,0,4,5,989.95,Delivered On-Time
2370,113,4,2025-05-27,47918.13,2,2,0,1,1,694.81,Delivered On-Time
2371,114,5,2025-03-10,26654.4,2,2,0,2,3,413.14,Delivered On-Time
2372,188,5,2025-01-01,1224.43,1,2,0,2,3,18.98,Delivered On-Time
2373,6,6,2024-02-26,113343.01,3,3,0,3,4,1076.76,Delivered On-Time
2374,167,5,2025-06-23,5584.04,1,2,0,2,1,86.55,Delivered On-Time
2375,134,6,2024-07-31,9554.79,1,3,0,3,3,90.77,Delivered On-Time
2376,35,6,2025-03-24,6083.77,1,3,0,3,3,57.8,Delivered On-Time
2377,169,1,2024-11-24,6534.68,1,1,0,5,4,127.43,Delivered On-Time
2378,50,3,2024-05-28,5971.31,1,1,0,1,1,128.38,Delivered On-Time
2379,126,7,2025-10-18,1511.18,1,3,0,4,3,15.87,Delivered On-Time
2380,100,6,2026-04-20,2788.63,1,3,0,3,3,26.49,Delivered On-Time
2381,49,5,2024-04-05,9611.22,1,2,0,2,2,148.97,Delivered On-Time
2382,202,2,2024-04-21,8445.33,1,1,0,1,1,181.57,Delivered On-Time
2383,168,1,2024-09-25,3925.35,1,1,0,5,5,76.54,Delivered On-Time
2384,91,3,2025-10-27,2560.17,1,1,0,1,2,55.04,Delivered On-Time
2385,82,1,2025-11-11,6098.77,1,1,0,5,5,118.93,Delivered On-Time
2386,37,6,2025-04-28,46461.59,2,3,0,3,4,441.39,Delivered On-Time
2387,121,2,2025-01-19,7327.18,1,1,0,1,2,157.53,Delivered Late
2388,153,3,2024-07-04,41083.09,2,1,1,1,1,883.29,Delivered On-Time
2389,152,7,2026-06-06,28011.36,2,3,0,4,4,294.12,Delivered On-Time
2390,153,7,2025-11-20,4224.09,1,3,0,4,3,44.35,Delivered On-Time
2391,172,6,2025-12-19,6180.36,1,3,0,3,3,58.71,Delivered On-Time
2392,115,6,2024-12-22,43263.53,2,3,0,3,4,411.0,Delivered On-Time
2393,168,4,2026-05-17,7584.08,1,2,0,1,2,109.97,Delivered On-Time
2394,54,6,2025-08-18,5819.6,1,3,0,3,3,55.29,Delivered On-Time
2395,91,2,2026-05-22,79741.15,3,1,1,1,1,1714.43,Delivered On-Time
2396,39,6,2026-04-13,1873.43,1,3,0,3,3,17.8,Delivered On-Time
2397,30,2,2024-06-05,12286.93,2,1,1,1,1,264.17,Delivered On-Time
2398,67,6,2024-02-26,4298.28,1,3,0,3,3,40.83,Delivered On-Time
2399,144,2,2025-06-30,8662.34,1,1,0,1,2,186.24,Delivered On-Time
2400,24,6,2026-06-29,339040.51,3,3,0,3,3,3220.88,Delivered On-Time
2401,95,7,2025-05-05,135238.16,3,3,0,4,4,1420.0,Delivered On-Time
2402,83,6,2026-01-24,9622.42,1,3,0,3,2,91.41,Delivered On-Time
2403,249,6,2024-04-01,1370.16,1,3,0,3,3,13.02,Delivered On-Time
2404,164,1,2024-12-07,2840.43,1,1,0,5,4,55.39,Delivered On-Time
2405,129,6,2025-05-07,9941.53,1,3,0,3,3,94.44,Delivered On-Time
2406,137,6,2024-10-22,3354.98,1,3,0,3,3,31.87,Delivered On-Time
2407,253,7,2026-05-05,1643.92,1,3,0,4,3,17.26,Delivered On-Time
2408,240,7,2026-06-11,2489.69,1,3,0,4,3,26.14,Delivered On-Time
2409,202,1,2026-02-11,8268.66,1,1,0,5,6,161.24,Delivered On-Time
2410,178,7,2024-08-10,98894.52,3,3,0,4,4,1038.39,Delivered On-Time
2411,71,4,2025-02-10,2366.14,1,2,0,1,1,34.31,Delivered On-Time
2412,103,7,2025-12-05,43415.85,2,3,0,4,4,455.87,Delivered On-Time
2413,44,5,2026-02-19,9374.96,1,2,0,2,3,145.31,Delivered On-Time
2414,211,5,2025-11-28,8146.91,1,2,0,2,3,126.28,Delivered On-Time
2415,17,3,2025-07-20,16053.87,2,1,1,1,1,345.16,Delivered On-Time
2416,129,7,2024-03-04,40887.81,2,3,0,4,4,429.32,Delivered On-Time
2417,232,6,2025-02-26,132247.01,3,3,0,3,3,1256.35,Delivered On-Time
2418,76,4,2025-02-15,18235.41,2,2,0,1,2,264.41,Delivered On-Time
2419,13,5,2026-05-07,8897.83,1,2,0,2,2,137.92,Delivered On-Time
2420,169,6,2024-03-26,47123.7,2,3,0,3,2,447.68,Delivered On-Time
2421,241,5,2024-07-27,45445.2,2,2,0,2,2,704.4,Delivered On-Time
2422,181,2,2026-04-14,2289.57,1,1,0,1,2,49.23,Delivered On-Time
2423,14,4,2025-12-28,6117.86,1,2,0,1,3,88.71,Delivered Late
2424,179,2,2026-05-21,1408.87,1,1,0,1,4,30.29,Delivered Late
2425,125,6,2025-05-18,33735.12,2,3,0,3,3,320.48,Delivered On-Time
2426,11,2,2025-02-08,5137.46,1,1,0,1,3,110.46,Delivered Late
2427,71,5,2026-01-18,1280.49,1,2,0,2,3,19.85,Delivered Late
2428,9,4,2024-04-19,2901.8,1,2,0,1,1,42.08,Delivered On-Time
2429,13,4,2024-04-14,49878.08,2,2,0,1,1,723.23,Delivered On-Time
2430,216,5,2025-07-29,1847.3,1,2,0,2,2,28.63,Delivered On-Time
2431,226,7,2024-06-10,28817.43,2,3,0,4,3,302.58,Delivered On-Time
2432,219,2,2026-06-11,4737.11,1,1,0,1,2,101.85,Delivered On-Time
2433,184,6,2025-05-27,82039.3,3,3,0,3,3,779.37,Delivered On-Time
2434,72,4,2025-01-25,5269.53,1,2,0,1,2,76.41,Delivered On-Time
2435,12,7,2024-10-19,1516.36,1,3,0,4,5,15.92,Delivered On-Time
2436,91,7,2025-12-19,317908.92,3,3,0,4,3,3338.04,Delivered On-Time
2437,245,5,2025-09-30,8977.41,1,2,0,2,3,139.15,Delivered On-Time
2438,149,1,2024-11-03,1799.94,1,1,0,5,4,35.1,Delivered On-Time
2439,130,6,2024-02-05,70098.19,3,3,0,3,2,665.93,Delivered On-Time
2440,225,6,2024-02-22,448478.02,3,3,0,3,3,4260.54,Delivered On-Time
2441,258,6,2024-05-30,15967.11,2,3,0,3,2,151.69,Delivered On-Time
2442,227,3,2025-01-08,6675.08,1,1,0,1,1,143.51,Delivered On-Time
2443,84,7,2025-04-07,6567.85,1,3,0,4,4,68.96,Delivered On-Time
2444,96,6,2026-01-04,410684.46,3,3,0,3,4,3901.5,Delivered Late
2445,133,5,2026-04-25,34983.86,2,2,0,2,1,542.25,Delivered On-Time
2446,97,2,2025-06-20,2169.08,1,1,0,1,1,46.64,Delivered On-Time
2447,201,5,2025-09-08,5827.51,1,2,0,2,1,90.33,Delivered On-Time
2448,55,3,2025-01-20,6472.93,1,1,0,1,1,139.17,Delivered On-Time
2449,137,5,2025-10-29,3045.12,1,2,0,2,2,47.2,Delivered On-Time
2450,195,5,2024-11-04,2639.37,1,2,0,2,2,40.91,Delivered On-Time
2451,8,7,2024-07-12,46702.9,2,3,0,4,5,490.38,Delivered On-Time
2452,65,7,2025-01-07,71170.99,3,3,0,4,4,747.3,Delivered On-Time
2453,43,4,2024-02-24,6858.92,1,2,0,1,1,99.45,Delivered On-Time
2454,150,3,2026-03-11,5470.74,1,1,0,1,1,117.62,Delivered On-Time
2455,67,4,2025-02-14,15281.26,2,2,0,1,3,221.58,Delivered Late
2456,48,2,2025-07-08,4259.29,1,1,0,1,1,91.57,Delivered On-Time
2457,157,4,2024-04-22,8682.17,1,2,0,1,2,125.89,Delivered On-Time
2458,73,1,2025-12-08,8901.34,1,1,0,5,5,173.58,Delivered On-Time
2459,250,2,2026-01-31,4495.58,1,1,0,1,1,96.65,Damaged
2460,229,6,2024-03-05,24601.91,2,3,0,3,4,233.72,Delivered On-Time
2461,206,2,2025-12-17,8829.81,1,1,0,1,1,189.84,Delivered On-Time
2462,89,1,2025-11-15,4137.18,1,1,0,5,6,80.68,Delivered On-Time
2463,8,4,2025-11-09,18803.56,2,2,0,1,2,272.65,Delivered Late
2464,247,5,2024-11-16,15936.97,2,2,0,2,1,247.02,Delivered On-Time
2465,49,2,2025-03-04,1788.11,1,1,0,1,1,38.44,Delivered On-Time
2466,220,7,2024-11-01,6964.57,1,3,0,4,4,73.13,Delivered On-Time
2467,209,6,2025-11-02,6778.58,1,3,0,3,4,64.4,Delivered On-Time
2468,233,2,2026-02-10,8110.54,1,1,0,1,1,174.38,Delivered On-Time
2469,116,5,2026-01-13,6653.72,1,2,0,2,2,103.13,Delivered On-Time
2470,92,7,2025-12-15,457816.48,3,3,0,4,6,4807.07,Delivered Late
2471,126,7,2025-09-18,1982.4,1,3,0,4,3,20.82,Delivered On-Time
2472,255,6,2025-03-16,36493.17,2,3,0,3,2,346.69,Delivered On-Time
2473,201,6,2025-09-24,1625.45,1,3,0,3,3,15.44,Delivered On-Time
2474,214,5,2024-11-13,9516.96,1,2,0,2,2,147.51,Delivered On-Time
2475,260,1,2025-01-23,2678.69,1,1,0,5,5,52.23,Delivered On-Time
2476,79,5,2024-02-15,6591.55,1,2,0,2,2,102.17,Delivered On-Time
2477,204,5,2025-07-10,47521.52,2,2,0,2,2,736.58,Delivered On-Time
2478,21,3,2025-08-08,13839.57,2,1,1,1,2,297.55,Delivered On-Time
2479,147,1,2025-11-09,6224.34,1,1,0,5,5,121.37,Delivered On-Time
2480,199,6,2024-03-23,95278.17,3,3,0,3,4,905.14,Delivered On-Time
2481,116,6,2024-05-14,45592.94,2,3,0,3,7,433.13,Delivered Late
2482,139,4,2026-01-21,2476.29,1,2,0,1,1,35.91,Delivered On-Time
2483,41,6,2025-12-26,1149.9,1,3,0,3,4,10.92,Delivered On-Time
2484,16,4,2026-02-01,21214.79,2,2,0,1,2,307.61,Delivered On-Time
2485,139,5,2024-01-03,5865.68,1,2,0,2,2,90.92,Delivered On-Time
2486,211,5,2025-07-05,7678.74,1,2,0,2,3,119.02,Delivered On-Time
2487,148,5,2025-01-08,4519.16,1,2,0,2,3,70.05,Delivered On-Time
2488,177,6,2024-04-17,2965.81,1,3,0,3,3,28.18,Delivered On-Time
2489,59,5,2025-11-05,18983.72,2,2,0,2,2,294.25,Delivered On-Time
2490,89,2,2024-01-23,3155.26,1,1,0,1,1,67.84,Delivered On-Time
2491,53,2,2024-03-19,20849.41,2,1,1,1,1,448.26,Delivered On-Time
2492,256,7,2025-07-06,1573.05,1,3,0,4,4,16.52,Delivered On-Time
2493,203,6,2025-01-08,39385.81,2,3,0,3,2,374.17,Delivered On-Time
2494,157,4,2025-11-10,29919.03,2,2,0,1,1,433.83,Delivered On-Time
2495,195,2,2025-01-18,5135.92,1,1,0,1,3,110.42,Delivered Late
2496,119,7,2026-06-11,76556.03,3,3,0,4,5,803.84,Delivered On-Time
2497,140,7,2025-12-26,134084.65,3,3,0,4,3,1407.89,Delivered On-Time
2498,66,7,2025-01-27,15823.84,2,3,0,4,3,166.15,Delivered On-Time
2499,41,2,2024-04-19,6558.7,1,1,0,1,2,141.01,Delivered On-Time
2500,81,1,2024-10-08,1300.88,1,1,0,5,6,25.37,Delivered On-Time
2501,136,5,2025-12-15,8666.24,1,2,0,2,2,134.33,Delivered On-Time
2502,169,7,2024-01-20,779.13,1,3,0,4,4,8.18,Delivered On-Time
2503,81,7,2024-08-12,5868.82,1,3,0,4,4,61.62,Delivered On-Time
2504,146,2,2025-12-02,380265.76,3,1,1,1,1,8175.71,Delivered On-Time
2505,39,5,2026-05-10,8401.11,1,2,0,2,6,130.22,Delivered Late
2506,249,6,2024-10-19,6869.91,1,3,0,3,3,65.26,Delivered On-Time
2507,118,5,2024-10-01,15665.66,2,2,0,2,1,242.82,Delivered On-Time
2508,48,1,2025-12-29,5399.71,1,1,0,5,5,105.29,Delivered On-Time
2509,103,6,2025-05-11,1582.35,1,3,0,3,4,15.03,Delivered On-Time
2510,65,6,2024-08-21,17093.24,2,3,0,3,2,162.39,Delivered On-Time
2511,56,7,2024-02-18,63828.74,3,3,0,4,8,670.2,Delivered Late
2512,54,6,2025-09-27,4635.59,1,3,0,3,3,44.04,Delivered On-Time
2513,68,7,2026-06-09,104129.32,3,3,0,4,3,1093.36,Delivered On-Time
2514,210,3,2024-01-05,25543.7,2,1,1,1,2,549.19,Delivered On-Time
2515,147,6,2026-02-11,46152.99,2,3,0,3,4,438.45,Delivered On-Time
2516,37,6,2025-07-09,22497.29,2,3,0,3,4,213.72,Delivered On-Time
2517,4,1,2024-07-06,78071.19,3,1,1,5,8,1522.39,Delivered Late
2518,259,5,2025-06-01,11621.99,2,2,0,2,3,180.14,Delivered On-Time
2519,16,5,2024-06-19,31820.06,2,2,0,2,2,493.21,Delivered On-Time
2520,169,3,2026-01-09,9009.01,1,1,0,1,1,193.69,Delivered On-Time
2521,84,6,2025-11-02,1988.62,1,3,0,3,3,18.89,Delivered On-Time
2522,212,5,2024-07-29,4580.67,1,2,0,2,2,71.0,Delivered On-Time
2523,73,4,2024-12-13,29008.94,2,2,0,1,1,420.63,Delivered On-Time
2524,255,4,2024-05-26,6881.13,1,2,0,1,1,99.78,Delivered On-Time
2525,240,4,2025-11-30,23631.17,2,2,0,1,2,342.65,Delivered On-Time
2526,90,4,2024-09-24,5771.42,1,2,0,1,1,83.69,Delivered On-Time
2527,186,6,2026-02-28,11010.35,2,3,0,3,3,104.6,Delivered On-Time
2528,255,1,2025-05-08,9406.48,1,1,0,5,5,183.43,Delivered On-Time
2529,46,6,2025-12-19,23352.92,2,3,0,3,3,221.85,Delivered On-Time
2530,102,7,2025-05-21,2264.48,1,3,0,4,4,23.78,Delivered On-Time
2531,57,2,2025-01-05,4628.59,1,1,0,1,1,99.51,Delivered On-Time
2532,109,4,2025-02-07,3222.18,1,2,0,1,1,46.72,Delivered On-Time
2533,40,6,2025-12-12,103217.54,3,3,0,3,3,980.57,Delivered On-Time
2534,144,5,2026-04-28,8424.43,1,2,0,2,2,130.58,Delivered On-Time
2535,31,7,2025-11-13,35560.1,2,3,0,4,3,373.38,Delivered On-Time
2536,70,4,2025-10-27,24844.81,2,2,0,1,2,360.25,Delivered On-Time
2537,56,3,2026-02-16,8098.77,1,1,0,1,1,174.12,Delivered On-Time
2538,56,6,2026-01-06,8518.07,1,3,0,3,2,80.92,Delivered On-Time
2539,43,4,2025-04-04,27367.66,2,2,0,1,1,396.83,Delivered On-Time
2540,22,4,2024-01-13,7225.03,1,2,0,1,1,104.76,Delivered On-Time
2541,148,4,2024-10-12,13010.14,2,2,0,1,2,188.65,Delivered On-Time
2542,177,3,2024-11-18,1969.63,1,1,0,1,1,42.35,Delivered On-Time
2543,22,2,2025-09-11,19949.59,2,1,1,1,1,428.92,Delivered On-Time
2544,255,7,2024-10-26,28096.73,2,3,0,4,4,295.02,Delivered On-Time
2545,155,4,2024-02-28,4343.82,1,2,0,1,1,62.99,Delivered On-Time
2546,193,5,2024-10-26,8235.29,1,2,0,2,2,127.65,Delivered On-Time
2547,244,5,2025-01-09,5003.57,1,2,0,2,3,77.56,Delivered On-Time
2548,32,2,2024-01-11,9303.16,1,1,0,1,4,200.02,Delivered Late
2549,3,2,2025-01-28,2664.5,1,1,0,1,1,57.29,Delivered On-Time
2550,29,7,2024-07-07,6469.47,1,3,0,4,4,67.93,Delivered On-Time
2551,205,5,2025-03-19,1563.06,1,2,0,2,2,24.23,Delivered On-Time
2552,40,4,2025-09-23,5555.39,1,2,0,1,1,80.55,Delivered On-Time
2553,233,1,2025-03-19,9249.21,1,1,0,5,4,180.36,Delivered On-Time
2554,184,3,2026-06-29,2487.28,1,1,0,1,1,53.48,Delivered On-Time
2555,44,6,2024-03-18,2801.06,1,3,0,3,3,26.61,Delivered On-Time
2556,12,4,2024-11-02,9567.35,1,2,0,1,1,138.73,Delivered On-Time
2557,55,7,2025-01-08,6969.77,1,3,0,4,4,73.18,Delivered On-Time
2558,258,2,2025-05-15,5978.74,1,1,0,1,5,128.54,Delivered Late
2559,146,6,2026-02-06,23384.01,2,3,0,3,4,222.15,Delivered Late
2560,112,6,2024-09-04,32684.93,2,3,0,3,3,310.51,Delivered On-Time
2561,172,5,2024-06-29,8474.88,1,2,0,2,2,131.36,Delivered On-Time
2562,32,5,2026-01-12,278055.14,3,2,1,2,6,4309.85,Delivered Late
2563,30,3,2026-02-28,21753.77,2,1,1,1,1,467.71,Delivered On-Time
2564,241,6,2024-02-25,3284.3,1,3,0,3,3,31.2,Delivered On-Time
2565,71,7,2024-03-31,112772.93,3,3,0,4,4,1184.12,Delivered On-Time
2566,104,5,2024-05-30,8202.63,1,2,0,2,2,127.14,Delivered On-Time
2567,111,6,2024-02-04,45080.8,2,3,0,3,3,428.27,Delivered On-Time
2568,179,6,2025-06-15,56998.24,3,3,0,3,7,541.48,Delivered Late
2569,203,5,2026-02-04,106087.62,3,2,1,2,1,1644.36,Lost
2570,194,2,2026-01-29,4795.9,1,1,0,1,2,103.11,Delivered On-Time
2571,126,6,2026-01-08,7831.79,1,3,0,3,3,74.4,Delivered On-Time
2572,208,1,2025-09-16,7447.54,1,1,0,5,6,145.23,Delivered On-Time
2573,104,5,2025-01-17,3949.59,1,2,0,2,5,61.22,Delivered Late
2574,207,7,2025-10-08,56259.61,3,3,0,4,4,590.73,Delivered On-Time
2575,7,3,2026-02-28,6648.42,1,1,0,1,1,142.94,Delivered On-Time
2576,115,1,2026-02-04,9530.61,1,1,0,5,5,185.85,Delivered On-Time
2577,212,5,2025-05-02,19430.84,2,2,0,2,2,301.18,Delivered On-Time
2578,242,3,2024-04-04,4118.03,1,1,0,1,1,88.54,Delivered On-Time
2579,230,3,2024-02-09,4020.16,1,1,0,1,3,86.43,Delivered Late
2580,58,1,2025-06-11,2958.39,1,1,0,5,5,57.69,Delivered On-Time
2581,248,1,2024-04-12,6795.37,1,1,0,5,5,132.51,Delivered On-Time
2582,56,7,2024-01-15,5197.21,1,3,0,4,3,54.57,Delivered On-Time
2583,41,4,2025-09-17,4109.9,1,2,0,1,1,59.59,Delivered On-Time
2584,129,7,2024-02-02,23251.89,2,3,0,4,4,244.14,Delivered On-Time
2585,82,6,2025-12-22,28580.2,2,3,0,3,3,271.51,Delivered On-Time
2586,81,4,2026-01-26,43248.33,2,2,0,1,2,627.1,Delivered On-Time
2587,22,7,2024-03-24,50629.62,3,3,0,4,5,531.61,Delivered On-Time
2588,70,5,2025-01-25,23428.75,2,2,0,2,2,363.15,Delivered On-Time
2589,143,4,2025-05-26,6607.84,1,2,0,1,1,95.81,Delivered On-Time
2590,118,5,2025-08-03,6209.53,1,2,0,2,1,96.25,Delivered On-Time
2591,236,5,2026-02-11,3063.09,1,2,0,2,2,47.48,Delivered On-Time
2592,113,6,2024-02-14,67609.67,3,3,0,3,4,642.29,Delivered On-Time
2593,232,7,2026-01-19,25706.04,2,3,0,4,4,269.91,Delivered On-Time
2594,206,6,2025-02-08,548.7,1,3,0,3,2,5.21,Delivered On-Time
2595,224,5,2025-11-20,16357.66,2,2,0,2,2,253.54,Delivered On-Time
2596,113,7,2026-04-23,48524.2,2,3,0,4,4,509.5,Delivered On-Time
2597,28,6,2026-03-18,2653.29,1,3,0,3,3,25.21,Delivered On-Time
2598,122,3,2025-03-31,4113.6,1,1,0,1,1,88.44,Delivered On-Time
2599,125,7,2024-12-05,46352.95,2,3,0,4,4,486.71,Delivered On-Time
2600,231,2,2024-08-20,3550.78,1,1,0,1,2,76.34,Delivered On-Time
2601,147,6,2025-01-16,23232.93,2,3,0,3,4,220.71,Delivered On-Time
2602,117,4,2024-04-19,10239.74,2,2,0,1,1,148.48,Delivered On-Time
2603,93,4,2024-01-05,20829.11,2,2,0,1,1,302.02,Delivered On-Time
2604,182,4,2025-09-22,1970.61,1,2,0,1,1,28.57,Delivered On-Time
2605,256,7,2025-12-27,17886.49,2,3,0,4,5,187.81,Delivered On-Time
2606,145,4,2024-04-13,16559.82,2,2,0,1,2,240.12,Delivered On-Time
2607,185,5,2026-02-15,40272.34,2,2,0,2,2,624.22,Delivered On-Time
2608,239,6,2024-09-27,131891.68,3,3,0,3,3,1252.97,Delivered On-Time
2609,105,7,2024-12-23,12942.27,2,3,0,4,5,135.89,Delivered On-Time
2610,136,7,2026-04-19,2706.74,1,3,0,4,4,28.42,Delivered On-Time
2611,94,7,2024-11-07,23616.86,2,3,0,4,4,247.98,Delivered On-Time
2612,161,5,2024-12-10,6942.26,1,2,0,2,3,107.61,Delivered On-Time
2613,133,3,2025-02-21,5869.82,1,1,0,1,2,126.2,Delivered Late
2614,212,4,2025-05-27,4221.52,1,2,0,1,1,61.21,Delivered On-Time
2615,97,5,2025-07-09,5573.32,1,2,0,2,3,86.39,Delivered On-Time
2616,227,6,2026-04-09,6451.63,1,3,0,3,3,61.29,Delivered On-Time
2617,252,7,2024-06-22,6745.18,1,3,0,4,4,70.82,Delivered On-Time
2618,174,5,2025-06-01,47383.76,2,2,0,2,2,734.45,Delivered On-Time
2619,259,5,2024-08-17,2214.4,1,2,0,2,4,34.32,Delivered Late
2620,168,5,2025-05-18,7358.36,1,2,0,2,1,114.05,Delivered On-Time
2621,129,7,2026-05-14,9847.15,1,3,0,4,5,103.4,Delivered Late
2622,160,4,2025-06-19,21345.08,2,2,0,1,1,309.5,Delivered On-Time
2623,183,1,2025-09-16,6777.31,1,1,0,5,4,132.16,Delivered On-Time
2624,106,4,2025-01-08,23458.1,2,2,0,1,1,340.14,Delivered On-Time
2625,168,6,2025-07-29,7127.09,1,3,0,3,4,67.71,Delivered Late
2626,92,5,2024-09-26,35170.11,2,2,0,2,3,545.14,Delivered On-Time
2627,216,7,2026-01-21,5630.04,1,3,0,4,3,59.12,Delivered On-Time
2628,197,4,2026-02-24,4527.32,1,2,0,1,1,65.65,Delivered On-Time
2629,178,3,2024-02-24,10043.13,2,1,1,1,1,215.93,Delivered On-Time
2630,164,6,2025-06-08,9879.92,1,3,0,3,4,93.86,Delivered On-Time
2631,157,6,2025-04-22,4064.25,1,3,0,3,4,38.61,Delivered On-Time
2632,38,5,2024-12-06,1643.24,1,2,0,2,3,25.47,Delivered On-Time
2633,164,6,2025-12-14,26104.49,2,3,0,3,3,247.99,Delivered On-Time
2634,100,1,2024-01-23,6827.03,1,1,0,5,5,133.13,Delivered On-Time
2635,48,1,2026-03-13,8373.24,1,1,0,5,6,163.28,Delivered On-Time
2636,13,6,2026-04-20,62721.53,3,3,0,3,2,595.85,Delivered On-Time
2637,81,4,2024-12-05,12752.33,2,2,0,1,1,184.91,Delivered On-Time
2638,120,7,2024-02-23,26378.07,2,3,0,4,3,276.97,Delivered On-Time
2639,144,5,2025-08-16,6120.87,1,2,0,2,3,94.87,Delivered Late
2640,72,7,2026-05-08,47387.22,2,3,0,4,4,497.57,Damaged
2641,101,5,2025-12-05,6281.12,1,2,0,2,2,97.36,Delivered On-Time
2642,132,4,2025-01-22,43425.81,2,2,0,1,2,629.67,Delivered On-Time
2643,64,3,2025-06-21,1662.76,1,1,0,1,1,35.75,Delivered On-Time
2644,196,6,2025-09-07,3776.13,1,3,0,3,3,35.87,Delivered On-Time
2645,192,4,2026-06-14,33921.59,2,2,0,1,2,491.86,Delivered On-Time
2646,41,4,2024-01-25,2765.93,1,2,0,1,5,40.11,Delivered Late
2647,87,4,2025-08-07,2936.28,1,2,0,1,1,42.58,Delivered On-Time
2648,69,4,2025-02-28,2140.86,1,2,0,1,4,31.04,Delivered Late
2649,86,6,2025-02-07,2276.05,1,3,0,3,3,21.62,Delivered On-Time
2650,76,2,2025-01-26,8948.29,1,1,0,1,4,192.39,Delivered Late
2651,200,5,2024-01-17,6807.64,1,2,0,2,2,105.52,Delivered On-Time
2652,201,4,2026-04-29,14385.81,2,2,0,1,1,208.59,Delivered On-Time
2653,242,5,2026-03-19,1961.22,1,2,0,2,2,30.4,Delivered On-Time
2654,163,6,2024-03-02,12537.16,2,3,0,3,3,119.1,Delivered On-Time
2655,178,2,2024-11-19,1362.81,1,1,0,1,1,29.3,Delivered On-Time
2656,180,2,2024-11-04,5580.31,1,1,0,1,1,119.98,Delivered On-Time
2657,155,7,2024-11-03,7397.7,1,3,0,4,3,77.68,Delivered On-Time
2658,136,5,2024-12-31,84314.74,3,2,1,2,2,1306.88,Delivered On-Time
2659,112,7,2026-04-13,28217.48,2,3,0,4,4,296.28,Delivered On-Time
2660,257,4,2024-04-02,7958.79,1,2,0,1,1,115.4,Delivered On-Time
2661,202,3,2024-09-12,5097.6,1,1,0,1,1,109.6,Delivered On-Time
2662,38,3,2025-01-21,1507.45,1,1,0,1,2,32.41,Delivered On-Time
2663,236,4,2025-08-22,23975.5,2,2,0,1,1,347.64,Delivered On-Time
2664,60,5,2025-02-02,30315.36,2,2,0,2,3,469.89,Delivered On-Time
2665,199,7,2026-01-14,31237.03,2,3,0,4,4,327.99,Delivered On-Time
2666,40,6,2024-03-30,72978.29,3,3,0,3,3,693.29,Delivered On-Time
2667,153,6,2024-09-20,14532.82,2,3,0,3,3,138.06,Delivered On-Time
2668,169,7,2025-03-12,4666.85,1,3,0,4,4,49.0,Delivered On-Time
2669,235,3,2024-02-13,8907.15,1,1,0,1,1,191.5,Delivered On-Time
2670,107,7,2026-01-03,648.43,1,3,0,4,4,6.81,Lost
2671,79,5,2024-01-21,28749.47,2,2,0,2,1,445.62,Delivered On-Time
2672,206,5,2026-03-10,7512.34,1,2,0,2,1,116.44,Delivered On-Time
2673,155,4,2026-01-08,40445.29,2,2,0,1,2,586.46,Delivered On-Time
2674,183,5,2025-03-16,2993.82,1,2,0,2,1,46.4,Delivered On-Time
2675,144,5,2025-06-25,58257.17,3,2,1,2,2,902.99,Delivered On-Time
2676,43,7,2024-10-08,9578.83,1,3,0,4,4,100.58,Delivered On-Time
2677,36,7,2024-01-16,4078.5,1,3,0,4,5,42.82,Delivered On-Time
2678,5,2,2024-01-12,6604.03,1,1,0,1,1,141.99,Delivered On-Time
2679,160,4,2025-01-18,9297.21,1,2,0,1,1,134.81,Delivered On-Time
2680,4,3,2025-04-18,12041.37,2,1,1,1,1,258.89,Delivered On-Time
2681,129,5,2025-03-11,5133.55,1,2,0,2,1,79.57,Delivered On-Time
2682,96,5,2026-02-20,1334.96,1,2,0,2,2,20.69,Delivered On-Time
2683,176,6,2026-05-07,942.93,1,3,0,3,2,8.96,Delivered On-Time
2684,219,7,2024-07-19,10239.82,2,3,0,4,5,107.52,Delivered On-Time
2685,18,5,2025-11-29,8293.52,1,2,0,2,1,128.55,Delivered On-Time
2686,22,7,2025-02-22,3749.88,1,3,0,4,4,39.37,Delivered On-Time
2687,103,6,2025-09-29,145391.03,3,3,0,3,4,1381.21,Delivered On-Time
2688,170,4,2025-12-20,42130.71,2,2,0,1,1,610.9,Lost
2689,156,7,2024-04-23,19193.36,2,3,0,4,4,201.53,Delivered On-Time
2690,181,2,2024-07-21,5223.61,1,1,0,1,1,112.31,Delivered On-Time
2691,115,5,2024-10-17,56534.11,3,2,1,2,2,876.28,Delivered On-Time
2692,208,7,2025-09-18,46038.38,2,3,0,4,3,483.4,Delivered On-Time
2693,152,4,2026-03-26,8131.02,1,2,0,1,1,117.9,Delivered On-Time
2694,192,5,2026-06-10,9553.59,1,2,0,2,3,148.08,Delivered On-Time
2695,131,5,2026-01-03,1538.0,1,2,0,2,1,23.84,Delivered On-Time
2696,94,4,2025-01-03,22955.87,2,2,0,1,1,332.86,Delivered On-Time
2697,150,6,2024-12-14,22779.35,2,3,0,3,3,216.4,Delivered On-Time
2698,91,2,2024-06-09,6666.2,1,1,0,1,1,143.32,Delivered On-Time
2699,86,3,2024-05-20,1314.64,1,1,0,1,1,28.26,Delivered On-Time
2700,146,4,2026-02-05,2272.19,1,2,0,1,1,32.95,Damaged
2701,44,7,2026-04-14,4524.07,1,3,0,4,4,47.5,Delivered On-Time
2702,223,1,2025-09-05,5962.18,1,1,0,5,4,116.26,Delivered On-Time
2703,251,6,2026-01-14,127279.92,3,3,0,3,3,1209.16,Delivered On-Time
2704,24,5,2025-05-15,5242.1,1,2,0,2,2,81.25,Delivered On-Time
2705,106,5,2025-02-05,3614.99,1,2,0,2,2,56.03,Delivered On-Time
2706,233,4,2024-08-03,47657.13,2,2,0,1,1,691.03,Delivered On-Time
2707,54,6,2026-04-22,25067.15,2,3,0,3,3,238.14,Delivered On-Time
2708,94,3,2024-01-18,7152.61,1,1,0,1,1,153.78,Delivered On-Time
2709,122,3,2026-01-28,7023.84,1,1,0,1,2,151.01,Delivered On-Time
2710,142,2,2024-03-20,148728.6,3,1,1,1,1,3197.66,Delivered On-Time
2711,178,5,2026-01-27,45173.59,2,2,0,2,3,700.19,Delivered On-Time
2712,166,2,2024-03-16,8129.01,1,1,0,1,1,174.77,Delivered On-Time
2713,150,5,2026-02-27,20200.43,2,2,0,2,2,313.11,Delivered On-Time
2714,140,5,2026-05-13,13960.99,2,2,0,2,2,216.4,Delivered On-Time
2715,82,4,2024-10-19,37687.48,2,2,0,1,2,546.47,Delivered On-Time
2716,89,4,2025-10-20,39608.03,2,2,0,1,1,574.32,Delivered On-Time
2717,30,1,2024-10-31,4728.3,1,1,0,5,4,92.2,Delivered On-Time
2718,71,5,2024-12-28,39686.8,2,2,0,2,4,615.15,Delivered Late
2719,66,6,2026-05-05,16087.87,2,3,0,3,3,152.83,Delivered On-Time
2720,211,2,2025-04-27,7778.78,1,1,0,1,1,167.24,Delivered On-Time
2721,148,6,2026-04-27,248766.22,3,3,0,3,5,2363.28,Delivered Late
2722,175,7,2025-06-22,360356.96,3,3,0,4,3,3783.75,Delivered On-Time
2723,99,5,2026-04-09,34118.2,2,2,0,2,1,528.83,Delivered On-Time
2724,232,4,2024-07-07,657.85,1,2,0,1,1,9.54,Delivered On-Time
2725,190,7,2025-07-04,30202.03,2,3,0,4,4,317.12,Delivered On-Time
2726,255,4,2025-07-30,24235.7,2,2,0,1,2,351.42,Delivered On-Time
2727,26,7,2024-09-19,47656.81,2,3,0,4,4,500.4,Delivered On-Time
2728,95,4,2024-01-02,824.34,1,2,0,1,2,11.95,Delivered On-Time
2729,89,4,2025-05-21,4598.02,1,2,0,1,1,66.67,Delivered On-Time
2730,192,6,2025-06-28,81261.85,3,3,0,3,4,771.99,Delivered On-Time
2731,133,4,2024-08-29,8454.94,1,2,0,1,1,122.6,Delivered On-Time
2732,119,5,2025-07-18,3523.38,1,2,0,2,1,54.61,Delivered On-Time
2733,260,6,2024-04-27,25299.93,2,3,0,3,3,240.35,Delivered On-Time
2734,75,5,2024-01-09,3186.62,1,2,0,2,3,49.39,Delivered On-Time
2735,146,3,2025-08-13,2261.59,1,1,0,1,4,48.62,Delivered Late
2736,105,6,2025-10-12,41398.3,2,3,0,3,5,393.28,Delivered Late
2737,253,7,2025-03-03,5226.04,1,3,0,4,5,54.87,Delivered On-Time
2738,67,7,2026-01-17,31189.92,2,3,0,4,3,327.49,Delivered On-Time
2739,240,4,2024-01-04,4386.78,1,2,0,1,2,63.61,Delivered On-Time
2740,37,7,2026-05-16,52065.52,3,3,0,4,4,546.69,Delivered On-Time
2741,5,1,2026-02-17,3722.03,1,1,0,5,5,72.58,Delivered On-Time
2742,211,2,2024-04-21,7904.42,1,1,0,1,1,169.95,Delivered On-Time
2743,142,4,2024-10-28,3143.65,1,2,0,1,2,45.58,Delivered On-Time
2744,216,6,2025-04-27,9002.4,1,3,0,3,4,85.52,Delivered On-Time
2745,81,7,2025-07-17,24717.88,2,3,0,4,5,259.54,Delivered On-Time
2746,117,6,2024-07-01,50564.06,3,3,0,3,3,480.36,Delivered On-Time
2747,114,4,2025-10-29,5892.12,1,2,0,1,1,85.44,Delivered On-Time
2748,51,7,2025-12-18,19048.55,2,3,0,4,5,200.01,Delivered On-Time
2749,14,3,2026-01-15,2668.51,1,1,0,1,2,57.37,Delivered On-Time
2750,73,7,2025-05-14,301822.87,3,3,0,4,3,3169.14,Delivered On-Time
2751,240,2,2024-10-01,34027.85,2,1,1,1,1,731.6,Delivered On-Time
2752,75,7,2026-01-21,7922.71,1,3,0,4,6,83.19,Delivered Late
2753,21,1,2025-02-24,2077.56,1,1,0,5,5,40.51,Delivered On-Time
2754,125,6,2025-03-11,5413.29,1,3,0,3,4,51.43,Delivered On-Time
2755,179,6,2025-01-19,103069.1,3,3,0,3,3,979.16,Delivered On-Time
2756,254,7,2026-04-05,4857.65,1,3,0,4,4,51.01,Delivered On-Time
2757,62,5,2026-05-21,135278.14,3,2,1,2,1,2096.81,Lost
2758,231,7,2025-05-22,42003.99,2,3,0,4,4,441.04,Delivered On-Time
2759,255,4,2025-01-14,2810.98,1,2,0,1,1,40.76,Delivered On-Time
2760,102,7,2024-03-07,142431.23,3,3,0,4,5,1495.53,Delivered On-Time
2761,23,2,2026-03-10,1432.45,1,1,0,1,1,30.8,Delivered On-Time
2762,60,6,2024-12-28,2628.92,1,3,0,3,2,24.97,Delivered On-Time
2763,45,2,2026-05-29,6867.49,1,1,0,1,2,147.65,Delivered On-Time
2764,66,7,2024-03-30,159592.24,3,3,0,4,5,1675.72,Delivered On-Time
2765,104,7,2024-12-19,33964.62,2,3,0,4,4,356.63,Delivered On-Time
2766,106,3,2024-05-14,9753.09,1,1,0,1,1,209.69,Delivered On-Time
2767,203,5,2024-06-07,11397.93,2,2,0,2,4,176.67,Delivered Late
2768,154,7,2025-10-05,3395.49,1,3,0,4,4,35.65,Delivered On-Time
2769,58,1,2025-01-31,3668.17,1,1,0,5,5,71.53,Delivered On-Time
2770,132,1,2025-12-29,8700.89,1,1,0,5,4,169.67,Delivered On-Time
2771,251,3,2026-01-09,1599.24,1,1,0,1,1,34.38,Delivered On-Time
2772,16,1,2025-11-18,9075.41,1,1,0,5,5,176.97,Delivered On-Time
2773,35,5,2024-12-09,1507.26,1,2,0,2,2,23.36,Delivered On-Time
2774,181,5,2026-03-31,2004.25,1,2,0,2,3,31.07,Delivered On-Time
2775,246,1,2024-05-08,6917.76,1,1,0,5,5,134.9,Delivered On-Time
2776,254,3,2025-12-06,7478.51,1,1,0,1,1,160.79,Delivered On-Time
2777,189,6,2025-09-21,52075.79,3,3,0,3,3,494.72,Delivered On-Time
2778,235,2,2025-10-09,5304.03,1,1,0,1,1,114.04,Delivered On-Time
2779,137,3,2026-05-10,31576.07,2,1,1,1,2,678.89,Delivered On-Time
2780,35,4,2026-04-23,48772.33,2,2,0,1,1,707.2,Delivered On-Time
2781,133,4,2025-01-14,11627.96,2,2,0,1,1,168.61,Delivered On-Time
2782,201,6,2024-05-10,13862.87,2,3,0,3,5,131.7,Delivered Late
2783,169,6,2024-01-09,132651.61,3,3,0,3,3,1260.19,Delivered On-Time
2784,190,3,2025-04-29,3770.75,1,1,0,1,1,81.07,Delivered On-Time
2785,155,6,2025-12-04,28258.61,2,3,0,3,2,268.46,Delivered On-Time
2786,170,6,2026-05-08,38849.58,2,3,0,3,3,369.07,Delivered On-Time
2787,167,7,2025-02-15,3668.2,1,3,0,4,5,38.52,Delivered On-Time
2788,78,1,2025-11-28,5498.52,1,1,0,5,6,107.22,Delivered On-Time
2789,40,1,2026-02-20,8448.1,1,1,0,5,5,164.74,Delivered On-Time
2790,214,6,2026-02-08,6781.23,1,3,0,3,2,64.42,Delivered On-Time
2791,148,1,2026-05-05,3753.5,1,1,0,5,5,73.19,Delivered On-Time
2792,85,6,2026-01-29,5871.42,1,3,0,3,3,55.78,Delivered On-Time
2793,250,5,2025-01-16,2030.28,1,2,0,2,2,31.47,Delivered On-Time
2794,27,7,2025-10-11,8034.59,1,3,0,4,4,84.36,Delivered On-Time
2795,165,7,2026-06-13,31438.45,2,3,0,4,4,330.1,Delivered On-Time
2796,5,1,2026-03-26,8502.21,1,1,0,5,5,165.79,Delivered On-Time
2797,178,6,2025-12-15,5186.76,1,3,0,3,3,49.27,Delivered On-Time
2798,171,6,2026-06-07,35201.18,2,3,0,3,3,334.41,Delivered On-Time
2799,218,2,2026-04-28,2802.89,1,1,0,1,1,60.26,Delivered On-Time
2800,108,6,2024-01-11,8045.59,1,3,0,3,2,76.43,Delivered On-Time
2801,219,1,2025-05-26,2518.91,1,1,0,5,7,49.12,Delivered Late
2802,98,4,2024-10-30,9856.36,1,2,0,1,1,142.92,Delivered On-Time
2803,137,1,2024-08-02,3437.77,1,1,0,5,6,67.04,Delivered On-Time
2804,7,6,2024-11-17,99683.64,3,3,0,3,3,946.99,Delivered On-Time
2805,232,7,2024-09-30,88573.81,3,3,0,4,3,930.03,Delivered On-Time
2806,198,2,2024-01-24,131599.69,3,1,1,1,1,2829.39,Delivered On-Time
2807,77,5,2025-10-16,885.09,1,2,0,2,3,13.72,Delivered On-Time
2808,190,3,2024-06-05,110352.6,3,1,1,1,3,2372.58,Delivered Late
2809,209,4,2024-12-20,18161.18,2,2,0,1,2,263.34,Delivered On-Time
2810,15,1,2025-10-16,7501.64,1,1,0,5,6,146.28,Delivered On-Time
2811,96,3,2024-10-27,5103.61,1,1,0,1,4,109.73,Delivered Late
2812,68,5,2025-06-25,12681.93,2,2,0,2,5,196.57,Delivered Late
2813,167,2,2025-11-01,521.62,1,1,0,1,1,11.21,Delivered On-Time
2814,168,5,2025-09-12,46646.64,2,2,0,2,5,723.02,Delivered Late
2815,130,6,2026-04-03,367081.63,3,3,0,3,3,3487.28,Delivered On-Time
2816,22,1,2024-02-11,5960.32,1,1,0,5,6,116.23,Delivered On-Time
2817,207,6,2025-01-26,14102.27,2,3,0,3,3,133.97,Delivered On-Time
2818,195,6,2024-05-27,49749.8,2,3,0,3,3,472.62,Delivered On-Time
2819,9,3,2025-10-04,5991.66,1,1,0,1,1,128.82,Delivered On-Time
2820,195,5,2025-11-12,17245.03,2,2,0,2,2,267.3,Delivered On-Time
2821,133,5,2025-04-22,42480.43,2,2,0,2,1,658.45,Delivered On-Time
2822,200,3,2025-12-25,972.24,1,1,0,1,1,20.9,Delivered On-Time
2823,10,7,2025-08-13,33010.47,2,3,0,4,4,346.61,Delivered On-Time
2824,191,6,2026-03-26,81051.52,3,3,0,3,3,769.99,Delivered On-Time
2825,40,7,2025-09-07,69691.57,3,3,0,4,4,731.76,Delivered On-Time
2826,175,2,2026-01-28,9730.53,1,1,0,1,1,209.21,Delivered On-Time
2827,123,5,2025-11-10,40047.42,2,2,0,2,2,620.74,Delivered On-Time
2828,192,7,2026-05-17,27365.37,2,3,0,4,3,287.34,Delivered On-Time
2829,251,5,2025-05-02,14811.15,2,2,0,2,3,229.57,Delivered On-Time
2830,93,2,2024-01-31,8110.55,1,1,0,1,2,174.38,Delivered On-Time
2831,189,5,2024-12-18,3062.7,1,2,0,2,2,47.47,Delivered On-Time
2832,166,7,2026-04-13,134528.67,3,3,0,4,4,1412.55,Delivered On-Time
2833,218,6,2024-04-25,303981.84,3,3,0,3,3,2887.83,Delivered On-Time
2834,87,7,2025-01-20,294687.91,3,3,0,4,3,3094.22,Delivered On-Time
2835,126,7,2024-11-27,8819.94,1,3,0,4,5,92.61,Delivered On-Time
2836,233,4,2025-11-21,36344.08,2,2,0,1,1,526.99,Delivered On-Time
2837,160,7,2025-12-02,1969.79,1,3,0,4,4,20.68,Delivered On-Time
2838,214,2,2025-11-10,7638.11,1,1,0,1,1,164.22,Delivered On-Time
2839,177,2,2024-05-29,3792.78,1,1,0,1,1,81.54,Delivered On-Time
2840,236,6,2024-07-16,828.8,1,3,0,3,2,7.87,Delivered On-Time
2841,105,6,2024-01-06,73577.5,3,3,0,3,2,698.99,Delivered On-Time
2842,50,5,2026-05-19,49157.95,2,2,0,2,2,761.95,Delivered On-Time
2843,255,4,2025-04-26,9368.12,1,2,0,1,1,135.84,Delivered On-Time
2844,139,1,2025-01-03,689.38,1,1,0,5,5,13.44,Delivered On-Time
2845,190,7,2026-01-09,6368.45,1,3,0,4,4,66.87,Delivered On-Time
2846,128,7,2026-02-24,85098.4,3,3,0,4,4,893.53,Delivered On-Time
2847,47,1,2025-11-08,5216.77,1,1,0,5,5,101.73,Delivered On-Time
2848,84,5,2025-11-04,37926.01,2,2,0,2,2,587.85,Delivered On-Time
2849,53,7,2026-06-17,9267.03,1,3,0,4,4,97.3,Delivered On-Time
2850,5,7,2025-08-25,47282.3,2,3,0,4,4,496.46,Delivered On-Time
2851,162,7,2025-04-30,7873.99,1,3,0,4,5,82.68,Delivered Late
2852,40,7,2025-04-03,5136.87,1,3,0,4,5,53.94,Delivered On-Time
2853,209,7,2025-12-20,2265.63,1,3,0,4,4,23.79,Delivered On-Time
2854,122,3,2024-03-07,8799.59,1,1,0,1,1,189.19,Delivered On-Time
2855,83,3,2025-09-03,4876.19,1,1,0,1,2,104.84,Delivered On-Time
2856,61,5,2026-01-24,6268.98,1,2,0,2,1,97.17,Delivered On-Time
2857,137,7,2025-02-03,76522.62,3,3,0,4,4,803.49,Delivered On-Time
2858,26,3,2025-02-19,7136.64,1,1,0,1,1,153.44,Delivered On-Time
2859,45,2,2026-05-21,19298.56,2,1,1,1,1,414.92,Delivered On-Time
2860,67,1,2026-05-16,36274.63,2,1,1,5,4,707.36,Delivered On-Time
2861,15,7,2026-01-31,6426.95,1,3,0,4,5,67.48,Delivered On-Time
2862,242,5,2024-07-28,8304.16,1,2,0,2,2,128.71,Delivered On-Time
2863,256,6,2024-12-14,42208.4,2,3,0,3,3,400.98,Delivered On-Time
2864,16,7,2026-01-06,419628.97,3,3,0,4,4,4406.1,Delivered On-Time
2865,174,5,2024-07-01,13656.01,2,2,0,2,2,211.67,Delivered On-Time
2866,204,6,2026-01-17,33863.74,2,3,0,3,6,321.71,Delivered Late
2867,234,3,2025-01-12,6710.78,1,1,0,1,1,144.28,Delivered On-Time
2868,74,6,2025-05-23,380587.96,3,3,0,3,3,3615.59,Delivered On-Time
2869,30,5,2025-08-24,7407.96,1,2,0,2,1,114.82,Delivered On-Time
2870,240,5,2024-03-26,28897.36,2,2,0,2,2,447.91,Delivered On-Time
2871,232,2,2025-07-22,1251.52,1,1,0,1,1,26.91,Delivered On-Time
2872,171,1,2025-08-27,4590.93,1,1,0,5,5,89.52,Delivered On-Time
2873,207,5,2025-02-01,9383.9,1,2,0,2,3,145.45,Delivered On-Time
2874,165,7,2024-11-21,8940.25,1,3,0,4,5,93.87,Delivered On-Time
2875,58,3,2024-12-24,32383.22,2,1,1,1,1,696.24,Delivered On-Time
2876,211,3,2026-01-07,8730.17,1,1,0,1,1,187.7,Delivered On-Time
2877,17,2,2024-01-07,3698.75,1,1,0,1,1,79.52,Delivered On-Time
2878,127,7,2025-05-18,8507.65,1,3,0,4,3,89.33,Delivered On-Time
2879,197,2,2025-03-03,5948.77,1,1,0,1,1,127.9,Delivered On-Time
2880,157,5,2024-04-23,3280.74,1,2,0,2,2,50.85,Delivered On-Time
2881,179,2,2026-01-28,1519.19,1,1,0,1,1,32.66,Delivered On-Time
2882,165,1,2024-07-21,1333.65,1,1,0,5,5,26.01,Delivered On-Time
2883,226,7,2024-06-01,23554.11,2,3,0,4,4,247.32,Delivered On-Time
2884,105,6,2024-08-14,2976.62,1,3,0,3,2,28.28,Delivered On-Time
2885,85,2,2024-11-17,4006.63,1,1,0,1,1,86.14,Delivered On-Time
2886,219,1,2026-01-05,8405.15,1,1,0,5,5,163.9,Delivered On-Time
2887,204,7,2025-02-16,96144.54,3,3,0,4,5,1009.52,Delivered On-Time
2888,144,5,2024-01-28,2959.97,1,2,0,2,2,45.88,Delivered On-Time
2889,51,3,2026-04-13,907.87,1,1,0,1,2,19.52,Delivered On-Time
2890,29,5,2025-10-20,25207.55,2,2,0,2,2,390.72,Delivered On-Time
2891,185,7,2024-04-25,2401.76,1,3,0,4,3,25.22,Delivered On-Time
2892,234,7,2024-09-08,131932.88,3,3,0,4,3,1385.3,Delivered On-Time
2893,62,4,2025-09-04,7195.03,1,2,0,1,1,104.33,Delivered On-Time
2894,242,7,2026-04-29,148664.78,3,3,0,4,4,1560.98,Delivered On-Time
2895,143,7,2025-08-16,8464.54,1,3,0,4,3,88.88,Delivered On-Time
2896,139,7,2025-01-29,27713.86,2,3,0,4,4,291.0,Delivered On-Time
2897,163,4,2025-01-24,3348.17,1,2,0,1,1,48.55,Delivered On-Time
2898,124,6,2025-12-09,8581.67,1,3,0,3,3,81.53,Delivered On-Time
2899,225,6,2024-07-31,6734.1,1,3,0,3,3,63.97,Damaged
2900,126,4,2025-04-05,5914.98,1,2,0,1,4,85.77,Delivered Late
2901,190,3,2025-02-26,7205.29,1,1,0,1,1,154.91,Delivered On-Time
2902,37,7,2025-07-09,4461.3,1,3,0,4,3,46.84,Delivered On-Time
2903,256,5,2024-05-08,6707.65,1,2,0,2,2,103.97,Delivered On-Time
2904,104,7,2024-02-16,38135.92,2,3,0,4,4,400.43,Delivered On-Time
2905,132,4,2025-08-28,3210.48,1,2,0,1,1,46.55,Delivered On-Time
2906,236,4,2026-04-07,34703.13,2,2,0,1,1,503.2,Delivered On-Time
2907,246,4,2025-08-14,16967.78,2,2,0,1,2,246.03,Delivered On-Time
2908,244,6,2024-12-29,431549.98,3,3,0,3,3,4099.72,Delivered On-Time
2909,259,7,2025-06-15,40703.31,2,3,0,4,4,427.38,Delivered On-Time
2910,79,5,2025-01-11,3593.64,1,2,0,2,2,55.7,Delivered On-Time
2911,99,2,2025-01-07,38725.93,2,1,1,1,2,832.61,Delivered On-Time
2912,74,4,2026-02-02,15739.02,2,2,0,1,2,228.22,Delivered On-Time
2913,19,2,2024-09-09,8766.08,1,1,0,1,1,188.47,Delivered On-Time
2914,256,5,2024-03-11,4114.96,1,2,0,2,2,63.78,Delivered On-Time
2915,211,4,2025-06-04,19696.16,2,2,0,1,1,285.59,Delivered On-Time
2916,43,5,2024-01-28,5729.89,1,2,0,2,4,88.81,Delivered Late
2917,260,6,2024-11-14,239346.04,3,3,0,3,3,2273.79,Delivered On-Time
2918,198,7,2024-02-18,41620.51,2,3,0,4,5,437.02,Delivered On-Time
2919,25,1,2026-05-07,5509.6,1,1,0,5,6,107.44,Delivered On-Time
2920,50,4,2026-03-02,39189.84,2,2,0,1,1,568.25,Delivered On-Time
2921,188,5,2024-03-01,8602.82,1,2,0,2,2,133.34,Delivered On-Time
2922,85,2,2026-03-22,1826.07,1,1,0,1,2,39.26,Delivered On-Time
2923,31,1,2025-12-31,1585.15,1,1,0,5,5,30.91,Delivered On-Time
2924,58,1,2025-01-13,36833.09,2,1,1,5,8,718.25,Delivered Late
2925,164,7,2024-10-16,7857.93,1,3,0,4,5,82.51,Delivered On-Time
2926,226,6,2026-05-05,25905.14,2,3,0,3,3,246.1,Delivered On-Time
2927,165,3,2024-02-03,53262.96,3,1,1,1,1,1145.15,Delivered On-Time
2928,170,5,2024-03-29,10980.44,2,2,0,2,2,170.2,Delivered On-Time
2929,54,2,2024-07-26,2863.43,1,1,0,1,1,61.56,Delivered On-Time
2930,21,5,2025-02-12,42654.78,2,2,0,2,2,661.15,Delivered On-Time
2931,217,6,2025-12-09,6945.39,1,3,0,3,2,65.98,Delivered On-Time
2932,58,7,2025-12-17,8190.12,1,3,0,4,4,86.0,Delivered On-Time
2933,102,4,2025-05-12,25086.0,2,2,0,1,1,363.75,Delivered On-Time
2934,50,4,2024-06-29,45312.42,2,2,0,1,1,657.03,Delivered On-Time
2935,243,6,2024-05-12,84756.14,3,3,0,3,2,805.18,Delivered On-Time
2936,85,5,2026-02-02,8046.87,1,2,0,2,2,124.73,Delivered On-Time
2937,44,7,2025-05-10,7971.24,1,3,0,4,5,83.7,Delivered On-Time
2938,198,6,2026-01-23,1223.78,1,3,0,3,6,11.63,Delivered Late
2939,120,6,2025-07-18,735.95,1,3,0,3,3,6.99,Delivered On-Time
2940,248,6,2025-05-06,5514.43,1,3,0,3,3,52.39,Delivered On-Time
2941,58,1,2026-05-07,1424.51,1,1,0,5,4,27.78,Delivered On-Time
2942,240,3,2025-10-21,30297.99,2,1,1,1,1,651.41,Delivered On-Time
2943,184,7,2025-09-23,2337.64,1,3,0,4,4,24.55,Delivered On-Time
2944,24,2,2026-05-24,6515.79,1,1,0,1,1,140.09,Delivered On-Time
2945,189,3,2025-08-22,775.15,1,1,0,1,5,16.67,Delivered Late
2946,200,6,2025-04-07,87190.74,3,3,0,3,7,828.31,Delivered Late
2947,151,6,2025-04-26,309331.33,3,3,0,3,3,2938.65,Delivered On-Time
2948,24,4,2024-04-16,41877.05,2,2,0,1,2,607.22,Delivered On-Time
2949,52,7,2024-09-28,39379.08,2,3,0,4,4,413.48,Delivered On-Time
2950,28,5,2025-01-16,39942.69,2,2,0,2,2,619.11,Delivered On-Time
2951,98,4,2024-02-16,37461.78,2,2,0,1,2,543.2,Delivered On-Time
2952,158,6,2025-12-23,146765.26,3,3,0,3,7,1394.27,Delivered Late
2953,70,6,2024-09-21,19485.01,2,3,0,3,3,185.11,Delivered On-Time
2954,188,4,2024-12-17,33847.36,2,2,0,1,1,490.79,Delivered On-Time
2955,6,3,2025-10-19,19199.56,2,1,1,1,1,412.79,Delivered On-Time
2956,162,4,2025-12-15,5603.71,1,2,0,1,1,81.25,Delivered On-Time
2957,35,4,2025-03-07,2990.9,1,2,0,1,1,43.37,Delivered On-Time
2958,92,6,2025-06-22,445190.04,3,3,0,3,3,4229.31,Delivered On-Time
2959,17,6,2025-06-17,7683.97,1,3,0,3,2,73.0,Delivered On-Time
2960,112,5,2024-04-19,34478.46,2,2,0,2,3,534.42,Delivered On-Time
2961,123,4,2024-02-09,15629.13,2,2,0,1,1,226.62,Damaged
2962,48,6,2026-01-19,3478.42,1,3,0,3,2,33.04,Delivered On-Time
2963,51,2,2025-08-25,2667.15,1,1,0,1,1,57.34,Delivered On-Time
2964,116,3,2026-02-01,3626.23,1,1,0,1,1,77.96,Delivered On-Time
2965,226,2,2026-02-15,6213.5,1,1,0,1,2,133.59,Delivered On-Time
2966,13,7,2024-10-19,89900.23,3,3,0,4,3,943.95,Delivered On-Time
2967,56,1,2025-02-13,8231.7,1,1,0,5,5,160.52,Delivered On-Time
2968,166,4,2026-01-10,8486.92,1,2,0,1,1,123.06,Delivered On-Time
2969,59,6,2025-06-26,6369.65,1,3,0,3,4,60.51,Delivered Late
2970,82,6,2025-01-25,22767.42,2,3,0,3,2,216.29,Delivered On-Time
2971,64,6,2024-11-26,57423.03,3,3,0,3,6,545.52,Delivered Late
2972,199,7,2026-04-03,6202.49,1,3,0,4,4,65.13,Delivered On-Time
2973,253,2,2026-01-14,2105.96,1,1,0,1,1,45.28,Delivered On-Time
2974,152,4,2025-12-02,5353.96,1,2,0,1,1,77.63,Delivered On-Time
2975,70,4,2025-02-02,12931.58,2,2,0,1,1,187.51,Delivered On-Time
2976,131,6,2024-08-04,138559.82,3,3,0,3,3,1316.32,Delivered On-Time
2977,75,1,2024-02-06,2004.11,1,1,0,5,4,39.08,Delivered On-Time
2978,27,7,2024-04-23,28320.21,2,3,0,4,3,297.36,Delivered On-Time
2979,260,4,2025-02-03,49056.72,2,2,0,1,2,711.32,Lost
2980,198,7,2025-02-06,1422.37,1,3,0,4,4,14.93,Delivered On-Time
2981,122,6,2026-02-04,1759.88,1,3,0,3,2,16.72,Delivered On-Time
2982,117,6,2026-04-15,89607.92,3,3,0,3,3,851.28,Delivered On-Time
2983,186,2,2024-07-31,1514.62,1,1,0,1,1,32.56,Delivered On-Time
2984,250,4,2026-05-04,104146.67,3,2,1,1,1,1510.13,Delivered On-Time
2985,90,3,2026-06-27,8226.6,1,1,0,1,1,176.87,Delivered On-Time
2986,79,4,2024-06-09,48599.83,2,2,0,1,1,704.7,Delivered On-Time
2987,78,1,2024-12-14,21332.63,2,1,1,5,4,415.99,Delivered On-Time
2988,65,3,2024-11-25,6399.38,1,1,0,1,2,137.59,Delivered On-Time
2989,64,7,2025-10-10,11590.58,2,3,0,4,5,121.7,Delivered On-Time
2990,14,1,2024-03-18,5798.52,1,1,0,5,5,113.07,Delivered On-Time
2991,240,5,2026-04-12,36687.76,2,2,0,2,6,568.66,Delivered Late
2992,199,7,2024-05-16,54716.95,3,3,0,4,3,574.53,Delivered On-Time
2993,130,5,2024-01-16,5127.88,1,2,0,2,1,79.48,Delivered On-Time
2994,132,7,2025-06-29,23204.8,2,3,0,4,5,243.65,Delivered On-Time
2995,78,5,2024-09-26,7037.02,1,2,0,2,2,109.07,Delivered On-Time
2996,38,6,2024-12-14,43959.61,2,3,0,3,4,417.62,Delivered Late
2997,114,5,2026-04-05,8487.13,1,2,0,2,2,131.55,Delivered On-Time
2998,180,7,2025-02-08,767.72,1,3,0,4,3,8.06,Delivered On-Time
2999,93,3,2025-05-03,5974.66,1,1,0,1,1,128.46,Delivered On-Time
3000,117,7,2025-03-26,9170.9,1,3,0,4,4,96.29,Delivered On-Time
3001,152,7,2025-12-13,2220.95,1,3,0,4,4,23.32,Delivered On-Time
3002,260,4,2024-09-11,30483.78,2,2,0,1,2,442.01,Delivered On-Time
3003,98,5,2024-06-03,34007.17,2,2,0,2,3,527.11,Delivered On-Time
3004,132,1,2025-09-25,8783.99,1,1,0,5,6,171.29,Delivered On-Time
3005,114,7,2026-02-20,6467.1,1,3,0,4,5,67.9,Delivered On-Time
3006,165,5,2025-12-02,79775.45,3,2,1,2,2,1236.52,Delivered On-Time
3007,26,7,2024-12-07,28065.45,2,3,0,4,4,294.69,Delivered On-Time
3008,232,1,2026-06-10,5616.79,1,1,0,5,4,109.53,Delivered On-Time
3009,131,5,2025-04-24,34219.42,2,2,0,2,2,530.4,Delivered On-Time
3010,90,6,2024-05-12,9626.92,1,3,0,3,3,91.46,Delivered On-Time
3011,108,7,2026-03-22,13032.54,2,3,0,4,4,136.84,Delivered On-Time
3012,17,6,2025-09-13,30115.03,2,3,0,3,2,286.09,Delivered On-Time
3013,13,3,2025-07-06,7581.94,1,1,0,1,1,163.01,Delivered On-Time
3014,150,2,2025-01-21,1188.6,1,1,0,1,1,25.55,Delivered On-Time
3015,6,6,2026-02-27,95468.63,3,3,0,3,3,906.95,Delivered On-Time
3016,247,3,2026-04-15,75544.37,3,1,1,1,2,1624.2,Delivered On-Time
3017,152,1,2024-12-10,139519.83,3,1,1,5,5,2720.64,Delivered On-Time
3018,108,5,2025-11-13,3661.82,1,2,0,2,5,56.76,Delivered Late
3019,134,5,2025-04-06,3595.7,1,2,0,2,2,55.73,Delivered On-Time
3020,131,4,2025-11-19,1007.15,1,2,0,1,3,14.6,Delivered Late
3021,21,2,2025-07-23,2231.19,1,1,0,1,1,47.97,Delivered On-Time
3022,241,3,2025-07-15,7818.05,1,1,0,1,1,168.09,Delivered On-Time
3023,230,4,2024-11-01,21681.92,2,2,0,1,1,314.39,Delivered On-Time
3024,36,7,2026-05-04,7452.01,1,3,0,4,4,78.25,Delivered On-Time
3025,45,2,2025-07-18,3846.49,1,1,0,1,1,82.7,Damaged
3026,224,4,2026-01-28,24803.47,2,2,0,1,2,359.65,Delivered On-Time
3027,141,4,2024-06-29,2333.88,1,2,0,1,1,33.84,Delivered On-Time
3028,92,6,2026-04-07,4476.22,1,3,0,3,3,42.52,Delivered On-Time
3029,77,7,2024-10-07,1784.01,1,3,0,4,4,18.73,Delivered On-Time
3030,30,1,2024-11-18,28530.16,2,1,1,5,5,556.34,Delivered On-Time
3031,2,7,2026-01-09,1294.56,1,3,0,4,4,13.59,Delivered On-Time
3032,219,2,2025-02-04,7460.57,1,1,0,1,2,160.4,Delivered On-Time
3033,236,7,2026-05-06,1713.98,1,3,0,4,3,18.0,Delivered On-Time
3034,217,5,2024-03-27,25294.13,2,2,0,2,1,392.06,Delivered On-Time
3035,181,1,2026-06-04,6303.96,1,1,0,5,6,122.93,Delivered On-Time
3036,148,1,2025-01-14,6985.67,1,1,0,5,6,136.22,Delivered On-Time
3037,19,4,2026-04-08,14586.23,2,2,0,1,1,211.5,Delivered On-Time
3038,134,7,2025-07-01,8210.54,1,3,0,4,4,86.21,Delivered On-Time
3039,105,7,2026-04-10,11730.53,2,3,0,4,4,123.17,Delivered On-Time
3040,49,1,2024-07-20,3805.03,1,1,0,5,5,74.2,Delivered On-Time
3041,192,7,2024-04-25,4652.73,1,3,0,4,4,48.85,Delivered On-Time
3042,50,5,2025-06-26,3340.73,1,2,0,2,3,51.78,Delivered On-Time
3043,69,6,2024-01-12,9333.71,1,3,0,3,3,88.67,Delivered On-Time
3044,73,1,2026-02-02,8521.86,1,1,0,5,5,166.18,Delivered On-Time
3045,97,5,2026-06-19,9377.91,1,2,0,2,2,145.36,Delivered On-Time
3046,201,7,2024-01-25,37668.46,2,3,0,4,3,395.52,Delivered On-Time
3047,109,5,2024-10-31,7677.0,1,2,0,2,2,118.99,Delivered On-Time
3048,138,7,2026-01-20,7145.02,1,3,0,4,3,75.02,Delivered On-Time
3049,259,3,2026-04-07,817.94,1,1,0,1,1,17.59,Delivered On-Time
3050,70,6,2024-06-03,5346.08,1,3,0,3,3,50.79,Delivered On-Time
3051,143,5,2024-03-13,9522.68,1,2,0,2,2,147.6,Delivered On-Time
3052,216,3,2025-02-25,1852.75,1,1,0,1,1,39.83,Delivered On-Time
3053,106,5,2025-07-10,4847.35,1,2,0,2,2,75.13,Delivered On-Time
3054,86,3,2025-08-20,102571.22,3,1,1,1,1,2205.28,Delivered On-Time
3055,128,7,2025-05-16,394696.91,3,3,0,4,4,4144.32,Delivered On-Time
3056,244,3,2025-12-22,12182.13,2,1,1,1,1,261.92,Delivered On-Time
3057,107,3,2025-04-19,146046.6,3,1,1,1,1,3140.0,Delivered On-Time
3058,177,7,2024-11-21,138103.08,3,3,0,4,5,1450.08,Delivered On-Time
3059,80,4,2025-04-23,8125.07,1,2,0,1,1,117.81,Delivered On-Time
3060,175,6,2026-02-03,4402.43,1,3,0,3,2,41.82,Delivered On-Time
3061,21,3,2025-06-08,2150.21,1,1,0,1,1,46.23,Delivered On-Time
3062,160,6,2025-07-28,21060.98,2,3,0,3,3,200.08,Delivered On-Time
3063,190,3,2026-04-29,33511.75,2,1,1,1,1,720.5,Delivered On-Time
3064,225,2,2025-12-31,3400.87,1,1,0,1,1,73.12,Delivered On-Time
3065,133,7,2025-12-30,2531.72,1,3,0,4,7,26.58,Delivered Late
3066,222,5,2024-12-31,6839.38,1,2,0,2,2,106.01,Delivered On-Time
3067,141,7,2025-05-30,24393.63,2,3,0,4,5,256.13,Delivered On-Time
3068,78,2,2026-04-05,163082.72,3,1,1,1,1,3506.28,Delivered On-Time
3069,72,5,2024-08-15,27729.35,2,2,0,2,6,429.8,Delivered Late
3070,49,7,2025-01-10,352799.63,3,3,0,4,4,3704.4,Delivered On-Time
3071,166,6,2026-03-11,11666.44,2,3,0,3,2,110.83,Delivered On-Time
3072,48,5,2024-08-02,13843.49,2,2,0,2,2,214.57,Delivered On-Time
3073,222,6,2025-09-14,4723.23,1,3,0,3,3,44.87,Delivered On-Time
3074,143,6,2026-02-02,3252.44,1,3,0,3,3,30.9,Delivered On-Time
3075,122,4,2025-01-08,22077.89,2,2,0,1,1,320.13,Delivered On-Time
3076,146,3,2026-05-25,7431.58,1,1,0,1,1,159.78,Delivered On-Time
3077,19,7,2025-11-28,88151.14,3,3,0,4,8,925.59,Delivered Late
3078,80,4,2024-10-26,48112.02,2,2,0,1,1,697.62,Delivered On-Time
3079,208,4,2026-04-02,47493.58,2,2,0,1,2,688.66,Delivered On-Time
3080,208,3,2026-05-23,7451.32,1,1,0,1,1,160.2,Delivered On-Time
3081,244,6,2024-03-02,105233.81,3,3,0,3,3,999.72,Delivered On-Time
3082,234,6,2026-02-19,122166.71,3,3,0,3,3,1160.58,Delivered On-Time
3083,63,7,2024-05-16,74506.27,3,3,0,4,4,782.32,Delivered On-Time
3084,183,4,2026-05-23,1204.1,1,2,0,1,1,17.46,Delivered On-Time
3085,158,4,2025-04-03,8858.26,1,2,0,1,1,128.44,Delivered On-Time
3086,204,4,2025-03-26,18599.67,2,2,0,1,1,269.7,Delivered On-Time
3087,100,4,2025-06-09,4198.89,1,2,0,1,1,60.88,Delivered On-Time
3088,17,3,2025-12-09,1461.02,1,1,0,1,1,31.41,Delivered On-Time
3089,15,5,2025-01-25,9821.84,1,2,0,2,2,152.24,Delivered On-Time
3090,81,1,2024-09-14,7495.25,1,1,0,5,5,146.16,Delivered On-Time
3091,214,7,2024-08-12,969.33,1,3,0,4,3,10.18,Delivered On-Time
3092,193,4,2025-02-09,48512.62,2,2,0,1,2,703.43,Delivered On-Time
3093,17,2,2024-12-04,5489.61,1,1,0,1,1,118.03,Delivered On-Time
3094,203,7,2026-01-15,110006.95,3,3,0,4,3,1155.07,Delivered On-Time
3095,186,7,2024-01-03,4938.32,1,3,0,4,5,51.85,Delivered On-Time
3096,123,7,2025-08-20,5403.42,1,3,0,4,4,56.74,Delivered On-Time
3097,170,6,2025-07-19,93726.05,3,3,0,3,3,890.4,Delivered On-Time
3098,108,3,2026-01-01,2430.96,1,1,0,1,1,52.27,Delivered On-Time
3099,40,1,2024-10-06,7658.95,1,1,0,5,5,149.35,Delivered On-Time
3100,31,2,2025-06-28,8605.01,1,1,0,1,1,185.01,Delivered On-Time
3101,154,7,2026-05-13,41489.45,2,3,0,4,4,435.64,Delivered On-Time
3102,24,3,2024-07-19,2815.97,1,1,0,1,1,60.54,Delivered On-Time
3103,115,6,2024-05-24,63389.36,3,3,0,3,3,602.2,Delivered On-Time
3104,82,6,2026-05-27,99462.55,3,3,0,3,6,944.89,Delivered Late
3105,260,7,2024-02-10,9588.98,1,3,0,4,3,100.68,Delivered On-Time
3106,55,2,2025-11-12,3814.54,1,1,0,1,5,82.01,Delivered Late
3107,142,2,2026-05-30,5634.13,1,1,0,1,1,121.13,Delivered On-Time
3108,70,4,2024-07-13,9634.52,1,2,0,1,1,139.7,Delivered On-Time
3109,50,2,2026-04-21,9611.87,1,1,0,1,3,206.66,Delivered Late
3110,224,5,2024-10-23,42019.96,2,2,0,2,2,651.31,Delivered On-Time
3111,249,6,2024-05-25,3374.28,1,3,0,3,3,32.06,Delivered On-Time
3112,78,4,2026-03-04,1925.41,1,2,0,1,1,27.92,Delivered On-Time
3113,122,2,2026-02-04,36303.96,2,1,1,1,3,780.54,Delivered Late
3114,37,6,2024-12-10,4563.81,1,3,0,3,4,43.36,Delivered On-Time
3115,121,6,2025-08-21,8403.4,1,3,0,3,2,79.83,Delivered On-Time
3116,213,1,2025-04-22,9567.27,1,1,0,5,5,186.56,Delivered On-Time
3117,260,3,2025-05-04,9152.91,1,1,0,1,1,196.79,Delivered On-Time
3118,189,4,2025-11-10,3390.14,1,2,0,1,1,49.16,Delivered On-Time
3119,4,5,2024-04-08,20800.59,2,2,0,2,2,322.41,Delivered On-Time
3120,208,5,2024-02-15,3112.36,1,2,0,2,2,48.24,Delivered On-Time
3121,65,5,2025-11-12,6056.75,1,2,0,2,2,93.88,Delivered On-Time
3122,205,7,2024-01-28,8759.87,1,3,0,4,4,91.98,Delivered On-Time
3123,210,6,2024-09-09,4228.42,1,3,0,3,3,40.17,Delivered On-Time
3124,165,6,2025-01-30,16354.01,2,3,0,3,3,155.36,Delivered On-Time
3125,132,2,2024-11-25,35999.69,2,1,1,1,1,773.99,Delivered On-Time
3126,26,6,2024-10-10,107401.33,3,3,0,3,3,1020.31,Delivered On-Time
3127,11,7,2024-08-07,39536.41,2,3,0,4,4,415.13,Delivered On-Time
3128,117,7,2026-05-05,87036.87,3,3,0,4,5,913.89,Delivered On-Time
3129,82,4,2026-02-25,17725.68,2,2,0,1,1,257.02,Delivered On-Time
3130,240,4,2026-05-31,43356.11,2,2,0,1,1,628.66,Delivered On-Time
3131,246,5,2025-09-02,7659.88,1,2,0,2,2,118.73,Delivered On-Time
3132,95,7,2026-01-11,1669.43,1,3,0,4,4,17.53,Delivered On-Time
3133,236,3,2024-11-05,2424.11,1,1,0,1,1,52.12,Delivered On-Time
3134,140,5,2025-07-20,8020.89,1,2,0,2,2,124.32,Delivered On-Time
3135,82,2,2024-05-06,9869.75,1,1,0,1,2,212.2,Delivered On-Time
3136,220,6,2026-05-22,43807.95,2,3,0,3,3,416.18,Delivered On-Time
3137,116,5,2025-05-05,4303.11,1,2,0,2,3,66.7,Delivered On-Time
3138,106,5,2025-05-10,7302.61,1,2,0,2,4,113.19,Delivered Late
3139,120,4,2025-12-29,8629.11,1,2,0,1,1,125.12,Delivered On-Time
3140,232,1,2024-12-17,8684.73,1,1,0,5,6,169.35,Delivered On-Time
3141,101,6,2026-06-14,104138.81,3,3,0,3,3,989.32,Delivered On-Time
3142,99,6,2025-01-08,7261.88,1,3,0,3,3,68.99,Delivered On-Time
3143,180,7,2024-08-05,30538.03,2,3,0,4,4,320.65,Delivered On-Time
3144,207,6,2024-09-27,6441.81,1,3,0,3,3,61.2,Delivered On-Time
3145,83,4,2025-12-15,32863.52,2,2,0,1,2,476.52,Delivered On-Time
3146,134,5,2025-08-11,5468.02,1,2,0,2,2,84.75,Delivered On-Time
3147,27,3,2024-12-12,6190.07,1,1,0,1,2,133.09,Delivered Late
3148,61,7,2025-02-23,8663.27,1,3,0,4,3,90.96,Delivered On-Time
3149,37,3,2025-11-06,31667.85,2,1,1,1,2,680.86,Delivered On-Time
3150,245,6,2025-10-14,17942.62,2,3,0,3,3,170.45,Delivered On-Time
3151,83,5,2024-01-08,22099.78,2,2,0,2,2,342.55,Delivered On-Time
3152,94,7,2026-05-15,131525.77,3,3,0,4,4,1381.02,Delivered On-Time
3153,17,7,2026-02-01,29232.35,2,3,0,4,4,306.94,Delivered On-Time
3154,149,4,2026-03-11,12871.67,2,2,0,1,1,186.64,Delivered On-Time
3155,66,7,2026-01-04,50445.95,3,3,0,4,4,529.68,Delivered On-Time
3156,14,6,2024-10-17,8366.06,1,3,0,3,5,79.48,Delivered Late
3157,149,6,2024-02-17,202169.42,3,3,0,3,3,1920.61,Delivered On-Time
3158,186,2,2025-09-20,626.75,1,1,0,1,2,13.48,Delivered On-Time
3159,56,1,2026-01-06,5100.42,1,1,0,5,5,99.46,Delivered On-Time
3160,248,3,2024-12-23,2763.54,1,1,0,1,1,59.42,Delivered On-Time
3161,254,3,2025-01-02,622.43,1,1,0,1,1,13.38,Delivered On-Time
3162,71,2,2026-02-17,2358.12,1,1,0,1,2,50.7,Delivered On-Time
3163,123,6,2024-07-07,3749.46,1,3,0,3,4,35.62,Delivered On-Time
3164,94,6,2024-12-06,5328.83,1,3,0,3,3,50.62,Delivered On-Time
3165,106,7,2026-03-12,24077.55,2,3,0,4,4,252.81,Delivered On-Time
3166,69,6,2024-12-21,88440.2,3,3,0,3,3,840.18,Delivered On-Time
3167,211,4,2024-07-05,20467.55,2,2,0,1,1,296.78,Delivered On-Time
3168,52,1,2024-01-23,1691.42,1,1,0,5,4,32.98,Delivered On-Time
3169,66,7,2024-03-24,9093.27,1,3,0,4,3,95.48,Delivered On-Time
3170,108,3,2025-08-26,2648.92,1,1,0,1,1,56.95,Delivered On-Time
3171,150,7,2025-08-20,107503.46,3,3,0,4,3,1128.79,Delivered On-Time
3172,16,6,2026-02-19,12614.82,2,3,0,3,2,119.84,Delivered On-Time
3173,217,5,2025-11-01,5950.36,1,2,0,2,2,92.23,Delivered On-Time
3174,80,4,2024-11-26,8006.61,1,2,0,1,1,116.1,Delivered On-Time
3175,44,6,2026-05-16,52853.83,3,3,0,3,3,502.11,Delivered On-Time
3176,81,5,2026-05-27,24121.22,2,2,0,2,2,373.88,Delivered On-Time
3177,123,6,2025-10-29,6002.25,1,3,0,3,3,57.02,Delivered On-Time
3178,118,3,2025-04-27,1374.15,1,1,0,1,1,29.54,Delivered On-Time
3179,74,7,2025-12-01,18665.97,2,3,0,4,4,195.99,Delivered On-Time
3180,91,7,2025-04-23,1094.55,1,3,0,4,4,11.49,Delivered On-Time
3181,130,2,2024-12-28,11591.77,2,1,1,1,1,249.22,Delivered On-Time
3182,103,4,2024-05-06,13418.65,2,2,0,1,2,194.57,Delivered On-Time
3183,230,7,2025-07-29,28186.11,2,3,0,4,4,295.95,Delivered On-Time
3184,183,5,2026-02-08,4210.45,1,2,0,2,2,65.26,Delivered On-Time
3185,118,2,2025-02-19,14547.87,2,1,1,1,1,312.78,Delivered On-Time
3186,258,7,2025-04-26,48983.96,2,3,0,4,3,514.33,Delivered On-Time
3187,22,7,2024-04-15,5704.43,1,3,0,4,3,59.9,Delivered On-Time
3188,128,2,2026-06-14,8996.19,1,1,0,1,1,193.42,Delivered On-Time
3189,245,4,2025-11-01,4157.27,1,2,0,1,1,60.28,Delivered On-Time
3190,18,7,2024-11-13,34489.61,2,3,0,4,4,362.14,Delivered On-Time
3191,7,4,2024-08-26,4177.15,1,2,0,1,1,60.57,Delivered On-Time
3192,200,2,2026-04-23,47022.45,2,1,1,1,1,1010.98,Delivered On-Time
3193,191,6,2025-07-04,12590.08,2,3,0,3,2,119.61,Delivered On-Time
3194,194,1,2026-03-23,3936.92,1,1,0,5,5,76.77,Delivered On-Time
3195,241,7,2024-12-06,44418.86,2,3,0,4,4,466.4,Delivered On-Time
3196,143,4,2025-08-08,1995.49,1,2,0,1,1,28.93,Delivered On-Time
3197,95,6,2025-01-04,4945.53,1,3,0,3,3,46.98,Delivered On-Time
3198,146,4,2024-05-27,36542.76,2,2,0,1,2,529.87,Delivered On-Time
3199,174,1,2026-03-07,7755.24,1,1,0,5,5,151.23,Delivered On-Time
3200,159,4,2024-11-27,88828.96,3,2,1,1,1,1288.02,Delivered On-Time
3201,176,6,2025-12-14,46423.54,2,3,0,3,3,441.02,Delivered On-Time
3202,226,6,2024-01-29,35112.66,2,3,0,3,3,333.57,Delivered On-Time
3203,3,3,2026-05-24,1143.61,1,1,0,1,4,24.59,Delivered Late
3204,153,4,2025-01-31,7110.29,1,2,0,1,2,103.1,Delivered On-Time
3205,237,5,2026-05-09,106399.18,3,2,1,2,2,1649.19,Delivered On-Time
3206,99,5,2024-01-26,378874.62,3,2,1,2,2,5872.56,Delivered On-Time
3207,40,6,2024-01-28,148674.14,3,3,0,3,3,1412.4,Delivered On-Time
3208,53,2,2026-02-27,5671.14,1,1,0,1,1,121.93,Delivered On-Time
3209,75,3,2025-10-14,973.55,1,1,0,1,1,20.93,Delivered On-Time
3210,229,4,2025-10-22,68289.31,3,2,1,1,1,990.19,Delivered On-Time
3211,87,5,2026-06-11,6515.42,1,2,0,2,2,100.99,Delivered On-Time
3212,255,5,2024-08-02,8962.56,1,2,0,2,2,138.92,Delivered On-Time
3213,47,6,2025-10-14,4708.8,1,3,0,3,3,44.73,Delivered On-Time
3214,41,2,2025-01-29,8029.35,1,1,0,1,1,172.63,Delivered On-Time
3215,54,7,2026-01-19,55007.62,3,3,0,4,6,577.58,Delivered Late
3216,65,3,2026-03-31,4680.21,1,1,0,1,1,100.62,Delivered On-Time
3217,3,1,2024-08-09,7421.78,1,1,0,5,5,144.72,Delivered On-Time
3218,124,2,2025-02-13,2618.46,1,1,0,1,2,56.3,Delivered On-Time
3219,123,1,2025-08-15,2375.47,1,1,0,5,6,46.32,Delivered Late
3220,114,5,2026-02-06,925.73,1,2,0,2,2,14.35,Delivered On-Time
3221,18,5,2026-04-17,40984.2,2,2,0,2,2,635.26,Delivered On-Time
3222,155,7,2024-01-31,138078.96,3,3,0,4,4,1449.83,Delivered On-Time
3223,240,1,2024-12-13,21848.04,2,1,1,5,6,426.04,Delivered On-Time
3224,140,6,2024-04-13,36953.4,2,3,0,3,3,351.06,Delivered On-Time
3225,22,3,2025-02-06,4850.85,1,1,0,1,1,104.29,Delivered On-Time
3226,86,2,2024-08-24,9104.63,1,1,0,1,1,195.75,Delivered On-Time
3227,40,6,2026-04-16,7818.53,1,3,0,3,3,74.28,Delivered On-Time
3228,74,5,2024-12-24,45747.78,2,2,0,2,1,709.09,Delivered On-Time
3229,70,3,2024-10-27,1496.71,1,1,0,1,5,32.18,Delivered Late
3230,94,4,2025-09-26,48202.89,2,2,0,1,2,698.94,Delivered On-Time
3231,164,5,2024-04-25,5962.51,1,2,0,2,2,92.42,Delivered On-Time
3232,46,6,2025-02-20,465783.37,3,3,0,3,4,4424.94,Delivered On-Time
3233,77,6,2025-01-24,22100.79,2,3,0,3,2,209.96,Delivered On-Time
3234,235,4,2026-03-07,9951.04,1,2,0,1,1,144.29,Delivered On-Time
3235,237,2,2025-11-08,4274.61,1,1,0,1,1,91.9,Delivered On-Time
3236,226,4,2024-12-23,12726.13,2,2,0,1,1,184.53,Delivered On-Time
3237,57,4,2025-12-28,5939.1,1,2,0,1,1,86.12,Delivered On-Time
3238,240,3,2024-02-21,2501.29,1,1,0,1,1,53.78,Delivered On-Time
3239,57,6,2025-11-12,2157.84,1,3,0,3,3,20.5,Delivered On-Time
3240,100,7,2025-07-29,20029.15,2,3,0,4,4,210.31,Delivered On-Time
3241,131,6,2026-05-31,38301.08,2,3,0,3,4,363.86,Delivered On-Time
3242,99,7,2024-12-24,4845.33,1,3,0,4,4,50.88,Delivered On-Time
3243,252,7,2025-02-27,136555.5,3,3,0,4,4,1433.83,Delivered On-Time
3244,150,6,2024-04-23,4143.7,1,3,0,3,4,39.37,Delivered On-Time
3245,235,5,2026-05-28,273422.61,3,2,1,2,2,4238.05,Delivered On-Time
3246,82,5,2026-05-02,9633.45,1,2,0,2,2,149.32,Delivered On-Time
3247,211,3,2026-02-10,2917.99,1,1,0,1,1,62.74,Delivered On-Time
3248,39,3,2024-07-02,5782.05,1,1,0,1,1,124.31,Delivered On-Time
3249,26,4,2025-12-17,5578.75,1,2,0,1,2,80.89,Delivered On-Time
3250,92,4,2025-03-27,24140.84,2,2,0,1,2,350.04,Delivered On-Time
3251,193,6,2024-08-11,16940.58,2,3,0,3,2,160.94,Delivered On-Time
3252,214,2,2024-12-02,65769.68,3,1,1,1,1,1414.05,Delivered On-Time
3253,133,1,2025-07-24,5955.19,1,1,0,5,5,116.13,Delivered On-Time
3254,86,3,2025-02-28,8784.94,1,1,0,1,5,188.88,Delivered Late
3255,260,4,2025-04-12,12013.11,2,2,0,1,1,174.19,Delivered On-Time
3256,230,7,2024-01-27,8365.98,1,3,0,4,3,87.84,Delivered On-Time
3257,3,3,2025-09-08,9890.17,1,1,0,1,1,212.64,Delivered On-Time
3258,248,6,2026-02-13,63541.33,3,3,0,3,3,603.64,Delivered On-Time
3259,44,6,2026-05-10,414304.07,3,3,0,3,6,3935.89,Delivered Late
3260,65,6,2026-03-26,1737.59,1,3,0,3,3,16.51,Delivered On-Time
3261,43,5,2024-12-10,23635.48,2,2,0,2,2,366.35,Delivered On-Time
3262,30,6,2024-07-15,3637.72,1,3,0,3,3,34.56,Delivered On-Time
3263,169,1,2025-02-26,3808.43,1,1,0,5,5,74.26,Delivered On-Time
3264,238,2,2026-05-24,8415.43,1,1,0,1,1,180.93,Delivered On-Time
3265,104,1,2026-02-09,1798.29,1,1,0,5,5,35.07,Delivered On-Time
3266,162,2,2025-11-26,6109.14,1,1,0,1,2,131.35,Delivered On-Time
3267,151,4,2026-06-09,33660.8,2,2,0,1,1,488.08,Delivered On-Time
3268,120,5,2024-11-23,8298.62,1,2,0,2,2,128.63,Delivered On-Time
3269,3,4,2024-07-27,11828.82,2,2,0,1,1,171.52,Delivered On-Time
3270,1,7,2025-01-23,2302.77,1,3,0,4,4,24.18,Delivered On-Time
3271,174,4,2025-01-03,15319.12,2,2,0,1,1,222.13,Delivered On-Time
3272,224,2,2026-04-27,9839.25,1,1,0,1,1,211.54,Delivered On-Time
3273,218,2,2026-04-12,6548.98,1,1,0,1,2,140.8,Delivered On-Time
3274,241,6,2026-02-25,25518.85,2,3,0,3,3,242.43,Delivered On-Time
3275,135,6,2024-01-24,6213.81,1,3,0,3,4,59.03,Delivered On-Time
3276,176,5,2026-04-02,89776.91,3,2,1,2,2,1391.54,Delivered On-Time
3277,197,6,2025-02-08,11711.58,2,3,0,3,3,111.26,Delivered On-Time
3278,66,2,2026-04-08,5639.09,1,1,0,1,2,121.24,Delivered On-Time
3279,62,6,2024-02-17,26869.39,2,3,0,3,4,255.26,Delivered On-Time
3280,8,4,2025-07-26,9249.8,1,2,0,1,1,134.12,Delivered On-Time
3281,164,4,2025-04-18,7501.08,1,2,0,1,1,108.77,Delivered On-Time
3282,255,7,2024-04-22,15670.06,2,3,0,4,4,164.54,Delivered On-Time
3283,153,6,2024-02-07,6853.93,1,3,0,3,3,65.11,Delivered On-Time
3284,205,5,2025-03-25,2299.76,1,2,0,2,2,35.65,Delivered On-Time
3285,41,7,2024-01-03,37920.63,2,3,0,4,5,398.17,Delivered Late
3286,100,1,2025-05-02,9166.13,1,1,0,5,5,178.74,Delivered On-Time
3287,4,1,2024-02-03,1624.98,1,1,0,5,5,31.69,Delivered On-Time
3288,198,7,2026-05-14,3378.88,1,3,0,4,4,35.48,Delivered On-Time
3289,167,5,2026-04-24,1903.51,1,2,0,2,2,29.5,Delivered On-Time
3290,212,5,2026-04-07,16030.19,2,2,0,2,2,248.47,Delivered On-Time
3291,208,1,2026-01-14,8022.23,1,1,0,5,5,156.43,Delivered On-Time
3292,92,2,2025-06-25,9333.98,1,1,0,1,2,200.68,Delivered On-Time
3293,78,4,2024-02-12,6750.04,1,2,0,1,1,97.88,Delivered On-Time
3294,59,4,2024-11-27,3427.21,1,2,0,1,1,49.69,Delivered On-Time
3295,185,7,2025-12-11,139555.92,3,3,0,4,5,1465.34,Delivered On-Time
3296,91,7,2025-02-08,120323.33,3,3,0,4,5,1263.39,Delivered On-Time
3297,257,4,2026-04-10,4632.84,1,2,0,1,1,67.18,Delivered On-Time
3298,123,7,2025-12-03,50646.28,3,3,0,4,4,531.79,Delivered On-Time
3299,124,5,2024-07-13,3203.1,1,2,0,2,3,49.65,Delivered On-Time
3300,259,6,2024-11-18,493155.56,3,3,0,3,3,4684.98,Delivered On-Time
3301,116,1,2026-03-19,3411.2,1,1,0,5,5,66.52,Delivered On-Time
3302,142,3,2026-01-16,1714.12,1,1,0,1,1,36.85,Delivered On-Time
3303,247,5,2026-01-01,3322.67,1,2,0,2,2,51.5,Delivered On-Time
3304,144,4,2024-03-27,4496.34,1,2,0,1,2,65.2,Delivered On-Time
3305,252,3,2024-03-09,3437.33,1,1,0,1,2,73.9,Delivered On-Time
3306,212,3,2025-02-23,7943.23,1,1,0,1,1,170.78,Delivered On-Time
3307,31,4,2025-07-03,34923.4,2,2,0,1,2,506.39,Delivered On-Time
3308,144,4,2024-10-25,3694.17,1,2,0,1,2,53.57,Delivered On-Time
3309,105,5,2026-06-24,33917.99,2,2,0,2,3,525.73,Delivered On-Time
3310,46,6,2026-04-20,83554.85,3,3,0,3,2,793.77,Delivered On-Time
3311,111,3,2026-01-06,1970.2,1,1,0,1,1,42.36,Delivered On-Time
3312,17,5,2025-01-17,9359.18,1,2,0,2,3,145.07,Delivered On-Time
3313,138,5,2026-05-20,2415.76,1,2,0,2,2,37.44,Delivered On-Time
3314,166,4,2025-06-12,7307.09,1,2,0,1,1,105.95,Delivered On-Time
3315,33,4,2025-02-12,5487.32,1,2,0,1,1,79.57,Delivered On-Time
3316,255,7,2024-11-16,885.97,1,3,0,4,4,9.3,Delivered On-Time
3317,235,7,2026-01-15,69189.19,3,3,0,4,4,726.49,Delivered On-Time
3318,142,7,2024-04-16,15150.06,2,3,0,4,3,159.08,Delivered On-Time
3319,108,4,2024-06-29,7852.37,1,2,0,1,2,113.86,Delivered On-Time
3320,243,6,2026-01-06,393705.57,3,3,0,3,4,3740.2,Delivered On-Time
3321,122,5,2024-10-11,7232.64,1,2,0,2,2,112.11,Delivered On-Time
3322,211,7,2026-05-31,44518.38,2,3,0,4,4,467.44,Delivered On-Time
3323,9,4,2026-01-02,2925.34,1,2,0,1,1,42.42,Delivered On-Time
3324,255,2,2024-12-21,7838.02,1,1,0,1,2,168.52,Delivered On-Time
3325,171,5,2025-08-26,6494.05,1,2,0,2,2,100.66,Delivered On-Time
3326,136,7,2024-04-21,424979.38,3,3,0,4,8,4462.28,Delivered Late
3327,162,4,2024-12-10,17126.18,2,2,0,1,1,248.33,Delivered On-Time
3328,121,5,2025-09-28,28575.45,2,2,0,2,2,442.92,Delivered On-Time
3329,163,1,2026-05-29,3273.85,1,1,0,5,5,63.84,Delivered On-Time
3330,198,6,2025-12-27,3536.73,1,3,0,3,4,33.6,Delivered On-Time
3331,95,5,2024-07-05,9230.76,1,2,0,2,2,143.08,Delivered On-Time
3332,88,6,2025-01-14,2598.18,1,3,0,3,3,24.68,Delivered On-Time
3333,81,7,2025-02-15,20035.1,2,3,0,4,4,210.37,Delivered On-Time
3334,253,5,2025-03-05,39558.14,2,2,0,2,1,613.15,Delivered On-Time
3335,171,2,2024-09-26,8706.3,1,1,0,1,1,187.19,Delivered On-Time
3336,138,2,2025-12-21,9505.7,1,1,0,1,1,204.37,Delivered On-Time
3337,233,6,2026-01-04,47297.26,2,3,0,3,3,449.32,Delivered On-Time
3338,114,7,2024-09-25,7091.51,1,3,0,4,4,74.46,Delivered On-Time
3339,168,4,2024-10-11,598.03,1,2,0,1,2,8.67,Delivered On-Time
3340,189,6,2025-07-30,23956.47,2,3,0,3,3,227.59,Delivered On-Time
3341,233,6,2025-04-27,102092.54,3,3,0,3,4,969.88,Delivered Late
3342,152,4,2025-04-26,35864.65,2,2,0,1,1,520.04,Delivered On-Time
3343,163,7,2025-05-17,932.93,1,3,0,4,4,9.8,Delivered On-Time
3344,51,6,2024-12-08,4425.64,1,3,0,3,4,42.04,Delivered On-Time
3345,128,5,2024-04-10,22491.27,2,2,0,2,2,348.61,Delivered On-Time
3346,147,6,2024-10-03,128066.6,3,3,0,3,3,1216.63,Delivered On-Time
3347,70,1,2024-08-18,47193.61,2,1,1,5,5,920.28,Delivered On-Time
3348,246,1,2024-06-04,5979.78,1,1,0,5,6,116.61,Delivered Late
3349,48,4,2026-06-23,23872.73,2,2,0,1,1,346.15,Delivered On-Time
3350,82,7,2024-02-09,4195.74,1,3,0,4,4,44.06,Delivered On-Time
3351,248,3,2025-01-28,8775.47,1,1,0,1,2,188.67,Delivered On-Time
3352,26,1,2025-10-09,7535.89,1,1,0,5,6,146.95,Delivered On-Time
3353,64,3,2024-01-19,2179.51,1,1,0,1,2,46.86,Delivered On-Time
3354,164,7,2026-03-05,99067.6,3,3,0,4,3,1040.21,Delivered On-Time
3355,182,7,2025-02-04,9203.9,1,3,0,4,4,96.64,Delivered On-Time
3356,62,2,2024-10-10,8805.61,1,1,0,1,1,189.32,Delivered On-Time
3357,172,3,2026-02-18,3383.7,1,1,0,1,1,72.75,Delivered On-Time
3358,223,7,2024-03-18,42288.38,2,3,0,4,4,444.03,Delivered On-Time
3359,138,7,2025-10-02,47662.57,2,3,0,4,4,500.46,Delivered On-Time
3360,202,5,2024-01-20,4593.85,1,2,0,2,1,71.2,Delivered On-Time
3361,104,7,2025-12-23,117800.53,3,3,0,4,4,1236.91,Delivered On-Time
3362,168,5,2025-04-14,3605.58,1,2,0,2,2,55.89,Delivered On-Time
3363,150,1,2024-09-04,4448.33,1,1,0,5,5,86.74,Delivered On-Time
3364,224,7,2024-02-05,16203.83,2,3,0,4,4,170.14,Delivered On-Time
3365,160,6,2024-02-09,114177.01,3,3,0,3,3,1084.68,Delivered On-Time
3366,55,5,2025-11-12,36141.24,2,2,0,2,2,560.19,Delivered On-Time
3367,3,2,2025-06-28,926.34,1,1,0,1,2,19.92,Delivered On-Time
3368,258,4,2026-05-23,8109.65,1,2,0,1,1,117.59,Delivered On-Time
3369,144,5,2025-12-17,1379.41,1,2,0,2,2,21.38,Lost
3370,7,6,2025-09-07,50836.94,3,3,0,3,3,482.95,Delivered On-Time
3371,74,6,2026-01-20,58321.82,3,3,0,3,4,554.06,Delivered Late
3372,11,7,2024-04-30,107529.17,3,3,0,4,3,1129.06,Delivered On-Time
3373,48,5,2025-07-30,35889.24,2,2,0,2,2,556.28,Delivered On-Time
3374,143,3,2024-02-02,4475.71,1,1,0,1,2,96.23,Delivered On-Time
3375,45,1,2025-04-13,5865.15,1,1,0,5,4,114.37,Delivered On-Time
3376,11,2,2025-10-29,9500.07,1,1,0,1,1,204.25,Delivered On-Time
3377,226,5,2024-02-22,47462.15,2,2,0,2,1,735.66,Delivered On-Time
3378,197,3,2025-10-08,10456.38,2,1,1,1,2,224.81,Delivered On-Time
3379,189,1,2025-04-10,6956.95,1,1,0,5,5,135.66,Delivered On-Time
3380,130,3,2025-05-13,7161.05,1,1,0,1,1,153.96,Delivered On-Time
3381,57,7,2024-01-30,142764.34,3,3,0,4,4,1499.03,Delivered On-Time
3382,213,1,2024-02-13,5088.02,1,1,0,5,5,99.22,Delivered On-Time
3383,116,7,2025-02-11,50903.38,3,3,0,4,8,534.49,Delivered Late
3384,64,2,2025-01-06,4608.7,1,1,0,1,1,99.09,Delivered On-Time
3385,129,6,2026-01-07,22746.48,2,3,0,3,4,216.09,Delivered On-Time
3386,15,1,2026-01-27,6823.12,1,1,0,5,6,133.05,Delivered On-Time
3387,115,5,2025-12-06,4079.12,1,2,0,2,5,63.23,Damaged
3388,60,7,2024-11-20,19733.86,2,3,0,4,4,207.21,Delivered On-Time
3389,66,4,2026-04-30,11615.73,2,2,0,1,1,168.43,Delivered On-Time
3390,56,4,2024-02-26,19222.59,2,2,0,1,1,278.73,Delivered On-Time
3391,215,6,2026-01-05,131833.76,3,3,0,3,4,1252.42,Delivered On-Time
3392,117,3,2025-09-16,45858.4,2,1,1,1,1,985.96,Delivered On-Time
3393,260,3,2025-11-02,4602.66,1,1,0,1,1,98.96,Delivered On-Time
3394,132,4,2025-11-01,1565.05,1,2,0,1,2,22.69,Delivered On-Time
3395,4,4,2026-05-21,7661.47,1,2,0,1,1,111.09,Delivered On-Time
3396,168,2,2024-05-02,2648.46,1,1,0,1,1,56.94,Delivered On-Time
3397,136,4,2025-05-09,45205.23,2,2,0,1,1,655.48,Delivered On-Time
3398,219,6,2024-04-26,6866.13,1,3,0,3,3,65.23,Delivered On-Time
3399,148,5,2025-01-21,8071.12,1,2,0,2,2,125.1,Delivered On-Time
3400,224,3,2026-06-28,115545.97,3,1,1,1,1,2484.24,Delivered On-Time
3401,137,3,2024-03-19,4419.27,1,1,0,1,1,95.01,Delivered On-Time
3402,151,6,2025-12-19,2271.86,1,3,0,3,2,21.58,Delivered On-Time
3403,65,7,2024-10-13,9069.2,1,3,0,4,4,95.23,Delivered On-Time
3404,93,6,2024-05-24,127064.25,3,3,0,3,3,1207.11,Delivered On-Time
3405,197,2,2024-10-21,7382.61,1,1,0,1,1,158.73,Delivered On-Time
3406,60,6,2026-03-24,871.08,1,3,0,3,3,8.28,Delivered On-Time
3407,54,6,2026-06-15,44043.12,2,3,0,3,3,418.41,Delivered On-Time
3408,129,4,2026-01-05,18359.48,2,2,0,1,1,266.21,Delivered On-Time
3409,199,4,2024-08-04,3138.39,1,2,0,1,2,45.51,Delivered On-Time
3410,94,4,2025-07-16,6466.3,1,2,0,1,1,93.76,Delivered On-Time
3411,28,4,2024-07-01,7223.81,1,2,0,1,1,104.75,Delivered On-Time
3412,189,6,2025-04-08,4753.54,1,3,0,3,3,45.16,Delivered On-Time
3413,100,1,2026-01-11,3116.96,1,1,0,5,4,60.78,Delivered On-Time
3414,212,6,2025-07-12,7154.59,1,3,0,3,3,67.97,Delivered On-Time
3415,64,7,2025-04-11,14192.04,2,3,0,4,5,149.02,Delivered On-Time
3416,88,7,2025-05-06,33982.4,2,3,0,4,4,356.82,Delivered On-Time
3417,206,3,2024-08-28,6922.6,1,1,0,1,1,148.84,Delivered On-Time
3418,78,7,2024-01-24,3510.6,1,3,0,4,5,36.86,Delivered On-Time
3419,228,5,2025-11-25,4990.69,1,2,0,2,6,77.36,Delivered Late
3420,214,4,2025-01-17,18798.74,2,2,0,1,1,272.58,Delivered On-Time
3421,99,5,2024-01-14,1449.36,1,2,0,2,2,22.47,Delivered On-Time
3422,208,1,2025-04-16,5069.69,1,1,0,5,6,98.86,Delivered On-Time
3423,196,1,2025-03-01,1992.46,1,1,0,5,5,38.85,Delivered On-Time
3424,18,5,2025-06-17,9685.99,1,2,0,2,2,150.13,Delivered On-Time
3425,256,5,2024-04-26,23946.23,2,2,0,2,3,371.17,Delivered On-Time
3426,167,5,2025-09-14,7308.54,1,2,0,2,2,113.28,Delivered On-Time
3427,212,5,2024-10-23,3727.84,1,2,0,2,2,57.78,Delivered On-Time
3428,227,4,2025-09-24,30550.01,2,2,0,1,5,442.98,Delivered Late
3429,164,3,2026-04-10,7568.09,1,1,0,1,2,162.71,Delivered On-Time
3430,247,6,2025-04-01,41745.0,2,3,0,3,3,396.58,Delivered On-Time
3431,192,6,2024-12-29,29576.59,2,3,0,3,3,280.98,Delivered On-Time
3432,228,2,2026-03-06,913.35,1,1,0,1,1,19.64,Delivered On-Time
3433,193,7,2026-05-17,25762.12,2,3,0,4,4,270.5,Delivered On-Time
3434,206,3,2026-02-07,110251.7,3,1,1,1,1,2370.41,Delivered On-Time
3435,10,6,2026-04-17,8793.89,1,3,0,3,2,83.54,Delivered On-Time
3436,251,7,2026-05-24,2253.09,1,3,0,4,4,23.66,Delivered On-Time
3437,105,6,2024-03-16,9896.27,1,3,0,3,4,94.01,Delivered On-Time
3438,60,5,2025-04-06,4583.63,1,2,0,2,1,71.05,Delivered On-Time
3439,226,5,2025-02-23,10566.22,2,2,0,2,3,163.78,Delivered On-Time
3440,155,5,2025-08-17,12571.22,2,2,0,2,2,194.85,Delivered On-Time
3441,111,6,2024-11-23,59138.47,3,3,0,3,3,561.82,Delivered On-Time
3442,143,5,2026-02-05,9877.96,1,2,0,2,2,153.11,Delivered On-Time
3443,176,2,2025-03-11,41313.78,2,1,1,1,1,888.25,Delivered On-Time
3444,199,5,2024-07-05,38764.09,2,2,0,2,1,600.84,Delivered On-Time
3445,236,7,2026-04-12,38115.62,2,3,0,4,4,400.21,Delivered On-Time
3446,22,5,2026-01-27,4189.96,1,2,0,2,2,64.94,Delivered On-Time
3447,195,4,2026-02-09,8792.91,1,2,0,1,1,127.5,Delivered On-Time
3448,236,3,2025-11-04,3383.46,1,1,0,1,2,72.74,Delivered On-Time
3449,211,2,2024-05-31,6646.19,1,1,0,1,1,142.89,Delivered On-Time
3450,203,7,2024-08-30,63184.87,3,3,0,4,5,663.44,Delivered On-Time
3451,53,4,2024-12-29,11870.59,2,2,0,1,1,172.12,Delivered On-Time
3452,199,5,2026-06-13,7160.6,1,2,0,2,1,110.99,Delivered On-Time
3453,35,3,2024-04-25,4721.25,1,1,0,1,1,101.51,Delivered On-Time
3454,92,3,2024-11-10,9369.01,1,1,0,1,2,201.43,Delivered On-Time
3455,96,5,2025-01-07,13206.38,2,2,0,2,2,204.7,Delivered On-Time
3456,51,5,2025-05-29,22018.73,2,2,0,2,1,341.29,Delivered On-Time
3457,246,6,2024-11-26,125433.55,3,3,0,3,4,1191.62,Delivered On-Time
3458,20,2,2026-01-03,6248.82,1,1,0,1,1,134.35,Delivered On-Time
3459,107,7,2026-04-30,22182.36,2,3,0,4,3,232.91,Delivered On-Time
3460,228,1,2026-06-17,1203.57,1,1,0,5,5,23.47,Delivered On-Time
3461,174,6,2025-12-13,1022.42,1,3,0,3,3,9.71,Delivered On-Time
3462,18,3,2026-04-23,5805.09,1,1,0,1,1,124.81,Delivered On-Time
3463,1,2,2024-02-19,9947.85,1,1,0,1,1,213.88,Delivered On-Time
3464,22,3,2024-02-04,6623.42,1,1,0,1,1,142.4,Delivered On-Time
3465,207,5,2024-10-30,8506.68,1,2,0,2,2,131.85,Delivered On-Time
3466,113,3,2024-05-09,25481.17,2,1,1,1,2,547.85,Delivered On-Time
3467,227,6,2025-11-27,44260.1,2,3,0,3,3,420.47,Delivered On-Time
3468,34,2,2025-12-14,8278.46,1,1,0,1,5,177.99,Delivered Late
3469,244,5,2025-01-05,9488.49,1,2,0,2,2,147.07,Delivered On-Time
3470,169,4,2026-02-16,25147.21,2,2,0,1,1,364.63,Lost
3471,244,5,2024-04-27,36843.65,2,2,0,2,2,571.08,Delivered On-Time
3472,172,6,2025-06-08,7203.7,1,3,0,3,2,68.44,Delivered On-Time
3473,176,7,2024-11-17,7381.25,1,3,0,4,4,77.5,Delivered On-Time
3474,177,1,2026-01-21,4099.5,1,1,0,5,6,79.94,Delivered On-Time
3475,12,6,2024-11-22,111390.01,3,3,0,3,3,1058.21,Delivered On-Time
3476,27,2,2024-04-30,9994.9,1,1,0,1,1,214.89,Delivered On-Time
3477,98,5,2026-02-04,18278.16,2,2,0,2,2,283.31,Delivered On-Time
3478,62,7,2026-04-27,29776.53,2,3,0,4,4,312.65,Delivered On-Time
3479,199,4,2024-03-06,3650.19,1,2,0,1,2,52.93,Delivered On-Time
3480,182,2,2026-01-04,202737.51,3,1,1,1,1,4358.86,Delivered On-Time
3481,129,2,2025-01-31,2728.1,1,1,0,1,2,58.65,Delivered On-Time
3482,116,5,2024-12-10,8572.09,1,2,0,2,2,132.87,Delivered On-Time
3483,145,1,2024-11-24,48241.6,2,1,1,5,4,940.71,Delivered On-Time
3484,173,6,2026-01-14,37798.87,2,3,0,3,4,359.09,Delivered On-Time
3485,103,5,2026-05-02,2077.84,1,2,0,2,2,32.21,Delivered On-Time
3486,207,2,2024-04-11,4972.12,1,1,0,1,1,106.9,Delivered On-Time
3487,101,5,2026-02-05,2370.12,1,2,0,2,2,36.74,Delivered On-Time
3488,129,5,2024-01-26,41192.05,2,2,0,2,2,638.48,Delivered On-Time
3489,48,4,2026-02-17,8958.46,1,2,0,1,1,129.9,Delivered On-Time
3490,9,2,2025-07-25,8223.92,1,1,0,1,1,176.81,Delivered On-Time
3491,119,4,2024-06-25,3064.33,1,2,0,1,1,44.43,Delivered On-Time
3492,103,6,2025-06-06,9608.13,1,3,0,3,3,91.28,Delivered On-Time
3493,158,4,2024-07-11,18506.51,2,2,0,1,1,268.34,Delivered On-Time
3494,113,5,2025-06-17,639.25,1,2,0,2,3,9.91,Delivered On-Time
3495,57,7,2026-05-05,7737.39,1,3,0,4,5,81.24,Delivered On-Time
3496,2,5,2024-02-19,6310.81,1,2,0,2,1,97.82,Delivered On-Time
3497,144,3,2026-05-10,6960.14,1,1,0,1,1,149.64,Delivered On-Time
3498,166,7,2024-02-15,31598.41,2,3,0,4,4,331.78,Delivered On-Time
3499,191,7,2025-03-13,128512.19,3,3,0,4,5,1349.38,Lost
3500,93,2,2026-04-13,7109.84,1,1,0,1,2,152.86,Delivered On-Time
3501,94,3,2025-07-18,2681.9,1,1,0,1,1,57.66,Delivered On-Time
3502,166,7,2024-06-23,36927.97,2,3,0,4,4,387.74,Delivered On-Time
3503,154,7,2025-11-04,10378.28,2,3,0,4,4,108.97,Delivered On-Time
3504,115,7,2026-06-15,73297.58,3,3,0,4,3,769.62,Delivered On-Time
3505,244,3,2024-11-06,5451.28,1,1,0,1,1,117.2,Delivered On-Time
3506,22,4,2025-01-25,28475.55,2,2,0,1,2,412.9,Delivered On-Time
3507,143,4,2024-02-03,3205.22,1,2,0,1,2,46.48,Delivered On-Time
3508,31,2,2024-02-21,29307.6,2,1,1,1,5,630.11,Lost
3509,203,5,2024-12-20,5105.84,1,2,0,2,2,79.14,Delivered On-Time
3510,210,7,2025-01-06,4182.48,1,3,0,4,3,43.92,Delivered On-Time
3511,77,7,2024-09-07,104043.94,3,3,0,4,4,1092.46,Delivered On-Time
3512,41,7,2025-11-03,26658.84,2,3,0,4,3,279.92,Delivered On-Time
3513,247,6,2024-08-15,26706.89,2,3,0,3,4,253.72,Delivered On-Time
3514,234,4,2024-09-06,31881.13,2,2,0,1,1,462.28,Delivered On-Time
3515,72,6,2024-07-27,105733.02,3,3,0,3,3,1004.46,Delivered On-Time
3516,206,1,2024-07-12,9014.85,1,1,0,5,6,175.79,Delivered On-Time
3517,150,6,2024-12-30,1888.37,1,3,0,3,3,17.94,Delivered On-Time
3518,87,3,2025-04-24,5857.9,1,1,0,1,1,125.94,Delivered On-Time
3519,230,7,2025-11-05,5115.99,1,3,0,4,4,53.72,Delivered On-Time
3520,35,3,2024-05-01,6058.11,1,1,0,1,2,130.25,Delivered On-Time
3521,63,1,2024-01-03,4077.42,1,1,0,5,5,79.51,Delivered On-Time
3522,78,7,2024-12-22,14072.77,2,3,0,4,4,147.76,Delivered On-Time
3523,243,1,2025-11-25,9128.16,1,1,0,5,5,178.0,Delivered On-Time
3524,223,1,2024-04-02,8457.85,1,1,0,5,5,164.93,Delivered On-Time
3525,171,7,2024-01-08,45358.92,2,3,0,4,5,476.27,Delivered On-Time
3526,130,7,2025-11-08,135232.0,3,3,0,4,4,1419.94,Delivered On-Time
3527,29,3,2025-05-04,5218.12,1,1,0,1,4,112.19,Delivered Late
3528,74,4,2026-02-19,2184.91,1,2,0,1,1,31.68,Delivered On-Time
3529,129,6,2025-01-02,53341.35,3,3,0,3,2,506.74,Delivered On-Time
3530,41,6,2024-01-09,76501.15,3,3,0,3,4,726.76,Delivered On-Time
3531,183,4,2025-12-20,4638.84,1,2,0,1,2,67.26,Delivered On-Time
3532,197,7,2024-01-15,64190.94,3,3,0,4,4,674.0,Delivered On-Time
3533,119,7,2024-11-10,414724.84,3,3,0,4,7,4354.61,Delivered Late
3534,251,5,2025-02-10,7908.25,1,2,0,2,2,122.58,Delivered On-Time
3535,15,7,2024-01-21,134560.23,3,3,0,4,4,1412.88,Delivered On-Time
3536,240,1,2026-02-27,43301.62,2,1,1,5,5,844.38,Delivered On-Time
3537,192,6,2026-02-02,36882.5,2,3,0,3,4,350.38,Delivered On-Time
3538,162,5,2026-01-08,18624.18,2,2,0,2,2,288.67,Delivered On-Time
3539,127,4,2024-03-29,13474.37,2,2,0,1,1,195.38,Delivered On-Time
3540,12,6,2026-02-25,185122.08,3,3,0,3,3,1758.66,Delivered On-Time
3541,224,2,2024-02-26,5296.24,1,1,0,1,2,113.87,Delivered On-Time
3542,177,5,2025-02-01,7383.25,1,2,0,2,2,114.44,Delivered On-Time
3543,256,6,2024-12-13,47025.02,2,3,0,3,2,446.74,Delivered On-Time
3544,3,7,2026-02-18,8254.72,1,3,0,4,4,86.67,Delivered On-Time
3545,237,4,2026-01-13,2562.97,1,2,0,1,1,37.16,Delivered On-Time
3546,94,7,2026-02-28,57770.7,3,3,0,4,7,606.59,Delivered Late
3547,67,6,2025-01-17,67161.33,3,3,0,3,3,638.03,Delivered On-Time
3548,111,6,2024-06-24,5012.35,1,3,0,3,3,47.62,Delivered On-Time
3549,100,1,2026-05-14,6634.53,1,1,0,5,7,129.37,Delivered Late
3550,189,6,2026-05-19,23094.64,2,3,0,3,4,219.4,Delivered On-Time
3551,39,5,2025-08-28,5159.93,1,2,0,2,3,79.98,Delivered On-Time
3552,150,5,2024-05-02,7665.79,1,2,0,2,3,118.82,Delivered On-Time
3553,30,7,2026-02-11,9135.21,1,3,0,4,8,95.92,Damaged
3554,201,1,2025-07-02,4722.92,1,1,0,5,5,92.1,Delivered On-Time
3555,181,5,2025-08-09,27988.67,2,2,0,2,3,433.82,Delivered On-Time
3556,192,6,2025-05-10,41352.17,2,3,0,3,2,392.85,Delivered On-Time
3557,83,2,2026-04-16,6037.5,1,1,0,1,1,129.81,Delivered On-Time
3558,237,5,2024-12-30,21208.42,2,2,0,2,3,328.73,Delivered On-Time
3559,144,2,2026-05-04,16559.2,2,1,1,1,1,356.02,Delivered On-Time
3560,32,1,2025-11-08,4875.65,1,1,0,5,8,95.08,Delivered Late
3561,26,7,2024-05-18,27484.72,2,3,0,4,4,288.59,Delivered On-Time
3562,72,4,2026-05-10,4325.07,1,2,0,1,2,62.71,Delivered On-Time
3563,159,1,2024-04-01,44583.01,2,1,1,5,6,869.37,Delivered On-Time
3564,124,5,2026-02-09,3038.76,1,2,0,2,2,47.1,Delivered On-Time
3565,127,1,2026-06-05,2132.73,1,1,0,5,5,41.59,Delivered On-Time
3566,210,1,2024-01-26,39321.5,2,1,1,5,5,766.77,Delivered On-Time
3567,137,6,2024-02-19,145382.61,3,3,0,3,6,1381.13,Delivered Late
3568,138,4,2025-05-06,36284.45,2,2,0,1,1,526.12,Delivered On-Time
3569,247,6,2024-02-11,6158.52,1,3,0,3,4,58.51,Delivered On-Time
3570,12,3,2025-05-24,2362.09,1,1,0,1,1,50.78,Delivered On-Time
3571,149,7,2024-08-20,3519.25,1,3,0,4,4,36.95,Delivered On-Time
3572,128,4,2024-12-02,8724.64,1,2,0,1,2,126.51,Delivered On-Time
3573,172,4,2024-11-20,954.62,1,2,0,1,2,13.84,Delivered On-Time
3574,71,7,2025-12-02,11223.84,2,3,0,4,4,117.85,Delivered On-Time
3575,215,5,2024-10-06,35168.5,2,2,0,2,2,545.11,Delivered On-Time
3576,136,6,2024-01-28,380163.96,3,3,0,3,4,3611.56,Delivered Late
3577,65,2,2024-11-06,9089.83,1,1,0,1,1,195.43,Delivered On-Time
3578,240,1,2024-01-16,13052.4,2,1,1,5,9,254.52,Delivered Late
3579,135,4,2025-12-10,9009.45,1,2,0,1,2,130.64,Delivered On-Time
3580,52,5,2024-02-05,38498.78,2,2,0,2,2,596.73,Delivered On-Time
3581,60,3,2025-08-20,5568.66,1,1,0,1,2,119.73,Delivered On-Time
3582,76,6,2025-08-01,138437.07,3,3,0,3,3,1315.15,Delivered On-Time
3583,175,3,2024-07-26,790.42,1,1,0,1,1,16.99,Delivered On-Time
3584,184,7,2025-05-31,96605.4,3,3,0,4,4,1014.36,Delivered On-Time
3585,44,7,2026-01-23,2296.72,1,3,0,4,4,24.12,Delivered On-Time
3586,50,6,2025-01-30,226529.39,3,3,0,3,2,2152.03,Delivered On-Time
3587,4,1,2025-01-02,8949.8,1,1,0,5,8,174.52,Delivered Late
3588,61,6,2025-06-08,21709.11,2,3,0,3,3,206.24,Delivered On-Time
3589,51,2,2026-05-05,6313.85,1,1,0,1,1,135.75,Delivered On-Time
3590,216,1,2024-06-15,9481.22,1,1,0,5,6,184.88,Delivered On-Time
3591,92,6,2024-11-23,923.75,1,3,0,3,4,8.78,Delivered On-Time
3592,122,1,2025-02-04,993.63,1,1,0,5,5,19.38,Delivered On-Time
3593,9,5,2025-02-24,2035.07,1,2,0,2,2,31.54,Delivered On-Time
3594,252,7,2024-03-11,6110.84,1,3,0,4,5,64.16,Delivered On-Time
3595,167,7,2025-04-07,92282.12,3,3,0,4,4,968.96,Delivered On-Time
3596,80,4,2024-04-29,34180.91,2,2,0,1,1,495.62,Delivered On-Time
3597,84,1,2025-02-01,4911.04,1,1,0,5,5,95.77,Delivered On-Time
3598,171,5,2026-01-26,3048.46,1,2,0,2,2,47.25,Delivered On-Time
3599,227,1,2024-01-15,1593.52,1,1,0,5,5,31.07,Delivered On-Time
3600,18,4,2025-12-09,6002.12,1,2,0,1,1,87.03,Delivered On-Time
3601,54,6,2025-06-27,10284.38,2,3,0,3,3,97.7,Delivered On-Time
3602,19,6,2026-05-04,55832.68,3,3,0,3,3,530.41,Delivered On-Time
3603,149,4,2024-06-10,7042.99,1,2,0,1,1,102.12,Delivered On-Time
3604,220,1,2024-10-20,3664.09,1,1,0,5,5,71.45,Delivered On-Time
3605,103,1,2024-02-06,6642.87,1,1,0,5,5,129.54,Delivered On-Time
3606,23,6,2025-08-19,13189.89,2,3,0,3,3,125.3,Delivered On-Time
3607,55,4,2025-02-13,1818.7,1,2,0,1,1,26.37,Delivered On-Time
3608,219,7,2025-01-15,45611.17,2,3,0,4,5,478.92,Delivered Late
3609,37,2,2024-07-09,2572.36,1,1,0,1,1,55.31,Delivered On-Time
3610,244,2,2026-01-09,9288.6,1,1,0,1,1,199.7,Delivered On-Time
3611,84,6,2025-10-07,42658.94,2,3,0,3,3,405.26,Delivered On-Time
3612,63,3,2024-05-23,135184.64,3,1,1,1,1,2906.47,Delivered On-Time
3613,229,6,2024-02-14,339972.05,3,3,0,3,4,3229.73,Delivered On-Time
3614,167,7,2025-10-20,4443.71,1,3,0,4,4,46.66,Delivered On-Time
3615,232,7,2024-12-18,148988.24,3,3,0,4,4,1564.38,Delivered On-Time
3616,11,7,2025-11-06,1849.93,1,3,0,4,4,19.42,Delivered On-Time
3617,100,2,2024-02-23,9348.27,1,1,0,1,1,200.99,Delivered On-Time
3618,13,3,2026-02-02,7868.27,1,1,0,1,1,169.17,Delivered On-Time
3619,169,3,2025-02-21,2776.22,1,1,0,1,2,59.69,Delivered On-Time
3620,127,7,2026-06-15,68387.62,3,3,0,4,3,718.07,Delivered On-Time
3621,42,5,2025-11-09,9177.4,1,2,0,2,2,142.25,Delivered On-Time
3622,114,7,2026-06-30,13948.79,2,3,0,4,4,146.46,Delivered On-Time
3623,83,2,2025-09-28,6956.8,1,1,0,1,2,149.57,Delivered On-Time
3624,176,6,2024-11-28,21680.65,2,3,0,3,2,205.97,Delivered On-Time
3625,69,1,2024-01-16,44643.49,2,1,1,5,4,870.55,Delivered On-Time
3626,191,1,2024-04-19,4005.14,1,1,0,5,8,78.1,Delivered Late
3627,130,3,2025-01-06,2862.49,1,1,0,1,1,61.54,Delivered On-Time
3628,16,4,2026-05-06,27494.43,2,2,0,1,1,398.67,Delivered On-Time
3629,202,4,2026-01-07,922.17,1,2,0,1,1,13.37,Delivered On-Time
3630,123,7,2024-02-06,1714.31,1,3,0,4,5,18.0,Delivered On-Time
3631,53,4,2024-02-26,34601.5,2,2,0,1,1,501.72,Delivered On-Time
3632,242,6,2025-03-22,7877.52,1,3,0,3,3,74.84,Delivered On-Time
3633,190,6,2024-05-24,8428.82,1,3,0,3,4,80.07,Delivered Late
3634,183,4,2025-06-29,8599.02,1,2,0,1,1,124.69,Delivered On-Time
3635,195,3,2025-11-08,3831.05,1,1,0,1,1,82.37,Delivered On-Time
3636,190,3,2025-07-15,64315.35,3,1,1,1,1,1382.78,Delivered On-Time
3637,70,1,2024-05-12,22869.04,2,1,1,5,6,445.95,Delivered On-Time
3638,169,4,2026-02-20,20739.45,2,2,0,1,1,300.72,Delivered On-Time
3639,35,2,2025-01-29,7796.27,1,1,0,1,1,167.62,Delivered On-Time
3640,13,2,2024-08-06,4500.92,1,1,0,1,1,96.77,Delivered On-Time
3641,148,1,2025-11-03,4686.87,1,1,0,5,6,91.39,Delivered Late
3642,107,6,2026-03-09,3669.64,1,3,0,3,4,34.86,Delivered On-Time
3643,69,5,2025-05-23,6331.92,1,2,0,2,2,98.14,Delivered On-Time
3644,16,7,2024-01-17,3398.08,1,3,0,4,6,35.68,Delivered Late
3645,193,5,2024-02-28,2454.43,1,2,0,2,2,38.04,Delivered On-Time
3646,21,5,2025-02-10,17047.44,2,2,0,2,3,264.24,Delivered On-Time
3647,117,4,2024-05-18,9202.06,1,2,0,1,2,133.43,Delivered Late
3648,227,5,2025-06-25,1289.5,1,2,0,2,2,19.99,Delivered On-Time
3649,244,1,2024-04-15,15910.97,2,1,1,5,5,310.26,Delivered On-Time
3650,123,7,2026-03-26,66874.55,3,3,0,4,4,702.18,Delivered On-Time
3651,187,6,2025-11-09,43753.78,2,3,0,3,3,415.66,Delivered On-Time
3652,77,3,2025-05-30,9655.36,1,1,0,1,1,207.59,Delivered On-Time
3653,198,6,2024-01-09,4621.89,1,3,0,3,3,43.91,Delivered On-Time
3654,109,4,2024-10-24,25872.53,2,2,0,1,5,375.15,Delivered Late
3655,107,2,2025-08-16,5131.0,1,1,0,1,1,110.32,Delivered On-Time
3656,135,4,2026-03-23,5992.57,1,2,0,1,1,86.89,Delivered On-Time
3657,139,3,2024-07-15,4588.79,1,1,0,1,1,98.66,Delivered On-Time
3658,89,4,2026-04-13,43195.02,2,2,0,1,1,626.33,Delivered On-Time
3659,75,7,2025-06-21,2401.44,1,3,0,4,4,25.22,Delivered On-Time
3660,174,1,2025-09-10,1938.87,1,1,0,5,4,37.81,Delivered On-Time
3661,200,7,2025-07-30,107412.22,3,3,0,4,4,1127.83,Delivered On-Time
3662,214,2,2026-04-21,4964.7,1,1,0,1,1,106.74,Delivered On-Time
3663,249,5,2024-05-27,6677.77,1,2,0,2,3,103.51,Delivered On-Time
3664,44,3,2024-04-05,7303.78,1,1,0,1,1,157.03,Delivered On-Time
3665,203,1,2024-07-25,8402.48,1,1,0,5,5,163.85,Delivered On-Time
3666,143,1,2024-10-16,4063.8,1,1,0,5,4,79.24,Delivered On-Time
3667,192,7,2026-01-21,7842.6,1,3,0,4,4,82.35,Delivered On-Time
3668,144,6,2025-05-22,5956.65,1,3,0,3,4,56.59,Delivered On-Time
3669,245,3,2024-04-17,5168.05,1,1,0,1,1,111.11,Delivered On-Time
3670,118,7,2024-10-10,118653.29,3,3,0,4,6,1245.86,Delivered Late
3671,132,7,2026-02-09,28928.53,2,3,0,4,6,303.75,Delivered Late
3672,115,6,2025-04-11,14970.84,2,3,0,3,3,142.22,Delivered On-Time
3673,224,4,2024-12-10,41400.04,2,2,0,1,2,600.3,Delivered On-Time
3674,5,5,2026-05-03,16544.07,2,2,0,2,1,256.43,Delivered On-Time
3675,85,5,2026-06-11,38189.77,2,2,0,2,1,591.94,Delivered On-Time
3676,157,7,2025-10-06,42179.91,2,3,0,4,4,442.89,Delivered On-Time
3677,42,3,2026-04-10,3099.56,1,1,0,1,1,66.64,Lost
3678,54,6,2025-06-03,4817.45,1,3,0,3,3,45.77,Delivered On-Time
3679,169,2,2025-10-09,2802.11,1,1,0,1,1,60.25,Delivered On-Time
3680,59,7,2025-11-02,2034.96,1,3,0,4,4,21.37,Delivered On-Time
3681,146,3,2024-12-05,9734.81,1,1,0,1,1,209.3,Delivered On-Time
3682,159,7,2024-05-02,6955.31,1,3,0,4,7,73.03,Delivered Late
3683,32,6,2025-03-16,20761.76,2,3,0,3,4,197.24,Delivered On-Time
3684,155,7,2024-11-25,8608.06,1,3,0,4,4,90.38,Delivered On-Time
3685,167,7,2025-02-08,20867.1,2,3,0,4,5,219.1,Delivered On-Time
3686,224,5,2024-07-14,34363.13,2,2,0,2,4,532.63,Delivered Late
3687,106,2,2024-11-08,3277.2,1,1,0,1,1,70.46,Delivered On-Time
3688,110,3,2024-01-28,9150.86,1,1,0,1,1,196.74,Delivered On-Time
3689,247,1,2025-03-25,1393.52,1,1,0,5,7,27.17,Delivered Late
3690,110,5,2024-08-14,34072.84,2,2,0,2,2,528.13,Delivered On-Time
3691,40,4,2026-03-30,3807.99,1,2,0,1,1,55.22,Delivered On-Time
3692,4,3,2025-10-29,8287.59,1,1,0,1,1,178.18,Delivered On-Time
3693,224,4,2025-11-13,49407.49,2,2,0,1,1,716.41,Delivered On-Time
3694,178,6,2025-04-17,243421.7,3,3,0,3,6,2312.51,Delivered Late
3695,11,6,2024-07-04,46804.79,2,3,0,3,3,444.65,Delivered On-Time
3696,242,7,2025-11-20,1298.05,1,3,0,4,3,13.63,Delivered On-Time
3697,221,5,2025-11-28,35818.24,2,2,0,2,1,555.18,Delivered On-Time
3698,112,7,2024-06-16,49086.38,2,3,0,4,4,515.41,Delivered On-Time
3699,88,6,2025-04-11,37329.69,2,3,0,3,3,354.63,Delivered On-Time
3700,122,2,2025-05-02,2100.92,1,1,0,1,2,45.17,Delivered Late
3701,98,2,2024-04-15,9203.67,1,1,0,1,1,197.88,Delivered On-Time
3702,212,7,2024-07-08,145829.15,3,3,0,4,3,1531.21,Delivered On-Time
3703,103,4,2024-12-30,35627.48,2,2,0,1,1,516.6,Delivered On-Time
3704,242,5,2024-12-11,4696.18,1,2,0,2,1,72.79,Delivered On-Time
3705,61,7,2024-04-22,8007.62,1,3,0,4,5,84.08,Delivered On-Time
3706,255,5,2025-05-06,38585.2,2,2,0,2,2,598.07,Delivered On-Time
3707,179,7,2025-11-26,83872.48,3,3,0,4,4,880.66,Delivered On-Time
3708,179,7,2025-04-02,56377.26,3,3,0,4,4,591.96,Delivered On-Time
3709,39,6,2025-02-14,134135.78,3,3,0,3,4,1274.29,Delivered Late
3710,110,5,2024-05-13,8121.34,1,2,0,2,2,125.88,Lost
3711,242,6,2026-01-13,20292.59,2,3,0,3,3,192.78,Delivered On-Time
3712,1,1,2025-03-29,4287.97,1,1,0,5,5,83.62,Damaged
3713,103,6,2025-07-22,118137.49,3,3,0,3,3,1122.31,Delivered On-Time
3714,104,1,2025-03-31,2498.97,1,1,0,5,5,48.73,Delivered On-Time
3715,64,1,2024-11-21,3564.1,1,1,0,5,4,69.5,Delivered On-Time
3716,29,6,2025-02-19,132567.68,3,3,0,3,3,1259.39,Delivered On-Time
3717,163,3,2025-11-27,1685.51,1,1,0,1,2,36.24,Lost
3718,89,6,2026-01-21,595.4,1,3,0,3,3,5.66,Delivered On-Time
3719,71,2,2026-02-08,6618.53,1,1,0,1,1,142.3,Delivered On-Time
3720,92,3,2025-11-24,8840.79,1,1,0,1,1,190.08,Delivered On-Time
3721,11,6,2024-08-21,839.43,1,3,0,3,2,7.97,Delivered On-Time
3722,32,5,2025-02-11,5671.45,1,2,0,2,2,87.91,Delivered On-Time
3723,260,4,2025-12-19,45171.44,2,2,0,1,4,654.99,Delivered Late
3724,199,1,2026-02-06,7702.21,1,1,0,5,5,150.19,Delivered On-Time
3725,206,6,2024-04-17,73672.62,3,3,0,3,3,699.89,Delivered On-Time
3726,100,4,2026-03-16,5587.11,1,2,0,1,1,81.01,Delivered On-Time
3727,51,1,2024-09-05,7931.49,1,1,0,5,5,154.66,Delivered On-Time
3728,195,7,2026-02-21,13733.11,2,3,0,4,7,144.2,Delivered Late
3729,196,1,2024-01-04,18991.29,2,1,1,5,5,370.33,Delivered On-Time
3730,259,2,2025-05-24,5059.52,1,1,0,1,2,108.78,Delivered On-Time
3731,192,6,2024-02-02,48627.61,2,3,0,3,4,461.96,Delivered On-Time
3732,198,4,2025-04-25,9582.2,1,2,0,1,1,138.94,Delivered On-Time
3733,217,5,2026-01-05,27581.49,2,2,0,2,1,427.51,Delivered On-Time
3734,24,6,2024-02-03,53352.25,3,3,0,3,6,506.85,Delivered Late
3735,127,7,2024-11-26,121603.4,3,3,0,4,4,1276.84,Delivered On-Time
3736,182,1,2024-09-06,41700.44,2,1,1,5,5,813.16,Delivered On-Time
3737,190,5,2025-03-05,1781.51,1,2,0,2,2,27.61,Delivered On-Time
3738,112,1,2026-02-06,4135.12,1,1,0,5,4,80.63,Delivered On-Time
3739,247,7,2026-05-26,13195.56,2,3,0,4,3,138.55,Delivered On-Time
3740,165,5,2026-05-26,38041.26,2,2,0,2,2,589.64,Delivered On-Time
3741,102,5,2025-11-22,3593.61,1,2,0,2,2,55.7,Delivered On-Time
3742,81,4,2024-10-20,737.16,1,2,0,1,1,10.69,Delivered On-Time
3743,84,7,2025-07-31,14001.75,2,3,0,4,3,147.02,Delivered On-Time
3744,63,4,2026-06-27,24383.69,2,2,0,1,4,353.56,Delivered Late
3745,192,4,2024-08-28,28641.66,2,2,0,1,2,415.3,Delivered On-Time
3746,180,5,2025-06-03,35096.53,2,2,0,2,2,544.0,Delivered On-Time
3747,231,4,2026-04-04,9278.36,1,2,0,1,1,134.54,Delivered On-Time
3748,212,4,2024-11-12,1067.98,1,2,0,1,2,15.49,Delivered Late
3749,54,7,2025-02-13,145963.87,3,3,0,4,4,1532.62,Delivered On-Time
3750,236,6,2024-02-12,1531.06,1,3,0,3,4,14.55,Delivered On-Time
3751,165,4,2025-11-22,4441.09,1,2,0,1,1,64.4,Delivered On-Time
3752,221,4,2025-02-07,18172.35,2,2,0,1,1,263.5,Delivered On-Time
3753,161,4,2025-01-31,9114.81,1,2,0,1,2,132.16,Delivered Late
3754,197,2,2025-05-21,4717.4,1,1,0,1,2,101.42,Delivered On-Time
3755,65,1,2025-09-13,26347.61,2,1,1,5,6,513.78,Delivered On-Time
3756,160,5,2025-10-28,5719.74,1,2,0,2,2,88.66,Delivered On-Time
3757,166,6,2024-01-16,1481.15,1,3,0,3,4,14.07,Delivered On-Time
3758,192,3,2025-09-11,7613.65,1,1,0,1,1,163.69,Delivered On-Time
3759,166,7,2025-01-15,53601.84,3,3,0,4,3,562.82,Delivered On-Time
3760,175,3,2024-01-29,2337.89,1,1,0,1,1,50.26,Delivered On-Time
3761,118,3,2024-01-09,4603.9,1,1,0,1,2,98.98,Delivered Late
3762,112,5,2025-02-20,10340.1,2,2,0,2,3,160.27,Delivered On-Time
3763,181,2,2025-10-26,9802.08,1,1,0,1,1,210.74,Delivered On-Time
3764,60,3,2024-06-07,6934.94,1,1,0,1,1,149.1,Delivered On-Time
3765,166,3,2025-03-12,4687.7,1,1,0,1,2,100.79,Delivered On-Time
3766,48,6,2025-11-01,108719.71,3,3,0,3,4,1032.84,Delivered On-Time
3767,179,6,2024-04-21,2568.19,1,3,0,3,3,24.4,Delivered On-Time
3768,153,2,2025-02-24,36656.98,2,1,1,1,1,788.13,Delivered On-Time
3769,154,3,2025-01-26,1665.51,1,1,0,1,1,35.81,Delivered On-Time
3770,141,3,2025-08-23,42729.69,2,1,1,1,2,918.69,Delivered On-Time
3771,95,1,2026-05-29,2266.03,1,1,0,5,5,44.19,Delivered On-Time
3772,199,4,2025-01-24,4504.45,1,2,0,1,2,65.31,Delivered On-Time
3773,15,6,2025-11-19,9341.44,1,3,0,3,3,88.74,Delivered On-Time
3774,260,6,2026-04-13,5762.73,1,3,0,3,4,54.75,Delivered On-Time
3775,139,1,2024-06-24,9471.81,1,1,0,5,5,184.7,Delivered On-Time
3776,26,3,2025-04-14,1846.82,1,1,0,1,1,39.71,Delivered On-Time
3777,24,6,2024-05-25,40390.07,2,3,0,3,3,383.71,Delivered On-Time
3778,148,1,2026-03-02,46421.93,2,1,1,5,4,905.23,Delivered On-Time
3779,69,5,2025-03-22,4546.31,1,2,0,2,2,70.47,Delivered On-Time
3780,244,3,2024-11-02,2573.18,1,1,0,1,1,55.32,Delivered On-Time
3781,119,4,2024-02-25,15587.75,2,2,0,1,1,226.02,Delivered On-Time
3782,249,6,2024-02-13,149497.9,3,3,0,3,3,1420.23,Delivered On-Time
3783,243,3,2025-12-01,786.42,1,1,0,1,4,16.91,Delivered Late
3784,36,2,2024-05-13,4752.08,1,1,0,1,1,102.17,Delivered On-Time
3785,110,2,2024-01-21,7831.62,1,1,0,1,1,168.38,Delivered On-Time
3786,57,7,2026-04-27,134031.17,3,3,0,4,4,1407.33,Delivered On-Time
3787,194,7,2024-05-23,5415.84,1,3,0,4,4,56.87,Delivered On-Time
3788,141,6,2026-03-14,8965.54,1,3,0,3,3,85.17,Delivered On-Time
3789,218,2,2025-02-27,5873.9,1,1,0,1,2,126.29,Delivered On-Time
3790,35,6,2025-06-03,6769.38,1,3,0,3,3,64.31,Delivered On-Time
3791,15,7,2024-11-24,79934.22,3,3,0,4,4,839.31,Delivered On-Time
3792,230,7,2024-02-09,25347.78,2,3,0,4,5,266.15,Delivered Late
3793,81,1,2024-01-29,4437.86,1,1,0,5,4,86.54,Delivered On-Time
3794,56,2,2025-03-19,115685.85,3,1,1,1,1,2487.25,Delivered On-Time
3795,73,5,2025-01-12,2304.73,1,2,0,2,3,35.72,Delivered On-Time
3796,77,7,2024-09-28,23025.44,2,3,0,4,5,241.77,Delivered On-Time
3797,59,5,2024-10-10,4680.5,1,2,0,2,3,72.55,Delivered On-Time
3798,222,5,2026-01-29,3210.46,1,2,0,2,2,49.76,Delivered On-Time
3799,148,5,2024-03-03,40866.08,2,2,0,2,2,633.42,Delivered On-Time
3800,222,4,2024-06-30,5973.14,1,2,0,1,1,86.61,Delivered On-Time
3801,69,7,2025-12-09,117771.84,3,3,0,4,4,1236.6,Delivered On-Time
3802,12,5,2026-01-09,3368.85,1,2,0,2,2,52.22,Delivered On-Time
3803,3,5,2026-06-26,44297.82,2,2,0,2,2,686.62,Delivered On-Time
3804,226,7,2026-02-07,33141.32,2,3,0,4,7,347.98,Delivered Late
3805,183,1,2024-11-01,1468.36,1,1,0,5,5,28.63,Delivered On-Time
3806,260,7,2025-01-07,31573.18,2,3,0,4,4,331.52,Delivered On-Time
3807,134,6,2024-05-24,4874.53,1,3,0,3,3,46.31,Delivered On-Time
3808,134,5,2025-03-07,8649.63,1,2,0,2,3,134.07,Delivered On-Time
3809,17,7,2025-05-26,2402.78,1,3,0,4,5,25.23,Delivered On-Time
3810,134,6,2024-12-10,5931.78,1,3,0,3,3,56.35,Delivered On-Time
3811,44,5,2024-11-19,33878.78,2,2,0,2,2,525.12,Delivered On-Time
3812,256,7,2025-12-08,33239.41,2,3,0,4,5,349.01,Delivered On-Time
3813,150,7,2024-01-27,129851.87,3,3,0,4,7,1363.44,Delivered Late
3814,257,5,2024-01-19,45862.08,2,2,0,2,3,710.86,Delivered Late
3815,139,2,2024-08-15,3895.96,1,1,0,1,3,83.76,Delivered Late
3816,232,7,2025-06-11,441583.71,3,3,0,4,5,4636.63,Delivered On-Time
3817,122,3,2024-04-09,2667.3,1,1,0,1,1,57.35,Delivered On-Time
3818,133,7,2025-06-08,59097.22,3,3,0,4,4,620.52,Delivered On-Time
3819,98,6,2024-07-26,13541.43,2,3,0,3,3,128.64,Delivered On-Time
3820,189,6,2024-06-11,100240.32,3,3,0,3,4,952.28,Delivered On-Time
3821,96,7,2025-02-13,611.62,1,3,0,4,4,6.42,Delivered On-Time
3822,90,5,2026-04-07,7640.57,1,2,0,2,2,118.43,Delivered On-Time
3823,211,4,2024-11-27,26415.56,2,2,0,1,2,383.03,Delivered Late
3824,215,3,2025-01-03,8635.78,1,1,0,1,1,185.67,Delivered On-Time
3825,23,7,2025-11-26,141787.95,3,3,0,4,4,1488.77,Delivered On-Time
3826,178,4,2024-08-10,133861.68,3,2,1,1,1,1940.99,Delivered On-Time
3827,139,6,2024-11-28,3211.91,1,3,0,3,2,30.51,Delivered On-Time
3828,107,6,2025-02-28,34271.62,2,3,0,3,3,325.58,Delivered On-Time
3829,35,1,2025-12-31,5504.67,1,1,0,5,6,107.34,Delivered On-Time
3830,1,5,2025-04-07,1266.43,1,2,0,2,1,19.63,Delivered On-Time
3831,110,7,2024-01-29,9968.2,1,3,0,4,4,104.67,Delivered On-Time
3832,15,7,2025-12-24,121801.04,3,3,0,4,3,1278.91,Delivered On-Time
3833,78,3,2026-03-24,5796.61,1,1,0,1,1,124.63,Delivered On-Time
3834,34,5,2024-05-08,741.14,1,2,0,2,1,11.49,Delivered On-Time
3835,52,1,2025-04-04,536.4,1,1,0,5,5,10.46,Delivered On-Time
3836,35,4,2025-05-03,3593.17,1,2,0,1,1,52.1,Delivered On-Time
3837,8,5,2025-04-19,567.83,1,2,0,2,1,8.8,Delivered On-Time
3838,45,6,2025-05-12,5546.43,1,3,0,3,3,52.69,Delivered On-Time
3839,169,6,2026-05-02,36688.45,2,3,0,3,3,348.54,Delivered On-Time
3840,19,7,2025-04-10,136632.35,3,3,0,4,3,1434.64,Delivered On-Time
3841,106,5,2025-10-27,30724.28,2,2,0,2,2,476.23,Delivered On-Time
3842,117,3,2025-08-03,3855.76,1,1,0,1,1,82.9,Delivered On-Time
3843,238,1,2025-04-23,4545.35,1,1,0,5,5,88.63,Delivered On-Time
3844,187,6,2026-05-28,66365.43,3,3,0,3,4,630.47,Delivered On-Time
3845,4,6,2024-10-18,37671.87,2,3,0,3,3,357.88,Delivered On-Time
3846,179,7,2025-07-22,9965.66,1,3,0,4,5,104.64,Delivered On-Time
3847,57,3,2025-10-13,9959.45,1,1,0,1,2,214.13,Delivered Late
3848,166,7,2024-07-08,41932.34,2,3,0,4,5,440.29,Delivered On-Time
3849,60,7,2025-07-11,7755.33,1,3,0,4,4,81.43,Delivered On-Time
3850,40,5,2025-01-01,6775.47,1,2,0,2,5,105.02,Delivered Late
3851,243,5,2024-04-20,6916.25,1,2,0,2,2,107.2,Delivered On-Time
3852,83,3,2024-04-12,19868.63,2,1,1,1,3,427.18,Delivered Late
3853,162,5,2026-03-26,47824.63,2,2,0,2,1,741.28,Delivered On-Time
3854,94,5,2024-02-28,38117.2,2,2,0,2,1,590.82,Delivered On-Time
3855,14,3,2024-12-15,7680.64,1,1,0,1,1,165.13,Delivered On-Time
3856,240,4,2025-10-28,15418.97,2,2,0,1,1,223.58,Delivered On-Time
3857,69,6,2025-12-03,6036.21,1,3,0,3,2,57.34,Delivered On-Time
3858,212,3,2025-07-21,1507.13,1,1,0,1,1,32.4,Delivered On-Time
3859,80,5,2025-01-19,8948.6,1,2,0,2,1,138.7,Delivered On-Time
3860,109,6,2024-05-25,9191.53,1,3,0,3,4,87.32,Delivered On-Time
3861,82,4,2026-06-15,624.19,1,2,0,1,1,9.05,Delivered On-Time
3862,189,6,2024-04-06,640.41,1,3,0,3,7,6.08,Delivered Late
3863,253,4,2025-01-08,29548.27,2,2,0,1,1,428.45,Delivered On-Time
3864,193,5,2024-10-29,22480.96,2,2,0,2,2,348.45,Delivered On-Time
3865,140,3,2025-07-16,8631.47,1,1,0,1,1,185.58,Delivered On-Time
3866,37,6,2025-11-16,8193.09,1,3,0,3,4,77.83,Delivered On-Time
3867,69,7,2025-11-22,6175.63,1,3,0,4,5,64.84,Delivered On-Time
3868,19,4,2024-04-28,2711.53,1,2,0,1,1,39.32,Delivered On-Time
3869,59,7,2024-08-09,6299.52,1,3,0,4,3,66.14,Delivered On-Time
3870,181,5,2026-05-17,9422.48,1,2,0,2,1,146.05,Delivered On-Time
3871,47,1,2024-02-04,1472.64,1,1,0,5,5,28.72,Delivered On-Time
3872,67,7,2024-05-30,154744.16,3,3,0,4,5,1624.81,Delivered On-Time
3873,81,3,2025-02-26,5239.22,1,1,0,1,1,112.64,Delivered On-Time
3874,49,4,2026-02-19,26889.3,2,2,0,1,3,389.89,Delivered Late
3875,207,6,2026-02-03,2901.97,1,3,0,3,4,27.57,Delivered On-Time
3876,123,1,2024-05-02,7900.4,1,1,0,5,4,154.06,Delivered On-Time
3877,257,7,2026-01-28,39519.29,2,3,0,4,3,414.95,Delivered On-Time
3878,141,5,2025-12-21,11721.56,2,2,0,2,2,181.68,Delivered On-Time
3879,5,4,2025-06-09,48714.48,2,2,0,1,1,706.36,Delivered On-Time
3880,226,6,2026-04-25,23557.91,2,3,0,3,4,223.8,Delivered On-Time
3881,58,6,2024-06-30,45706.99,2,3,0,3,2,434.22,Delivered On-Time
3882,32,4,2024-02-22,4778.19,1,2,0,1,2,69.28,Delivered On-Time
3883,78,1,2024-04-16,17514.08,2,1,1,5,5,341.52,Delivered On-Time
3884,196,7,2024-12-28,7427.21,1,3,0,4,4,77.99,Delivered On-Time
3885,192,7,2026-03-23,55308.07,3,3,0,4,4,580.73,Delivered On-Time
3886,247,5,2025-08-31,6217.08,1,2,0,2,2,96.36,Delivered On-Time
3887,198,7,2024-01-02,12025.91,2,3,0,4,5,126.27,Delivered On-Time
3888,101,6,2025-04-17,111614.53,3,3,0,3,3,1060.34,Delivered On-Time
3889,190,5,2026-04-06,5844.3,1,2,0,2,2,90.59,Delivered On-Time
3890,217,5,2026-02-14,6273.07,1,2,0,2,2,97.23,Delivered On-Time
3891,127,7,2025-05-29,79320.95,3,3,0,4,4,832.87,Delivered On-Time
3892,160,2,2024-01-27,22832.82,2,1,1,1,3,490.91,Delivered Late
3893,101,4,2026-04-08,10847.67,2,2,0,1,2,157.29,Delivered On-Time
3894,22,6,2026-05-07,2055.17,1,3,0,3,3,19.52,Delivered On-Time
3895,168,5,2025-10-07,14671.89,2,2,0,2,5,227.41,Delivered Late
3896,18,5,2024-10-17,30345.88,2,2,0,2,2,470.36,Delivered On-Time
3897,147,5,2025-01-29,8921.83,1,2,0,2,2,138.29,Delivered On-Time
3898,170,7,2024-05-20,149507.53,3,3,0,4,5,1569.83,Delivered On-Time
3899,153,4,2024-01-10,1479.95,1,2,0,1,1,21.46,Delivered On-Time
3900,239,2,2026-04-17,32563.21,2,1,1,1,1,700.11,Delivered On-Time
3901,255,1,2026-01-22,6391.41,1,1,0,5,6,124.63,Delivered On-Time
3902,225,4,2024-07-21,2137.03,1,2,0,1,2,30.99,Delivered On-Time
3903,86,4,2025-08-26,24947.6,2,2,0,1,1,361.74,Delivered On-Time
3904,218,6,2024-01-08,1254.91,1,3,0,3,3,11.92,Delivered On-Time
3905,97,7,2024-12-16,2326.53,1,3,0,4,4,24.43,Delivered On-Time
3906,251,2,2025-10-08,31412.58,2,1,1,1,2,675.37,Delivered On-Time
3907,147,7,2025-01-01,16524.49,2,3,0,4,5,173.51,Delivered Late
3908,83,4,2026-03-27,21997.24,2,2,0,1,2,318.96,Delivered On-Time
3909,158,5,2024-12-03,7361.9,1,2,0,2,2,114.11,Delivered On-Time
3910,99,1,2026-05-15,4148.89,1,1,0,5,4,80.9,Delivered On-Time
3911,254,7,2024-01-25,5859.62,1,3,0,4,4,61.53,Delivered On-Time
3912,16,7,2025-04-25,658.87,1,3,0,4,4,6.92,Delivered On-Time
3913,141,7,2024-11-16,15559.04,2,3,0,4,3,163.37,Delivered On-Time
3914,232,5,2025-02-14,34465.57,2,2,0,2,2,534.22,Delivered On-Time
3915,151,6,2025-02-23,2882.42,1,3,0,3,5,27.38,Delivered Late
3916,223,6,2024-03-08,12582.79,2,3,0,3,2,119.54,Delivered On-Time
3917,8,6,2025-11-18,3161.45,1,3,0,3,3,30.03,Delivered On-Time
3918,253,6,2025-01-12,5061.73,1,3,0,3,5,48.09,Delivered Late
3919,80,6,2026-05-07,29761.82,2,3,0,3,3,282.74,Delivered On-Time
3920,161,4,2025-12-08,19020.26,2,2,0,1,2,275.79,Delivered On-Time
3921,77,6,2026-01-11,34617.19,2,3,0,3,3,328.86,Delivered On-Time
3922,48,2,2026-05-27,9431.38,1,1,0,1,1,202.77,Delivered On-Time
3923,213,6,2025-02-23,13800.06,2,3,0,3,3,131.1,Delivered On-Time
3924,163,7,2026-05-08,17470.75,2,3,0,4,3,183.44,Delivered On-Time
3925,210,2,2024-07-10,8999.32,1,1,0,1,1,193.49,Delivered On-Time
3926,238,4,2025-07-17,49005.07,2,2,0,1,1,710.57,Delivered On-Time
3927,51,3,2025-01-29,2465.74,1,1,0,1,1,53.01,Delivered On-Time
3928,236,6,2025-06-15,5206.54,1,3,0,3,3,49.46,Delivered On-Time
3929,179,6,2025-05-09,40759.85,2,3,0,3,2,387.22,Delivered On-Time
3930,70,7,2026-02-09,9349.99,1,3,0,4,4,98.17,Delivered On-Time
3931,241,6,2026-02-01,2695.35,1,3,0,3,2,25.61,Delivered On-Time
3932,194,1,2026-02-01,3712.83,1,1,0,5,5,72.4,Delivered On-Time
3933,149,6,2026-02-18,152320.09,3,3,0,3,3,1447.04,Delivered On-Time
3934,234,4,2024-08-09,2592.21,1,2,0,1,1,37.59,Delivered On-Time
3935,9,6,2026-04-17,483629.73,3,3,0,3,3,4594.48,Delivered On-Time
3936,240,2,2024-11-16,8547.07,1,1,0,1,1,183.76,Delivered On-Time
3937,243,7,2025-09-14,28540.14,2,3,0,4,5,299.67,Delivered On-Time
3938,104,7,2024-05-03,120241.91,3,3,0,4,4,1262.54,Delivered On-Time
3939,60,7,2025-04-30,43665.88,2,3,0,4,4,458.49,Delivered On-Time
3940,155,4,2024-02-20,18730.28,2,2,0,1,1,271.59,Delivered On-Time
3941,47,6,2026-05-14,46092.14,2,3,0,3,3,437.88,Delivered On-Time
3942,231,2,2024-01-03,7939.16,1,1,0,1,1,170.69,Delivered On-Time
3943,73,7,2025-02-22,15014.35,2,3,0,4,4,157.65,Delivered On-Time
3944,122,5,2024-12-12,8935.34,1,2,0,2,6,138.5,Delivered Late
3945,154,7,2024-04-19,157301.49,3,3,0,4,4,1651.67,Delivered On-Time
3946,33,7,2026-06-30,89310.69,3,3,0,4,5,937.76,Delivered On-Time
3947,149,6,2026-06-26,43641.96,2,3,0,3,3,414.6,Delivered On-Time
3948,259,5,2025-09-01,9217.33,1,2,0,2,2,142.87,Delivered On-Time
3949,196,5,2025-03-30,12081.34,2,2,0,2,3,187.26,Delivered On-Time
3950,67,3,2025-04-22,1042.5,1,1,0,1,4,22.41,Delivered Late
3951,228,3,2024-11-29,7429.22,1,1,0,1,1,159.73,Delivered On-Time
3952,134,6,2024-02-21,83321.9,3,3,0,3,3,791.56,Delivered On-Time
3953,98,4,2025-11-21,9965.85,1,2,0,1,1,144.5,Delivered On-Time
3954,24,6,2026-04-29,12045.7,2,3,0,3,3,114.43,Delivered On-Time
3955,196,5,2025-02-13,6203.62,1,2,0,2,3,96.16,Delivered On-Time
3956,151,7,2024-05-14,135947.14,3,3,0,4,5,1427.44,Delivered On-Time
3957,28,4,2024-09-05,6502.77,1,2,0,1,2,94.29,Delivered On-Time
3958,79,6,2026-01-13,7797.01,1,3,0,3,3,74.07,Delivered On-Time
3959,5,7,2024-05-31,77060.15,3,3,0,4,7,809.13,Delivered Late
3960,83,7,2024-08-20,67168.7,3,3,0,4,4,705.27,Delivered On-Time
3961,219,2,2024-07-25,4813.17,1,1,0,1,1,103.48,Delivered On-Time
3962,47,7,2025-12-30,199346.74,3,3,0,4,3,2093.14,Delivered On-Time
3963,130,6,2025-02-28,94399.36,3,3,0,3,4,896.79,Delivered On-Time
3964,178,7,2024-01-17,4216.54,1,3,0,4,4,44.27,Delivered On-Time
3965,141,6,2024-03-04,10149.06,2,3,0,3,4,96.42,Delivered On-Time
3966,241,6,2025-01-11,4975.26,1,3,0,3,3,47.26,Delivered On-Time
3967,4,2,2024-01-23,1594.65,1,1,0,1,1,34.28,Delivered On-Time
3968,68,7,2024-05-17,1679.49,1,3,0,4,4,17.63,Delivered On-Time
3969,89,1,2024-10-31,6519.27,1,1,0,5,6,127.13,Delivered On-Time
3970,2,7,2025-05-24,80088.71,3,3,0,4,4,840.93,Delivered On-Time
3971,98,7,2025-11-14,64618.04,3,3,0,4,5,678.49,Delivered Late
3972,252,4,2026-04-22,278497.7,3,2,1,1,2,4038.22,Delivered On-Time
3973,36,7,2024-01-27,148223.18,3,3,0,4,6,1556.34,Delivered Late
3974,195,4,2025-06-13,4139.2,1,2,0,1,2,60.02,Lost
3975,46,1,2025-07-19,2594.98,1,1,0,5,5,50.6,Delivered On-Time
3976,211,5,2025-06-07,6924.42,1,2,0,2,1,107.33,Delivered On-Time
3977,97,7,2025-06-27,44399.55,2,3,0,4,4,466.2,Delivered On-Time
3978,124,1,2024-01-09,760.33,1,1,0,5,5,14.83,Delivered On-Time
3979,231,3,2025-05-29,5241.05,1,1,0,1,1,112.68,Delivered On-Time
3980,115,7,2025-03-06,9597.51,1,3,0,4,4,100.77,Delivered On-Time
3981,29,4,2025-01-26,7561.23,1,2,0,1,2,109.64,Delivered On-Time
3982,240,2,2025-09-08,14614.75,2,1,1,1,1,314.22,Delivered On-Time
3983,18,3,2025-10-27,3521.59,1,1,0,1,1,75.71,Delivered On-Time
3984,34,5,2026-05-12,6992.96,1,2,0,2,2,108.39,Delivered On-Time
3985,109,3,2024-04-27,12057.81,2,1,1,1,1,259.24,Delivered On-Time
3986,111,4,2025-05-29,2956.98,1,2,0,1,1,42.88,Delivered On-Time
3987,89,5,2024-03-08,24939.3,2,2,0,2,2,386.56,Delivered On-Time
3988,77,6,2025-12-28,5076.71,1,3,0,3,3,48.23,Delivered On-Time
3989,149,7,2026-01-03,17360.77,2,3,0,4,4,182.29,Delivered On-Time
3990,260,4,2025-12-14,37479.74,2,2,0,1,1,543.46,Delivered On-Time
3991,118,1,2025-11-18,6215.02,1,1,0,5,5,121.19,Delivered On-Time
3992,216,5,2026-02-06,12579.48,2,2,0,2,3,194.98,Delivered On-Time
3993,159,3,2026-02-28,8255.54,1,1,0,1,1,177.49,Delivered On-Time
3994,208,4,2026-05-15,1642.64,1,2,0,1,2,23.82,Delivered On-Time
3995,194,4,2024-05-13,26093.31,2,2,0,1,1,378.35,Delivered On-Time
3996,144,7,2025-03-24,35840.23,2,3,0,4,3,376.32,Delivered On-Time
3997,52,7,2025-01-08,42339.07,2,3,0,4,5,444.56,Delivered On-Time
3998,227,7,2026-02-10,91883.25,3,3,0,4,4,964.77,Delivered On-Time
3999,103,7,2025-05-20,6870.02,1,3,0,4,4,72.14,Delivered On-Time
4000,6,1,2026-06-23,7322.46,1,1,0,5,5,142.79,Delivered On-Time
4001,117,3,2026-03-20,6036.97,1,1,0,1,1,129.79,Delivered On-Time
4002,100,5,2025-08-27,33019.55,2,2,0,2,2,511.8,Delivered On-Time
4003,2,4,2026-03-01,48830.14,2,2,0,1,1,708.04,Delivered On-Time
4004,249,5,2025-12-16,618.9,1,2,0,2,2,9.59,Delivered On-Time
4005,80,7,2026-03-24,89690.76,3,3,0,4,6,941.75,Delivered Late
4006,202,6,2026-03-31,13380.97,2,3,0,3,3,127.12,Delivered On-Time
4007,228,6,2026-05-31,129923.76,3,3,0,3,4,1234.28,Delivered On-Time
4008,146,3,2024-02-27,4131.08,1,1,0,1,2,88.82,Delivered On-Time
4009,60,7,2024-01-08,3426.18,1,3,0,4,3,35.97,Delivered On-Time
4010,97,3,2024-10-19,900.53,1,1,0,1,2,19.36,Delivered On-Time
4011,191,6,2024-04-14,31977.71,2,3,0,3,4,303.79,Delivered On-Time
4012,24,7,2026-05-02,39346.48,2,3,0,4,5,413.14,Damaged
4013,183,4,2026-01-02,7167.89,1,2,0,1,1,103.93,Delivered On-Time
4014,132,3,2026-01-21,25998.94,2,1,1,1,1,558.98,Delivered On-Time
4015,141,3,2025-02-05,9386.6,1,1,0,1,1,201.81,Delivered On-Time
4016,98,6,2024-05-04,139515.46,3,3,0,3,3,1325.4,Delivered On-Time
4017,56,7,2026-01-28,5813.49,1,3,0,4,4,61.04,Delivered On-Time
4018,250,1,2024-12-01,5432.36,1,1,0,5,5,105.93,Delivered On-Time
4019,77,5,2024-02-29,19976.26,2,2,0,2,1,309.63,Delivered On-Time
4020,112,3,2025-06-25,8186.33,1,1,0,1,1,176.01,Delivered On-Time
4021,260,3,2025-03-23,2061.81,1,1,0,1,1,44.33,Delivered On-Time
4022,164,6,2025-02-01,3803.17,1,3,0,3,2,36.13,Delivered On-Time
4023,48,7,2025-07-28,97072.74,3,3,0,4,4,1019.26,Delivered On-Time
4024,62,1,2026-03-10,1413.93,1,1,0,5,6,27.57,Delivered On-Time
4025,27,6,2025-12-25,134145.51,3,3,0,3,2,1274.38,Delivered On-Time
4026,231,6,2024-10-01,66153.82,3,3,0,3,4,628.46,Delivered On-Time
4027,50,7,2024-11-17,49198.64,2,3,0,4,5,516.59,Delivered Late
4028,202,1,2026-05-17,3277.28,1,1,0,5,5,63.91,Delivered On-Time
4029,116,7,2025-05-17,1207.7,1,3,0,4,3,12.68,Delivered On-Time
4030,225,3,2026-02-12,6485.04,1,1,0,1,1,139.43,Delivered On-Time
4031,87,6,2024-05-22,5069.95,1,3,0,3,3,48.16,Delivered On-Time
4032,199,4,2025-03-30,28275.45,2,2,0,1,1,409.99,Delivered On-Time
4033,31,2,2025-09-03,29744.44,2,1,1,1,2,639.51,Delivered On-Time
4034,167,6,2024-02-20,28787.87,2,3,0,3,3,273.48,Delivered On-Time
4035,131,6,2024-02-02,58806.52,3,3,0,3,3,558.66,Delivered On-Time
4036,150,2,2025-06-04,2149.01,1,1,0,1,2,46.2,Delivered On-Time
4037,215,3,2024-09-08,17491.48,2,1,1,1,1,376.07,Delivered On-Time
4038,101,6,2026-01-18,74850.2,3,3,0,3,2,711.08,Delivered On-Time
4039,45,3,2025-01-22,16270.01,2,1,1,1,3,349.81,Delivered Late
4040,28,7,2024-12-22,5129.59,1,3,0,4,3,53.86,Damaged
4041,8,1,2024-12-18,7298.12,1,1,0,5,5,142.31,Delivered On-Time
4042,58,4,2025-09-28,4618.6,1,2,0,1,1,66.97,Delivered On-Time
4043,232,2,2026-01-18,9856.76,1,1,0,1,2,211.92,Delivered Late
4044,74,6,2025-11-27,6875.74,1,3,0,3,3,65.32,Delivered On-Time
4045,126,2,2026-02-02,2008.11,1,1,0,1,1,43.17,Delivered On-Time
4046,77,2,2024-04-22,5356.41,1,1,0,1,1,115.16,Delivered On-Time
4047,21,5,2024-10-25,41281.87,2,2,0,2,2,639.87,Delivered On-Time
4048,112,7,2025-02-14,24049.09,2,3,0,4,4,252.52,Delivered On-Time
4049,223,4,2024-12-03,1381.81,1,2,0,1,1,20.04,Delivered On-Time
4050,200,3,2026-02-10,2308.52,1,1,0,1,1,49.63,Delivered On-Time
4051,167,7,2024-10-30,9293.79,1,3,0,4,5,97.58,Delivered On-Time
4052,86,4,2024-12-31,2395.49,1,2,0,1,1,34.73,Delivered On-Time
4053,82,7,2024-11-29,3964.9,1,3,0,4,4,41.63,Delivered On-Time
4054,21,5,2025-05-11,971.69,1,2,0,2,2,15.06,Delivered On-Time
4055,19,5,2025-02-28,6831.12,1,2,0,2,3,105.88,Delivered On-Time
4056,115,7,2025-12-01,36310.45,2,3,0,4,3,381.26,Delivered On-Time
4057,7,6,2024-12-06,8328.26,1,3,0,3,2,79.12,Delivered On-Time
4058,223,7,2026-04-19,4973.83,1,3,0,4,4,52.23,Damaged
4059,125,5,2024-06-30,23889.66,2,2,0,2,1,370.29,Delivered On-Time
4060,244,6,2026-01-09,1726.15,1,3,0,3,3,16.4,Delivered On-Time
4061,131,5,2026-03-16,30610.29,2,2,0,2,1,474.46,Delivered On-Time
4062,228,3,2025-08-30,4608.04,1,1,0,1,1,99.07,Delivered On-Time
4063,191,5,2025-09-23,48499.18,2,2,0,2,2,751.74,Delivered On-Time
4064,214,7,2024-11-08,42402.14,2,3,0,4,3,445.22,Delivered On-Time
4065,193,4,2025-07-07,35564.18,2,2,0,1,1,515.68,Delivered On-Time
4066,150,6,2024-08-14,38687.19,2,3,0,3,2,367.53,Delivered On-Time
4067,123,6,2024-12-28,3379.37,1,3,0,3,5,32.1,Delivered Late
4068,146,1,2026-05-26,8223.85,1,1,0,5,5,160.37,Delivered On-Time
4069,101,6,2025-09-26,15630.68,2,3,0,3,2,148.49,Delivered On-Time
4070,175,5,2026-02-25,42171.87,2,2,0,2,2,653.66,Delivered On-Time
4071,171,6,2025-01-29,1416.15,1,3,0,3,3,13.45,Delivered On-Time
4072,128,4,2025-02-04,28140.25,2,2,0,1,1,408.03,Delivered On-Time
4073,246,4,2025-11-17,14027.57,2,2,0,1,1,203.4,Delivered On-Time
4074,15,7,2026-05-01,40316.18,2,3,0,4,5,423.32,Delivered On-Time
4075,24,5,2025-10-21,36149.1,2,2,0,2,2,560.31,Delivered On-Time
4076,167,5,2026-01-16,4152.49,1,2,0,2,2,64.36,Delivered On-Time
4077,241,1,2025-11-16,2371.02,1,1,0,5,4,46.23,Delivered On-Time
4078,230,3,2024-02-02,2192.97,1,1,0,1,1,47.15,Delivered On-Time
4079,168,5,2024-11-09,7020.06,1,2,0,2,2,108.81,Delivered On-Time
4080,232,6,2024-03-17,87014.28,3,3,0,3,4,826.64,Delivered On-Time
4081,158,6,2024-09-02,7264.24,1,3,0,3,3,69.01,Delivered On-Time
4082,198,7,2024-12-10,5970.55,1,3,0,4,4,62.69,Delivered On-Time
4083,248,3,2024-09-15,42387.93,2,1,1,1,1,911.34,Delivered On-Time
4084,155,1,2026-04-11,7476.73,1,1,0,5,4,145.8,Delivered On-Time
4085,119,1,2026-01-21,4541.63,1,1,0,5,5,88.56,Delivered On-Time
4086,5,7,2026-02-11,8448.47,1,3,0,4,4,88.71,Delivered On-Time
4087,125,3,2024-08-09,6858.48,1,1,0,1,5,147.46,Delivered Late
4088,152,7,2026-02-05,103209.34,3,3,0,4,5,1083.7,Delivered On-Time
4089,57,5,2024-04-28,24693.93,2,2,0,2,2,382.76,Delivered On-Time
4090,142,6,2026-06-30,90408.78,3,3,0,3,3,858.88,Delivered On-Time
4091,180,1,2025-08-18,118740.59,3,1,1,5,5,2315.44,Delivered On-Time
4092,160,3,2024-12-17,3027.12,1,1,0,1,1,65.08,Delivered On-Time
4093,255,7,2025-02-20,92642.61,3,3,0,4,5,972.75,Delivered Late
4094,139,7,2025-10-01,6770.74,1,3,0,4,3,71.09,Delivered On-Time
4095,248,7,2024-02-29,8734.34,1,3,0,4,4,91.71,Delivered On-Time
4096,180,3,2024-12-27,40296.96,2,1,1,1,1,866.38,Delivered On-Time
4097,26,4,2025-02-17,34975.68,2,2,0,1,1,507.15,Delivered On-Time
4098,224,3,2024-11-27,14695.79,2,1,1,1,1,315.96,Delivered On-Time
4099,168,5,2025-05-15,6220.28,1,2,0,2,3,96.41,Delivered On-Time
4100,38,7,2024-01-24,418517.23,3,3,0,4,4,4394.43,Delivered On-Time
4101,200,6,2025-08-29,26567.4,2,3,0,3,7,252.39,Delivered Late
4102,119,3,2025-10-19,7191.94,1,1,0,1,2,154.63,Delivered On-Time
4103,145,4,2025-02-03,47645.56,2,2,0,1,1,690.86,Delivered On-Time
4104,155,1,2025-11-10,8713.96,1,1,0,5,8,169.92,Delivered Late
4105,259,1,2024-09-10,5229.7,1,1,0,5,5,101.98,Delivered On-Time
4106,158,7,2025-08-17,6110.18,1,3,0,4,3,64.16,Delivered On-Time
4107,219,6,2024-04-21,24931.82,2,3,0,3,3,236.85,Lost
4108,62,6,2024-05-30,5498.78,1,3,0,3,2,52.24,Delivered On-Time
4109,192,4,2026-03-31,2045.27,1,2,0,1,1,29.66,Delivered On-Time
4110,197,6,2026-05-05,23566.74,2,3,0,3,2,223.88,Delivered On-Time
4111,234,3,2024-03-30,941.64,1,1,0,1,1,20.25,Delivered On-Time
4112,215,3,2024-05-31,9615.59,1,1,0,1,2,206.74,Delivered On-Time
4113,187,1,2024-08-29,2933.81,1,1,0,5,5,57.21,Delivered On-Time
4114,143,6,2025-08-10,14491.04,2,3,0,3,5,137.66,Delivered Late
4115,68,4,2026-06-01,1830.07,1,2,0,1,1,26.54,Delivered On-Time
4116,117,3,2025-05-28,3652.18,1,1,0,1,1,78.52,Delivered On-Time
4117,155,1,2024-02-24,8738.15,1,1,0,5,4,170.39,Delivered On-Time
4118,2,7,2026-05-20,133532.32,3,3,0,4,6,1402.09,Delivered Late
4119,154,5,2025-01-22,5247.19,1,2,0,2,1,81.33,Delivered On-Time
4120,252,6,2024-01-05,63212.54,3,3,0,3,3,600.52,Delivered On-Time
4121,53,5,2024-02-24,35033.06,2,2,0,2,4,543.01,Delivered Late
4122,119,6,2025-03-19,115312.54,3,3,0,3,4,1095.47,Delivered On-Time
4123,56,2,2024-12-14,9112.55,1,1,0,1,1,195.92,Delivered On-Time
4124,159,3,2025-11-22,2514.89,1,1,0,1,2,54.07,Delivered On-Time
4125,84,7,2025-02-26,190023.06,3,3,0,4,4,1995.24,Delivered On-Time
4126,183,5,2025-08-31,42311.27,2,2,0,2,2,655.82,Delivered On-Time
4127,3,7,2024-11-25,242054.55,3,3,0,4,4,2541.57,Delivered On-Time
4128,30,3,2024-09-25,4527.8,1,1,0,1,2,97.35,Delivered On-Time
4129,170,7,2026-01-05,17047.63,2,3,0,4,4,179.0,Delivered On-Time
4130,216,4,2024-11-26,1819.48,1,2,0,1,1,26.38,Delivered On-Time
4131,130,3,2024-03-09,7114.12,1,1,0,1,2,152.95,Delivered On-Time
4132,56,7,2024-07-09,37587.73,2,3,0,4,4,394.67,Delivered On-Time
4133,35,5,2025-11-13,683.72,1,2,0,2,2,10.6,Delivered On-Time
4134,7,4,2025-02-07,1394.61,1,2,0,1,1,20.22,Delivered On-Time
4135,248,6,2025-09-04,6727.67,1,3,0,3,4,63.91,Delivered On-Time
4136,164,2,2025-09-25,9636.12,1,1,0,1,2,207.18,Delivered On-Time
4137,97,6,2025-01-26,2710.01,1,3,0,3,2,25.75,Delivered On-Time
4138,109,4,2025-04-13,3799.33,1,2,0,1,2,55.09,Delivered On-Time
4139,122,4,2026-04-30,13034.55,2,2,0,1,1,189.0,Delivered On-Time
4140,164,6,2024-02-19,17505.3,2,3,0,3,3,166.3,Delivered On-Time
4141,233,5,2025-04-01,2783.16,1,2,0,2,3,43.14,Delivered On-Time
4142,60,4,2024-05-12,36012.95,2,2,0,1,1,522.19,Delivered On-Time
4143,152,5,2025-09-26,4244.04,1,2,0,2,3,65.78,Delivered On-Time
4144,89,2,2025-01-06,5127.71,1,1,0,1,1,110.25,Delivered On-Time
4145,237,6,2025-12-09,8470.74,1,3,0,3,3,80.47,Delivered On-Time
4146,256,4,2025-01-16,7123.57,1,2,0,1,2,103.29,Delivered On-Time
4147,137,6,2024-11-17,27553.74,2,3,0,3,3,261.76,Delivered On-Time
4148,100,2,2025-11-13,2648.92,1,1,0,1,1,56.95,Delivered On-Time
4149,47,7,2024-01-26,23348.36,2,3,0,4,3,245.16,Delivered On-Time
4150,54,7,2026-02-20,113732.68,3,3,0,4,5,1194.19,Delivered On-Time
4151,223,2,2024-09-04,8439.3,1,1,0,1,1,181.44,Delivered On-Time
4152,121,6,2026-04-02,3657.03,1,3,0,3,3,34.74,Delivered On-Time
4153,234,3,2025-06-03,3284.93,1,1,0,1,1,70.63,Delivered On-Time
4154,249,6,2025-06-07,4472.31,1,3,0,3,3,42.49,Delivered On-Time
4155,35,7,2024-03-19,52829.34,3,3,0,4,5,554.71,Delivered On-Time
4156,96,2,2026-01-28,47279.41,2,1,1,1,2,1016.51,Delivered On-Time
4157,55,7,2025-04-07,12633.38,2,3,0,4,4,132.65,Delivered On-Time
4158,182,1,2026-04-07,5087.61,1,1,0,5,5,99.21,Delivered On-Time
4159,24,3,2024-03-11,9031.04,1,1,0,1,2,194.17,Delivered On-Time
4160,15,5,2026-02-13,18391.59,2,2,0,2,1,285.07,Delivered On-Time
4161,58,6,2024-10-01,37233.75,2,3,0,3,3,353.72,Delivered On-Time
4162,153,2,2025-06-28,37909.82,2,1,1,1,1,815.06,Delivered On-Time
4163,13,6,2025-02-25,83914.87,3,3,0,3,3,797.19,Delivered On-Time
4164,47,3,2025-11-18,1195.09,1,1,0,1,2,25.69,Delivered On-Time
4165,260,3,2026-02-17,9021.68,1,1,0,1,1,193.97,Delivered On-Time
4166,121,6,2025-01-30,3184.66,1,3,0,3,3,30.25,Delivered On-Time
4167,101,2,2026-02-16,5974.74,1,1,0,1,1,128.46,Delivered On-Time
4168,231,4,2025-12-13,1385.77,1,2,0,1,1,20.09,Delivered On-Time
4169,26,5,2025-12-23,46799.49,2,2,0,2,2,725.39,Delivered On-Time
4170,78,7,2025-10-27,21153.24,2,3,0,4,4,222.11,Delivered On-Time
4171,147,6,2024-10-27,41027.18,2,3,0,3,3,389.76,Delivered On-Time
4172,23,5,2026-02-03,41829.19,2,2,0,2,2,648.35,Delivered On-Time
4173,96,6,2024-04-30,100251.51,3,3,0,3,7,952.39,Delivered Late
4174,243,1,2024-07-25,6899.61,1,1,0,5,7,134.54,Delivered Late
4175,136,7,2026-05-24,59678.89,3,3,0,4,4,626.63,Delivered On-Time
4176,79,1,2025-04-08,4551.93,1,1,0,5,5,88.76,Delivered On-Time
4177,120,7,2024-05-27,3004.5,1,3,0,4,5,31.55,Delivered On-Time
4178,63,2,2026-06-01,33836.26,2,1,1,1,2,727.48,Delivered On-Time
4179,238,6,2024-11-30,8050.12,1,3,0,3,3,76.48,Delivered On-Time
4180,102,4,2024-08-06,14968.43,2,2,0,1,1,217.04,Delivered On-Time
4181,81,2,2025-03-28,3941.67,1,1,0,1,1,84.75,Delivered On-Time
4182,124,7,2025-03-02,13853.02,2,3,0,4,4,145.46,Delivered On-Time
4183,209,3,2026-06-05,5357.46,1,1,0,1,1,115.19,Delivered On-Time
4184,84,5,2025-01-02,22166.99,2,2,0,2,2,343.59,Delivered On-Time
4185,14,3,2024-10-30,8533.23,1,1,0,1,2,183.46,Delivered On-Time
4186,155,3,2025-08-17,7016.33,1,1,0,1,1,150.85,Delivered On-Time
4187,48,5,2025-11-04,9942.8,1,2,0,2,2,154.11,Delivered On-Time
4188,199,5,2026-03-14,46687.11,2,2,0,2,2,723.65,Delivered On-Time
4189,159,1,2025-06-11,45523.5,2,1,1,5,5,887.71,Delivered On-Time
4190,144,3,2025-08-06,14025.15,2,1,1,1,1,301.54,Delivered On-Time
4191,10,5,2024-08-29,2514.81,1,2,0,2,2,38.98,Delivered On-Time
4192,55,3,2025-02-27,40231.79,2,1,1,1,1,864.98,Delivered On-Time
4193,138,2,2025-11-10,2466.34,1,1,0,1,2,53.03,Delivered On-Time
4194,17,5,2026-04-22,2228.17,1,2,0,2,1,34.54,Delivered On-Time
4195,26,6,2024-12-04,49197.14,2,3,0,3,3,467.37,Delivered On-Time
4196,95,7,2025-08-04,6280.65,1,3,0,4,4,65.95,Delivered On-Time
4197,256,1,2025-09-20,5268.73,1,1,0,5,5,102.74,Delivered On-Time
4198,70,7,2025-01-14,345620.17,3,3,0,4,4,3629.01,Delivered On-Time
4199,35,6,2024-06-09,2940.24,1,3,0,3,3,27.93,Delivered On-Time
4200,105,7,2024-04-02,62936.64,3,3,0,4,4,660.83,Delivered On-Time
4201,168,4,2024-01-24,7515.99,1,2,0,1,3,108.98,Delivered Late
4202,130,6,2025-02-05,16580.14,2,3,0,3,3,157.51,Delivered On-Time
4203,200,7,2026-01-02,68405.67,3,3,0,4,3,718.26,Delivered On-Time
4204,19,5,2024-12-06,4619.73,1,2,0,2,2,71.61,Delivered On-Time
4205,28,6,2025-03-04,7682.57,1,3,0,3,2,72.98,Delivered On-Time
4206,151,7,2026-02-14,3665.92,1,3,0,4,4,38.49,Delivered On-Time
4207,94,1,2025-06-17,1584.33,1,1,0,5,5,30.89,Delivered On-Time
4208,17,3,2026-05-23,27119.82,2,1,1,1,1,583.08,Delivered On-Time
4209,234,7,2024-06-25,53152.89,3,3,0,4,4,558.11,Delivered On-Time
4210,110,6,2025-12-07,7388.84,1,3,0,3,3,70.19,Delivered On-Time
4211,165,7,2025-01-11,47979.63,2,3,0,4,4,503.79,Delivered On-Time
4212,218,3,2025-04-05,7779.68,1,1,0,1,2,167.26,Delivered On-Time
4213,115,1,2026-05-19,8500.46,1,1,0,5,5,165.76,Delivered On-Time
4214,130,7,2026-03-31,2187.26,1,3,0,4,6,22.97,Delivered Late
4215,20,6,2024-10-12,7380.82,1,3,0,3,2,70.12,Delivered On-Time
4216,88,7,2025-12-31,39357.54,2,3,0,4,3,413.25,Delivered On-Time
4217,171,2,2025-11-04,2006.33,1,1,0,1,1,43.14,Delivered On-Time
4218,253,7,2026-06-10,625.19,1,3,0,4,4,6.56,Delivered On-Time
4219,215,5,2025-06-13,7371.12,1,2,0,2,3,114.25,Delivered On-Time
4220,105,2,2024-12-20,8319.81,1,1,0,1,1,178.88,Delivered On-Time
4221,77,4,2024-08-13,10315.77,2,2,0,1,1,149.58,Delivered On-Time
4222,170,2,2024-12-06,3681.38,1,1,0,1,1,79.15,Delivered On-Time
4223,101,5,2025-10-03,2052.46,1,2,0,2,2,31.81,Delivered On-Time
4224,209,2,2024-12-04,4846.09,1,1,0,1,2,104.19,Delivered On-Time
4225,154,7,2026-02-15,28029.3,2,3,0,4,4,294.31,Delivered On-Time
4226,217,2,2025-01-07,8192.52,1,1,0,1,2,176.14,Delivered On-Time
4227,65,1,2026-01-07,38696.82,2,1,1,5,6,754.59,Delivered On-Time
4228,138,5,2025-06-14,8363.72,1,2,0,2,3,129.64,Delivered On-Time
4229,242,5,2026-05-29,8285.01,1,2,0,2,5,128.42,Delivered Late
4230,45,3,2025-06-08,1826.52,1,1,0,1,1,39.27,Delivered On-Time
4231,34,7,2024-08-29,40580.02,2,3,0,4,4,426.09,Delivered On-Time
4232,35,6,2025-04-18,25646.21,2,3,0,3,3,243.64,Delivered On-Time
4233,130,4,2024-08-30,1183.92,1,2,0,1,2,17.17,Delivered On-Time
4234,107,7,2024-02-09,4445.81,1,3,0,4,6,46.68,Delivered Late
4235,208,6,2024-12-28,51189.07,3,3,0,3,2,486.3,Delivered On-Time
4236,72,7,2025-12-25,40766.88,2,3,0,4,4,428.05,Delivered On-Time
4237,56,4,2024-08-01,9346.12,1,2,0,1,1,135.52,Delivered On-Time
4238,99,3,2024-04-12,36217.18,2,1,1,1,1,778.67,Delivered On-Time
4239,28,4,2025-04-22,41685.47,2,2,0,1,1,604.44,Delivered On-Time
4240,185,7,2024-10-24,74441.01,3,3,0,4,4,781.63,Delivered On-Time
4241,82,6,2024-10-19,6454.22,1,3,0,3,4,61.32,Delivered On-Time
4242,223,3,2024-02-23,1420.56,1,1,0,1,1,30.54,Delivered On-Time
4243,6,5,2024-11-28,9821.37,1,2,0,2,2,152.23,Delivered On-Time
4244,127,4,2024-12-03,990.48,1,2,0,1,1,14.36,Delivered On-Time
4245,101,7,2025-01-07,46688.52,2,3,0,4,4,490.23,Delivered On-Time
4246,94,7,2024-08-02,8346.51,1,3,0,4,4,87.64,Delivered On-Time
4247,9,6,2025-05-27,24062.05,2,3,0,3,3,228.59,Delivered On-Time
4248,12,4,2026-04-06,9968.62,1,2,0,1,1,144.54,Delivered On-Time
4249,143,7,2024-02-02,5919.03,1,3,0,4,3,62.15,Delivered On-Time
4250,18,4,2024-01-10,41805.95,2,2,0,1,1,606.19,Delivered On-Time
4251,121,2,2024-09-06,5917.14,1,1,0,1,1,127.22,Delivered On-Time
4252,102,7,2024-04-21,3582.49,1,3,0,4,4,37.62,Delivered On-Time
4253,17,3,2026-01-20,619.79,1,1,0,1,1,13.33,Delivered On-Time
4254,100,5,2025-10-21,4939.72,1,2,0,2,3,76.57,Delivered On-Time
4255,75,3,2025-08-07,5722.86,1,1,0,1,1,123.04,Delivered On-Time
4256,7,5,2025-04-09,44250.48,2,2,0,2,2,685.88,Delivered On-Time
4257,253,3,2025-01-05,4886.45,1,1,0,1,2,105.06,Delivered On-Time
4258,161,2,2024-11-10,4730.62,1,1,0,1,1,101.71,Delivered On-Time
4259,16,1,2024-12-10,7366.06,1,1,0,5,4,143.64,Delivered On-Time
4260,167,7,2024-11-11,14679.16,2,3,0,4,4,154.13,Delivered On-Time
4261,180,5,2025-05-12,7396.88,1,2,0,2,2,114.65,Delivered On-Time
4262,106,6,2025-12-27,2602.6,1,3,0,3,2,24.72,Delivered On-Time
4263,186,2,2024-03-15,3440.04,1,1,0,1,2,73.96,Delivered On-Time
4264,239,7,2024-11-03,101520.9,3,3,0,4,3,1065.97,Delivered On-Time
4265,122,4,2026-03-21,6031.08,1,2,0,1,1,87.45,Delivered On-Time
4266,190,7,2025-12-09,2183.49,1,3,0,4,7,22.93,Delivered Late
4267,230,4,2025-12-04,8523.5,1,2,0,1,2,123.59,Delivered On-Time
4268,205,7,2025-03-04,104007.19,3,3,0,4,3,1092.08,Delivered On-Time
4269,2,7,2026-04-25,9269.03,1,3,0,4,4,97.32,Delivered On-Time
4270,182,3,2025-07-16,39241.51,2,1,1,1,1,843.69,Delivered On-Time
4271,119,5,2026-04-20,3704.1,1,2,0,2,4,57.41,Delivered Late
4272,179,6,2024-03-11,73794.22,3,3,0,3,3,701.05,Delivered On-Time
4273,102,6,2025-09-16,4437.29,1,3,0,3,3,42.15,Delivered On-Time
4274,161,6,2024-01-02,33374.63,2,3,0,3,2,317.06,Delivered On-Time
4275,47,6,2025-05-18,49805.74,2,3,0,3,3,473.15,Delivered On-Time
4276,40,3,2024-05-25,7006.34,1,1,0,1,1,150.64,Delivered On-Time
4277,142,4,2026-01-03,3463.87,1,2,0,1,5,50.23,Delivered Late
4278,213,1,2024-02-11,5535.97,1,1,0,5,4,107.95,Delivered On-Time
4279,176,6,2025-10-02,147100.67,3,3,0,3,4,1397.46,Delivered On-Time
4280,254,5,2025-09-11,95918.11,3,2,1,2,2,1486.73,Delivered On-Time
4281,226,6,2025-02-09,5537.92,1,3,0,3,3,52.61,Delivered On-Time
4282,181,7,2025-04-28,42973.31,2,3,0,4,8,451.22,Delivered Late
4283,94,6,2024-05-15,73781.49,3,3,0,3,6,700.92,Delivered Late
4284,143,3,2025-09-16,8959.99,1,1,0,1,1,192.64,Delivered On-Time
4285,234,5,2025-01-26,36235.08,2,2,0,2,6,561.64,Delivered Late
4286,206,1,2026-01-17,6934.25,1,1,0,5,4,135.22,Delivered On-Time
4287,252,7,2024-11-10,103678.92,3,3,0,4,8,1088.63,Delivered Late
4288,45,7,2024-11-19,9799.07,1,3,0,4,3,102.89,Delivered On-Time
4289,182,1,2026-02-24,37267.39,2,1,1,5,5,726.71,Delivered On-Time
4290,185,4,2026-02-27,6858.46,1,2,0,1,3,99.45,Delivered Late
4291,173,3,2025-12-22,9348.9,1,1,0,1,1,201.0,Delivered On-Time
4292,228,3,2026-05-08,4725.12,1,1,0,1,1,101.59,Delivered On-Time
4293,12,2,2024-07-25,3736.3,1,1,0,1,2,80.33,Delivered On-Time
4294,81,6,2025-11-26,928.47,1,3,0,3,4,8.82,Delivered On-Time
4295,92,1,2025-06-21,9129.72,1,1,0,5,5,178.03,Delivered On-Time
4296,8,6,2025-12-22,4184.11,1,3,0,3,2,39.75,Delivered On-Time
4297,117,6,2025-04-24,132654.85,3,3,0,3,3,1260.22,Delivered On-Time
4298,2,7,2025-02-05,60505.51,3,3,0,4,7,635.31,Delivered Late
4299,29,4,2024-01-23,6413.34,1,2,0,1,1,92.99,Delivered On-Time
4300,182,4,2025-11-21,5729.86,1,2,0,1,2,83.08,Delivered On-Time
4301,178,3,2025-04-27,1078.03,1,1,0,1,2,23.18,Delivered On-Time
4302,133,6,2025-02-07,24611.2,2,3,0,3,5,233.81,Delivered Late
4303,259,4,2026-03-18,1793.07,1,2,0,1,1,26.0,Delivered On-Time
4304,1,4,2025-12-03,8943.52,1,2,0,1,1,129.68,Delivered On-Time
4305,5,5,2025-01-16,127080.81,3,2,1,2,3,1969.75,Delivered On-Time
4306,194,6,2025-10-01,104271.09,3,3,0,3,4,990.58,Delivered On-Time
4307,166,6,2026-05-01,7822.91,1,3,0,3,2,74.32,Delivered On-Time
4308,104,6,2025-07-16,21405.85,2,3,0,3,2,203.36,Delivered On-Time
4309,1,4,2025-12-10,7006.47,1,2,0,1,1,101.59,Delivered On-Time
4310,158,6,2025-07-18,106997.11,3,3,0,3,2,1016.47,Delivered On-Time
4311,161,4,2025-12-15,5418.19,1,2,0,1,1,78.56,Delivered On-Time
4312,195,3,2025-11-11,2002.34,1,1,0,1,1,43.05,Delivered On-Time
4313,188,6,2025-02-25,8361.2,1,3,0,3,3,79.43,Delivered On-Time
4314,229,7,2025-03-22,6380.06,1,3,0,4,5,66.99,Delivered On-Time
4315,116,1,2025-05-19,4259.78,1,1,0,5,5,83.07,Delivered On-Time
4316,3,2,2024-04-17,5957.31,1,1,0,1,1,128.08,Delivered On-Time
4317,58,1,2025-01-04,53451.4,3,1,1,5,4,1042.3,Delivered On-Time
4318,244,7,2025-12-09,18998.47,2,3,0,4,5,199.48,Delivered Late
4319,259,1,2024-01-31,17222.41,2,1,1,5,4,335.84,Delivered On-Time
4320,73,6,2024-06-14,63252.15,3,3,0,3,4,600.9,Delivered Late
4321,206,4,2024-02-22,11167.23,2,2,0,1,1,161.92,Delivered On-Time
4322,45,5,2025-10-17,1736.38,1,2,0,2,1,26.91,Delivered On-Time
4323,253,5,2024-04-13,36210.35,2,2,0,2,2,561.26,Delivered On-Time
4324,110,7,2024-01-18,41312.97,2,3,0,4,4,433.79,Delivered On-Time
4325,242,6,2026-02-17,4438.35,1,3,0,3,2,42.16,Delivered On-Time
4326,125,6,2026-02-04,33293.66,2,3,0,3,4,316.29,Delivered On-Time
4327,41,7,2026-02-18,124899.16,3,3,0,4,5,1311.44,Delivered Late
4328,204,7,2024-02-07,1548.87,1,3,0,4,5,16.26,Delivered On-Time
4329,7,5,2024-01-23,41765.29,2,2,0,2,3,647.36,Delivered On-Time
4330,4,7,2024-05-18,411452.2,3,3,0,4,3,4320.25,Delivered On-Time
4331,55,2,2026-06-01,74842.25,3,1,1,1,1,1609.11,Delivered On-Time
4332,188,2,2026-05-30,2895.09,1,1,0,1,1,62.24,Delivered On-Time
4333,156,7,2025-04-11,346947.6,3,3,0,4,3,3642.95,Delivered On-Time
4334,166,7,2024-01-04,3038.04,1,3,0,4,7,31.9,Delivered Late
4335,202,4,2024-11-09,704.09,1,2,0,1,1,10.21,Delivered On-Time
4336,256,7,2026-04-22,131050.72,3,3,0,4,5,1376.03,Delivered Late
4337,53,6,2026-02-08,35492.33,2,3,0,3,2,337.18,Delivered On-Time
4338,2,7,2025-01-22,28977.41,2,3,0,4,4,304.26,Delivered On-Time
4339,17,4,2025-04-22,45061.53,2,2,0,1,2,653.39,Delivered On-Time
4340,218,2,2026-01-30,1611.03,1,1,0,1,1,34.64,Delivered On-Time
4341,234,7,2024-09-22,2335.3,1,3,0,4,4,24.52,Delivered On-Time
4342,224,5,2024-09-29,38459.37,2,2,0,2,2,596.12,Delivered On-Time
4343,164,7,2024-07-05,34830.44,2,3,0,4,4,365.72,Delivered On-Time
4344,187,2,2024-12-13,32900.23,2,1,1,1,1,707.35,Delivered On-Time
4345,131,7,2026-06-07,6443.03,1,3,0,4,4,67.65,Delivered On-Time
4346,105,6,2024-07-11,103979.14,3,3,0,3,3,987.8,Delivered On-Time
4347,195,2,2025-12-20,8903.64,1,1,0,1,2,191.43,Delivered On-Time
4348,2,7,2025-08-02,304959.6,3,3,0,4,3,3202.08,Delivered On-Time
4349,37,7,2024-11-25,127055.0,3,3,0,4,4,1334.08,Delivered On-Time
4350,94,3,2025-12-22,29799.62,2,1,1,1,1,640.69,Delivered On-Time
4351,212,7,2024-02-28,102416.01,3,3,0,4,5,1075.37,Delivered Late
4352,139,1,2024-08-17,6862.35,1,1,0,5,5,133.82,Delivered On-Time
4353,21,6,2025-05-05,107474.45,3,3,0,3,2,1021.01,Delivered On-Time
4354,79,2,2025-12-15,6864.28,1,1,0,1,2,147.58,Delivered On-Time
4355,40,7,2024-08-18,149685.05,3,3,0,4,5,1571.69,Delivered On-Time
4356,182,1,2025-07-20,12739.16,2,1,1,5,6,248.41,Delivered On-Time
4357,134,6,2026-01-16,35823.17,2,3,0,3,3,340.32,Delivered On-Time
4358,149,4,2025-09-05,4964.62,1,2,0,1,1,71.99,Delivered On-Time
4359,44,2,2025-03-22,5662.64,1,1,0,1,1,121.75,Delivered On-Time
4360,160,5,2025-05-18,49339.36,2,2,0,2,3,764.76,Delivered On-Time
4361,189,6,2025-02-24,47522.17,2,3,0,3,2,451.46,Delivered On-Time
4362,192,7,2024-10-19,4402.49,1,3,0,4,5,46.23,Delivered On-Time
4363,138,4,2026-03-25,5128.19,1,2,0,1,1,74.36,Delivered On-Time
4364,50,7,2024-01-10,2876.88,1,3,0,4,3,30.21,Delivered On-Time
4365,176,7,2025-07-20,95471.43,3,3,0,4,4,1002.45,Delivered On-Time
4366,119,4,2025-06-17,14153.68,2,2,0,1,1,205.23,Delivered On-Time
4367,75,3,2024-04-02,5699.79,1,1,0,1,2,122.55,Delivered On-Time
4368,235,3,2024-12-09,36678.68,2,1,1,1,1,788.59,Delivered On-Time
4369,99,1,2024-03-20,6173.01,1,1,0,5,5,120.37,Delivered On-Time
4370,235,6,2025-11-30,45923.95,2,3,0,3,3,436.28,Delivered On-Time
4371,136,4,2024-05-24,36910.92,2,2,0,1,2,535.21,Delivered On-Time
4372,8,4,2025-10-24,6949.54,1,2,0,1,1,100.77,Delivered On-Time
4373,101,3,2024-07-27,42420.79,2,1,1,1,1,912.05,Delivered On-Time
4374,112,1,2024-07-10,5570.33,1,1,0,5,5,108.62,Delivered On-Time
4375,141,4,2025-09-12,47659.1,2,2,0,1,1,691.06,Delivered On-Time
4376,102,4,2025-11-16,12866.13,2,2,0,1,1,186.56,Delivered On-Time
4377,235,5,2025-02-04,4329.46,1,2,0,2,2,67.11,Delivered On-Time
4378,229,2,2025-05-03,9414.87,1,1,0,1,1,202.42,Delivered On-Time
4379,83,7,2026-02-20,11651.5,2,3,0,4,3,122.34,Delivered On-Time
4380,257,6,2025-11-30,36455.09,2,3,0,3,3,346.32,Delivered On-Time
4381,36,6,2024-02-11,133241.12,3,3,0,3,3,1265.79,Delivered On-Time
4382,127,2,2026-06-29,6883.59,1,1,0,1,1,148.0,Delivered On-Time
4383,123,1,2026-01-08,8435.51,1,1,0,5,7,164.49,Delivered Late
4384,137,5,2025-12-11,3505.73,1,2,0,2,2,54.34,Delivered On-Time
4385,209,6,2024-11-05,149461.78,3,3,0,3,3,1419.89,Delivered On-Time
4386,176,5,2024-11-06,2228.58,1,2,0,2,2,34.54,Delivered On-Time
4387,61,6,2025-05-31,39787.68,2,3,0,3,3,377.98,Delivered On-Time
4388,35,1,2024-02-13,17234.18,2,1,1,5,5,336.07,Delivered On-Time
4389,184,1,2024-03-04,760.94,1,1,0,5,5,14.84,Delivered On-Time
4390,57,1,2025-02-25,2796.94,1,1,0,5,9,54.54,Delivered Late
4391,23,7,2025-03-11,44790.15,2,3,0,4,3,470.3,Delivered On-Time
4392,12,2,2025-02-09,31362.13,2,1,1,1,1,674.29,Delivered On-Time
4393,99,5,2025-11-28,23062.87,2,2,0,2,3,357.47,Delivered Late
4394,5,6,2024-07-02,8167.77,1,3,0,3,3,77.59,Delivered On-Time
4395,211,3,2024-01-30,45847.04,2,1,1,1,1,985.71,Delivered On-Time
4396,258,1,2025-05-26,1022.78,1,1,0,5,5,19.94,Delivered On-Time
4397,160,6,2024-08-09,25368.2,2,3,0,3,3,241.0,Delivered On-Time
4398,215,1,2025-11-17,16161.75,2,1,1,5,4,315.15,Delivered On-Time
4399,113,5,2024-03-24,85235.6,3,2,1,2,2,1321.15,Delivered On-Time
4400,35,3,2025-10-10,9222.1,1,1,0,1,1,198.28,Delivered On-Time
4401,92,5,2026-01-01,2609.34,1,2,0,2,2,40.44,Delivered On-Time
4402,181,7,2026-01-21,2380.57,1,3,0,4,5,25.0,Delivered On-Time
4403,213,7,2024-05-15,98012.07,3,3,0,4,4,1029.13,Delivered On-Time
4404,205,1,2025-07-31,19194.59,2,1,1,5,6,374.29,Delivered On-Time
4405,198,7,2024-02-14,6290.25,1,3,0,4,5,66.05,Delivered On-Time
4406,142,5,2024-01-05,1441.68,1,2,0,2,1,22.35,Delivered On-Time
4407,55,7,2025-09-21,74522.29,3,3,0,4,5,782.48,Delivered Late
4408,41,6,2024-01-11,35703.78,2,3,0,3,3,339.19,Delivered On-Time
4409,82,5,2026-03-13,6160.2,1,2,0,2,1,95.48,Delivered On-Time
4410,15,6,2025-10-21,4566.44,1,3,0,3,3,43.38,Delivered On-Time
4411,190,1,2026-02-16,12728.16,2,1,1,5,4,248.2,Delivered On-Time
4412,80,6,2026-02-26,24924.42,2,3,0,3,3,236.78,Delivered On-Time
4413,98,6,2025-09-01,389723.89,3,3,0,3,3,3702.38,Delivered On-Time
4414,189,3,2025-10-11,7493.0,1,1,0,1,1,161.1,Delivered On-Time
4415,35,3,2024-02-28,1276.37,1,1,0,1,1,27.44,Delivered On-Time
4416,238,2,2025-04-09,3876.07,1,1,0,1,1,83.34,Delivered On-Time
4417,9,4,2026-05-06,44929.43,2,2,0,1,1,651.48,Delivered On-Time
4418,66,6,2025-11-12,252835.52,3,3,0,3,4,2401.94,Delivered On-Time
4419,82,6,2024-02-25,77768.58,3,3,0,3,3,738.8,Delivered On-Time
4420,248,2,2024-02-08,2308.78,1,1,0,1,1,49.64,Delivered On-Time
4421,179,7,2026-03-14,33847.49,2,3,0,4,4,355.4,Delivered On-Time
4422,102,3,2024-07-18,8368.12,1,1,0,1,1,179.91,Delivered On-Time
4423,196,5,2024-10-22,5991.86,1,2,0,2,1,92.87,Delivered On-Time
4424,240,6,2025-04-08,6277.8,1,3,0,3,3,59.64,Delivered On-Time
4425,134,6,2025-01-05,461710.28,3,3,0,3,3,4386.25,Delivered On-Time
4426,228,4,2026-05-10,33322.32,2,2,0,1,2,483.17,Delivered On-Time
4427,12,2,2026-01-29,5402.39,1,1,0,1,1,116.15,Delivered On-Time
4428,199,6,2025-05-06,2568.42,1,3,0,3,6,24.4,Delivered Late
4429,100,6,2024-02-28,394288.15,3,3,0,3,3,3745.74,Delivered On-Time
4430,93,4,2026-03-17,3352.22,1,2,0,1,2,48.61,Delivered On-Time
4431,106,5,2024-12-01,5629.83,1,2,0,2,2,87.26,Delivered On-Time
4432,233,4,2024-06-15,31089.72,2,2,0,1,1,450.8,Delivered On-Time
4433,17,2,2025-05-15,7680.57,1,1,0,1,1,165.13,Delivered On-Time
4434,122,7,2024-01-02,118171.07,3,3,0,4,4,1240.8,Delivered On-Time
4435,231,5,2024-05-25,44964.27,2,2,0,2,2,696.95,Delivered On-Time
4436,173,6,2025-11-01,26051.25,2,3,0,3,3,247.49,Delivered On-Time
4437,124,4,2025-06-04,8305.51,1,2,0,1,1,120.43,Delivered On-Time
4438,11,7,2025-11-14,96734.0,3,3,0,4,4,1015.71,Delivered On-Time
4439,101,6,2025-11-02,4543.1,1,3,0,3,3,43.16,Delivered On-Time
4440,140,7,2025-12-03,88457.74,3,3,0,4,4,928.81,Delivered On-Time
4441,150,1,2024-02-13,9251.28,1,1,0,5,5,180.4,Delivered On-Time
4442,140,4,2025-01-26,13227.17,2,2,0,1,1,191.79,Delivered On-Time
4443,103,7,2024-11-02,9622.27,1,3,0,4,6,101.03,Delivered Late
4444,153,6,2025-12-23,43800.43,2,3,0,3,4,416.1,Delivered On-Time
4445,43,2,2024-12-05,5676.86,1,1,0,1,2,122.05,Delivered On-Time
4446,8,4,2025-02-04,23176.19,2,2,0,1,5,336.05,Delivered Late
4447,32,2,2025-11-16,2261.1,1,1,0,1,1,48.61,Delivered On-Time
4448,197,6,2024-01-28,9425.15,1,3,0,3,3,89.54,Delivered On-Time
4449,254,6,2024-07-17,35139.87,2,3,0,3,4,333.83,Delivered On-Time
4450,77,4,2025-03-23,20728.56,2,2,0,1,1,300.56,Damaged
4451,45,7,2024-02-11,4568.74,1,3,0,4,4,47.97,Delivered On-Time
4452,85,2,2025-08-15,5021.21,1,1,0,1,2,107.96,Delivered On-Time
4453,246,4,2024-05-21,3316.88,1,2,0,1,1,48.09,Delivered On-Time
4454,49,5,2025-06-16,15020.05,2,2,0,2,2,232.81,Delivered On-Time
4455,141,6,2024-02-10,28843.29,2,3,0,3,4,274.01,Delivered Late
4456,74,3,2026-04-26,2588.33,1,1,0,1,1,55.65,Delivered On-Time
4457,173,2,2024-07-09,1148.35,1,1,0,1,1,24.69,Delivered On-Time
4458,249,2,2024-08-13,6522.77,1,1,0,1,1,140.24,Delivered On-Time
4459,93,2,2025-10-13,4800.58,1,1,0,1,2,103.21,Delivered On-Time
4460,191,7,2026-03-22,36273.96,2,3,0,4,4,380.88,Delivered On-Time
4461,37,6,2025-04-11,23505.26,2,3,0,3,3,223.3,Delivered On-Time
4462,234,1,2026-05-13,8905.57,1,1,0,5,5,173.66,Delivered On-Time
4463,212,2,2024-04-22,8868.23,1,1,0,1,1,190.67,Delivered On-Time
4464,198,3,2025-12-29,3157.81,1,1,0,1,1,67.89,Delivered On-Time
4465,8,4,2025-01-27,7738.75,1,2,0,1,1,112.21,Damaged
4466,133,6,2025-12-11,33121.98,2,3,0,3,3,314.66,Delivered On-Time
4467,33,7,2024-08-30,48584.59,2,3,0,4,3,510.14,Delivered On-Time
4468,2,7,2025-09-22,15884.88,2,3,0,4,4,166.79,Delivered On-Time
4469,129,7,2025-08-16,124288.12,3,3,0,4,4,1305.03,Delivered On-Time
4470,69,1,2026-03-02,2326.85,1,1,0,5,4,45.37,Delivered On-Time
4471,234,7,2026-05-20,120091.61,3,3,0,4,6,1260.96,Delivered Late
4472,34,1,2024-08-20,2108.08,1,1,0,5,5,41.11,Delivered On-Time
4473,24,3,2025-08-04,6535.38,1,1,0,1,2,140.51,Delivered On-Time
4474,46,3,2026-04-05,3516.68,1,1,0,1,3,75.61,Delivered Late
4475,5,7,2026-05-14,4038.74,1,3,0,4,4,42.41,Delivered On-Time
4476,108,6,2024-03-21,448434.32,3,3,0,3,3,4260.13,Delivered On-Time
4477,75,4,2025-12-09,3665.11,1,2,0,1,1,53.14,Delivered On-Time
4478,14,5,2024-12-31,6890.14,1,2,0,2,3,106.8,Delivered On-Time
4479,61,3,2026-01-06,4907.19,1,1,0,1,2,105.5,Delivered On-Time
4480,39,7,2026-01-27,19134.4,2,3,0,4,7,200.91,Delivered Late
4481,236,3,2026-01-04,627.87,1,1,0,1,2,13.5,Delivered On-Time
4482,38,6,2026-01-10,40501.54,2,3,0,3,2,384.76,Delivered On-Time
4483,167,3,2025-02-06,1157.76,1,1,0,1,1,24.89,Delivered On-Time
4484,232,5,2024-02-16,4884.89,1,2,0,2,2,75.72,Delivered On-Time
4485,48,6,2025-01-08,113403.63,3,3,0,3,3,1077.33,Delivered On-Time
4486,211,4,2025-02-16,45895.81,2,2,0,1,1,665.49,Delivered On-Time
4487,106,6,2024-03-09,69529.57,3,3,0,3,3,660.53,Delivered On-Time
4488,248,6,2025-01-01,8086.57,1,3,0,3,3,76.82,Delivered On-Time
4489,177,7,2025-09-12,4810.59,1,3,0,4,7,50.51,Delivered Late
4490,138,6,2025-11-02,34809.38,2,3,0,3,4,330.69,Delivered On-Time
4491,55,4,2025-09-18,1585.6,1,2,0,1,1,22.99,Delivered On-Time
4492,141,4,2025-08-11,6192.52,1,2,0,1,2,89.79,Delivered On-Time
4493,43,7,2024-01-26,203701.07,3,3,0,4,4,2138.86,Delivered On-Time
4494,135,1,2026-05-01,7550.98,1,1,0,5,5,147.24,Delivered On-Time
4495,190,6,2024-04-26,433705.15,3,3,0,3,7,4120.2,Damaged
4496,215,3,2024-10-09,2637.54,1,1,0,1,1,56.71,Delivered On-Time
4497,167,6,2025-06-14,80813.79,3,3,0,3,3,767.73,Delivered On-Time
4498,158,7,2026-06-08,34613.63,2,3,0,4,5,363.44,Delivered On-Time
4499,133,3,2025-11-06,1114.68,1,1,0,1,1,23.97,Delivered On-Time
4500,231,6,2024-09-13,48875.5,2,3,0,3,4,464.32,Delivered On-Time
4501,104,5,2025-02-17,2916.41,1,2,0,2,3,45.2,Delivered On-Time
4502,144,3,2024-04-19,34354.38,2,1,1,1,1,738.62,Delivered On-Time
4503,166,1,2024-03-19,363835.97,3,1,1,5,6,7094.8,Delivered On-Time
4504,84,7,2025-05-04,1354.8,1,3,0,4,5,14.23,Delivered Late
4505,14,4,2025-10-23,31073.35,2,2,0,1,1,450.56,Delivered On-Time
4506,218,7,2024-12-22,8409.32,1,3,0,4,4,88.3,Delivered On-Time
4507,253,2,2025-04-21,5268.98,1,1,0,1,1,113.28,Delivered On-Time
4508,83,5,2026-01-29,43416.08,2,2,0,2,3,672.95,Delivered Late
4509,215,1,2025-07-05,19563.36,2,1,1,5,5,381.49,Delivered On-Time
4510,61,5,2025-11-12,445408.74,3,2,1,2,2,6903.84,Delivered On-Time
4511,142,2,2024-11-13,5231.69,1,1,0,1,2,112.48,Delivered On-Time
4512,32,4,2026-02-15,42975.68,2,2,0,1,1,623.15,Delivered On-Time
4513,6,2,2025-07-03,2971.13,1,1,0,1,2,63.88,Delivered On-Time
4514,59,5,2026-01-22,6389.03,1,2,0,2,1,99.03,Delivered On-Time
4515,155,2,2024-04-30,6033.63,1,1,0,1,1,129.72,Delivered On-Time
4516,125,7,2025-11-18,5807.55,1,3,0,4,6,60.98,Delivered Late
4517,185,6,2024-06-03,136069.51,3,3,0,3,4,1292.66,Delivered On-Time
4518,203,6,2025-07-16,62932.35,3,3,0,3,3,597.86,Delivered On-Time
4519,252,7,2025-06-04,3001.82,1,3,0,4,4,31.52,Delivered On-Time
4520,202,6,2024-02-15,4678.79,1,3,0,3,3,44.45,Delivered On-Time
4521,196,6,2024-11-07,145737.68,3,3,0,3,4,1384.51,Delivered On-Time
4522,2,6,2024-01-16,9640.59,1,3,0,3,3,91.59,Delivered On-Time
4523,260,4,2025-12-30,3565.95,1,2,0,1,1,51.71,Delivered On-Time
4524,232,5,2024-06-30,9327.26,1,2,0,2,2,144.57,Delivered On-Time
4525,175,7,2025-10-04,23224.24,2,3,0,4,4,243.85,Delivered On-Time
4526,247,4,2024-03-19,13471.93,2,2,0,1,1,195.34,Delivered On-Time
4527,49,6,2024-09-19,21456.5,2,3,0,3,3,203.84,Delivered On-Time
4528,178,6,2025-01-01,119594.45,3,3,0,3,3,1136.15,Delivered On-Time
4529,103,1,2026-03-14,882.87,1,1,0,5,4,17.22,Delivered On-Time
4530,251,5,2026-01-05,14471.76,2,2,0,2,2,224.31,Delivered On-Time
4531,78,6,2024-12-04,62882.66,3,3,0,3,2,597.39,Delivered On-Time
4532,220,3,2024-12-24,5708.34,1,1,0,1,2,122.73,Delivered On-Time
4533,209,7,2025-04-27,42657.8,2,3,0,4,3,447.91,Delivered On-Time
4534,99,4,2025-05-20,8242.38,1,2,0,1,2,119.51,Delivered On-Time
4535,230,1,2024-02-26,638.48,1,1,0,5,5,12.45,Delivered On-Time
4536,130,6,2024-08-31,2497.22,1,3,0,3,3,23.72,Delivered On-Time
4537,186,6,2024-02-16,7307.79,1,3,0,3,5,69.42,Delivered Late
4538,193,1,2025-10-22,5023.94,1,1,0,5,5,97.97,Delivered On-Time
4539,128,7,2024-01-10,418143.21,3,3,0,4,5,4390.5,Delivered On-Time
4540,241,7,2025-04-27,2725.88,1,3,0,4,4,28.62,Delivered On-Time
4541,139,7,2025-12-09,134784.06,3,3,0,4,4,1415.23,Delivered On-Time
4542,27,7,2024-04-20,124457.82,3,3,0,4,5,1306.81,Delivered On-Time
4543,48,4,2024-10-30,651.78,1,2,0,1,1,9.45,Delivered On-Time
4544,155,1,2024-04-04,656.64,1,1,0,5,4,12.8,Delivered On-Time
4545,92,2,2024-08-15,3836.01,1,1,0,1,1,82.47,Delivered On-Time
4546,186,4,2025-06-25,8461.17,1,2,0,1,1,122.69,Delivered On-Time
4547,117,4,2025-09-13,7906.54,1,2,0,1,1,114.64,Delivered On-Time
4548,34,6,2026-01-13,32136.5,2,3,0,3,2,305.3,Delivered On-Time
4549,92,5,2024-04-21,9303.53,1,2,0,2,2,144.2,Delivered On-Time
4550,260,4,2025-10-08,27956.14,2,2,0,1,2,405.36,Delivered On-Time
4551,37,2,2024-04-23,3886.74,1,1,0,1,1,83.56,Delivered On-Time
4552,121,2,2024-01-27,3006.71,1,1,0,1,1,64.64,Delivered On-Time
4553,68,7,2025-03-19,160373.35,3,3,0,4,4,1683.92,Delivered On-Time
4554,116,7,2024-01-31,69501.03,3,3,0,4,6,729.76,Delivered Late
4555,122,4,2024-04-16,10569.06,2,2,0,1,1,153.25,Delivered On-Time
4556,30,1,2024-02-17,633.39,1,1,0,5,5,12.35,Delivered On-Time
4557,129,7,2024-05-17,322739.31,3,3,0,4,7,3388.76,Delivered Late
4558,113,3,2025-06-27,2281.89,1,1,0,1,1,49.06,Delivered On-Time
4559,36,5,2024-04-25,43787.03,2,2,0,2,2,678.7,Delivered On-Time
4560,206,4,2025-04-05,1922.74,1,2,0,1,1,27.88,Delivered On-Time
4561,231,7,2024-01-25,184882.44,3,3,0,4,4,1941.27,Delivered On-Time
4562,5,6,2024-02-10,2414.61,1,3,0,3,3,22.94,Delivered On-Time
4563,161,4,2026-05-04,8002.6,1,2,0,1,1,116.04,Delivered On-Time
4564,13,7,2025-01-10,84067.41,3,3,0,4,5,882.71,Delivered On-Time
4565,241,7,2024-03-31,34335.84,2,3,0,4,7,360.53,Delivered Late
4566,31,7,2024-12-04,108944.53,3,3,0,4,4,1143.92,Delivered On-Time
4567,143,5,2024-10-25,13100.94,2,2,0,2,2,203.06,Damaged
4568,17,4,2026-02-21,48803.34,2,2,0,1,1,707.65,Delivered On-Time
4569,139,7,2025-11-29,37262.2,2,3,0,4,4,391.25,Delivered On-Time
4570,259,6,2025-08-25,36796.35,2,3,0,3,3,349.57,Delivered On-Time
4571,78,4,2024-12-15,20778.3,2,2,0,1,1,301.29,Delivered On-Time
4572,115,1,2024-10-26,16248.18,2,1,1,5,6,316.84,Delivered On-Time
4573,102,4,2024-08-19,5909.39,1,2,0,1,1,85.69,Delivered On-Time
4574,243,4,2025-11-04,4514.09,1,2,0,1,5,65.45,Delivered Late
4575,129,3,2025-04-26,4930.68,1,1,0,1,2,106.01,Delivered On-Time
4576,83,7,2025-07-03,108956.81,3,3,0,4,6,1144.05,Delivered Late
4577,135,5,2026-03-07,8973.68,1,2,0,2,2,139.09,Delivered On-Time
4578,109,6,2025-02-12,128744.36,3,3,0,3,3,1223.07,Delivered On-Time
4579,226,6,2024-09-27,30617.89,2,3,0,3,3,290.87,Delivered On-Time
4580,10,7,2026-05-22,50515.83,3,3,0,4,5,530.42,Delivered On-Time
4581,89,3,2024-11-01,4469.39,1,1,0,1,1,96.09,Delivered On-Time
4582,95,3,2025-04-27,3548.3,1,1,0,1,2,76.29,Delivered On-Time
4583,140,7,2025-06-22,22043.99,2,3,0,4,3,231.46,Delivered On-Time
4584,237,7,2026-02-08,59672.89,3,3,0,4,4,626.57,Delivered On-Time
4585,25,2,2025-12-15,3639.78,1,1,0,1,1,78.26,Delivered On-Time
4586,188,3,2024-04-09,3548.1,1,1,0,1,1,76.28,Delivered On-Time
4587,176,3,2026-02-15,775.57,1,1,0,1,1,16.67,Delivered On-Time
4588,190,7,2025-01-07,2979.8,1,3,0,4,4,31.29,Delivered On-Time
4589,125,7,2025-03-30,23970.59,2,3,0,4,5,251.69,Delivered On-Time
4590,113,3,2025-08-10,7637.59,1,1,0,1,1,164.21,Delivered On-Time
4591,175,1,2026-01-08,5508.35,1,1,0,5,6,107.41,Delivered On-Time
4592,213,7,2024-12-01,45870.87,2,3,0,4,3,481.64,Delivered On-Time
4593,130,7,2024-11-12,791.29,1,3,0,4,3,8.31,Delivered On-Time
4594,259,3,2024-09-07,9559.72,1,1,0,1,1,205.53,Delivered On-Time
4595,92,6,2026-04-01,8841.69,1,3,0,3,3,84.0,Delivered On-Time
4596,66,6,2025-12-22,2610.98,1,3,0,3,3,24.8,Delivered On-Time
4597,227,1,2026-02-11,1718.52,1,1,0,5,6,33.51,Delivered On-Time
4598,107,2,2024-03-19,8234.2,1,1,0,1,5,177.04,Delivered Late
4599,77,6,2026-04-15,21446.06,2,3,0,3,2,203.74,Delivered On-Time
4600,24,5,2025-06-20,32252.55,2,2,0,2,2,499.91,Delivered On-Time
4601,140,4,2024-06-06,36804.27,2,2,0,1,1,533.66,Delivered On-Time
4602,19,3,2025-01-28,22985.08,2,1,1,1,1,494.18,Delivered On-Time
4603,121,4,2024-06-19,36105.87,2,2,0,1,1,523.54,Delivered On-Time
4604,76,4,2025-09-10,2727.49,1,2,0,1,1,39.55,Delivered On-Time
4605,240,3,2024-09-14,8311.34,1,1,0,1,5,178.69,Delivered Late
4606,45,2,2025-01-04,44723.19,2,1,1,1,1,961.55,Delivered On-Time
4607,53,7,2026-05-21,5194.27,1,3,0,4,6,54.54,Delivered Late
4608,164,7,2024-03-08,37339.87,2,3,0,4,5,392.07,Delivered On-Time
4609,10,7,2025-01-12,5247.59,1,3,0,4,4,55.1,Delivered On-Time
4610,52,7,2024-05-07,24154.87,2,3,0,4,4,253.63,Delivered On-Time
4611,153,7,2024-01-24,83359.91,3,3,0,4,7,875.28,Delivered Late
4612,96,7,2024-06-01,47107.83,2,3,0,4,4,494.63,Delivered On-Time
4613,52,7,2026-05-25,3713.73,1,3,0,4,4,38.99,Delivered On-Time
4614,175,6,2024-01-02,1052.39,1,3,0,3,2,10.0,Delivered On-Time
4615,44,6,2025-11-18,8745.53,1,3,0,3,3,83.08,Delivered On-Time
4616,222,4,2025-12-04,21429.15,2,2,0,1,1,310.72,Delivered On-Time
4617,129,4,2024-04-02,11957.65,2,2,0,1,1,173.39,Delivered On-Time
4618,174,6,2024-02-24,8516.63,1,3,0,3,3,80.91,Delivered On-Time
4619,106,7,2025-11-17,29645.21,2,3,0,4,4,311.27,Delivered On-Time
4620,21,2,2024-06-07,2696.17,1,1,0,1,1,57.97,Delivered On-Time
4621,19,7,2025-12-28,5719.24,1,3,0,4,5,60.05,Delivered On-Time
4622,243,5,2024-07-24,4169.85,1,2,0,2,2,64.63,Delivered On-Time
4623,80,6,2024-06-18,34865.29,2,3,0,3,2,331.22,Delivered On-Time
4624,76,7,2026-01-12,72785.04,3,3,0,4,5,764.24,Delivered On-Time
4625,213,6,2024-03-15,25461.26,2,3,0,3,5,241.88,Lost
4626,140,7,2024-03-13,429364.42,3,3,0,4,3,4508.33,Delivered On-Time
4627,188,5,2024-03-30,5749.17,1,2,0,2,3,89.11,Delivered On-Time
4628,105,1,2026-02-12,3212.13,1,1,0,5,4,62.64,Delivered On-Time
4629,26,6,2026-05-22,45641.57,2,3,0,3,2,433.59,Delivered On-Time
4630,139,6,2025-02-15,237284.75,3,3,0,3,3,2254.21,Delivered On-Time
4631,99,6,2026-01-03,5927.74,1,3,0,3,4,56.31,Delivered On-Time
4632,29,7,2025-11-20,19398.8,2,3,0,4,4,203.69,Delivered On-Time
4633,26,6,2024-11-09,100877.23,3,3,0,3,3,958.33,Delivered On-Time
4634,38,1,2025-12-15,8948.11,1,1,0,5,4,174.49,Delivered On-Time
4635,120,6,2025-11-14,17352.61,2,3,0,3,3,164.85,Delivered On-Time
4636,120,3,2025-09-06,9555.04,1,1,0,1,1,205.43,Delivered On-Time
4637,46,5,2026-04-03,48499.44,2,2,0,2,1,751.74,Delivered On-Time
4638,67,4,2026-02-04,1497.39,1,2,0,1,1,21.71,Delivered On-Time
4639,203,4,2025-11-28,12555.55,2,2,0,1,1,182.06,Delivered On-Time
4640,43,7,2024-10-17,46623.24,2,3,0,4,4,489.54,Delivered On-Time
4641,164,6,2024-11-27,26259.84,2,3,0,3,4,249.47,Delivered On-Time
4642,89,1,2024-03-04,4374.34,1,1,0,5,9,85.3,Delivered Late
4643,29,2,2024-05-10,4620.84,1,1,0,1,1,99.35,Delivered On-Time
4644,94,4,2026-01-14,14698.42,2,2,0,1,1,213.13,Delivered On-Time
4645,220,2,2026-03-09,531.87,1,1,0,1,2,11.44,Delivered On-Time
4646,90,7,2026-01-17,24419.15,2,3,0,4,8,256.4,Delivered Late
4647,7,6,2026-03-17,112259.9,3,3,0,3,2,1066.47,Delivered On-Time
4648,91,7,2026-05-26,10333.18,2,3,0,4,3,108.5,Delivered On-Time
4649,154,2,2025-11-26,3423.1,1,1,0,1,1,73.6,Delivered On-Time
4650,129,6,2024-10-27,3729.77,1,3,0,3,3,35.43,Delivered On-Time
4651,169,5,2024-01-15,16276.85,2,2,0,2,5,252.29,Delivered Late
4652,159,6,2026-06-30,128775.68,3,3,0,3,3,1223.37,Delivered On-Time
4653,91,4,2025-01-24,2143.15,1,2,0,1,1,31.08,Delivered On-Time
4654,87,5,2026-01-08,13053.85,2,2,0,2,3,202.33,Delivered On-Time
4655,120,3,2025-02-27,33187.2,2,1,1,1,2,713.52,Delivered On-Time
4656,246,7,2025-03-06,30225.34,2,3,0,4,4,317.37,Delivered On-Time
4657,89,6,2024-02-19,7042.21,1,3,0,3,3,66.9,Delivered On-Time
4658,162,1,2024-04-21,7189.16,1,1,0,5,5,140.19,Delivered On-Time
4659,104,3,2026-05-12,3710.6,1,1,0,1,1,79.78,Delivered On-Time
4660,232,6,2025-03-29,284654.86,3,3,0,3,3,2704.22,Delivered On-Time
4661,182,5,2025-01-10,4250.62,1,2,0,2,6,65.88,Damaged
4662,218,7,2025-12-30,5363.23,1,3,0,4,3,56.31,Delivered On-Time
4663,43,2,2025-11-07,7770.69,1,1,0,1,5,167.07,Delivered Late
4664,170,1,2024-04-21,6413.93,1,1,0,5,5,125.07,Delivered On-Time
4665,168,7,2026-04-28,391408.52,3,3,0,4,4,4109.79,Delivered On-Time
4666,83,5,2025-08-20,5177.9,1,2,0,2,2,80.26,Delivered On-Time
4667,129,7,2024-12-28,73431.66,3,3,0,4,5,771.03,Delivered On-Time
4668,144,6,2024-04-27,9069.93,1,3,0,3,3,86.16,Delivered On-Time
4669,222,7,2025-12-04,8624.57,1,3,0,4,4,90.56,Delivered On-Time
4670,59,6,2025-02-03,86145.38,3,3,0,3,2,818.38,Delivered On-Time
4671,45,6,2026-01-23,10134.72,2,3,0,3,4,96.28,Delivered On-Time
4672,193,1,2025-03-23,2034.31,1,1,0,5,5,39.67,Delivered On-Time
4673,225,6,2024-07-05,35446.86,2,3,0,3,3,336.75,Delivered On-Time
4674,35,7,2024-03-30,12359.77,2,3,0,4,3,129.78,Delivered On-Time
4675,182,2,2024-05-02,32684.67,2,1,1,1,2,702.72,Delivered On-Time
4676,25,7,2026-02-23,46295.82,2,3,0,4,4,486.11,Delivered On-Time
4677,9,4,2024-04-14,5267.19,1,2,0,1,1,76.37,Delivered On-Time
4678,205,6,2025-02-28,11822.16,2,3,0,3,3,112.31,Delivered On-Time
4679,220,7,2025-07-06,18075.97,2,3,0,4,4,189.8,Delivered On-Time
4680,218,2,2025-04-09,7193.52,1,1,0,1,5,154.66,Delivered Late
4681,233,7,2025-02-12,14614.23,2,3,0,4,4,153.45,Delivered On-Time
4682,210,5,2025-06-29,408790.86,3,2,1,2,1,6336.26,Delivered On-Time
4683,159,5,2024-03-21,40806.75,2,2,0,2,2,632.5,Delivered On-Time
4684,63,1,2025-12-28,14780.11,2,1,1,5,4,288.21,Delivered On-Time
4685,197,4,2024-02-24,2404.55,1,2,0,1,1,34.87,Delivered On-Time
4686,227,7,2024-09-24,5928.12,1,3,0,4,4,62.25,Delivered On-Time
4687,115,6,2024-09-22,371550.37,3,3,0,3,3,3529.73,Delivered On-Time
4688,207,3,2025-02-28,7859.3,1,1,0,1,4,168.97,Delivered Late
4689,10,7,2024-08-24,119658.31,3,3,0,4,4,1256.41,Delivered On-Time
4690,41,3,2024-03-01,2465.04,1,1,0,1,1,53.0,Delivered On-Time
4691,3,4,2025-10-28,9776.45,1,2,0,1,1,141.76,Delivered On-Time
4692,58,4,2024-02-26,47896.62,2,2,0,1,5,694.5,Delivered Late
4693,211,1,2025-04-07,9684.14,1,1,0,5,5,188.84,Delivered On-Time
4694,97,3,2024-12-09,7791.71,1,1,0,1,2,167.52,Delivered On-Time
4695,44,5,2026-02-23,37787.5,2,2,0,2,2,585.71,Delivered On-Time
4696,108,6,2026-05-25,38952.07,2,3,0,3,2,370.04,Delivered On-Time
4697,113,5,2025-12-27,6132.39,1,2,0,2,3,95.05,Lost
4698,103,2,2024-11-06,5729.42,1,1,0,1,1,123.18,Delivered On-Time
4699,36,7,2025-04-26,13513.76,2,3,0,4,5,141.89,Delivered On-Time
4700,209,4,2026-05-07,45409.11,2,2,0,1,1,658.43,Delivered On-Time
4701,3,5,2026-02-03,11527.67,2,2,0,2,2,178.68,Delivered On-Time
4702,118,7,2025-09-17,8732.71,1,3,0,4,5,91.69,Delivered On-Time
4703,116,2,2024-04-22,9920.47,1,1,0,1,2,213.29,Damaged
4704,88,3,2025-04-24,4718.83,1,1,0,1,1,101.45,Delivered On-Time
4705,225,6,2025-01-12,38787.94,2,3,0,3,2,368.49,Delivered On-Time
4706,59,3,2024-07-02,115416.14,3,1,1,1,1,2481.45,Delivered On-Time
4707,241,4,2026-02-18,7021.65,1,2,0,1,1,101.81,Delivered On-Time
4708,242,6,2026-04-12,26590.52,2,3,0,3,3,252.61,Delivered On-Time
4709,97,7,2024-05-11,45153.11,2,3,0,4,4,474.11,Delivered On-Time
4710,108,6,2025-03-30,9492.21,1,3,0,3,4,90.18,Delivered On-Time
4711,91,5,2025-10-10,40000.57,2,2,0,2,2,620.01,Delivered On-Time
4712,76,5,2025-02-02,9168.9,1,2,0,2,1,142.12,Delivered On-Time
4713,72,4,2026-03-10,16973.2,2,2,0,1,1,246.11,Delivered On-Time
4714,212,7,2026-01-23,5363.29,1,3,0,4,4,56.31,Delivered On-Time
4715,12,4,2024-05-20,927.99,1,2,0,1,1,13.46,Delivered On-Time
4716,183,7,2026-01-06,39247.31,2,3,0,4,8,412.1,Delivered Late
4717,76,6,2026-02-27,130399.91,3,3,0,3,3,1238.8,Delivered On-Time
4718,116,6,2025-11-24,137213.0,3,3,0,3,4,1303.52,Delivered On-Time
4719,127,4,2024-11-29,48396.87,2,2,0,1,1,701.75,Delivered On-Time
4720,63,4,2026-01-19,7026.43,1,2,0,1,5,101.88,Delivered Late
4721,156,4,2025-11-30,9754.45,1,2,0,1,5,141.44,Delivered Late
4722,178,7,2024-03-04,1264.97,1,3,0,4,4,13.28,Delivered On-Time
4723,254,2,2024-05-19,21838.87,2,1,1,1,1,469.54,Delivered On-Time
4724,100,7,2024-05-11,487486.91,3,3,0,4,4,5118.61,Delivered On-Time
4725,3,6,2025-02-11,12092.61,2,3,0,3,3,114.88,Delivered On-Time
4726,71,4,2026-05-08,8553.62,1,2,0,1,1,124.03,Delivered On-Time
4727,77,5,2024-06-23,2857.61,1,2,0,2,3,44.29,Delivered On-Time
4728,18,5,2025-12-02,5977.79,1,2,0,2,3,92.66,Delivered On-Time
4729,259,1,2024-03-29,7890.18,1,1,0,5,6,153.86,Delivered On-Time
4730,218,7,2026-04-06,4828.82,1,3,0,4,4,50.7,Delivered On-Time
4731,124,7,2024-05-10,9121.27,1,3,0,4,4,95.77,Delivered On-Time
4732,222,3,2025-01-28,31199.46,2,1,1,1,2,670.79,Delivered On-Time
4733,246,4,2025-06-13,5282.86,1,2,0,1,2,76.6,Delivered On-Time
4734,155,2,2024-12-22,8371.62,1,1,0,1,3,179.99,Delivered Late
4735,123,5,2024-04-30,5347.51,1,2,0,2,3,82.89,Delivered Late
4736,59,4,2026-03-12,40818.38,2,2,0,1,1,591.87,Delivered On-Time
4737,131,7,2025-08-08,118181.58,3,3,0,4,8,1240.91,Delivered Late
4738,20,6,2025-12-31,22428.64,2,3,0,3,4,213.07,Delivered On-Time
4739,161,7,2025-03-23,8492.78,1,3,0,4,4,89.17,Delivered On-Time
4740,34,7,2024-11-07,636.59,1,3,0,4,7,6.68,Delivered Late
4741,44,7,2025-02-22,50816.34,3,3,0,4,4,533.57,Delivered On-Time
4742,4,4,2026-01-30,49219.35,2,2,0,1,1,713.68,Delivered On-Time
4743,187,3,2024-02-04,22075.31,2,1,1,1,2,474.62,Delivered Late
4744,114,7,2024-02-04,298108.42,3,3,0,4,4,3130.14,Delivered On-Time
4745,118,3,2025-11-22,2124.68,1,1,0,1,1,45.68,Delivered On-Time
4746,152,4,2026-05-20,7308.54,1,2,0,1,1,105.97,Delivered On-Time
4747,216,5,2026-04-20,2418.22,1,2,0,2,2,37.48,Delivered On-Time
4748,154,4,2024-04-14,7195.3,1,2,0,1,1,104.33,Delivered On-Time
4749,210,1,2025-03-09,615.29,1,1,0,5,6,12.0,Delivered On-Time
4750,1,1,2024-08-26,7171.47,1,1,0,5,4,139.84,Delivered On-Time
4751,241,5,2024-11-04,1468.45,1,2,0,2,2,22.76,Delivered On-Time
4752,221,1,2025-01-31,7297.14,1,1,0,5,6,142.29,Damaged
4753,75,6,2024-11-22,24012.1,2,3,0,3,2,228.11,Delivered On-Time
4754,211,4,2024-02-08,40111.09,2,2,0,1,1,581.61,Delivered On-Time
4755,246,4,2025-03-18,7253.1,1,2,0,1,1,105.17,Delivered On-Time
4756,158,7,2026-01-04,118162.05,3,3,0,4,3,1240.7,Delivered On-Time
4757,142,1,2025-01-22,11922.46,2,1,1,5,4,232.49,Delivered On-Time
4758,167,6,2026-02-24,4011.4,1,3,0,3,3,38.11,Delivered On-Time
4759,121,4,2024-02-28,3685.18,1,2,0,1,1,53.44,Delivered On-Time
4760,104,2,2026-04-18,6601.86,1,1,0,1,2,141.94,Delivered On-Time
4761,190,4,2025-12-24,13303.71,2,2,0,1,1,192.9,Delivered On-Time
4762,75,7,2025-04-23,116982.19,3,3,0,4,4,1228.31,Delivered On-Time
4763,102,7,2026-03-01,124346.49,3,3,0,4,4,1305.64,Delivered On-Time
4764,212,2,2025-06-02,9321.99,1,1,0,1,1,200.42,Delivered On-Time
4765,26,2,2024-09-20,5954.15,1,1,0,1,1,128.01,Delivered On-Time
4766,149,1,2024-11-07,4875.78,1,1,0,5,4,95.08,Delivered On-Time
4767,254,6,2025-09-02,6320.63,1,3,0,3,3,60.05,Delivered On-Time
4768,86,4,2025-04-01,22149.0,2,2,0,1,1,321.16,Delivered On-Time
4769,242,4,2024-02-24,4660.26,1,2,0,1,1,67.57,Lost
4770,27,3,2025-12-28,4863.76,1,1,0,1,1,104.57,Delivered On-Time
4771,71,6,2024-01-10,87418.65,3,3,0,3,3,830.48,Delivered On-Time
4772,182,4,2024-08-17,7988.77,1,2,0,1,1,115.84,Delivered On-Time
4773,39,6,2026-01-15,5626.93,1,3,0,3,2,53.46,Delivered On-Time
4774,198,1,2025-03-06,85188.33,3,1,1,5,5,1661.17,Delivered On-Time
4775,230,5,2025-01-12,1426.07,1,2,0,2,2,22.1,Delivered On-Time
4776,250,5,2025-05-10,9171.49,1,2,0,2,1,142.16,Delivered On-Time
4777,140,7,2025-03-28,116760.09,3,3,0,4,4,1225.98,Delivered On-Time
4778,174,3,2025-01-06,4762.54,1,1,0,1,1,102.39,Delivered On-Time
4779,248,2,2024-03-08,5482.25,1,1,0,1,1,117.87,Delivered On-Time
4780,215,2,2024-03-16,11550.94,2,1,1,1,1,248.35,Damaged
4781,10,6,2024-01-28,145632.42,3,3,0,3,3,1383.51,Delivered On-Time
4782,18,1,2024-06-10,3420.24,1,1,0,5,6,66.69,Delivered On-Time
4783,60,2,2024-09-18,2605.43,1,1,0,1,1,56.02,Delivered On-Time
4784,181,7,2025-10-03,127629.7,3,3,0,4,5,1340.11,Delivered On-Time
4785,28,5,2026-01-31,5264.68,1,2,0,2,2,81.6,Delivered On-Time
4786,14,7,2025-03-30,2461.56,1,3,0,4,4,25.85,Delivered On-Time
4787,20,6,2025-11-22,129122.65,3,3,0,3,3,1226.67,Delivered On-Time
4788,160,5,2024-05-06,9342.36,1,2,0,2,2,144.81,Delivered On-Time
4789,63,6,2026-06-04,18558.1,2,3,0,3,4,176.3,Delivered On-Time
4790,57,6,2026-02-20,115671.13,3,3,0,3,7,1098.88,Delivered Late
4791,7,2,2025-08-07,2668.23,1,1,0,1,1,57.37,Delivered On-Time
4792,136,7,2024-02-24,2772.47,1,3,0,4,4,29.11,Delivered On-Time
4793,46,4,2026-02-17,9232.53,1,2,0,1,1,133.87,Delivered On-Time
4794,205,5,2025-08-01,47936.7,2,2,0,2,1,743.02,Delivered On-Time
4795,65,7,2026-03-24,122607.26,3,3,0,4,4,1287.38,Delivered On-Time
4796,103,1,2025-02-28,1482.91,1,1,0,5,4,28.92,Delivered On-Time
4797,204,7,2026-02-10,21149.31,2,3,0,4,4,222.07,Delivered On-Time
4798,69,7,2024-09-09,88221.98,3,3,0,4,5,926.33,Delivered On-Time
4799,113,4,2024-06-14,1679.92,1,2,0,1,1,24.36,Delivered On-Time
4800,33,6,2026-02-28,5706.06,1,3,0,3,3,54.21,Delivered On-Time
4801,143,7,2025-11-27,5683.13,1,3,0,4,4,59.67,Delivered On-Time
4802,174,5,2024-11-05,9898.69,1,2,0,2,1,153.43,Delivered On-Time
4803,195,7,2024-01-25,98794.85,3,3,0,4,4,1037.35,Delivered On-Time
4804,22,5,2026-05-19,28847.9,2,2,0,2,2,447.14,Delivered On-Time
4805,23,3,2025-11-09,7607.51,1,1,0,1,2,163.56,Delivered On-Time
4806,16,7,2026-03-30,20459.93,2,3,0,4,4,214.83,Delivered On-Time
4807,191,4,2025-01-09,13257.43,2,2,0,1,1,192.23,Delivered On-Time
4808,174,3,2024-09-11,13865.31,2,1,1,1,1,298.1,Delivered On-Time
4809,214,4,2025-10-01,8007.93,1,2,0,1,1,116.11,Delivered On-Time
4810,1,5,2025-03-17,30447.92,2,2,0,2,1,471.94,Delivered On-Time
4811,92,6,2024-10-24,67032.64,3,3,0,3,3,636.81,Delivered On-Time
4812,133,7,2024-04-07,53279.04,3,3,0,4,5,559.43,Delivered On-Time
4813,141,4,2026-06-14,24908.68,2,2,0,1,1,361.18,Delivered On-Time
4814,56,7,2026-01-02,113070.63,3,3,0,4,4,1187.24,Delivered On-Time
4815,13,2,2026-06-03,8649.39,1,1,0,1,1,185.96,Delivered On-Time
4816,86,2,2024-01-01,6919.45,1,1,0,1,5,148.77,Delivered Late
4817,126,3,2025-07-18,1495.66,1,1,0,1,1,32.16,Delivered On-Time
4818,110,7,2024-04-09,3686.0,1,3,0,4,5,38.7,Delivered On-Time
4819,217,1,2025-05-19,5935.81,1,1,0,5,5,115.75,Delivered On-Time
4820,59,4,2025-04-24,21355.12,2,2,0,1,2,309.65,Delivered On-Time
4821,61,3,2025-01-31,2447.03,1,1,0,1,4,52.61,Delivered Late
4822,158,6,2025-06-15,145064.94,3,3,0,3,3,1378.12,Delivered On-Time
4823,235,4,2024-04-26,29932.5,2,2,0,1,1,434.02,Delivered On-Time
4824,201,1,2024-11-10,5984.77,1,1,0,5,5,116.7,Delivered On-Time
4825,109,5,2024-08-15,17511.73,2,2,0,2,1,271.43,Delivered On-Time
4826,218,4,2025-09-05,35776.73,2,2,0,1,1,518.76,Delivered On-Time
4827,102,2,2024-01-19,2939.03,1,1,0,1,2,63.19,Delivered On-Time
4828,36,4,2026-03-27,2524.62,1,2,0,1,1,36.61,Delivered On-Time
4829,246,1,2025-07-07,4774.35,1,1,0,5,5,93.1,Delivered On-Time
4830,114,7,2025-06-18,139881.94,3,3,0,4,3,1468.76,Delivered On-Time
4831,81,7,2025-09-29,106391.22,3,3,0,4,4,1117.11,Delivered On-Time
4832,51,7,2024-01-20,46913.4,2,3,0,4,4,492.59,Delivered On-Time
4833,242,2,2024-10-12,2767.37,1,1,0,1,1,59.5,Delivered On-Time
4834,187,7,2024-05-31,5273.07,1,3,0,4,3,55.37,Delivered On-Time
4835,75,5,2025-10-14,47224.37,2,2,0,2,2,731.98,Delivered On-Time
4836,195,6,2024-02-08,105106.92,3,3,0,3,4,998.52,Delivered On-Time
4837,199,5,2024-05-28,8315.79,1,2,0,2,3,128.89,Delivered On-Time
4838,171,3,2024-04-20,134020.01,3,1,1,1,1,2881.43,Delivered On-Time
4839,35,4,2026-05-13,38292.09,2,2,0,1,1,555.24,Lost
4840,149,5,2025-12-24,4314.62,1,2,0,2,2,66.88,Delivered On-Time
4841,69,2,2025-04-19,20662.33,2,1,1,1,3,444.24,Delivered Late
4842,44,1,2025-07-13,16474.21,2,1,1,5,5,321.25,Delivered On-Time
4843,108,6,2025-09-14,5749.13,1,3,0,3,3,54.62,Delivered On-Time
4844,172,4,2025-07-29,5381.96,1,2,0,1,2,78.04,Delivered On-Time
4845,220,7,2024-01-23,9602.45,1,3,0,4,4,100.83,Delivered On-Time
4846,142,1,2026-03-06,8952.25,1,1,0,5,6,174.57,Delivered On-Time
4847,118,7,2025-03-30,20662.1,2,3,0,4,5,216.95,Delivered On-Time
4848,213,1,2025-12-22,4390.23,1,1,0,5,6,85.61,Delivered On-Time
4849,258,2,2024-09-25,3519.35,1,1,0,1,2,75.67,Delivered On-Time
4850,70,6,2024-02-09,7360.84,1,3,0,3,3,69.93,Delivered On-Time
4851,79,6,2025-09-24,49346.42,2,3,0,3,3,468.79,Delivered On-Time
4852,105,6,2024-12-15,2296.97,1,3,0,3,4,21.82,Delivered Late
4853,86,6,2024-09-20,45620.95,2,3,0,3,4,433.4,Delivered On-Time
4854,15,7,2025-11-17,145071.29,3,3,0,4,3,1523.25,Delivered On-Time
4855,228,7,2024-12-07,111568.25,3,3,0,4,4,1171.47,Delivered On-Time
4856,125,4,2026-01-14,7532.86,1,2,0,1,1,109.23,Delivered On-Time
4857,158,4,2024-02-18,29163.48,2,2,0,1,2,422.87,Delivered On-Time
4858,122,2,2024-01-27,6868.71,1,1,0,1,1,147.68,Delivered On-Time
4859,121,1,2026-01-03,604.63,1,1,0,5,5,11.79,Delivered On-Time
4860,133,5,2025-10-04,49100.16,2,2,0,2,3,761.05,Delivered On-Time
4861,159,4,2026-05-05,6019.81,1,2,0,1,1,87.29,Delivered On-Time
4862,159,3,2025-02-28,1708.81,1,1,0,1,1,36.74,Delivered On-Time
4863,172,1,2026-01-10,56804.94,3,1,1,5,4,1107.7,Damaged
4864,63,4,2026-02-22,40424.22,2,2,0,1,1,586.15,Delivered On-Time
4865,227,7,2025-04-17,141018.32,3,3,0,4,5,1480.69,Delivered Late
4866,223,2,2024-11-14,6053.37,1,1,0,1,1,130.15,Delivered On-Time
4867,129,2,2024-12-30,6496.86,1,1,0,1,1,139.68,Delivered On-Time
4868,202,6,2024-12-15,1059.95,1,3,0,3,3,10.07,Delivered On-Time
4869,92,6,2026-03-09,94712.21,3,3,0,3,2,899.77,Delivered On-Time
4870,181,2,2024-03-10,3648.83,1,1,0,1,1,78.45,Delivered On-Time
4871,6,4,2024-12-12,10891.73,2,2,0,1,1,157.93,Delivered On-Time
4872,69,3,2024-08-10,4470.7,1,1,0,1,1,96.12,Delivered On-Time
4873,95,2,2025-07-05,5461.49,1,1,0,1,1,117.42,Delivered On-Time
4874,61,3,2026-04-29,3601.84,1,1,0,1,1,77.44,Delivered On-Time
4875,171,4,2024-04-06,2077.33,1,2,0,1,1,30.12,Delivered On-Time
4876,26,4,2024-08-07,4116.51,1,2,0,1,2,59.69,Delivered Late
4877,43,3,2026-06-15,7420.08,1,1,0,1,1,159.53,Delivered On-Time
4878,233,1,2025-03-15,2855.92,1,1,0,5,6,55.69,Delivered On-Time
4879,142,2,2024-11-24,40189.42,2,1,1,1,5,864.07,Delivered Late
4880,133,5,2025-01-14,6833.65,1,2,0,2,2,105.92,Delivered On-Time
4881,90,7,2024-08-20,44366.83,2,3,0,4,4,465.85,Delivered On-Time
4882,236,3,2024-04-20,38366.76,2,1,1,1,1,824.89,Delivered On-Time
4883,66,1,2025-02-28,7818.85,1,1,0,5,5,152.47,Delivered On-Time
4884,3,6,2025-09-01,45226.67,2,3,0,3,4,429.65,Delivered On-Time
4885,86,4,2024-05-11,1173.71,1,2,0,1,1,17.02,Delivered On-Time
4886,244,5,2024-09-03,13694.68,2,2,0,2,2,212.27,Delivered On-Time
4887,117,6,2025-04-15,64893.59,3,3,0,3,4,616.49,Delivered On-Time
4888,248,7,2026-02-08,2626.54,1,3,0,4,4,27.58,Delivered On-Time
4889,194,6,2024-04-04,3578.19,1,3,0,3,3,33.99,Delivered On-Time
4890,2,4,2024-01-16,1396.9,1,2,0,1,1,20.26,Delivered On-Time
4891,149,7,2024-07-14,47492.44,2,3,0,4,3,498.67,Delivered On-Time
4892,28,7,2024-09-19,9845.23,1,3,0,4,5,103.37,Delivered On-Time
4893,213,4,2024-05-05,44393.58,2,2,0,1,1,643.71,Delivered On-Time
4894,218,5,2024-05-27,6037.51,1,2,0,2,3,93.58,Delivered On-Time
4895,93,7,2024-02-08,9449.17,1,3,0,4,6,99.22,Delivered Late
4896,19,7,2026-04-11,30245.54,2,3,0,4,5,317.58,Delivered On-Time
4897,10,7,2025-06-15,1142.16,1,3,0,4,5,11.99,Delivered On-Time
4898,103,5,2026-01-24,2624.01,1,2,0,2,3,40.67,Delivered On-Time
4899,24,5,2024-06-24,23623.47,2,2,0,2,2,366.16,Delivered On-Time
4900,51,1,2024-05-31,8381.33,1,1,0,5,5,163.44,Delivered On-Time
4901,62,1,2026-01-09,2473.93,1,1,0,5,6,48.24,Delivered On-Time
4902,152,7,2025-02-13,8247.65,1,3,0,4,4,86.6,Delivered On-Time
4903,95,5,2026-05-11,2889.4,1,2,0,2,3,44.79,Delivered On-Time
4904,57,7,2024-08-15,70790.93,3,3,0,4,5,743.3,Delivered On-Time
4905,157,5,2024-09-23,5943.97,1,2,0,2,2,92.13,Delivered On-Time
4906,107,4,2026-04-14,46254.98,2,2,0,1,5,670.7,Delivered Late
4907,66,6,2025-06-24,294562.17,3,3,0,3,3,2798.34,Delivered On-Time
4908,105,7,2026-05-10,48920.17,2,3,0,4,4,513.66,Delivered On-Time
4909,93,7,2024-05-01,140186.91,3,3,0,4,4,1471.96,Delivered On-Time
4910,196,7,2026-06-09,5533.09,1,3,0,4,4,58.1,Delivered On-Time
4911,242,1,2025-04-19,9012.87,1,1,0,5,6,175.75,Delivered On-Time
4912,193,7,2024-10-13,7507.79,1,3,0,4,4,78.83,Delivered On-Time
4913,174,7,2025-05-31,20207.53,2,3,0,4,4,212.18,Delivered On-Time
4914,55,2,2026-05-19,8700.36,1,1,0,1,1,187.06,Delivered On-Time
4915,159,7,2024-07-31,6744.7,1,3,0,4,4,70.82,Delivered On-Time
4916,205,6,2025-07-06,13666.91,2,3,0,3,6,129.84,Delivered Late
4917,238,4,2025-04-13,15737.86,2,2,0,1,1,228.2,Delivered On-Time
4918,19,4,2026-05-29,30305.82,2,2,0,1,2,439.43,Delivered Late
4919,166,6,2024-08-20,7937.93,1,3,0,3,4,75.41,Delivered On-Time
4920,158,5,2025-02-20,2092.91,1,2,0,2,2,32.44,Delivered On-Time
4921,147,5,2024-08-25,3795.56,1,2,0,2,2,58.83,Delivered On-Time
4922,18,7,2024-01-10,45452.65,2,3,0,4,5,477.25,Delivered On-Time
4923,238,6,2024-01-24,14583.52,2,3,0,3,7,138.54,Delivered Late
4924,180,5,2025-04-05,28441.78,2,2,0,2,3,440.85,Delivered Late
4925,4,6,2024-05-11,26768.39,2,3,0,3,3,254.3,Delivered On-Time
4926,174,3,2024-04-13,27984.85,2,1,1,1,1,601.67,Delivered On-Time
4927,36,7,2025-08-26,44875.41,2,3,0,4,3,471.19,Lost
4928,95,5,2026-04-05,4995.41,1,2,0,2,2,77.43,Delivered On-Time
4929,34,4,2025-07-14,5526.99,1,2,0,1,1,80.14,Delivered On-Time
4930,194,7,2025-04-14,12772.81,2,3,0,4,4,134.11,Delivered On-Time
4931,221,6,2024-10-07,32627.73,2,3,0,3,3,309.96,Delivered On-Time
4932,192,7,2026-06-18,12029.69,2,3,0,4,4,126.31,Delivered On-Time
4933,136,6,2025-01-10,3927.5,1,3,0,3,2,37.31,Delivered On-Time
4934,33,6,2025-10-05,5513.35,1,3,0,3,3,52.38,Delivered On-Time
4935,134,7,2025-09-11,5828.49,1,3,0,4,4,61.2,Delivered On-Time
4936,50,7,2026-05-22,93506.75,3,3,0,4,5,981.82,Delivered On-Time
4937,244,2,2025-11-01,8621.5,1,1,0,1,1,185.36,Delivered On-Time
4938,116,5,2024-10-07,18696.13,2,2,0,2,2,289.79,Delivered On-Time
4939,164,6,2024-04-14,75367.77,3,3,0,3,3,715.99,Delivered On-Time
4940,130,7,2025-11-06,46585.5,2,3,0,4,4,489.15,Delivered On-Time
4941,9,3,2024-09-18,43136.68,2,1,1,1,1,927.44,Delivered On-Time
4942,236,7,2025-01-26,5228.61,1,3,0,4,3,54.9,Delivered On-Time
4943,51,7,2024-01-29,47371.64,2,3,0,4,5,497.4,Delivered On-Time
4944,250,5,2026-01-14,25267.77,2,2,0,2,4,391.65,Delivered Late
4945,225,1,2024-05-30,6420.93,1,1,0,5,4,125.21,Delivered On-Time
4946,217,5,2026-01-16,5054.25,1,2,0,2,2,78.34,Delivered On-Time
4947,58,2,2025-04-27,27268.66,2,1,1,1,1,586.28,Delivered On-Time
4948,127,5,2025-02-13,32904.08,2,2,0,2,1,510.01,Delivered On-Time
4949,144,1,2026-01-20,9390.36,1,1,0,5,5,183.11,Delivered On-Time
4950,148,7,2025-09-11,7212.31,1,3,0,4,4,75.73,Delivered On-Time
4951,182,1,2026-03-19,1000.81,1,1,0,5,4,19.52,Lost
4952,17,5,2025-11-19,4392.53,1,2,0,2,6,68.08,Delivered Late
4953,168,2,2024-11-18,1209.13,1,1,0,1,1,26.0,Delivered On-Time
4954,74,7,2024-03-13,105367.49,3,3,0,4,3,1106.36,Delivered On-Time
4955,247,1,2025-10-10,6629.55,1,1,0,5,5,129.28,Delivered On-Time
4956,130,7,2026-04-08,14275.63,2,3,0,4,3,149.89,Delivered On-Time
4957,134,7,2025-01-21,304744.97,3,3,0,4,4,3199.82,Delivered On-Time
4958,105,4,2025-05-09,55504.26,3,2,1,1,2,804.81,Delivered On-Time
4959,63,2,2026-06-12,7041.82,1,1,0,1,1,151.4,Delivered On-Time
4960,62,3,2024-05-02,5166.24,1,1,0,1,2,111.07,Delivered Late
4961,43,7,2024-01-04,6666.72,1,3,0,4,7,70.0,Delivered Late
4962,183,6,2024-11-08,278653.42,3,3,0,3,2,2647.21,Delivered On-Time
4963,180,5,2024-04-12,6041.11,1,2,0,2,1,93.64,Delivered On-Time
4964,58,6,2026-05-22,342369.97,3,3,0,3,4,3252.51,Delivered On-Time
4965,52,3,2025-04-01,8371.27,1,1,0,1,1,179.98,Delivered On-Time
4966,227,4,2024-01-22,23223.52,2,2,0,1,3,336.74,Delivered Late
4967,126,3,2025-12-15,6945.04,1,1,0,1,1,149.32,Delivered On-Time
4968,152,1,2024-01-12,9291.57,1,1,0,5,5,181.19,Delivered On-Time
4969,129,2,2024-05-11,7454.88,1,1,0,1,1,160.28,Delivered On-Time
4970,229,5,2025-02-14,46655.33,2,2,0,2,1,723.16,Delivered On-Time
4971,143,7,2024-01-06,4717.41,1,3,0,4,4,49.53,Delivered On-Time
4972,80,6,2025-03-19,9544.46,1,3,0,3,4,90.67,Delivered On-Time
4973,20,4,2024-09-25,3877.26,1,2,0,1,2,56.22,Delivered On-Time
4974,256,6,2026-01-14,7491.47,1,3,0,3,3,71.17,Delivered On-Time
4975,203,2,2024-05-18,2807.17,1,1,0,1,2,60.35,Delivered On-Time
4976,214,1,2024-11-26,30546.43,2,1,1,5,8,595.66,Delivered Late
4977,90,6,2024-01-25,24693.39,2,3,0,3,3,234.59,Delivered On-Time
4978,34,1,2024-12-05,5667.83,1,1,0,5,6,110.52,Delivered On-Time
4979,76,4,2026-01-16,13900.77,2,2,0,1,1,201.56,Delivered On-Time
4980,183,4,2025-12-02,9338.63,1,2,0,1,2,135.41,Delivered On-Time
4981,191,4,2025-11-01,42935.76,2,2,0,1,1,622.57,Delivered On-Time
4982,63,3,2025-01-13,6228.37,1,1,0,1,4,133.91,Delivered Late
4983,123,6,2025-11-02,32789.15,2,3,0,3,2,311.5,Delivered On-Time
4984,120,6,2024-01-01,25724.59,2,3,0,3,3,244.38,Delivered On-Time
4985,82,7,2025-08-05,21501.91,2,3,0,4,4,225.77,Delivered On-Time
4986,258,1,2024-03-08,2547.35,1,1,0,5,5,49.67,Delivered On-Time
4987,172,2,2025-04-26,49179.64,2,1,1,1,1,1057.36,Delivered On-Time
4988,218,6,2025-06-07,107119.53,3,3,0,3,3,1017.64,Delivered On-Time
4989,39,1,2024-07-02,3502.91,1,1,0,5,5,68.31,Delivered On-Time
4990,100,5,2026-03-09,4766.5,1,2,0,2,1,73.88,Delivered On-Time
4991,98,5,2024-12-05,45898.23,2,2,0,2,2,711.42,Delivered On-Time
4992,34,4,2026-01-21,5427.73,1,2,0,1,1,78.7,Delivered On-Time
4993,253,1,2026-04-01,9261.33,1,1,0,5,5,180.6,Delivered On-Time
4994,148,7,2024-04-06,7764.5,1,3,0,4,4,81.53,Delivered On-Time
4995,4,7,2025-10-17,43862.55,2,3,0,4,4,460.56,Delivered On-Time
4996,194,5,2024-02-13,1663.26,1,2,0,2,3,25.78,Delivered On-Time
4997,94,5,2024-11-21,37669.91,2,2,0,2,1,583.88,Delivered On-Time
4998,53,3,2025-02-27,40179.24,2,1,1,1,1,863.85,Delivered On-Time
4999,13,6,2026-05-08,2053.81,1,3,0,3,3,19.51,Delivered On-Time
5000,100,6,2026-05-19,641.84,1,3,0,3,3,6.1,Delivered On-Time
5001,238,3,2025-04-06,6553.84,1,1,0,1,1,140.91,Delivered On-Time
5002,209,6,2026-02-23,61599.84,3,3,0,3,4,585.2,Delivered On-Time
5003,212,7,2024-12-13,64156.56,3,3,0,4,6,673.64,Delivered Late
5004,151,5,2024-09-13,9723.3,1,2,0,2,2,150.71,Delivered On-Time
5005,2,6,2025-06-14,23799.11,2,3,0,3,3,226.09,Delivered On-Time
5006,150,6,2026-02-02,117324.95,3,3,0,3,2,1114.59,Delivered On-Time
5007,101,5,2025-03-25,29876.34,2,2,0,2,2,463.08,Delivered On-Time
5008,88,4,2024-01-12,5426.36,1,2,0,1,1,78.68,Delivered On-Time
5009,68,1,2024-06-18,8253.15,1,1,0,5,4,160.94,Delivered On-Time
5010,124,5,2026-02-21,7656.39,1,2,0,2,2,118.67,Delivered On-Time
5011,167,4,2026-02-05,5335.89,1,2,0,1,1,77.37,Delivered On-Time
5012,54,2,2025-12-06,8951.47,1,1,0,1,1,192.46,Delivered On-Time
5013,225,5,2024-02-18,8446.82,1,2,0,2,3,130.93,Delivered On-Time
5014,96,2,2025-03-21,9203.88,1,1,0,1,2,197.88,Delivered On-Time
5015,19,7,2026-01-18,237904.81,3,3,0,4,4,2498.0,Delivered On-Time
5016,131,6,2025-08-15,26912.29,2,3,0,3,2,255.67,Delivered On-Time
5017,104,3,2026-06-03,4926.59,1,1,0,1,1,105.92,Delivered On-Time
5018,35,1,2024-09-27,1464.86,1,1,0,5,5,28.56,Delivered On-Time
5019,163,1,2025-03-18,2348.85,1,1,0,5,4,45.8,Delivered On-Time
5020,28,4,2024-08-13,9296.79,1,2,0,1,2,134.8,Delivered On-Time
5021,113,6,2025-05-19,21545.53,2,3,0,3,6,204.68,Delivered Late
5022,63,7,2025-05-27,6742.87,1,3,0,4,3,70.8,Delivered On-Time
5023,236,2,2025-01-13,2206.73,1,1,0,1,1,47.44,Delivered On-Time
5024,249,5,2025-04-23,1905.48,1,2,0,2,2,29.53,Delivered On-Time
5025,236,6,2025-08-08,8337.59,1,3,0,3,4,79.21,Delivered On-Time
5026,169,1,2024-09-22,13449.29,2,1,1,5,5,262.26,Delivered On-Time
5027,25,2,2025-02-25,43143.68,2,1,1,1,2,927.59,Delivered On-Time
5028,244,5,2025-12-11,8130.12,1,2,0,2,2,126.02,Delivered On-Time
5029,110,7,2024-12-27,44077.46,2,3,0,4,3,462.81,Delivered On-Time
5030,259,6,2025-07-20,72677.42,3,3,0,3,4,690.44,Delivered On-Time
5031,36,6,2024-08-20,44783.19,2,3,0,3,2,425.44,Delivered On-Time
5032,173,3,2026-02-12,7701.84,1,1,0,1,1,165.59,Delivered On-Time
5033,179,4,2025-07-22,8771.61,1,2,0,1,1,127.19,Delivered On-Time
5034,259,6,2024-11-10,131816.7,3,3,0,3,2,1252.26,Delivered On-Time
5035,60,1,2026-04-04,6773.7,1,1,0,5,5,132.09,Delivered On-Time
5036,186,2,2026-02-22,1530.27,1,1,0,1,1,32.9,Delivered On-Time
5037,91,2,2026-05-05,2755.01,1,1,0,1,1,59.23,Delivered On-Time
5038,131,3,2024-06-13,3382.83,1,1,0,1,1,72.73,Delivered On-Time
5039,74,1,2026-05-30,38752.35,2,1,1,5,4,755.67,Delivered On-Time
5040,208,3,2026-02-18,1907.42,1,1,0,1,1,41.01,Delivered On-Time
5041,171,1,2024-04-05,8063.84,1,1,0,5,5,157.24,Delivered On-Time
5042,72,6,2024-12-10,40415.66,2,3,0,3,2,383.95,Delivered On-Time
5043,108,7,2025-12-18,99824.68,3,3,0,4,4,1048.16,Delivered On-Time
5044,259,6,2025-06-07,8341.21,1,3,0,3,4,79.24,Delivered On-Time
5045,215,6,2024-04-09,124986.15,3,3,0,3,3,1187.37,Delivered On-Time
5046,212,5,2025-06-30,2027.03,1,2,0,2,2,31.42,Delivered On-Time
5047,212,5,2024-11-28,36105.97,2,2,0,2,3,559.64,Delivered On-Time
5048,50,7,2024-11-28,20042.15,2,3,0,4,3,210.44,Delivered On-Time
5049,160,7,2025-02-04,6160.35,1,3,0,4,5,64.68,Delivered On-Time
5050,241,6,2025-06-21,130370.56,3,3,0,3,4,1238.52,Delivered On-Time
5051,104,6,2026-04-01,9490.84,1,3,0,3,2,90.16,Delivered On-Time
5052,82,6,2024-03-15,207423.29,3,3,0,3,3,1970.52,Delivered On-Time
5053,249,4,2025-03-27,1847.19,1,2,0,1,1,26.78,Delivered On-Time
5054,252,7,2024-12-08,8853.55,1,3,0,4,5,92.96,Delivered On-Time
5055,205,5,2024-09-26,48019.67,2,2,0,2,2,744.3,Delivered On-Time
5056,9,6,2026-04-03,133228.74,3,3,0,3,3,1265.67,Delivered On-Time
5057,1,5,2025-09-11,44925.21,2,2,0,2,2,696.34,Delivered On-Time
5058,255,6,2024-05-01,11664.22,2,3,0,3,3,110.81,Delivered On-Time
5059,139,5,2025-07-02,23062.5,2,2,0,2,3,357.47,Delivered On-Time
5060,210,4,2025-11-05,80034.16,3,2,1,1,2,1160.5,Delivered On-Time
5061,119,5,2025-01-28,29447.49,2,2,0,2,3,456.44,Delivered Late
5062,254,7,2026-01-03,170830.71,3,3,0,4,5,1793.72,Delivered On-Time
5063,67,2,2026-04-08,5298.74,1,1,0,1,1,113.92,Delivered On-Time
5064,194,7,2024-02-06,80857.66,3,3,0,4,4,849.01,Delivered On-Time
5065,152,4,2025-03-14,37204.07,2,2,0,1,1,539.46,Delivered On-Time
5066,60,4,2026-01-07,2517.23,1,2,0,1,4,36.5,Delivered Late
5067,172,6,2025-11-28,2903.23,1,3,0,3,3,27.58,Delivered On-Time
5068,117,1,2024-11-28,1346.09,1,1,0,5,5,26.25,Delivered On-Time
5069,61,1,2025-12-07,4897.11,1,1,0,5,5,95.49,Lost
5070,89,7,2024-06-15,79559.85,3,3,0,4,4,835.38,Delivered On-Time
5071,238,4,2026-02-15,25925.56,2,2,0,1,1,375.92,Delivered On-Time
5072,20,5,2025-08-22,37261.4,2,2,0,2,2,577.55,Delivered On-Time
5073,65,7,2025-12-29,125737.05,3,3,0,4,3,1320.24,Delivered On-Time
5074,57,7,2026-02-11,109009.64,3,3,0,4,4,1144.6,Delivered On-Time
5075,132,5,2025-02-03,66465.71,3,2,1,2,2,1030.22,Damaged
5076,73,6,2025-01-16,149765.49,3,3,0,3,3,1422.77,Delivered On-Time
5077,229,2,2025-04-06,9618.66,1,1,0,1,1,206.8,Delivered On-Time
5078,2,1,2025-04-25,24920.1,2,1,1,5,6,485.94,Delivered On-Time
5079,163,5,2024-09-24,8822.82,1,2,0,2,3,136.75,Delivered On-Time
5080,193,7,2024-06-18,9574.37,1,3,0,4,5,100.53,Delivered On-Time
5081,157,3,2024-04-04,5843.71,1,1,0,1,1,125.64,Delivered On-Time
5082,61,1,2025-11-01,8009.05,1,1,0,5,6,156.18,Delivered On-Time
5083,247,4,2025-12-10,18300.41,2,2,0,1,1,265.36,Delivered On-Time
5084,206,5,2025-09-05,1529.92,1,2,0,2,2,23.71,Delivered On-Time
5085,9,1,2025-12-31,9960.6,1,1,0,5,4,194.23,Delivered On-Time
5086,199,6,2025-06-12,1778.76,1,3,0,3,3,16.9,Delivered On-Time
5087,77,6,2025-10-27,58407.79,3,3,0,3,3,554.87,Delivered On-Time
5088,53,7,2025-04-30,47039.15,2,3,0,4,5,493.91,Delivered On-Time
5089,247,5,2024-04-09,22941.05,2,2,0,2,3,355.59,Delivered Late
5090,107,4,2026-05-30,32315.97,2,2,0,1,1,468.58,Delivered On-Time
5091,260,7,2026-01-29,447235.62,3,3,0,4,4,4695.97,Delivered On-Time
5092,88,2,2025-12-27,1623.47,1,1,0,1,1,34.9,Delivered On-Time
5093,205,6,2024-06-02,9370.62,1,3,0,3,2,89.02,Delivered On-Time
5094,11,7,2026-02-22,51541.19,3,3,0,4,3,541.18,Delivered On-Time
5095,27,5,2024-03-11,10714.3,2,2,0,2,3,166.07,Delivered On-Time
5096,107,5,2026-05-17,46788.51,2,2,0,2,1,725.22,Delivered On-Time
5097,70,4,2024-08-27,32501.38,2,2,0,1,1,471.27,Delivered On-Time
5098,76,4,2025-02-21,3845.09,1,2,0,1,2,55.75,Delivered On-Time
5099,218,7,2026-04-19,80674.25,3,3,0,4,4,847.08,Delivered On-Time
5100,233,1,2026-05-22,3955.25,1,1,0,5,5,77.13,Delivered On-Time
5101,19,7,2025-01-18,7549.28,1,3,0,4,5,79.27,Delivered On-Time
5102,258,5,2026-05-27,8249.0,1,2,0,2,2,127.86,Delivered On-Time
5103,219,3,2026-04-05,9551.76,1,1,0,1,1,205.36,Delivered On-Time
5104,94,4,2026-02-23,19550.0,2,2,0,1,2,283.48,Delivered On-Time
5105,174,6,2025-11-21,2286.52,1,3,0,3,3,21.72,Delivered On-Time
5106,180,6,2026-01-15,81790.53,3,3,0,3,4,777.01,Delivered Late
5107,21,5,2025-05-07,5742.36,1,2,0,2,2,89.01,Delivered On-Time
5108,58,5,2024-04-26,4650.74,1,2,0,2,2,72.09,Delivered On-Time
5109,53,1,2025-07-27,8580.02,1,1,0,5,6,167.31,Delivered On-Time
5110,190,6,2026-02-23,7304.63,1,3,0,3,3,69.39,Delivered On-Time
5111,141,7,2025-02-22,14526.9,2,3,0,4,3,152.53,Damaged
5112,201,6,2026-02-08,100912.77,3,3,0,3,4,958.67,Delivered On-Time
5113,168,5,2025-02-17,17314.44,2,2,0,2,2,268.37,Delivered On-Time
5114,187,2,2026-02-07,74146.25,3,1,1,1,1,1594.14,Delivered On-Time
5115,234,6,2026-01-06,5112.47,1,3,0,3,7,48.57,Delivered Late
5116,112,6,2025-04-22,4437.18,1,3,0,3,4,42.15,Delivered On-Time
5117,185,1,2025-03-27,8604.63,1,1,0,5,4,167.79,Delivered On-Time
5118,187,5,2025-11-11,14177.74,2,2,0,2,1,219.75,Delivered On-Time
5119,211,6,2026-05-07,27956.0,2,3,0,3,3,265.58,Delivered On-Time
5120,184,1,2024-08-07,3033.96,1,1,0,5,5,59.16,Delivered On-Time
5121,241,7,2025-04-25,5262.73,1,3,0,4,5,55.26,Delivered On-Time
5122,214,6,2026-02-28,187887.21,3,3,0,3,2,1784.93,Delivered On-Time
5123,31,5,2025-01-03,37063.29,2,2,0,2,2,574.48,Delivered On-Time
5124,234,7,2026-01-10,62479.98,3,3,0,4,5,656.04,Delivered On-Time
5125,182,4,2025-06-11,2306.3,1,2,0,1,1,33.44,Delivered On-Time
5126,258,3,2025-04-30,36595.05,2,1,1,1,1,786.79,Damaged
5127,232,6,2024-01-12,9919.34,1,3,0,3,4,94.23,Delivered On-Time
5128,175,4,2024-06-02,1178.61,1,2,0,1,1,17.09,Delivered On-Time
5129,31,2,2025-06-22,663.01,1,1,0,1,1,14.25,Delivered On-Time
5130,12,5,2025-01-04,10681.82,2,2,0,2,2,165.57,Delivered On-Time
5131,133,3,2025-07-03,6349.4,1,1,0,1,2,136.51,Delivered On-Time
5132,114,1,2026-04-09,303437.55,3,1,1,5,4,5917.03,Delivered On-Time
5133,5,5,2024-02-08,3899.85,1,2,0,2,1,60.45,Delivered On-Time
5134,77,7,2026-01-10,35659.97,2,3,0,4,4,374.43,Delivered On-Time
5135,155,6,2026-03-03,872.44,1,3,0,3,3,8.29,Delivered On-Time
5136,191,7,2024-10-24,7511.6,1,3,0,4,4,78.87,Delivered On-Time
5137,37,6,2024-08-05,9971.54,1,3,0,3,4,94.73,Delivered On-Time
5138,58,5,2025-02-13,104375.24,3,2,1,2,2,1617.82,Delivered On-Time
5139,124,5,2025-07-01,9888.18,1,2,0,2,1,153.27,Delivered On-Time
5140,165,5,2026-01-28,10907.95,2,2,0,2,1,169.07,Delivered On-Time
5141,110,2,2026-01-23,8214.84,1,1,0,1,1,176.62,Delivered On-Time
5142,69,3,2024-12-27,3661.09,1,1,0,1,1,78.71,Delivered On-Time
5143,180,6,2025-04-06,6544.97,1,3,0,3,3,62.18,Delivered On-Time
5144,245,6,2025-05-20,17521.6,2,3,0,3,3,166.46,Delivered On-Time
5145,78,1,2024-07-25,3670.36,1,1,0,5,6,71.57,Delivered On-Time
5146,225,6,2025-11-29,78542.52,3,3,0,3,5,746.15,Delivered Late
5147,192,7,2024-08-05,2025.76,1,3,0,4,4,21.27,Delivered On-Time
5148,51,2,2026-04-05,7338.73,1,1,0,1,2,157.78,Delivered Late
5149,16,5,2024-05-07,11370.1,2,2,0,2,2,176.24,Delivered On-Time
5150,88,7,2026-05-10,13419.75,2,3,0,4,3,140.91,Delivered On-Time
5151,205,1,2025-09-26,9991.45,1,1,0,5,5,194.83,Delivered On-Time
5152,83,1,2026-01-11,4522.59,1,1,0,5,5,88.19,Delivered On-Time
5153,58,5,2025-04-11,27651.65,2,2,0,2,2,428.6,Delivered On-Time
5154,45,4,2025-09-06,8623.86,1,2,0,1,1,125.05,Delivered On-Time
5155,197,1,2024-07-23,7042.31,1,1,0,5,5,137.33,Delivered On-Time
5156,113,6,2024-07-28,5197.82,1,3,0,3,4,49.38,Delivered On-Time
5157,142,5,2024-11-10,25508.32,2,2,0,2,2,395.38,Delivered On-Time
5158,60,4,2026-01-30,13512.26,2,2,0,1,1,195.93,Delivered On-Time
5159,249,4,2025-04-20,28066.23,2,2,0,1,2,406.96,Delivered On-Time
5160,139,4,2024-06-20,18038.19,2,2,0,1,1,261.55,Delivered On-Time
5161,93,1,2026-02-15,7316.78,1,1,0,5,5,142.68,Delivered On-Time
5162,98,6,2024-12-22,3302.06,1,3,0,3,4,31.37,Delivered On-Time
5163,63,4,2024-03-23,33636.87,2,2,0,1,2,487.73,Delivered On-Time
5164,38,3,2024-06-14,5729.74,1,1,0,1,1,123.19,Delivered On-Time
5165,39,7,2025-08-15,31383.94,2,3,0,4,5,329.53,Delivered On-Time
5166,193,7,2025-11-26,135408.62,3,3,0,4,4,1421.79,Delivered On-Time
5167,230,6,2026-03-09,4716.74,1,3,0,3,3,44.81,Delivered On-Time
5168,145,3,2026-04-01,20870.34,2,1,1,1,2,448.71,Delivered On-Time
5169,170,7,2026-02-06,124284.41,3,3,0,4,5,1304.99,Delivered On-Time
5170,140,6,2025-10-04,48504.78,2,3,0,3,3,460.8,Delivered On-Time
5171,154,3,2024-01-17,5633.84,1,1,0,1,2,121.13,Delivered On-Time
5172,220,1,2025-06-08,4948.87,1,1,0,5,4,96.5,Delivered On-Time
5173,242,1,2026-02-21,3519.29,1,1,0,5,4,68.63,Delivered On-Time
5174,103,6,2026-01-05,18873.38,2,3,0,3,3,179.3,Delivered On-Time
5175,185,5,2024-02-21,12084.37,2,2,0,2,2,187.31,Delivered On-Time
5176,56,6,2025-10-29,55736.35,3,3,0,3,4,529.5,Delivered On-Time
5177,227,6,2025-01-11,97688.6,3,3,0,3,3,928.04,Delivered On-Time
5178,70,7,2025-05-07,2609.34,1,3,0,4,6,27.4,Delivered Late
5179,196,7,2024-11-23,1998.63,1,3,0,4,5,20.99,Delivered On-Time
5180,144,4,2025-02-24,12160.38,2,2,0,1,1,176.33,Delivered On-Time
5181,207,4,2026-02-09,39593.25,2,2,0,1,1,574.1,Delivered On-Time
5182,226,7,2024-09-18,9128.09,1,3,0,4,4,95.84,Delivered On-Time
5183,168,6,2024-04-03,37914.66,2,3,0,3,3,360.19,Delivered On-Time
5184,245,7,2026-06-01,96912.04,3,3,0,4,4,1017.58,Delivered On-Time
5185,257,3,2026-04-01,5454.13,1,1,0,1,1,117.26,Delivered On-Time
5186,237,7,2024-03-25,86762.19,3,3,0,4,5,911.0,Delivered On-Time
5187,30,7,2026-01-02,8571.1,1,3,0,4,5,90.0,Delivered On-Time
5188,52,7,2024-01-14,9956.77,1,3,0,4,4,104.55,Delivered On-Time
5189,130,2,2026-02-15,4057.4,1,1,0,1,2,87.23,Delivered On-Time
5190,124,4,2025-02-06,7410.45,1,2,0,1,4,107.45,Delivered Late
5191,216,4,2024-12-19,17495.35,2,2,0,1,2,253.68,Delivered On-Time
5192,203,5,2025-02-13,31830.7,2,2,0,2,1,493.38,Delivered On-Time
5193,134,4,2026-04-03,2565.14,1,2,0,1,1,37.19,Delivered On-Time
5194,41,5,2024-02-10,4594.99,1,2,0,2,2,71.22,Delivered On-Time
5195,208,4,2024-04-19,5845.68,1,2,0,1,2,84.76,Delivered On-Time
5196,129,3,2025-08-22,1043.08,1,1,0,1,1,22.43,Delivered On-Time
5197,66,7,2024-01-09,32839.36,2,3,0,4,5,344.81,Delivered On-Time
5198,160,1,2024-01-04,5793.03,1,1,0,5,5,112.96,Delivered On-Time
5199,89,7,2026-03-29,435593.67,3,3,0,4,3,4573.73,Delivered On-Time
5200,137,5,2025-02-19,26355.45,2,2,0,2,2,408.51,Delivered On-Time
