order_id,customer_id,order_date,channel,status,order_total
1,1,2024-10-13,Referral,Completed,13.49
2,1,2024-12-09,Referral,Completed,34.18
3,1,2025-01-01,Referral,Completed,62.98
4,1,2025-01-19,Referral,Completed,94.47
5,1,2025-03-04,Referral,Completed,314.82
6,1,2025-06-13,Referral,Completed,112.94
7,2,2024-05-01,Direct,Completed,236.62
8,3,2026-02-18,Direct,Returned,327.34
9,4,2026-03-11,Paid Search,Completed,164.94
10,5,2025-05-12,Direct,Completed,476.51
11,5,2025-06-10,Direct,Cancelled,233.98
12,5,2025-09-18,Direct,Completed,31.98
13,5,2025-12-18,Direct,Cancelled,119.45
14,5,2025-12-29,Direct,Completed,232.36
15,6,2025-01-27,Referral,Completed,276.67
16,7,2025-10-03,Referral,Completed,185.95
17,7,2026-01-31,Referral,Completed,44.99
18,9,2025-02-22,Referral,Completed,292.94
19,9,2025-04-13,Referral,Completed,56.97
20,10,2024-04-08,Email,Completed,292.73
21,11,2025-01-03,Referral,Completed,655.93
22,11,2025-04-04,Referral,Completed,245.93
23,11,2025-05-02,Referral,Completed,68.97
24,12,2024-06-21,Email,Completed,389.97
25,12,2024-07-19,Email,Completed,129.97
26,12,2024-08-11,Email,Completed,147.96
27,12,2024-09-14,Email,Completed,550.91
28,12,2024-10-29,Email,Cancelled,133.97
29,13,2025-02-14,Direct,Cancelled,99.99
30,13,2025-04-22,Direct,Completed,198.93
31,13,2025-07-31,Direct,Completed,138.72
32,13,2025-10-21,Direct,Completed,151.97
33,13,2026-01-13,Direct,Completed,450.53
34,13,2026-05-12,Direct,Completed,99.99
35,15,2024-05-20,Organic Search,Completed,314.94
36,16,2025-11-22,Paid Search,Completed,62.98
37,16,2026-01-15,Paid Search,Completed,298.9
38,17,2025-06-22,Email,Completed,219.97
39,17,2025-09-03,Email,Completed,26.39
40,17,2025-10-13,Email,Cancelled,332.65
41,17,2025-12-04,Email,Completed,273.95
42,17,2026-01-06,Email,Completed,271.41
43,17,2026-04-04,Email,Completed,372.95
44,18,2024-04-14,Organic Search,Completed,242.44
45,18,2024-05-12,Organic Search,Completed,38.24
46,18,2024-08-29,Organic Search,Completed,259.97
47,18,2024-10-24,Organic Search,Completed,133.95
48,18,2025-02-11,Organic Search,Completed,134.99
49,19,2025-08-08,Direct,Cancelled,39.99
50,19,2025-11-25,Direct,Completed,29.99
51,19,2026-02-10,Direct,Cancelled,116.97
52,19,2026-03-21,Direct,Completed,39.99
53,20,2025-11-14,Social Media,Completed,944.89
54,20,2025-12-03,Social Media,Completed,71.99
55,20,2026-01-13,Social Media,Completed,81.46
56,20,2026-04-14,Social Media,Completed,133.25
57,21,2024-06-19,Paid Search,Completed,335.96
58,21,2024-10-02,Paid Search,Returned,74.97
59,22,2024-03-24,Email,Completed,229.96
60,22,2024-05-20,Email,Completed,545.94
61,22,2024-09-07,Email,Completed,83.97
62,22,2024-11-24,Email,Completed,145.98
63,22,2024-12-01,Email,Completed,376.54
64,22,2025-01-28,Email,Completed,108.56
65,22,2025-03-22,Email,Completed,338.92
66,22,2025-04-27,Email,Completed,344.93
67,22,2025-07-23,Email,Completed,284.95
68,22,2025-09-20,Email,Completed,225.94
69,24,2026-03-13,Referral,Completed,281.2
70,24,2026-06-30,Referral,Completed,316.88
71,25,2026-01-23,Paid Search,Completed,37.48
72,25,2026-03-08,Paid Search,Completed,212.96
73,25,2026-05-24,Paid Search,Returned,232.12
74,25,2026-06-14,Paid Search,Completed,45.88
75,26,2025-06-12,Social Media,Completed,107.97
76,28,2024-03-16,Social Media,Cancelled,110.49
77,28,2024-07-02,Social Media,Completed,484.44
78,29,2025-01-30,Direct,Completed,138.56
79,29,2025-05-06,Direct,Completed,209.94
80,29,2025-08-21,Direct,Completed,44.99
81,29,2025-09-16,Direct,Cancelled,82.96
82,29,2025-12-20,Direct,Completed,256.35
83,29,2026-04-13,Direct,Completed,522.72
84,29,2026-05-21,Direct,Completed,59.97
85,30,2025-02-01,Referral,Completed,149.99
86,31,2024-05-15,Direct,Completed,152.98
87,31,2024-08-13,Direct,Completed,143.35
88,31,2024-08-26,Direct,Completed,240.95
89,32,2026-02-11,Direct,Completed,30.38
90,33,2025-10-07,Direct,Completed,43.98
91,33,2026-01-01,Direct,Completed,108.95
92,33,2026-02-28,Direct,Completed,221.94
93,34,2024-10-01,Email,Completed,507.95
94,34,2024-10-07,Email,Completed,77.96
95,35,2025-04-19,Organic Search,Completed,637.11
96,35,2025-07-14,Organic Search,Returned,53.99
97,35,2025-08-12,Organic Search,Completed,83.98
98,35,2025-10-29,Organic Search,Returned,181.95
99,36,2025-07-29,Organic Search,Completed,191.94
100,36,2025-10-26,Organic Search,Completed,228.35
101,36,2026-02-03,Organic Search,Completed,65.98
102,36,2026-05-22,Organic Search,Completed,373.95
103,37,2024-08-06,Email,Cancelled,326.92
104,37,2024-10-03,Email,Completed,254.98
105,37,2024-12-13,Email,Completed,207.93
106,37,2024-12-24,Email,Completed,421.82
107,37,2025-03-03,Email,Completed,207.43
108,38,2025-10-24,Paid Search,Completed,55.98
109,38,2026-01-30,Paid Search,Completed,315.57
110,38,2026-04-29,Paid Search,Completed,449.97
111,39,2024-10-24,Email,Completed,24.99
112,40,2026-06-01,Email,Completed,288.93
113,41,2026-04-22,Paid Search,Cancelled,238.62
114,42,2025-08-22,Referral,Completed,134.95
115,43,2026-05-23,Social Media,Cancelled,26.99
116,44,2025-12-22,Social Media,Completed,97.95
117,44,2026-04-09,Social Media,Completed,258.51
118,44,2026-06-15,Social Media,Completed,297.02
119,46,2025-01-26,Social Media,Completed,446.32
120,46,2025-02-03,Social Media,Completed,222.05
121,46,2025-02-23,Social Media,Completed,259.98
122,47,2024-11-29,Email,Completed,49.97
123,47,2024-12-17,Email,Completed,83.97
124,47,2025-03-28,Email,Completed,224.95
125,47,2025-06-17,Email,Completed,318.13
126,47,2025-08-29,Email,Cancelled,80.97
127,47,2025-11-02,Email,Completed,252.81
128,47,2026-01-04,Email,Completed,56.97
129,47,2026-02-06,Email,Completed,119.99
130,47,2026-06-01,Email,Completed,399.91
131,48,2024-09-04,Email,Completed,121.54
132,49,2026-05-04,Social Media,Completed,577.95
133,50,2024-11-03,Email,Completed,456.35
134,50,2025-02-04,Email,Completed,219.33
135,50,2025-04-15,Email,Completed,188.87
136,50,2025-06-08,Email,Returned,106.98
137,50,2025-10-02,Email,Completed,254.98
138,50,2026-01-10,Email,Completed,64.99
139,50,2026-03-16,Email,Completed,146.93
140,50,2026-04-24,Email,Completed,59.38
141,50,2026-06-22,Email,Completed,344.94
142,51,2025-03-21,Direct,Completed,114.98
143,52,2025-08-26,Social Media,Completed,641.42
144,53,2026-02-10,Referral,Completed,93.56
145,53,2026-02-27,Referral,Completed,355.95
146,53,2026-05-28,Referral,Completed,120.96
147,54,2025-02-07,Organic Search,Completed,67.18
148,54,2025-05-29,Organic Search,Completed,224.96
149,54,2025-08-04,Organic Search,Completed,173.04
150,55,2025-12-02,Email,Completed,254.98
151,55,2026-03-01,Email,Returned,471.42
152,56,2025-01-29,Email,Completed,163.72
153,56,2025-03-17,Email,Completed,295.42
154,56,2025-07-01,Email,Completed,275.92
155,56,2025-09-29,Email,Completed,314.92
156,56,2026-01-18,Email,Completed,502.43
157,57,2026-02-07,Referral,Completed,44.99
158,58,2025-12-11,Referral,Completed,412.66
159,58,2026-03-24,Referral,Completed,114.98
160,58,2026-06-17,Referral,Completed,259.97
161,59,2024-08-02,Social Media,Completed,272.94
162,59,2024-10-20,Social Media,Completed,64.46
163,60,2025-05-02,Paid Search,Completed,194.97
164,60,2025-05-13,Paid Search,Completed,229.92
165,60,2025-05-25,Paid Search,Completed,129.99
166,60,2025-08-09,Paid Search,Completed,419.73
167,60,2025-08-28,Paid Search,Completed,84.96
168,61,2024-12-26,Organic Search,Completed,468.16
169,61,2025-04-19,Organic Search,Completed,89.99
170,62,2025-08-16,Social Media,Completed,129.46
171,62,2025-09-27,Social Media,Completed,55.98
172,62,2025-11-06,Social Media,Completed,110.48
173,63,2025-11-22,Email,Completed,55.98
174,63,2026-01-04,Email,Completed,690.11
175,63,2026-05-04,Email,Completed,190.93
176,64,2025-09-08,Social Media,Completed,327.4
177,64,2025-11-26,Social Media,Completed,334.32
178,65,2024-10-26,Paid Search,Cancelled,100.77
179,65,2024-11-14,Paid Search,Completed,116.98
180,65,2025-03-06,Paid Search,Completed,100.96
181,66,2025-08-06,Social Media,Completed,297.67
182,67,2024-04-06,Social Media,Completed,98.97
183,69,2025-06-01,Social Media,Completed,146.67
184,69,2025-09-14,Social Media,Completed,49.98
185,70,2024-10-13,Email,Completed,239.96
186,70,2024-11-17,Email,Completed,343.94
187,71,2025-08-17,Direct,Completed,206.96
188,72,2024-08-09,Paid Search,Completed,15.19
189,74,2025-04-21,Referral,Completed,58.97
190,75,2024-11-09,Paid Search,Completed,95.98
191,75,2025-03-04,Paid Search,Completed,29.98
192,76,2026-02-18,Social Media,Completed,427.69
193,76,2026-03-06,Social Media,Completed,315.26
194,76,2026-04-11,Social Media,Completed,59.99
195,76,2026-05-22,Social Media,Completed,186.95
196,76,2026-06-05,Social Media,Completed,244.71
197,77,2025-02-26,Email,Completed,131.95
198,77,2025-04-16,Email,Cancelled,308.92
199,78,2024-10-24,Referral,Completed,354.92
200,78,2024-10-31,Referral,Completed,600.9
201,78,2024-11-08,Referral,Cancelled,160.94
202,80,2026-01-22,Email,Completed,435.42
203,80,2026-02-26,Email,Completed,55.18
204,81,2025-04-26,Referral,Completed,224.25
205,81,2025-08-12,Referral,Completed,49.98
206,82,2025-12-19,Organic Search,Completed,161.97
207,82,2026-02-23,Organic Search,Completed,341.96
208,82,2026-05-09,Organic Search,Completed,64.99
209,83,2025-03-02,Email,Completed,179.06
210,83,2025-04-05,Email,Completed,104.97
211,83,2025-06-05,Email,Completed,44.97
212,83,2025-09-09,Email,Returned,192.93
213,84,2025-01-17,Direct,Completed,170.94
214,84,2025-04-14,Direct,Completed,549.92
215,85,2024-06-20,Direct,Completed,614.92
216,85,2024-10-02,Direct,Completed,190.95
217,86,2024-05-08,Paid Search,Completed,147.18
218,87,2025-01-23,Email,Completed,475.73
219,87,2025-03-21,Email,Completed,171.93
220,87,2025-07-09,Email,Completed,296.95
221,87,2025-08-16,Email,Completed,129.94
222,88,2025-02-01,Referral,Completed,315.92
223,89,2024-10-16,Referral,Completed,382.47
224,89,2024-12-09,Referral,Cancelled,869.93
225,90,2025-12-09,Paid Search,Completed,376.34
226,91,2024-10-07,Paid Search,Completed,149.99
227,91,2024-11-28,Paid Search,Completed,394.12
228,91,2025-02-13,Paid Search,Completed,458.75
229,92,2025-09-03,Referral,Completed,163.2
230,92,2025-10-11,Referral,Returned,269.97
231,92,2025-10-28,Referral,Completed,91.96
232,92,2025-11-26,Referral,Completed,18.99
233,92,2026-02-12,Referral,Completed,349.7
234,92,2026-03-24,Referral,Completed,17.09
235,92,2026-04-26,Referral,Completed,199.24
236,92,2026-06-10,Referral,Cancelled,79.99
237,93,2025-09-24,Email,Completed,98.97
238,93,2025-10-16,Email,Completed,94.96
239,93,2026-01-22,Email,Completed,113.06
240,93,2026-01-27,Email,Completed,245.93
241,93,2026-04-03,Email,Completed,242.96
242,93,2026-05-28,Email,Completed,434.92
243,95,2025-02-10,Direct,Completed,328.93
244,95,2025-03-27,Direct,Completed,422.94
245,96,2025-05-27,Direct,Completed,59.97
246,96,2025-08-17,Direct,Completed,71.99
247,96,2025-10-03,Direct,Cancelled,32.99
248,97,2025-12-14,Paid Search,Completed,108.96
249,97,2026-01-30,Paid Search,Completed,215.96
250,97,2026-03-26,Paid Search,Completed,69.98
251,97,2026-04-29,Paid Search,Completed,221.35
252,98,2024-07-04,Referral,Completed,169.82
253,99,2024-02-27,Referral,Completed,213.13
254,99,2024-05-15,Referral,Completed,509.93
255,99,2024-06-20,Referral,Completed,167.94
256,99,2024-08-25,Referral,Completed,242.96
257,99,2024-09-09,Referral,Completed,241.43
258,99,2024-12-11,Referral,Completed,620.89
259,100,2025-03-29,Paid Search,Completed,71.99
260,101,2024-05-24,Direct,Completed,159.97
261,101,2024-08-17,Direct,Completed,644.92
262,101,2024-10-02,Direct,Completed,210.94
263,102,2025-06-04,Referral,Completed,272.78
264,102,2025-07-01,Referral,Completed,71.98
265,102,2025-07-31,Referral,Completed,267.92
266,102,2025-08-29,Referral,Completed,252.01
267,103,2025-10-12,Organic Search,Completed,106.96
268,104,2025-10-27,Referral,Completed,75.96
269,104,2026-02-11,Referral,Completed,79.98
270,105,2025-06-24,Referral,Completed,182.94
271,105,2025-08-07,Referral,Completed,138.93
272,106,2025-02-17,Referral,Completed,90.05
273,106,2025-05-31,Referral,Completed,362.92
274,106,2025-08-19,Referral,Completed,37.98
275,106,2025-08-25,Referral,Completed,59.38
276,106,2025-10-19,Referral,Completed,299.77
277,107,2024-12-15,Social Media,Completed,119.98
278,107,2025-04-13,Social Media,Completed,274.97
279,108,2025-12-19,Organic Search,Completed,208.07
280,108,2026-01-14,Organic Search,Cancelled,199.94
281,109,2026-01-08,Email,Completed,296.95
282,110,2025-08-05,Direct,Completed,89.98
283,110,2025-08-25,Direct,Completed,55.98
284,110,2025-09-10,Direct,Completed,69.98
285,110,2025-09-17,Direct,Completed,89.97
286,110,2025-10-02,Direct,Completed,127.77
287,110,2026-01-09,Direct,Completed,239.97
288,110,2026-02-18,Direct,Completed,295.95
289,110,2026-03-28,Direct,Completed,168.23
290,111,2025-01-07,Organic Search,Completed,503.95
291,111,2025-02-07,Organic Search,Completed,139.95
292,111,2025-05-03,Organic Search,Completed,180.36
293,111,2025-08-31,Organic Search,Completed,56.08
294,111,2025-09-06,Organic Search,Completed,249.92
295,111,2025-11-23,Organic Search,Completed,305.13
296,112,2024-10-24,Social Media,Completed,259.95
297,112,2024-11-23,Social Media,Returned,287.57
298,112,2025-01-06,Social Media,Completed,96.47
299,112,2025-02-05,Social Media,Cancelled,113.21
300,112,2025-04-22,Social Media,Completed,306.42
301,112,2025-06-26,Social Media,Completed,478.43
302,113,2024-08-17,Direct,Completed,34.18
303,113,2024-11-05,Direct,Completed,197.07
304,113,2025-02-14,Direct,Completed,32.99
305,113,2025-03-15,Direct,Completed,273.94
306,113,2025-07-03,Direct,Completed,414.95
307,113,2025-10-09,Direct,Completed,723.49
308,113,2026-01-20,Direct,Completed,213.96
309,113,2026-02-08,Direct,Completed,330.92
310,113,2026-04-12,Direct,Completed,436.9
311,115,2025-12-03,Direct,Completed,301.93
312,115,2025-12-18,Direct,Completed,353.95
313,116,2025-02-26,Paid Search,Completed,197.92
314,116,2025-05-23,Paid Search,Completed,319.92
315,116,2025-07-05,Paid Search,Completed,313.97
316,116,2025-09-03,Paid Search,Completed,124.95
317,116,2025-12-03,Paid Search,Completed,99.99
318,116,2026-01-30,Paid Search,Completed,193.93
319,116,2026-02-12,Paid Search,Completed,288.93
320,116,2026-04-14,Paid Search,Completed,536.9
321,116,2026-06-02,Paid Search,Completed,217.75
322,117,2024-04-12,Social Media,Returned,121.47
323,117,2024-05-17,Social Media,Completed,99.98
324,117,2024-06-05,Social Media,Completed,102.36
325,117,2024-08-02,Social Media,Cancelled,168.84
326,117,2024-10-14,Social Media,Completed,249.96
327,118,2025-10-22,Social Media,Completed,277.94
328,119,2024-07-06,Email,Completed,469.96
329,119,2024-10-12,Email,Completed,80.97
330,119,2024-12-28,Email,Completed,17.09
331,119,2025-04-25,Email,Completed,206.93
332,119,2025-05-08,Email,Cancelled,250.95
333,120,2026-02-10,Referral,Completed,170.44
334,121,2025-10-31,Referral,Completed,602.89
335,121,2026-01-05,Referral,Completed,76.48
336,123,2026-06-30,Social Media,Cancelled,638.42
337,124,2026-04-22,Direct,Completed,330.04
338,125,2024-07-12,Social Media,Completed,68.17
339,125,2024-09-02,Social Media,Completed,460.42
340,125,2024-12-11,Social Media,Completed,290.96
341,125,2024-12-19,Social Media,Completed,495.52
342,125,2025-03-13,Social Media,Cancelled,449.33
343,126,2024-08-15,Direct,Completed,140.24
344,126,2024-10-04,Direct,Completed,45.87
345,126,2025-01-11,Direct,Completed,239.97
346,126,2025-02-27,Direct,Completed,104.94
347,126,2025-03-27,Direct,Completed,373.96
348,126,2025-05-05,Direct,Completed,16.19
349,126,2025-05-18,Direct,Cancelled,79.98
350,126,2025-08-05,Direct,Completed,14.99
351,126,2025-10-30,Direct,Completed,304.93
352,126,2026-02-22,Direct,Cancelled,250.7
353,126,2026-05-02,Direct,Completed,248.92
354,127,2026-03-18,Paid Search,Cancelled,299.22
355,127,2026-06-18,Paid Search,Completed,104.96
356,128,2024-06-23,Direct,Completed,140.34
357,128,2024-10-15,Direct,Completed,111.56
358,128,2024-11-23,Direct,Completed,236.93
359,128,2025-01-06,Direct,Completed,571.92
360,128,2025-04-05,Direct,Completed,195.13
361,128,2025-05-07,Direct,Completed,203.93
362,129,2026-02-06,Referral,Returned,285.43
363,129,2026-02-25,Referral,Completed,80.97
364,130,2025-04-21,Email,Completed,132.94
365,131,2025-02-13,Email,Completed,350.97
366,131,2025-06-07,Email,Completed,233.92
367,132,2024-12-22,Paid Search,Completed,722.9
368,133,2025-03-28,Organic Search,Completed,195.23
369,133,2025-06-09,Organic Search,Completed,50.38
370,133,2025-07-08,Organic Search,Completed,568.41
371,133,2025-09-06,Organic Search,Cancelled,160.95
372,134,2026-02-02,Direct,Completed,90.36
373,134,2026-02-25,Direct,Completed,103.46
374,134,2026-05-10,Direct,Completed,43.18
375,135,2024-02-14,Email,Completed,311.37
376,136,2025-03-09,Organic Search,Completed,242.43
377,137,2025-02-06,Organic Search,Completed,242.26
378,138,2025-12-28,Organic Search,Completed,371.91
379,139,2024-08-04,Social Media,Completed,77.97
380,139,2024-08-28,Social Media,Completed,284.32
381,139,2024-09-21,Social Media,Completed,43.98
382,139,2024-12-15,Social Media,Completed,105.96
383,139,2024-12-25,Social Media,Completed,59.98
384,140,2026-02-02,Organic Search,Returned,680.42
385,141,2025-01-04,Social Media,Completed,80.98
386,141,2025-04-28,Social Media,Completed,111.48
387,142,2026-01-30,Paid Search,Completed,305.92
388,143,2024-05-03,Paid Search,Cancelled,156.66
389,143,2024-08-17,Paid Search,Completed,269.96
390,144,2024-08-06,Paid Search,Completed,159.14
391,144,2024-11-02,Paid Search,Completed,150.24
392,144,2025-01-31,Paid Search,Completed,196.93
393,144,2025-05-22,Paid Search,Completed,450.14
394,145,2024-02-01,Paid Search,Completed,188.94
395,145,2024-02-25,Paid Search,Completed,29.98
396,145,2024-05-28,Paid Search,Cancelled,111.56
397,145,2024-08-20,Paid Search,Completed,65.46
398,145,2024-10-15,Paid Search,Completed,553.92
399,145,2025-01-21,Paid Search,Completed,119.98
400,145,2025-03-28,Paid Search,Completed,344.94
401,145,2025-07-17,Paid Search,Completed,495.95
402,145,2025-10-16,Paid Search,Completed,302.62
403,145,2026-01-13,Paid Search,Completed,40.47
404,145,2026-02-06,Paid Search,Completed,233.95
405,145,2026-05-10,Paid Search,Completed,396.92
406,146,2024-03-25,Paid Search,Completed,62.07
407,146,2024-07-23,Paid Search,Completed,265.75
408,147,2024-07-30,Social Media,Completed,572.16
409,147,2024-10-28,Social Media,Completed,67.18
410,148,2025-05-22,Direct,Returned,135.24
411,149,2025-02-08,Organic Search,Completed,285.02
412,149,2025-04-09,Organic Search,Completed,89.97
413,149,2025-07-03,Organic Search,Cancelled,76.48
414,149,2025-10-09,Organic Search,Completed,275.95
415,149,2025-11-16,Organic Search,Completed,125.94
416,149,2026-01-04,Organic Search,Completed,143.95
417,149,2026-04-26,Organic Search,Returned,139.44
418,149,2026-06-18,Organic Search,Completed,244.43
419,150,2025-05-24,Direct,Completed,29.99
420,151,2025-03-25,Email,Completed,576.9
421,151,2025-07-02,Email,Completed,99.55
422,151,2025-09-30,Email,Returned,38.24
423,151,2025-11-02,Email,Completed,130.97
424,151,2025-11-09,Email,Completed,460.31
425,151,2026-02-12,Email,Completed,174.75
426,152,2024-09-23,Social Media,Completed,90.56
427,152,2024-12-05,Social Media,Completed,96.99
428,152,2025-01-07,Social Media,Completed,194.97
429,152,2025-03-28,Social Media,Completed,92.72
430,152,2025-06-02,Social Media,Completed,105.95
431,152,2025-07-09,Social Media,Cancelled,389.97
432,152,2025-10-12,Social Media,Completed,320.94
433,152,2025-11-24,Social Media,Completed,369.12
434,153,2024-07-14,Email,Completed,94.48
435,153,2024-09-20,Email,Completed,288.92
436,154,2024-03-31,Social Media,Completed,126.46
437,154,2024-06-07,Social Media,Completed,379.93
438,155,2026-04-18,Direct,Completed,13.49
439,155,2026-05-05,Direct,Completed,79.98
440,156,2026-02-27,Referral,Cancelled,148.94
441,157,2025-03-17,Paid Search,Completed,324.97
442,157,2025-03-26,Paid Search,Cancelled,89.98
443,157,2025-06-26,Paid Search,Completed,130.47
444,158,2025-03-23,Email,Completed,188.93
445,158,2025-04-04,Email,Cancelled,614.88
446,159,2025-11-02,Referral,Completed,71.98
447,159,2026-01-26,Referral,Completed,381.91
448,159,2026-04-30,Referral,Completed,29.99
449,160,2025-02-07,Paid Search,Completed,14.99
450,161,2024-05-05,Organic Search,Completed,39.58
451,161,2024-07-16,Organic Search,Completed,312.45
452,161,2024-10-20,Organic Search,Completed,149.95
453,161,2025-01-21,Organic Search,Completed,252.14
454,162,2024-08-18,Paid Search,Completed,73.56
455,162,2024-11-21,Paid Search,Completed,128.95
456,162,2025-03-13,Paid Search,Cancelled,191.92
457,162,2025-04-01,Paid Search,Completed,161.93
458,162,2025-05-12,Paid Search,Completed,256.95
459,163,2025-11-07,Paid Search,Completed,263.96
460,163,2025-12-12,Paid Search,Completed,551.14
461,164,2025-01-16,Direct,Completed,184.75
462,165,2024-06-20,Referral,Completed,247.45
463,166,2025-11-27,Direct,Completed,220.96
464,166,2026-02-08,Direct,Completed,60.27
465,167,2024-12-27,Email,Completed,239.97
466,167,2025-01-29,Email,Completed,83.97
467,168,2025-06-02,Referral,Completed,293.14
468,168,2025-08-27,Referral,Completed,156.96
469,169,2025-02-20,Organic Search,Returned,54.97
470,169,2025-04-24,Organic Search,Completed,539.95
471,169,2025-06-21,Organic Search,Completed,288.93
472,169,2025-07-20,Organic Search,Cancelled,331.95
473,169,2025-10-16,Organic Search,Completed,212.93
474,169,2026-01-14,Organic Search,Completed,169.06
475,169,2026-02-28,Organic Search,Completed,188.95
476,169,2026-05-24,Organic Search,Completed,19.99
477,170,2025-09-28,Referral,Completed,98.55
478,171,2025-05-08,Direct,Cancelled,335.93
479,171,2025-07-31,Direct,Completed,497.93
480,172,2024-04-26,Social Media,Completed,260.23
481,172,2024-06-13,Social Media,Returned,235.94
482,173,2024-06-15,Email,Completed,45.58
483,174,2024-12-30,Referral,Completed,203.53
484,174,2025-02-03,Referral,Completed,391.95
485,174,2025-02-12,Referral,Completed,53.97
486,174,2025-04-06,Referral,Completed,639.41
487,174,2025-05-24,Referral,Completed,87.95
488,174,2025-06-08,Referral,Completed,94.72
489,174,2025-07-02,Referral,Completed,127.95
490,174,2025-09-24,Referral,Completed,257.71
491,174,2025-10-10,Referral,Completed,197.95
492,174,2025-11-08,Referral,Completed,440.95
493,174,2026-02-07,Referral,Completed,64.99
494,174,2026-02-22,Referral,Completed,203.96
495,174,2026-05-27,Referral,Completed,103.81
496,175,2024-08-18,Paid Search,Completed,422.92
497,175,2024-11-27,Paid Search,Completed,39.98
498,176,2026-02-20,Referral,Completed,549.91
499,176,2026-05-13,Referral,Completed,50.38
500,177,2024-08-04,Referral,Completed,189.54
501,177,2024-11-29,Referral,Completed,507.72
502,177,2025-01-19,Referral,Completed,177.98
503,177,2025-02-12,Referral,Completed,214.95
504,178,2025-11-03,Email,Completed,281.93
505,178,2025-12-08,Email,Completed,475.4
506,178,2025-12-29,Email,Completed,315.95
507,179,2024-11-20,Organic Search,Cancelled,147.55
508,179,2025-03-06,Organic Search,Completed,474.26
509,179,2025-05-28,Organic Search,Completed,132.46
510,179,2025-06-14,Organic Search,Completed,68.57
511,179,2025-10-11,Organic Search,Cancelled,270.95
512,179,2025-10-23,Organic Search,Completed,185.95
513,179,2025-11-15,Organic Search,Completed,269.91
514,179,2025-12-27,Organic Search,Completed,112.47
515,179,2026-04-20,Organic Search,Completed,479.95
516,180,2025-01-26,Organic Search,Completed,169.96
517,180,2025-02-25,Organic Search,Completed,462.93
518,180,2025-06-16,Organic Search,Completed,59.38
519,181,2026-01-28,Organic Search,Completed,65.98
520,181,2026-05-09,Organic Search,Completed,48.57
521,182,2025-09-29,Email,Completed,27.99
522,183,2025-12-12,Referral,Completed,188.55
523,183,2026-03-09,Referral,Completed,32.98
524,184,2025-03-05,Referral,Completed,152.97
525,184,2025-04-07,Referral,Completed,71.99
526,184,2025-08-01,Referral,Completed,362.92
527,184,2025-11-05,Referral,Completed,59.99
528,185,2025-01-10,Email,Completed,56.97
529,185,2025-05-07,Email,Completed,160.96
530,185,2025-06-17,Email,Completed,250.95
531,186,2024-04-16,Email,Completed,299.63
532,186,2024-08-10,Email,Completed,456.42
533,187,2025-04-12,Paid Search,Cancelled,129.71
534,187,2025-07-18,Paid Search,Completed,247.95
535,187,2025-10-16,Paid Search,Completed,34.98
536,187,2026-02-07,Paid Search,Completed,246.95
537,187,2026-03-08,Paid Search,Returned,279.49
538,187,2026-05-10,Paid Search,Cancelled,88.02
539,188,2025-12-05,Paid Search,Completed,17.99
540,188,2026-04-02,Paid Search,Completed,306.93
541,189,2024-06-23,Direct,Completed,648.64
542,189,2024-10-08,Direct,Completed,652.42
543,189,2024-12-07,Direct,Completed,713.91
544,189,2025-01-28,Direct,Completed,98.96
545,189,2025-03-21,Direct,Completed,424.94
546,190,2026-03-21,Direct,Completed,208.93
547,190,2026-05-08,Direct,Completed,323.77
548,191,2025-01-20,Paid Search,Completed,27.99
549,191,2025-04-05,Paid Search,Completed,228.55
550,192,2026-06-13,Paid Search,Completed,223.18
551,194,2026-03-26,Email,Completed,430.95
552,194,2026-04-09,Email,Completed,198.97
553,194,2026-04-17,Email,Completed,70.17
554,194,2026-06-15,Email,Cancelled,350.92
555,195,2025-01-05,Social Media,Completed,89.98
556,195,2025-02-11,Social Media,Completed,510.41
557,197,2025-08-02,Organic Search,Completed,17.99
558,198,2025-01-24,Referral,Completed,233.94
559,198,2025-03-22,Referral,Completed,66.37
560,199,2024-07-23,Social Media,Completed,245.32
561,199,2024-08-02,Social Media,Completed,148.96
562,199,2024-09-25,Social Media,Completed,261.96
563,199,2024-12-13,Social Media,Completed,376.97
564,199,2025-01-04,Social Media,Completed,129.98
565,199,2025-04-08,Social Media,Completed,170.93
566,199,2025-04-21,Social Media,Completed,150.97
567,199,2025-05-19,Social Media,Completed,149.92
568,200,2024-05-04,Paid Search,Completed,311.92
569,201,2025-07-02,Email,Completed,81.97
570,202,2025-10-25,Social Media,Completed,449.97
571,202,2026-01-03,Social Media,Completed,107.98
572,203,2024-09-25,Email,Completed,288.93
573,204,2025-03-13,Organic Search,Completed,414.85
574,204,2025-06-08,Organic Search,Completed,289.96
575,205,2026-04-12,Direct,Completed,116.99
576,206,2026-06-01,Social Media,Completed,255.33
577,208,2025-08-08,Paid Search,Completed,94.47
578,208,2025-10-30,Paid Search,Completed,207.73
579,208,2026-01-15,Paid Search,Completed,238.42
580,208,2026-04-28,Paid Search,Completed,197.97
581,209,2024-11-06,Social Media,Completed,117.69
582,209,2025-01-26,Social Media,Completed,264.33
583,210,2025-01-05,Social Media,Completed,18.39
584,210,2025-04-24,Social Media,Completed,245.91
585,210,2025-05-05,Social Media,Returned,245.94
586,210,2025-05-18,Social Media,Completed,525.18
587,211,2026-06-09,Organic Search,Returned,488.94
588,212,2025-03-01,Paid Search,Completed,44.97
589,212,2025-04-03,Paid Search,Completed,144.43
590,212,2025-07-25,Paid Search,Completed,75.23
591,212,2025-07-30,Paid Search,Completed,247.96
592,213,2025-02-26,Referral,Completed,414.91
593,213,2025-05-20,Referral,Completed,308.02
594,214,2024-03-28,Social Media,Completed,353.95
595,214,2024-04-10,Social Media,Completed,239.97
596,214,2024-06-02,Social Media,Completed,320.94
597,214,2024-08-20,Social Media,Completed,199.97
598,215,2025-08-19,Social Media,Completed,22.99
599,216,2026-04-23,Email,Completed,145.97
600,216,2026-05-06,Email,Completed,19.99
601,217,2025-09-08,Referral,Completed,273.43
602,217,2025-12-21,Referral,Completed,329.65
603,217,2026-04-03,Referral,Completed,89.22
604,218,2026-01-02,Organic Search,Completed,659.91
605,218,2026-03-29,Organic Search,Completed,39.98
606,218,2026-05-09,Organic Search,Completed,264.3
607,219,2025-07-17,Organic Search,Completed,508.93
608,219,2025-08-29,Organic Search,Completed,193.94
609,219,2025-12-13,Organic Search,Completed,101.97
610,219,2026-04-12,Organic Search,Completed,333.54
611,219,2026-05-24,Organic Search,Completed,388.93
612,220,2026-04-22,Email,Completed,37.98
613,220,2026-06-30,Email,Completed,404.97
614,221,2026-04-04,Paid Search,Completed,135.96
615,221,2026-06-26,Paid Search,Completed,277.13
616,222,2025-11-07,Direct,Completed,299.98
617,222,2026-02-11,Direct,Completed,529.94
618,223,2024-04-06,Referral,Completed,439.96
619,223,2024-05-07,Referral,Completed,34.99
620,223,2024-07-12,Referral,Completed,226.46
621,223,2024-10-28,Referral,Cancelled,287.91
622,223,2024-11-21,Referral,Completed,263.94
623,223,2025-02-26,Referral,Returned,47.58
624,223,2025-04-04,Referral,Completed,102.73
625,223,2025-04-28,Referral,Cancelled,307.95
626,224,2025-08-24,Referral,Completed,169.98
627,224,2025-09-17,Referral,Completed,53.98
628,224,2025-10-22,Referral,Completed,411.32
629,224,2026-02-13,Referral,Completed,59.97
630,224,2026-04-28,Referral,Completed,389.97
631,224,2026-05-09,Referral,Completed,365.96
632,225,2026-02-25,Direct,Completed,69.98
633,225,2026-03-06,Direct,Returned,179.97
634,227,2025-03-25,Direct,Completed,220.22
635,228,2024-10-08,Email,Completed,134.97
636,228,2024-11-18,Email,Completed,353.34
637,228,2025-02-21,Email,Completed,221.29
638,228,2025-03-16,Email,Completed,399.92
639,228,2025-06-14,Email,Cancelled,509.94
640,228,2025-06-23,Email,Completed,296.94
641,228,2025-10-10,Email,Completed,359.54
642,228,2026-02-05,Email,Completed,231.91
643,228,2026-02-10,Email,Completed,458.95
644,228,2026-03-22,Email,Completed,153.96
645,229,2024-08-18,Direct,Returned,328.12
646,229,2024-10-02,Direct,Completed,130.02
647,229,2024-12-31,Direct,Cancelled,338.34
648,229,2025-01-05,Direct,Completed,58.62
649,230,2024-05-21,Direct,Completed,233.94
650,230,2024-06-09,Direct,Completed,111.64
651,230,2024-06-16,Direct,Completed,163.05
652,230,2024-08-06,Direct,Completed,243.95
653,230,2024-08-11,Direct,Returned,22.99
654,230,2024-10-12,Direct,Completed,212.33
655,231,2025-08-18,Social Media,Completed,19.99
656,231,2025-09-12,Social Media,Completed,149.36
657,231,2025-11-11,Social Media,Completed,287.6
658,231,2026-02-23,Social Media,Completed,143.16
659,231,2026-04-16,Social Media,Completed,325.82
660,231,2026-06-23,Social Media,Completed,234.93
661,232,2024-11-12,Paid Search,Cancelled,253.96
662,232,2025-01-08,Paid Search,Returned,194.94
663,233,2025-08-14,Email,Completed,18.99
664,233,2025-09-21,Email,Completed,115.96
665,234,2025-05-31,Direct,Completed,124.71
666,235,2025-05-31,Paid Search,Completed,109.95
667,235,2025-09-16,Paid Search,Completed,22.99
668,236,2025-07-01,Paid Search,Completed,26.99
669,236,2025-09-16,Paid Search,Completed,32.99
670,236,2025-12-23,Paid Search,Completed,97.95
671,236,2026-03-04,Paid Search,Completed,58.48
672,236,2026-04-27,Paid Search,Completed,578.93
673,237,2025-02-14,Social Media,Completed,262.92
674,238,2024-03-11,Referral,Completed,134.96
675,238,2024-04-12,Referral,Completed,25.19
676,238,2024-07-17,Referral,Completed,99.99
677,239,2025-04-09,Email,Completed,30.38
678,239,2025-06-01,Email,Completed,315.42
679,240,2025-04-22,Email,Completed,180.67
680,240,2025-07-03,Email,Completed,565.93
681,240,2025-09-28,Email,Completed,253.96
682,241,2026-01-27,Organic Search,Cancelled,269.97
683,242,2026-04-28,Social Media,Completed,116.35
684,242,2026-06-06,Social Media,Completed,177.96
685,243,2024-05-04,Social Media,Completed,149.99
686,244,2024-07-20,Paid Search,Completed,44.99
687,244,2024-10-26,Paid Search,Completed,568.9
688,244,2025-02-21,Paid Search,Completed,53.98
689,244,2025-03-28,Paid Search,Completed,579.92
690,244,2025-05-24,Paid Search,Completed,59.98
691,244,2025-08-07,Paid Search,Completed,107.98
692,245,2025-11-18,Direct,Completed,113.42
693,245,2026-03-04,Direct,Completed,220.46
694,246,2025-05-04,Social Media,Completed,180.96
695,247,2025-12-12,Direct,Completed,296.91
696,247,2026-03-12,Direct,Completed,194.96
697,247,2026-04-12,Direct,Completed,242.75
698,247,2026-05-13,Direct,Completed,315.95
699,247,2026-05-22,Direct,Completed,188.18
700,248,2025-05-22,Organic Search,Completed,243.44
701,248,2025-09-11,Organic Search,Completed,84.56
702,248,2025-11-23,Organic Search,Completed,25.19
703,248,2025-12-14,Organic Search,Cancelled,173.17
704,248,2026-02-07,Organic Search,Cancelled,91.48
705,248,2026-03-14,Organic Search,Cancelled,269.97
706,249,2024-09-24,Paid Search,Completed,61.52
707,249,2025-01-08,Paid Search,Completed,31.49
708,250,2026-03-14,Paid Search,Completed,35.98
709,251,2025-08-01,Social Media,Returned,343.92
710,251,2025-11-09,Social Media,Completed,59.97
711,251,2026-02-25,Social Media,Completed,242.34
712,251,2026-03-16,Social Media,Completed,170.65
713,251,2026-04-26,Social Media,Completed,127.49
714,251,2026-06-06,Social Media,Completed,53.98
715,252,2025-03-02,Referral,Completed,119.97
716,252,2025-04-07,Referral,Completed,132.93
717,252,2025-06-03,Referral,Completed,267.25
718,252,2025-07-26,Referral,Completed,65.98
719,252,2025-08-26,Referral,Completed,176.93
720,252,2025-11-06,Referral,Completed,62.07
721,252,2026-02-28,Referral,Completed,235.95
722,252,2026-03-13,Referral,Completed,250.31
723,252,2026-04-18,Referral,Completed,84.4
724,252,2026-06-01,Referral,Returned,330.93
725,253,2026-04-16,Email,Completed,395.95
726,253,2026-05-14,Email,Completed,21.99
727,253,2026-06-27,Email,Completed,250.43
728,254,2025-01-23,Social Media,Completed,103.76
729,254,2025-04-27,Social Media,Completed,291.94
730,254,2025-08-07,Social Media,Completed,173.94
731,254,2025-11-13,Social Media,Completed,62.47
732,254,2026-02-18,Social Media,Completed,13.49
733,254,2026-03-20,Social Media,Completed,98.97
734,255,2024-11-15,Organic Search,Completed,398.95
735,255,2025-01-22,Organic Search,Completed,437.16
736,255,2025-01-28,Organic Search,Cancelled,95.97
737,255,2025-02-18,Organic Search,Completed,269.97
738,255,2025-04-24,Organic Search,Completed,208.62
739,255,2025-08-08,Organic Search,Completed,35.98
740,255,2025-11-24,Organic Search,Completed,114.95
741,255,2026-03-05,Organic Search,Returned,76.56
742,255,2026-03-28,Organic Search,Completed,407.22
743,256,2026-02-21,Paid Search,Completed,26.99
744,256,2026-04-17,Paid Search,Completed,104.97
745,257,2026-02-10,Referral,Completed,50.99
746,258,2025-09-06,Organic Search,Cancelled,171.94
747,259,2024-06-06,Paid Search,Returned,99.96
748,259,2024-07-04,Paid Search,Completed,114.72
749,259,2024-09-01,Paid Search,Completed,104.95
750,260,2024-12-13,Organic Search,Completed,62.98
751,261,2024-08-10,Organic Search,Completed,207.97
752,261,2024-08-30,Organic Search,Completed,675.66
753,261,2024-09-12,Organic Search,Completed,177.15
754,261,2024-12-02,Organic Search,Completed,384.89
755,263,2024-11-29,Direct,Completed,309.93
756,263,2025-02-06,Direct,Cancelled,64.98
757,263,2025-03-01,Direct,Completed,376.32
758,263,2025-06-11,Direct,Completed,65.98
759,263,2025-07-13,Direct,Completed,88.96
760,263,2025-09-02,Direct,Completed,44.17
761,264,2024-12-02,Paid Search,Cancelled,449.97
762,264,2025-01-31,Paid Search,Completed,187.97
763,265,2026-01-21,Email,Completed,286.23
764,265,2026-04-23,Email,Cancelled,131.96
765,265,2026-05-22,Email,Completed,399.94
766,265,2026-06-24,Email,Completed,247.95
767,267,2025-05-14,Email,Cancelled,357.9
768,268,2026-06-05,Direct,Completed,148.96
769,269,2025-12-03,Referral,Completed,325.94
770,269,2026-03-31,Referral,Completed,595.8
771,270,2024-08-05,Referral,Cancelled,343.95
772,270,2024-10-16,Referral,Completed,173.96
773,270,2024-11-11,Referral,Completed,141.95
774,270,2024-12-14,Referral,Completed,113.96
775,270,2025-02-01,Referral,Completed,220.46
776,271,2025-01-17,Paid Search,Completed,81.97
777,271,2025-01-27,Paid Search,Returned,199.98
778,272,2025-12-16,Referral,Completed,260.43
779,272,2026-03-16,Referral,Completed,85.97
780,273,2025-09-03,Organic Search,Completed,32.99
781,273,2025-10-31,Organic Search,Completed,149.14
782,273,2026-01-13,Organic Search,Completed,34.99
783,273,2026-02-27,Organic Search,Completed,529.41
784,273,2026-04-24,Organic Search,Completed,116.98
785,273,2026-06-19,Organic Search,Completed,354.96
786,274,2025-07-17,Paid Search,Completed,203.97
787,274,2025-09-06,Paid Search,Completed,264.93
788,274,2025-12-18,Paid Search,Cancelled,27.99
789,274,2026-02-11,Paid Search,Returned,44.97
790,275,2025-05-02,Direct,Completed,74.72
791,275,2025-08-03,Direct,Completed,555.19
792,276,2025-07-05,Direct,Completed,254.64
793,277,2025-12-24,Social Media,Cancelled,604.39
794,277,2026-03-17,Social Media,Completed,428.89
795,278,2026-03-19,Social Media,Completed,94.46
796,279,2025-06-23,Paid Search,Completed,110.96
797,280,2026-03-11,Paid Search,Returned,146.93
798,280,2026-06-19,Paid Search,Completed,175.44
799,281,2025-08-01,Paid Search,Completed,92.95
800,281,2025-11-20,Paid Search,Completed,42.98
801,282,2024-11-29,Social Media,Completed,275.92
802,282,2025-03-02,Social Media,Completed,232.96
803,282,2025-05-08,Social Media,Completed,207.92
804,282,2025-07-31,Social Media,Completed,49.98
805,283,2024-06-18,Referral,Completed,253.95
806,283,2024-07-30,Referral,Completed,99.51
807,283,2024-10-03,Referral,Completed,179.98
808,283,2024-11-17,Referral,Completed,345.96
809,283,2025-01-10,Referral,Completed,389.97
810,283,2025-03-27,Referral,Completed,123.97
811,283,2025-06-07,Referral,Completed,484.94
812,283,2025-08-25,Referral,Completed,381.71
813,284,2024-12-10,Organic Search,Completed,231.95
814,284,2024-12-25,Organic Search,Completed,316.95
815,285,2025-07-27,Organic Search,Completed,53.98
816,285,2025-08-01,Organic Search,Completed,371.01
817,285,2025-10-12,Organic Search,Completed,327.43
818,285,2026-01-17,Organic Search,Cancelled,512.92
819,285,2026-05-05,Organic Search,Completed,17.99
820,285,2026-05-18,Organic Search,Completed,138.96
821,286,2026-03-17,Paid Search,Completed,268.95
822,287,2024-11-11,Direct,Completed,565.67
823,287,2025-01-01,Direct,Completed,428.2
824,287,2025-04-20,Direct,Completed,356.44
825,287,2025-05-17,Direct,Completed,256.44
826,288,2025-11-12,Referral,Cancelled,241.36
827,288,2026-02-18,Referral,Completed,166.93
828,288,2026-04-05,Referral,Completed,57.97
829,288,2026-04-25,Referral,Completed,323.17
830,289,2025-02-13,Email,Completed,62.98
831,289,2025-06-06,Email,Completed,349.92
832,290,2025-05-31,Referral,Completed,518.43
833,291,2024-06-08,Email,Completed,199.42
834,293,2026-01-08,Organic Search,Completed,144.05
835,293,2026-04-19,Organic Search,Completed,29.99
836,294,2024-12-11,Paid Search,Cancelled,83.97
837,294,2025-02-12,Paid Search,Completed,94.46
838,295,2026-03-18,Direct,Completed,175.93
839,295,2026-03-30,Direct,Completed,91.97
840,295,2026-06-18,Direct,Completed,299.98
841,296,2025-11-14,Direct,Completed,52.78
842,297,2025-01-26,Social Media,Completed,236.94
843,297,2025-02-14,Social Media,Completed,149.99
844,298,2026-04-01,Direct,Completed,144.04
845,299,2024-12-10,Social Media,Completed,242.01
846,300,2025-12-29,Social Media,Completed,105.96
847,300,2026-02-13,Social Media,Returned,174.95
848,300,2026-06-06,Social Media,Completed,134.55
849,301,2024-08-10,Paid Search,Completed,439.93
850,301,2024-09-23,Paid Search,Completed,155.95
851,301,2024-10-01,Paid Search,Completed,381.21
852,301,2024-12-01,Paid Search,Completed,169.98
853,301,2024-12-08,Paid Search,Completed,449.96
854,301,2025-01-15,Paid Search,Returned,155.04
855,302,2025-06-29,Referral,Completed,119.97
856,302,2025-10-27,Referral,Completed,288.21
857,302,2025-12-15,Referral,Completed,372.93
858,302,2026-01-04,Referral,Completed,59.99
859,303,2025-05-12,Organic Search,Completed,284.42
860,303,2025-07-13,Organic Search,Completed,14.39
861,303,2025-10-16,Organic Search,Completed,89.97
862,303,2025-12-17,Organic Search,Completed,194.97
863,303,2026-01-01,Organic Search,Returned,176.93
864,304,2026-01-29,Referral,Completed,178.93
865,304,2026-03-01,Referral,Completed,21.59
866,304,2026-06-16,Referral,Completed,144.97
867,305,2024-05-10,Direct,Completed,76.11
868,305,2024-08-12,Direct,Completed,47.99
869,305,2024-10-07,Direct,Completed,80.98
870,305,2024-10-15,Direct,Completed,119.98
871,305,2025-01-13,Direct,Completed,273.93
872,306,2024-09-18,Paid Search,Completed,151.98
873,306,2024-12-10,Paid Search,Completed,50.38
874,307,2024-05-15,Direct,Completed,456.9
875,307,2024-06-02,Direct,Completed,440.43
876,308,2024-12-01,Referral,Completed,110.05
877,308,2025-01-30,Referral,Completed,130.96
878,308,2025-04-14,Referral,Completed,39.98
879,308,2025-05-09,Referral,Completed,89.07
880,308,2025-05-26,Referral,Completed,161.98
881,309,2025-08-30,Paid Search,Completed,31.98
882,309,2025-12-06,Paid Search,Completed,157.05
883,310,2024-05-25,Referral,Completed,227.94
884,310,2024-06-06,Referral,Completed,294.94
885,310,2024-07-29,Referral,Completed,169.94
886,310,2024-10-17,Referral,Completed,105.95
887,310,2025-01-22,Referral,Completed,168.35
888,310,2025-03-22,Referral,Completed,218.93
889,310,2025-05-14,Referral,Completed,242.04
890,310,2025-07-06,Referral,Completed,99.95
891,311,2025-12-25,Direct,Completed,449.97
892,311,2026-02-17,Direct,Completed,405.13
893,311,2026-06-03,Direct,Completed,216.95
894,312,2025-09-17,Social Media,Returned,165.96
895,312,2025-12-27,Social Media,Returned,68.86
896,312,2026-04-22,Social Media,Completed,284.93
897,313,2025-09-25,Social Media,Completed,55.98
898,313,2025-11-04,Social Media,Completed,281.43
899,314,2026-03-10,Email,Completed,134.97
900,314,2026-06-18,Email,Completed,452.04
901,315,2025-03-22,Direct,Completed,339.93
902,315,2025-05-16,Direct,Completed,194.93
903,315,2025-08-08,Direct,Completed,226.94
904,315,2025-09-22,Direct,Completed,22.49
905,315,2025-12-28,Direct,Completed,115.77
906,315,2026-02-19,Direct,Cancelled,18.99
907,316,2025-07-15,Social Media,Completed,269.97
908,316,2025-10-26,Social Media,Completed,608.9
909,317,2026-02-22,Social Media,Completed,107.97
910,318,2025-03-08,Email,Completed,323.67
911,318,2025-05-30,Email,Completed,319.93
912,319,2024-07-01,Social Media,Completed,184.3
913,320,2025-03-31,Direct,Completed,707.91
914,320,2025-04-11,Direct,Completed,437.93
915,322,2024-09-13,Social Media,Completed,24.99
916,322,2024-12-17,Social Media,Returned,48.42
917,323,2025-06-02,Organic Search,Completed,248.93
918,323,2025-06-17,Organic Search,Completed,289.03
919,324,2025-04-27,Social Media,Completed,34.99
920,324,2025-06-03,Social Media,Completed,590.89
921,325,2025-05-17,Referral,Returned,445.46
922,325,2025-07-25,Referral,Completed,243.04
923,325,2025-10-21,Referral,Completed,49.98
924,326,2025-01-04,Social Media,Completed,150.12
925,326,2025-04-14,Social Media,Completed,209.94
926,326,2025-04-28,Social Media,Cancelled,478.74
927,326,2025-08-16,Social Media,Completed,252.95
928,326,2025-09-08,Social Media,Completed,296.95
929,327,2025-01-31,Social Media,Completed,352.93
930,327,2025-03-23,Social Media,Completed,331.39
931,328,2025-01-03,Social Media,Completed,449.97
932,328,2025-03-13,Social Media,Completed,313.72
933,328,2025-04-06,Social Media,Cancelled,89.98
934,328,2025-07-09,Social Media,Completed,169.19
935,329,2024-10-06,Referral,Completed,524.94
936,329,2025-01-20,Referral,Completed,98.97
937,329,2025-01-28,Referral,Completed,99.97
938,329,2025-05-04,Referral,Completed,184.98
939,329,2025-06-07,Referral,Completed,35.99
940,330,2026-05-28,Referral,Completed,59.99
941,331,2026-02-09,Social Media,Completed,12.74
942,331,2026-03-10,Social Media,Completed,35.99
943,332,2025-12-16,Referral,Completed,219.94
944,332,2026-03-27,Referral,Completed,140.95
945,332,2026-06-26,Referral,Completed,35.99
946,333,2026-02-20,Referral,Completed,263.91
947,333,2026-04-21,Referral,Returned,465.91
948,334,2025-12-15,Direct,Completed,410.13
949,335,2026-05-23,Organic Search,Completed,114.98
950,336,2025-12-30,Social Media,Completed,475.15
951,336,2026-03-29,Social Media,Completed,18.99
952,337,2024-07-01,Organic Search,Completed,47.58
953,337,2024-07-08,Organic Search,Completed,257.96
954,338,2026-03-21,Social Media,Completed,229.95
955,339,2025-01-13,Referral,Cancelled,231.01
956,339,2025-04-05,Referral,Completed,67.47
957,340,2024-11-26,Organic Search,Completed,448.68
958,340,2025-03-23,Organic Search,Returned,120.94
959,340,2025-07-12,Organic Search,Completed,419.96
960,340,2025-07-17,Organic Search,Completed,17.99
961,340,2025-09-11,Organic Search,Completed,318.95
962,340,2025-11-19,Organic Search,Completed,200.03
963,341,2026-02-28,Referral,Completed,299.98
964,341,2026-05-13,Referral,Cancelled,177.45
965,342,2025-07-24,Social Media,Completed,195.01
966,342,2025-10-09,Social Media,Completed,119.98
967,342,2025-12-08,Social Media,Completed,79.98
968,342,2026-03-12,Social Media,Completed,94.47
969,343,2026-01-10,Social Media,Completed,785.92
970,343,2026-05-04,Social Media,Completed,54.97
971,344,2025-04-27,Email,Completed,106.47
972,345,2024-07-19,Organic Search,Completed,269.98
973,346,2025-01-11,Direct,Completed,234.95
974,346,2025-02-17,Direct,Completed,308.96
975,346,2025-05-02,Direct,Completed,231.91
976,346,2025-05-29,Direct,Completed,192.97
977,346,2025-07-15,Direct,Completed,448.92
978,346,2025-09-30,Direct,Completed,19.99
979,347,2026-04-22,Direct,Completed,107.98
980,347,2026-06-05,Direct,Completed,71.99
981,347,2026-06-22,Direct,Completed,136.54
982,348,2025-02-10,Paid Search,Completed,316.49
983,349,2025-07-05,Direct,Completed,206.15
984,349,2025-07-20,Direct,Completed,201.52
985,349,2025-10-14,Direct,Cancelled,258.95
986,350,2026-02-13,Paid Search,Completed,51.27
987,350,2026-05-15,Paid Search,Completed,242.97
988,350,2026-05-28,Paid Search,Completed,222.92
989,350,2026-06-06,Paid Search,Completed,376.92
990,351,2025-01-04,Social Media,Completed,78.96
991,352,2025-08-07,Referral,Completed,462.89
992,352,2025-08-17,Referral,Completed,112.47
993,353,2025-08-12,Paid Search,Completed,364.45
994,353,2025-11-22,Paid Search,Completed,94.97
995,353,2025-12-06,Paid Search,Completed,462.93
996,354,2025-07-10,Direct,Completed,100.25
997,355,2025-11-02,Referral,Completed,382.94
998,355,2026-02-28,Referral,Cancelled,159.98
999,356,2025-06-27,Organic Search,Cancelled,315.52
1000,356,2025-10-19,Organic Search,Completed,123.95
1001,356,2025-12-13,Organic Search,Completed,155.96
1002,356,2026-02-03,Organic Search,Completed,52.67
1003,356,2026-02-24,Organic Search,Completed,136.44
1004,356,2026-06-10,Organic Search,Completed,110.94
1005,357,2026-01-09,Paid Search,Completed,89.99
1006,357,2026-03-19,Paid Search,Completed,146.93
1007,358,2025-09-01,Direct,Completed,239.97
1008,358,2025-12-05,Direct,Completed,314.94
1009,359,2026-02-04,Social Media,Cancelled,306.29
1010,360,2025-12-24,Referral,Completed,104.96
1011,361,2025-10-16,Referral,Completed,234.38
1012,361,2025-12-13,Referral,Returned,436.13
1013,361,2026-01-03,Referral,Completed,181.51
1014,362,2026-05-13,Email,Completed,304.97
1015,363,2025-12-14,Referral,Completed,341.94
1016,363,2026-04-04,Referral,Completed,232.92
1017,363,2026-04-20,Referral,Completed,89.98
1018,365,2026-06-05,Organic Search,Completed,169.95
1019,366,2024-04-10,Social Media,Completed,149.88
1020,366,2024-06-07,Social Media,Completed,37.98
1021,366,2024-07-29,Social Media,Returned,637.91
1022,366,2024-09-10,Social Media,Completed,304.73
1023,366,2024-12-22,Social Media,Completed,325.95
1024,366,2025-01-17,Social Media,Completed,114.98
1025,366,2025-02-09,Social Media,Completed,452.76
1026,367,2025-03-03,Email,Returned,196.71
1027,367,2025-05-23,Email,Completed,180.79
1028,367,2025-08-21,Email,Completed,91.53
1029,367,2025-09-25,Email,Completed,229.93
1030,367,2025-11-18,Email,Cancelled,279.83
1031,367,2026-03-18,Email,Cancelled,270.34
1032,367,2026-06-24,Email,Completed,272.95
1033,368,2024-10-27,Referral,Completed,234.95
1034,368,2024-12-28,Referral,Completed,196.96
1035,368,2025-03-18,Referral,Returned,336.93
1036,368,2025-04-17,Referral,Completed,229.96
1037,368,2025-08-03,Referral,Completed,453.42
1038,368,2025-11-21,Referral,Completed,224.96
1039,369,2025-11-11,Paid Search,Completed,56.17
1040,369,2026-03-11,Paid Search,Completed,205.79
1041,369,2026-05-22,Paid Search,Completed,347.95
1042,370,2026-01-19,Organic Search,Completed,20.69
1043,371,2024-04-21,Organic Search,Completed,320.44
1044,372,2025-05-13,Referral,Completed,62.48
1045,373,2024-07-23,Paid Search,Completed,102.48
1046,373,2024-10-24,Paid Search,Completed,271.95
1047,373,2024-11-02,Paid Search,Completed,179.97
1048,373,2024-12-27,Paid Search,Completed,59.97
1049,374,2025-11-12,Social Media,Completed,105.24
1050,374,2025-12-17,Social Media,Completed,455.95
1051,374,2026-02-26,Social Media,Completed,189.45
1052,374,2026-06-25,Social Media,Completed,198.97
1053,375,2025-02-28,Paid Search,Completed,29.98
1054,376,2026-01-31,Email,Completed,29.74
1055,376,2026-03-02,Email,Completed,79.98
1056,376,2026-04-26,Email,Completed,60.26
1057,377,2024-07-24,Organic Search,Completed,380.34
1058,377,2024-08-17,Organic Search,Completed,221.96
1059,377,2024-09-10,Organic Search,Completed,372.96
1060,377,2024-10-30,Organic Search,Completed,226.81
1061,377,2024-12-05,Organic Search,Completed,14.99
1062,378,2024-06-24,Social Media,Completed,227.95
1063,378,2024-10-05,Social Media,Completed,295.94
1064,378,2025-01-18,Social Media,Completed,375.33
1065,378,2025-02-24,Social Media,Completed,68.17
1066,378,2025-04-04,Social Media,Completed,395.93
1067,379,2026-05-18,Organic Search,Completed,282.08
1068,380,2026-01-05,Direct,Completed,299.98
1069,380,2026-02-04,Direct,Completed,423.91
1070,380,2026-04-12,Direct,Cancelled,79.96
1071,381,2024-05-28,Paid Search,Returned,391.27
1072,381,2024-06-27,Paid Search,Completed,65.98
1073,382,2025-12-06,Social Media,Returned,167.46
1074,383,2024-07-04,Email,Completed,235.93
1075,383,2024-07-26,Email,Completed,332.31
1076,383,2024-08-11,Email,Completed,162.97
1077,383,2024-09-27,Email,Completed,542.13
1078,384,2026-02-27,Social Media,Completed,89.07
1079,385,2024-12-08,Email,Completed,114.26
1080,386,2025-01-05,Organic Search,Completed,104.97
1081,387,2025-04-04,Paid Search,Completed,392.76
1082,387,2025-07-15,Paid Search,Completed,338.52
1083,387,2025-10-28,Paid Search,Completed,362.92
1084,387,2026-01-31,Paid Search,Cancelled,223.54
1085,387,2026-05-13,Paid Search,Completed,419.96
1086,388,2026-06-07,Referral,Cancelled,321.45
1087,388,2026-06-26,Referral,Completed,89.98
1088,389,2024-02-21,Paid Search,Completed,144.1
1089,389,2024-06-13,Paid Search,Completed,404.97
1090,389,2024-08-29,Paid Search,Completed,382.47
1091,389,2024-09-16,Paid Search,Completed,76.47
1092,389,2024-11-02,Paid Search,Completed,510.92
1093,389,2024-11-07,Paid Search,Completed,155.94
1094,389,2024-12-10,Paid Search,Completed,45.02
1095,389,2025-01-08,Paid Search,Completed,39.98
1096,389,2025-03-12,Paid Search,Completed,225.95
1097,389,2025-05-20,Paid Search,Completed,266.13
1098,389,2025-06-13,Paid Search,Cancelled,79.18
1099,389,2025-08-13,Paid Search,Cancelled,129.98
1100,389,2025-08-22,Paid Search,Completed,491.94
1101,389,2025-11-06,Paid Search,Completed,270.96
1102,391,2024-12-04,Email,Completed,149.99
1103,391,2025-01-29,Email,Completed,25.49
1104,391,2025-03-04,Email,Completed,315.95
1105,392,2024-06-07,Organic Search,Completed,129.98
1106,392,2024-08-12,Organic Search,Completed,314.95
1107,392,2024-12-10,Organic Search,Completed,104.55
1108,392,2024-12-18,Organic Search,Completed,299.96
1109,392,2025-04-04,Organic Search,Completed,35.98
1110,394,2024-12-19,Email,Completed,266.93
1111,395,2024-09-22,Paid Search,Cancelled,233.03
1112,396,2025-01-12,Referral,Completed,351.03
1113,396,2025-03-01,Referral,Completed,478.93
1114,396,2025-05-18,Referral,Completed,34.99
1115,396,2025-06-03,Referral,Returned,55.98
1116,396,2025-06-13,Referral,Completed,486.94
1117,396,2025-06-24,Referral,Completed,565.91
1118,397,2024-07-13,Direct,Cancelled,44.99
1119,397,2024-08-05,Direct,Cancelled,253.94
1120,398,2025-08-31,Organic Search,Completed,351.43
1121,398,2025-09-30,Organic Search,Completed,404.92
1122,398,2025-11-16,Organic Search,Completed,271.51
1123,398,2026-02-16,Organic Search,Completed,524.42
1124,398,2026-04-15,Organic Search,Completed,174.97
1125,399,2024-07-29,Email,Completed,352.91
1126,399,2024-08-22,Email,Completed,31.98
1127,400,2024-12-23,Paid Search,Completed,475.92
1128,400,2025-01-16,Paid Search,Completed,53.97
1129,401,2024-06-22,Email,Completed,159.94
1130,401,2024-07-25,Email,Completed,119.98
1131,402,2024-11-03,Organic Search,Completed,32.99
1132,402,2024-11-27,Organic Search,Completed,105.55
1133,402,2024-12-16,Organic Search,Completed,229.96
1134,403,2025-09-27,Email,Completed,69.98
1135,403,2025-12-09,Email,Completed,397.75
1136,404,2025-03-01,Email,Completed,322.11
1137,404,2025-04-30,Email,Completed,64.78
1138,406,2024-05-31,Paid Search,Completed,209.95
1139,406,2024-07-07,Paid Search,Completed,134.97
1140,406,2024-09-15,Paid Search,Cancelled,33.98
1141,407,2025-11-15,Organic Search,Completed,516.92
1142,407,2025-12-18,Organic Search,Completed,758.71
1143,407,2026-02-04,Organic Search,Completed,289.8
1144,407,2026-03-26,Organic Search,Completed,143.96
1145,407,2026-04-07,Organic Search,Completed,252.2
1146,408,2026-01-22,Email,Completed,92.97
1147,408,2026-04-18,Email,Completed,252.95
1148,409,2024-06-06,Referral,Completed,180.96
1149,409,2024-09-12,Referral,Returned,191.84
1150,409,2024-12-23,Referral,Completed,159.98
1151,409,2025-01-09,Referral,Completed,160.57
1152,409,2025-04-03,Referral,Completed,644.88
1153,409,2025-05-22,Referral,Completed,80.36
1154,410,2024-08-17,Email,Completed,239.92
1155,410,2024-11-02,Email,Cancelled,242.95
1156,410,2024-11-08,Email,Completed,293.93
1157,410,2025-01-27,Email,Returned,200.53
1158,410,2025-03-31,Email,Completed,122.48
1159,410,2025-07-16,Email,Completed,419.94
1160,410,2025-09-10,Email,Completed,143.98
1161,410,2025-11-22,Email,Completed,146.25
1162,410,2025-12-18,Email,Completed,69.98
1163,410,2026-02-19,Email,Completed,147.2
1164,410,2026-02-24,Email,Completed,196.95
1165,410,2026-05-10,Email,Completed,123.94
1166,411,2025-10-03,Social Media,Completed,223.93
1167,412,2024-07-18,Paid Search,Completed,229.16
1168,413,2026-04-18,Referral,Completed,35.99
1169,413,2026-05-19,Referral,Completed,59.99
1170,414,2025-03-16,Direct,Cancelled,479.93
1171,414,2025-05-11,Direct,Completed,222.95
1172,415,2024-08-06,Direct,Completed,402.43
1173,415,2024-09-17,Direct,Completed,45.98
1174,416,2026-05-09,Paid Search,Completed,166.95
1175,416,2026-06-23,Paid Search,Completed,299.98
1176,417,2025-01-13,Direct,Completed,119.97
1177,417,2025-02-03,Direct,Completed,53.97
1178,417,2025-03-10,Direct,Cancelled,195.96
1179,418,2025-10-15,Organic Search,Completed,449.92
1180,418,2025-11-10,Organic Search,Completed,588.54
1181,418,2026-01-11,Organic Search,Completed,230.94
1182,418,2026-02-19,Organic Search,Completed,170.93
1183,418,2026-06-10,Organic Search,Completed,311.64
1184,419,2024-03-08,Paid Search,Completed,89.99
1185,419,2024-04-09,Paid Search,Completed,129.99
1186,419,2024-07-05,Paid Search,Completed,452.94
1187,420,2025-01-16,Referral,Completed,245.42
1188,421,2026-01-05,Email,Completed,80.96
1189,421,2026-03-16,Email,Completed,34.18
1190,422,2026-05-26,Referral,Completed,242.93
1191,423,2026-02-16,Direct,Completed,119.95
1192,423,2026-04-17,Direct,Completed,225.95
1193,424,2024-08-22,Direct,Completed,12.74
1194,424,2024-11-22,Direct,Completed,258.97
1195,424,2025-01-03,Direct,Cancelled,187.45
1196,424,2025-02-15,Direct,Completed,334.41
1197,424,2025-05-27,Direct,Completed,27.99
1198,424,2025-06-10,Direct,Completed,118.38
1199,424,2025-10-03,Direct,Completed,51.99
1200,424,2026-01-12,Direct,Completed,93.36
1201,424,2026-03-08,Direct,Returned,17.99
1202,424,2026-06-02,Direct,Completed,178.45
1203,424,2026-06-17,Direct,Completed,210.83
1204,425,2025-08-09,Paid Search,Completed,512.7
1205,425,2025-11-28,Paid Search,Completed,28.78
1206,425,2025-12-04,Paid Search,Completed,575.92
1207,425,2026-02-21,Paid Search,Completed,335.96
1208,425,2026-06-16,Paid Search,Completed,269.97
1209,426,2025-11-29,Social Media,Completed,129.94
1210,426,2026-03-05,Social Media,Completed,458.91
1211,426,2026-06-10,Social Media,Completed,44.08
1212,427,2025-03-08,Organic Search,Completed,154.14
1213,427,2025-05-24,Organic Search,Completed,375.93
1214,428,2025-02-28,Social Media,Completed,203.93
1215,429,2024-06-30,Organic Search,Completed,397.94
1216,429,2024-09-02,Organic Search,Returned,201.98
1217,429,2024-09-12,Organic Search,Returned,53.99
1218,429,2024-11-25,Organic Search,Completed,468.56
1219,429,2025-02-24,Organic Search,Completed,104.97
1220,429,2025-04-10,Organic Search,Completed,55.98
1221,430,2024-05-13,Paid Search,Completed,353.96
1222,430,2024-08-23,Paid Search,Completed,210.91
1223,430,2024-10-01,Paid Search,Cancelled,56.08
1224,430,2024-12-16,Paid Search,Returned,143.98
1225,430,2025-03-29,Paid Search,Completed,206.95
1226,430,2025-06-06,Paid Search,Completed,298.32
1227,431,2024-12-29,Social Media,Completed,17.99
1228,431,2025-01-17,Social Media,Cancelled,148.95
1229,431,2025-02-24,Social Media,Completed,20.69
1230,431,2025-03-22,Social Media,Completed,57.97
1231,432,2024-06-14,Paid Search,Completed,353.91
1232,433,2025-08-01,Paid Search,Completed,74.37
1233,434,2025-06-03,Social Media,Returned,382.97
1234,434,2025-09-10,Social Media,Completed,270.55
1235,435,2024-08-19,Referral,Completed,556.43
1236,436,2026-05-25,Social Media,Completed,206.97
1237,437,2025-05-04,Email,Completed,149.99
1238,437,2025-06-20,Email,Completed,539.94
1239,437,2025-08-16,Email,Returned,79.98
1240,437,2025-11-06,Email,Completed,49.98
1241,437,2025-12-23,Email,Returned,79.98
1242,437,2026-02-25,Email,Completed,65.98
1243,437,2026-03-13,Email,Completed,275.28
1244,437,2026-04-19,Email,Completed,160.96
1245,437,2026-04-24,Email,Completed,336.46
1246,437,2026-05-17,Email,Completed,418.03
1247,438,2024-11-09,Email,Completed,339.94
1248,438,2024-11-30,Email,Completed,59.38
1249,439,2024-07-15,Direct,Completed,125.94
1250,439,2024-09-06,Direct,Completed,67.47
1251,440,2025-10-01,Direct,Completed,69.98
1252,440,2025-11-26,Direct,Returned,136.42
1253,441,2025-06-03,Referral,Completed,119.97
1254,442,2025-11-29,Social Media,Completed,221.95
1255,442,2025-12-08,Social Media,Completed,239.96
1256,442,2026-03-15,Social Media,Completed,233.96
1257,442,2026-04-18,Social Media,Completed,178.96
1258,442,2026-06-29,Social Media,Completed,439.95
1259,444,2025-03-18,Organic Search,Completed,237.94
1260,444,2025-05-13,Organic Search,Completed,19.99
1261,444,2025-07-23,Organic Search,Completed,49.98
1262,444,2025-11-07,Organic Search,Completed,215.97
1263,444,2026-01-31,Organic Search,Completed,339.56
1264,444,2026-04-20,Organic Search,Completed,521.92
1265,446,2026-04-18,Paid Search,Completed,47.99
1266,447,2025-03-20,Referral,Completed,440.81
1267,447,2025-05-11,Referral,Completed,267.55
1268,448,2024-02-21,Direct,Completed,495.93
1269,450,2025-05-14,Email,Completed,816.92
1270,450,2025-07-27,Email,Cancelled,229.17
1271,450,2025-09-06,Email,Returned,462.46
1272,450,2025-11-13,Email,Completed,406.96
1273,450,2025-12-16,Email,Completed,316.91
1274,450,2026-03-18,Email,Completed,29.69
1275,451,2024-10-09,Social Media,Completed,286.95
1276,451,2024-12-05,Social Media,Completed,449.97
1277,451,2024-12-28,Social Media,Completed,50.97
1278,451,2025-01-24,Social Media,Completed,119.95
1279,451,2025-02-01,Social Media,Completed,312.95
1280,451,2025-05-21,Social Media,Completed,194.36
1281,451,2025-07-18,Social Media,Returned,324.94
1282,451,2025-11-02,Social Media,Completed,120.56
1283,451,2026-01-17,Social Media,Returned,89.98
1284,451,2026-02-11,Social Media,Cancelled,53.97
1285,451,2026-04-15,Social Media,Completed,196.97
1286,452,2024-08-29,Social Media,Cancelled,370.02
1287,452,2024-10-10,Social Media,Completed,21.99
1288,452,2025-01-04,Social Media,Completed,95.98
1289,452,2025-01-22,Social Media,Completed,160.45
1290,452,2025-03-07,Social Media,Completed,592.42
1291,452,2025-04-26,Social Media,Completed,211.83
1292,452,2025-08-07,Social Media,Completed,117.7
1293,452,2025-10-26,Social Media,Completed,104.94
1294,452,2026-01-07,Social Media,Completed,162.95
1295,452,2026-04-06,Social Media,Completed,17.99
1296,452,2026-04-14,Social Media,Completed,288.82
1297,452,2026-06-07,Social Media,Completed,29.99
1298,453,2026-06-25,Paid Search,Completed,16.99
1299,454,2025-02-23,Direct,Completed,761.89
1300,454,2025-05-19,Direct,Completed,71.06
1301,454,2025-06-26,Direct,Completed,149.56
1302,454,2025-08-26,Direct,Completed,401.45
1303,454,2025-10-26,Direct,Completed,40.49
1304,454,2026-01-15,Direct,Completed,154.97
1305,456,2024-12-11,Social Media,Returned,530.94
1306,456,2025-02-03,Social Media,Completed,155.69
1307,456,2025-02-08,Social Media,Completed,149.83
1308,456,2025-04-18,Social Media,Completed,104.81
1309,456,2025-05-10,Social Media,Completed,292.43
1310,456,2025-08-08,Social Media,Completed,193.14
1311,457,2024-12-12,Paid Search,Completed,414.93
1312,457,2025-01-19,Paid Search,Cancelled,148.46
1313,458,2025-03-12,Email,Completed,282.45
1314,458,2025-03-26,Email,Completed,599.95
1315,458,2025-07-12,Email,Completed,401.69
1316,459,2025-02-06,Paid Search,Completed,337.95
1317,459,2025-03-14,Paid Search,Completed,343.53
1318,459,2025-04-05,Paid Search,Completed,222.94
1319,459,2025-07-04,Paid Search,Completed,404.82
1320,459,2025-09-01,Paid Search,Completed,516.91
1321,459,2025-10-09,Paid Search,Completed,298.43
1322,459,2026-01-21,Paid Search,Completed,243.93
1323,459,2026-05-02,Paid Search,Completed,532.43
1324,460,2026-02-24,Direct,Completed,448.91
1325,460,2026-06-23,Direct,Completed,479.3
1326,461,2026-01-25,Paid Search,Completed,338.92
1327,461,2026-03-31,Paid Search,Completed,179.91
1328,462,2026-03-02,Social Media,Completed,254.93
1329,462,2026-06-15,Social Media,Completed,144.46
1330,463,2025-05-13,Referral,Completed,64.68
1331,463,2025-09-01,Referral,Completed,288.94
1332,463,2025-10-13,Referral,Completed,255.92
1333,464,2025-12-10,Referral,Completed,76.47
1334,464,2026-01-06,Referral,Completed,148.56
1335,465,2024-11-29,Email,Completed,157.96
1336,465,2025-03-17,Email,Returned,260.83
1337,465,2025-04-14,Email,Completed,285.95
1338,465,2025-06-13,Email,Returned,11.99
1339,467,2026-03-09,Social Media,Cancelled,318.21
1340,467,2026-06-16,Social Media,Completed,311.97
1341,468,2025-01-11,Direct,Cancelled,79.99
1342,469,2025-07-16,Referral,Returned,799.93
1343,470,2026-03-19,Paid Search,Returned,216.8
1344,470,2026-03-24,Paid Search,Completed,363.94
1345,470,2026-04-19,Paid Search,Completed,32.28
1346,470,2026-05-24,Paid Search,Completed,80.51
1347,471,2024-09-15,Email,Completed,120.37
1348,471,2025-01-01,Email,Completed,63.72
1349,471,2025-02-03,Email,Returned,343.04
1350,472,2025-04-18,Organic Search,Completed,119.98
1351,472,2025-05-13,Organic Search,Completed,80.46
1352,473,2025-06-16,Direct,Completed,174.93
1353,473,2025-10-10,Direct,Completed,109.97
1354,473,2025-10-24,Direct,Completed,109.05
1355,474,2025-03-13,Social Media,Completed,182.97
1356,474,2025-04-10,Social Media,Completed,129.99
1357,474,2025-06-01,Social Media,Completed,654.17
1358,474,2025-06-24,Social Media,Completed,367.44
1359,475,2026-03-20,Paid Search,Completed,35.98
1360,476,2025-11-29,Social Media,Completed,20.69
1361,476,2025-12-21,Social Media,Completed,40.49
1362,477,2025-09-09,Organic Search,Completed,369.93
1363,478,2024-09-21,Referral,Completed,165.95
1364,479,2024-12-28,Direct,Completed,313.43
1365,480,2026-06-22,Social Media,Completed,271.93
1366,481,2025-01-27,Paid Search,Completed,197.92
1367,481,2025-02-18,Paid Search,Completed,155.95
1368,481,2025-05-08,Paid Search,Completed,173.95
1369,481,2025-06-02,Paid Search,Completed,129.95
1370,481,2025-09-28,Paid Search,Returned,219.94
1371,481,2025-11-03,Paid Search,Cancelled,134.97
1372,483,2024-07-27,Organic Search,Completed,422.94
1373,483,2024-09-16,Organic Search,Completed,76.47
1374,484,2025-03-13,Email,Completed,27.99
1375,485,2025-12-19,Organic Search,Completed,204.95
1376,486,2025-12-26,Organic Search,Completed,34.99
1377,487,2026-04-22,Paid Search,Completed,398.32
1378,487,2026-06-11,Paid Search,Completed,217.96
1379,488,2025-01-28,Paid Search,Completed,164.96
1380,488,2025-05-04,Paid Search,Completed,749.92
1381,488,2025-05-31,Paid Search,Completed,262.93
1382,489,2024-04-21,Organic Search,Completed,219.51
1383,490,2025-02-01,Paid Search,Completed,71.97
1384,490,2025-02-15,Paid Search,Completed,221.36
1385,491,2025-02-02,Organic Search,Completed,59.48
1386,491,2025-05-16,Organic Search,Completed,309.97
1387,492,2025-12-07,Social Media,Completed,242.93
1388,492,2026-01-21,Social Media,Completed,380.92
1389,493,2024-09-23,Social Media,Completed,154.92
1390,494,2026-02-14,Referral,Returned,193.45
1391,494,2026-06-08,Referral,Completed,478.58
1392,494,2026-06-24,Referral,Completed,59.99
1393,495,2026-03-01,Paid Search,Completed,69.98
1394,495,2026-06-03,Paid Search,Completed,270.94
1395,496,2025-04-25,Email,Completed,197.0
1396,497,2025-05-24,Email,Completed,291.89
1397,498,2026-02-15,Referral,Completed,143.98
1398,498,2026-05-04,Referral,Completed,413.82
1399,499,2026-02-23,Referral,Returned,197.64
1400,499,2026-04-02,Referral,Completed,457.94
1401,499,2026-05-28,Referral,Completed,35.99
1402,500,2025-10-16,Paid Search,Completed,56.07
1403,500,2025-11-10,Paid Search,Completed,276.97
1404,500,2025-12-14,Paid Search,Completed,192.34
1405,500,2026-03-04,Paid Search,Completed,55.57
1406,500,2026-05-29,Paid Search,Completed,49.98
1407,501,2024-08-15,Paid Search,Completed,208.91
1408,501,2024-10-24,Paid Search,Completed,488.91
1409,501,2025-01-29,Paid Search,Completed,411.91
1410,501,2025-04-11,Paid Search,Completed,44.98
1411,501,2025-05-18,Paid Search,Cancelled,60.98
1412,501,2025-08-30,Paid Search,Completed,663.91
1413,502,2025-08-28,Social Media,Cancelled,64.99
1414,502,2025-11-08,Social Media,Completed,163.14
1415,502,2026-01-18,Social Media,Completed,219.93
1416,502,2026-03-18,Social Media,Cancelled,45.87
1417,502,2026-05-11,Social Media,Completed,329.95
1418,502,2026-06-02,Social Media,Completed,59.97
1419,503,2025-05-02,Email,Completed,212.92
1420,503,2025-07-12,Email,Completed,248.81
1421,503,2025-08-13,Email,Completed,22.39
1422,503,2025-09-06,Email,Returned,540.49
1423,503,2025-12-17,Email,Completed,359.95
1424,504,2024-06-04,Direct,Completed,268.07
1425,504,2024-09-22,Direct,Completed,112.95
1426,505,2024-09-08,Email,Cancelled,805.9
1427,505,2024-11-26,Email,Completed,197.65
1428,505,2025-02-06,Email,Completed,355.95
1429,505,2025-02-20,Email,Returned,399.91
1430,506,2026-05-22,Direct,Completed,419.91
1431,507,2024-08-26,Referral,Completed,357.92
1432,508,2025-07-14,Referral,Completed,39.98
1433,508,2025-10-10,Referral,Returned,537.22
1434,508,2026-01-16,Referral,Cancelled,59.98
1435,509,2025-11-27,Social Media,Completed,563.3
1436,510,2026-04-13,Organic Search,Completed,188.95
1437,510,2026-04-25,Organic Search,Completed,170.97
1438,510,2026-06-23,Organic Search,Completed,39.98
1439,511,2025-07-26,Direct,Completed,65.98
1440,511,2025-08-16,Direct,Completed,134.97
1441,511,2025-11-09,Direct,Cancelled,383.92
1442,511,2025-12-21,Direct,Completed,40.49
1443,511,2026-02-03,Direct,Completed,129.99
1444,511,2026-02-17,Direct,Completed,166.25
1445,512,2024-05-23,Direct,Completed,83.97
1446,512,2024-06-02,Direct,Completed,163.92
1447,512,2024-08-04,Direct,Completed,240.93
1448,512,2024-09-12,Direct,Completed,155.98
1449,513,2026-04-04,Email,Completed,64.27
1450,513,2026-04-18,Email,Completed,134.97
1451,514,2024-09-12,Referral,Completed,444.2
1452,514,2024-10-21,Referral,Completed,220.59
1453,514,2024-12-30,Referral,Completed,98.44
1454,514,2025-04-05,Referral,Completed,276.92
1455,514,2025-04-11,Referral,Completed,259.98
1456,514,2025-05-25,Referral,Completed,269.93
1457,516,2026-01-28,Referral,Completed,269.97
1458,516,2026-05-18,Referral,Completed,404.92
1459,517,2025-12-27,Email,Returned,748.17
1460,517,2026-01-25,Email,Completed,366.9
1461,517,2026-02-04,Email,Completed,65.97
1462,517,2026-05-09,Email,Completed,306.44
1463,518,2026-02-02,Email,Completed,99.72
1464,518,2026-05-01,Email,Completed,147.76
1465,519,2025-07-28,Organic Search,Completed,192.09
1466,519,2025-11-08,Organic Search,Completed,214.96
1467,520,2026-03-16,Direct,Completed,433.94
1468,520,2026-06-02,Direct,Completed,15.19
1469,521,2026-03-02,Referral,Completed,405.94
1470,521,2026-03-13,Referral,Completed,79.99
1471,521,2026-05-07,Referral,Completed,18.99
1472,522,2025-12-26,Social Media,Completed,183.92
1473,522,2026-04-04,Social Media,Completed,299.98
1474,522,2026-06-25,Social Media,Completed,323.95
1475,523,2025-08-22,Paid Search,Completed,251.96
1476,523,2025-09-13,Paid Search,Completed,239.93
1477,523,2025-12-22,Paid Search,Completed,255.95
1478,523,2026-03-28,Paid Search,Completed,173.13
1479,525,2024-08-10,Referral,Completed,594.92
1480,525,2024-08-18,Referral,Completed,319.95
1481,526,2025-03-13,Email,Completed,31.98
1482,527,2024-01-19,Paid Search,Completed,169.98
1483,527,2024-03-04,Paid Search,Completed,127.97
1484,528,2025-10-19,Direct,Completed,571.93
1485,528,2026-01-20,Direct,Cancelled,354.7
1486,528,2026-03-16,Direct,Completed,349.94
1487,529,2025-04-07,Direct,Completed,117.95
1488,529,2025-05-05,Direct,Returned,140.25
1489,529,2025-06-25,Direct,Completed,530.94
1490,529,2025-10-08,Direct,Completed,123.97
1491,530,2024-07-28,Organic Search,Completed,319.45
1492,530,2024-09-04,Organic Search,Completed,351.93
1493,530,2024-11-21,Organic Search,Completed,35.98
1494,531,2026-02-20,Paid Search,Completed,314.94
1495,532,2025-11-01,Social Media,Completed,490.91
1496,532,2026-01-24,Social Media,Completed,94.47
1497,532,2026-03-01,Social Media,Completed,174.46
1498,532,2026-05-08,Social Media,Completed,310.91
1499,533,2024-11-29,Organic Search,Completed,455.94
1500,533,2024-12-21,Organic Search,Completed,16.19
1501,533,2025-04-06,Organic Search,Completed,299.98
1502,533,2025-07-06,Organic Search,Completed,198.19
1503,533,2025-07-12,Organic Search,Completed,302.47
1504,534,2026-05-04,Email,Completed,298.33
1505,534,2026-06-05,Email,Returned,526.1
1506,534,2026-06-14,Email,Completed,273.82
1507,535,2024-08-17,Organic Search,Completed,78.97
1508,535,2024-10-31,Organic Search,Completed,21.99
1509,536,2025-09-14,Referral,Cancelled,56.68
1510,536,2025-11-13,Referral,Completed,431.96
1511,537,2026-06-17,Referral,Completed,296.94
1512,537,2026-06-30,Referral,Completed,380.95
1513,538,2025-03-04,Paid Search,Completed,115.47
1514,538,2025-04-10,Paid Search,Completed,456.93
1515,539,2024-11-30,Social Media,Completed,269.73
1516,539,2025-01-24,Social Media,Completed,14.99
1517,539,2025-02-16,Social Media,Completed,599.91
1518,539,2025-05-17,Social Media,Cancelled,184.93
1519,540,2025-10-14,Organic Search,Completed,88.97
1520,540,2025-11-20,Organic Search,Completed,138.95
1521,540,2026-01-24,Organic Search,Cancelled,149.99
1522,540,2026-03-22,Organic Search,Cancelled,298.92
1523,541,2024-05-31,Direct,Completed,584.93
1524,541,2024-06-11,Direct,Completed,91.97
1525,541,2024-08-29,Direct,Completed,238.91
1526,541,2024-11-13,Direct,Completed,136.96
1527,541,2024-11-23,Direct,Completed,338.95
1528,541,2024-12-26,Direct,Completed,68.82
1529,542,2025-11-29,Paid Search,Completed,299.68
1530,543,2025-10-01,Email,Returned,83.57
1531,543,2026-01-22,Email,Completed,89.99
1532,543,2026-03-24,Email,Completed,311.44
1533,543,2026-06-24,Email,Completed,209.94
1534,544,2024-08-19,Social Media,Completed,494.43
1535,544,2024-11-14,Social Media,Completed,438.91
1536,544,2024-11-19,Social Media,Completed,157.15
1537,544,2024-12-05,Social Media,Returned,194.97
1538,545,2025-02-20,Referral,Completed,192.77
1539,545,2025-05-28,Referral,Completed,255.17
1540,545,2025-08-31,Referral,Completed,507.51
1541,545,2025-11-18,Referral,Completed,300.93
1542,546,2024-09-14,Email,Completed,99.98
1543,547,2025-11-30,Direct,Completed,146.23
1544,547,2026-01-07,Direct,Completed,324.92
1545,547,2026-01-25,Direct,Completed,59.38
1546,547,2026-04-10,Direct,Completed,404.97
1547,547,2026-06-23,Direct,Completed,599.62
1548,548,2024-05-17,Organic Search,Completed,434.95
1549,549,2025-01-06,Paid Search,Completed,327.42
1550,549,2025-05-01,Paid Search,Completed,76.92
1551,549,2025-07-01,Paid Search,Completed,89.22
1552,550,2024-08-03,Direct,Completed,191.94
1553,550,2024-10-08,Direct,Completed,135.2
1554,550,2024-11-29,Direct,Returned,81.96
1555,552,2026-02-02,Email,Returned,309.95
1556,553,2025-07-10,Direct,Completed,263.92
1557,555,2026-04-02,Direct,Completed,161.98
1558,555,2026-05-31,Direct,Returned,39.98
1559,556,2025-09-27,Email,Completed,169.96
1560,556,2025-12-04,Email,Completed,319.95
1561,556,2026-02-12,Email,Completed,189.98
1562,557,2025-09-09,Organic Search,Completed,284.95
1563,557,2025-11-23,Organic Search,Completed,126.96
1564,558,2025-07-23,Direct,Completed,238.93
1565,558,2025-08-07,Direct,Cancelled,105.95
1566,558,2025-08-24,Direct,Completed,56.08
1567,558,2025-09-10,Direct,Completed,137.65
1568,558,2025-10-11,Direct,Completed,307.08
1569,559,2025-04-20,Paid Search,Completed,148.54
1570,559,2025-08-17,Paid Search,Completed,206.33
1571,560,2024-10-06,Email,Completed,149.99
1572,562,2024-07-11,Direct,Cancelled,165.96
1573,563,2025-01-13,Social Media,Completed,303.92
1574,565,2024-09-16,Direct,Completed,364.96
1575,565,2024-10-07,Direct,Completed,75.57
1576,566,2026-04-16,Social Media,Cancelled,266.19
1577,566,2026-05-29,Social Media,Completed,89.97
1578,566,2026-06-25,Social Media,Completed,154.73
1579,567,2024-03-29,Direct,Completed,87.97
1580,567,2024-04-11,Direct,Completed,242.03
1581,568,2024-06-23,Paid Search,Completed,62.07
1582,569,2026-01-19,Paid Search,Completed,409.94
1583,569,2026-03-28,Paid Search,Completed,354.91
1584,569,2026-05-03,Paid Search,Completed,75.97
1585,570,2025-11-19,Paid Search,Completed,71.98
1586,570,2025-12-03,Paid Search,Completed,161.97
1587,570,2026-02-26,Paid Search,Completed,587.43
1588,570,2026-05-26,Paid Search,Completed,37.98
1589,571,2024-10-03,Social Media,Completed,34.99
1590,571,2024-12-11,Social Media,Completed,333.94
1591,571,2025-03-20,Social Media,Completed,499.95
1592,572,2024-08-30,Organic Search,Completed,472.42
1593,573,2025-12-29,Organic Search,Completed,37.98
1594,574,2026-01-01,Social Media,Returned,17.99
1595,575,2025-05-23,Paid Search,Completed,52.98
1596,575,2025-08-02,Paid Search,Completed,29.99
1597,575,2025-10-22,Paid Search,Completed,475.52
1598,575,2025-11-18,Paid Search,Completed,457.92
1599,576,2025-05-18,Referral,Cancelled,134.94
1600,576,2025-08-10,Referral,Completed,82.98
1601,577,2026-01-26,Organic Search,Completed,41.38
1602,577,2026-03-21,Organic Search,Returned,181.96
1603,578,2025-10-21,Paid Search,Completed,262.94
1604,578,2025-12-08,Paid Search,Completed,408.52
1605,578,2026-02-26,Paid Search,Completed,53.98
1606,578,2026-05-24,Paid Search,Completed,140.34
1607,579,2025-06-14,Social Media,Completed,99.99
1608,579,2025-08-26,Social Media,Completed,288.61
1609,579,2025-11-25,Social Media,Cancelled,42.48
1610,579,2026-02-03,Social Media,Completed,405.93
1611,579,2026-03-15,Social Media,Completed,563.66
1612,580,2026-03-19,Organic Search,Completed,293.94
1613,581,2024-05-31,Email,Completed,77.97
1614,581,2024-09-23,Email,Completed,449.91
1615,582,2024-09-15,Organic Search,Cancelled,329.91
1616,582,2024-10-18,Organic Search,Completed,69.97
1617,582,2024-12-06,Organic Search,Completed,44.98
1618,582,2025-01-11,Organic Search,Completed,165.96
1619,582,2025-04-11,Organic Search,Completed,225.9
1620,583,2024-07-24,Organic Search,Completed,115.97
1621,584,2025-07-28,Organic Search,Completed,33.99
1622,584,2025-10-24,Organic Search,Cancelled,434.95
1623,584,2025-11-13,Organic Search,Completed,15.29
1624,584,2026-02-03,Organic Search,Completed,419.94
1625,584,2026-06-01,Organic Search,Completed,59.98
1626,585,2025-06-27,Direct,Completed,134.97
1627,585,2025-09-09,Direct,Completed,53.98
1628,585,2025-12-12,Direct,Cancelled,400.94
1629,585,2026-03-12,Direct,Completed,119.96
1630,586,2026-01-12,Paid Search,Completed,529.94
1631,586,2026-03-23,Paid Search,Completed,282.93
1632,587,2025-01-16,Paid Search,Completed,217.66
1633,587,2025-01-31,Paid Search,Cancelled,149.96
1634,588,2025-10-12,Email,Completed,178.43
1635,588,2025-10-17,Email,Completed,174.54
1636,588,2025-11-26,Email,Completed,459.94
1637,588,2025-12-14,Email,Completed,361.94
1638,588,2026-01-06,Email,Completed,227.96
1639,588,2026-01-28,Email,Completed,298.94
1640,588,2026-03-11,Email,Completed,282.94
1641,588,2026-06-13,Email,Completed,31.99
1642,589,2025-10-07,Direct,Completed,35.18
1643,589,2026-01-22,Direct,Completed,515.41
1644,590,2025-06-22,Direct,Completed,79.96
1645,590,2025-08-07,Direct,Completed,76.96
1646,590,2025-08-23,Direct,Completed,107.97
1647,590,2025-08-31,Direct,Completed,162.95
1648,590,2025-09-05,Direct,Completed,477.92
1649,590,2025-09-13,Direct,Completed,16.99
1650,590,2025-10-01,Direct,Completed,364.43
1651,590,2025-10-18,Direct,Cancelled,206.93
1652,590,2025-10-27,Direct,Completed,163.97
1653,591,2026-05-29,Social Media,Returned,184.22
1654,592,2025-07-28,Referral,Completed,144.82
1655,592,2025-10-10,Referral,Completed,66.97
1656,593,2026-06-24,Direct,Completed,379.89
1657,594,2024-11-08,Referral,Completed,152.97
1658,594,2024-12-23,Referral,Completed,409.22
1659,595,2024-07-30,Direct,Completed,239.03
1660,595,2024-11-24,Direct,Completed,315.93
1661,597,2026-05-10,Referral,Completed,136.34
1662,597,2026-06-24,Referral,Completed,67.99
1663,598,2026-06-14,Direct,Completed,83.98
1664,599,2025-10-06,Referral,Completed,172.96
1665,599,2025-10-13,Referral,Cancelled,309.95
1666,600,2026-02-15,Organic Search,Completed,247.95
1667,601,2025-03-01,Paid Search,Completed,99.98
1668,601,2025-03-22,Paid Search,Completed,25.49
1669,601,2025-06-10,Paid Search,Completed,121.47
1670,601,2025-09-28,Paid Search,Completed,479.95
1671,601,2025-12-15,Paid Search,Completed,146.94
1672,601,2026-03-07,Paid Search,Completed,32.99
1673,601,2026-05-25,Paid Search,Completed,810.39
1674,602,2025-09-24,Social Media,Completed,233.96
1675,602,2025-10-26,Social Media,Completed,181.95
1676,603,2025-01-24,Direct,Completed,479.93
1677,603,2025-03-07,Direct,Cancelled,131.75
1678,603,2025-05-04,Direct,Completed,249.44
1679,603,2025-05-29,Direct,Completed,181.44
1680,603,2025-06-11,Direct,Completed,263.05
1681,603,2025-07-05,Direct,Completed,147.33
1682,604,2026-03-07,Social Media,Completed,570.92
1683,604,2026-04-12,Social Media,Completed,399.96
1684,605,2024-03-31,Referral,Completed,677.91
1685,605,2024-07-01,Referral,Completed,66.67
1686,605,2024-09-29,Referral,Completed,418.43
1687,605,2024-10-22,Referral,Completed,205.15
1688,606,2025-10-26,Paid Search,Completed,375.41
1689,606,2025-11-02,Paid Search,Completed,173.95
1690,607,2024-06-20,Email,Cancelled,449.97
1691,607,2024-08-17,Email,Completed,764.91
1692,611,2025-02-27,Social Media,Completed,216.03
1693,611,2025-06-01,Social Media,Completed,71.98
1694,611,2025-09-06,Social Media,Completed,131.94
1695,612,2025-01-17,Email,Completed,80.47
1696,613,2025-04-29,Paid Search,Completed,470.95
1697,613,2025-08-03,Paid Search,Cancelled,389.16
1698,613,2025-08-08,Paid Search,Completed,235.46
1699,613,2025-09-19,Paid Search,Completed,571.34
1700,613,2025-11-11,Paid Search,Completed,430.44
1701,613,2025-11-26,Paid Search,Completed,269.61
1702,613,2026-01-23,Paid Search,Completed,24.99
1703,613,2026-04-17,Paid Search,Completed,27.99
1704,614,2024-04-05,Organic Search,Completed,373.42
1705,615,2025-11-09,Direct,Completed,80.98
1706,615,2025-11-21,Direct,Completed,296.92
1707,615,2026-01-07,Direct,Completed,62.07
1708,615,2026-03-14,Direct,Completed,243.94
1709,615,2026-04-28,Direct,Completed,346.9
1710,616,2025-12-05,Social Media,Completed,174.98
1711,616,2026-01-28,Social Media,Completed,232.91
1712,616,2026-02-10,Social Media,Completed,30.58
1713,616,2026-03-29,Social Media,Returned,127.95
1714,616,2026-05-17,Social Media,Completed,347.42
1715,616,2026-06-11,Social Media,Completed,269.94
1716,617,2026-04-09,Paid Search,Completed,265.94
1717,617,2026-06-12,Paid Search,Completed,198.64
1718,618,2024-03-13,Email,Completed,82.97
1719,618,2024-05-29,Email,Cancelled,93.96
1720,619,2026-02-19,Social Media,Completed,261.13
1721,619,2026-06-03,Social Media,Completed,64.99
1722,619,2026-06-14,Social Media,Completed,520.45
1723,620,2025-03-06,Paid Search,Completed,466.9
1724,620,2025-05-28,Paid Search,Completed,547.42
1725,620,2025-07-06,Paid Search,Completed,272.95
1726,620,2025-09-07,Paid Search,Completed,489.95
1727,620,2025-11-30,Paid Search,Completed,374.92
1728,621,2024-07-25,Paid Search,Completed,59.99
1729,622,2025-08-28,Social Media,Completed,299.98
1730,622,2025-11-14,Social Media,Completed,177.45
1731,622,2026-02-18,Social Media,Completed,224.91
1732,622,2026-04-16,Social Media,Returned,667.78
1733,622,2026-06-06,Social Media,Completed,326.95
1734,623,2026-06-26,Organic Search,Completed,53.99
1735,624,2025-03-30,Referral,Completed,35.98
1736,625,2024-11-27,Paid Search,Completed,27.99
1737,625,2025-01-14,Paid Search,Completed,94.47
1738,626,2025-04-02,Paid Search,Completed,196.54
1739,627,2025-10-05,Social Media,Completed,84.95
1740,627,2025-11-18,Social Media,Completed,94.47
1741,627,2025-12-22,Social Media,Completed,167.31
1742,627,2026-01-02,Social Media,Cancelled,124.47
1743,627,2026-02-26,Social Media,Completed,34.99
1744,627,2026-03-20,Social Media,Completed,188.02
1745,628,2024-06-18,Paid Search,Returned,107.98
1746,628,2024-07-20,Paid Search,Completed,97.97
1747,628,2024-10-12,Paid Search,Completed,104.95
1748,629,2026-04-06,Organic Search,Completed,296.04
1749,629,2026-05-31,Organic Search,Completed,91.06
1750,630,2025-05-05,Email,Completed,215.92
1751,630,2025-05-30,Email,Completed,642.41
1752,630,2025-09-16,Email,Completed,139.44
1753,631,2024-12-09,Paid Search,Completed,136.95
1754,631,2025-02-13,Paid Search,Completed,308.95
1755,631,2025-04-29,Paid Search,Completed,127.95
1756,631,2025-06-29,Paid Search,Completed,145.04
1757,631,2025-09-10,Paid Search,Completed,28.04
1758,631,2025-10-24,Paid Search,Completed,179.97
1759,632,2024-07-09,Social Media,Completed,110.05
1760,632,2024-09-23,Social Media,Completed,341.62
1761,633,2025-05-16,Paid Search,Completed,98.97
1762,633,2025-08-09,Paid Search,Completed,186.94
1763,633,2025-11-30,Paid Search,Completed,103.01
1764,633,2025-12-06,Paid Search,Completed,575.81
1765,633,2026-02-06,Paid Search,Completed,344.89
1766,633,2026-03-22,Paid Search,Completed,324.94
1767,633,2026-05-12,Paid Search,Completed,253.24
1768,634,2026-03-18,Paid Search,Completed,79.96
1769,635,2025-09-14,Email,Cancelled,224.44
1770,635,2025-11-08,Email,Completed,609.43
1771,635,2026-01-17,Email,Cancelled,351.07
1772,636,2024-06-07,Organic Search,Completed,443.52
1773,636,2024-06-16,Organic Search,Completed,338.94
1774,637,2025-12-01,Organic Search,Completed,259.98
1775,637,2026-03-10,Organic Search,Completed,98.96
1776,637,2026-06-10,Organic Search,Completed,39.98
1777,638,2025-12-24,Organic Search,Completed,195.97
1778,638,2026-01-21,Organic Search,Returned,44.99
1779,639,2025-01-03,Referral,Cancelled,357.52
1780,639,2025-01-20,Referral,Completed,84.96
1781,639,2025-02-17,Referral,Cancelled,662.69
1782,639,2025-02-28,Referral,Completed,366.92
1783,639,2025-06-15,Referral,Completed,27.99
1784,639,2025-06-30,Referral,Completed,142.04
1785,639,2025-07-28,Referral,Completed,199.98
1786,640,2025-11-28,Organic Search,Completed,69.16
1787,640,2026-03-05,Organic Search,Completed,145.97
1788,640,2026-04-11,Organic Search,Completed,353.93
1789,641,2025-02-12,Email,Completed,299.97
1790,641,2025-02-24,Email,Completed,233.98
1791,641,2025-06-14,Email,Completed,448.95
1792,642,2025-08-22,Paid Search,Returned,271.16
1793,642,2025-10-05,Paid Search,Completed,39.58
1794,643,2025-01-14,Direct,Completed,294.95
1795,643,2025-02-10,Direct,Completed,211.96
1796,644,2025-08-19,Email,Completed,74.97
1797,644,2025-11-07,Email,Completed,161.94
1798,645,2025-07-05,Organic Search,Cancelled,161.97
1799,645,2025-07-30,Organic Search,Completed,240.12
1800,646,2024-12-15,Direct,Completed,239.94
1801,646,2024-12-26,Direct,Completed,314.95
1802,646,2025-02-27,Direct,Completed,444.11
1803,646,2025-06-06,Direct,Completed,18.99
1804,646,2025-07-16,Direct,Completed,34.99
1805,646,2025-10-11,Direct,Completed,80.96
1806,647,2026-02-24,Direct,Completed,104.97
1807,647,2026-04-21,Direct,Completed,431.91
1808,647,2026-06-09,Direct,Completed,40.47
1809,648,2025-12-31,Referral,Completed,16.99
1810,648,2026-03-31,Referral,Completed,99.97
1811,649,2024-08-11,Organic Search,Completed,269.96
1812,650,2026-02-18,Direct,Completed,44.97
1813,650,2026-05-27,Direct,Completed,242.51
1814,651,2024-04-18,Referral,Completed,194.97
1815,651,2024-07-22,Referral,Completed,287.44
1816,651,2024-07-28,Referral,Completed,213.92
1817,651,2024-08-02,Referral,Completed,67.47
1818,651,2024-10-25,Referral,Completed,325.92
1819,651,2024-11-13,Referral,Completed,638.64
1820,651,2025-02-22,Referral,Completed,330.73
1821,651,2025-03-02,Referral,Completed,240.43
1822,651,2025-05-29,Referral,Cancelled,199.95
1823,651,2025-06-29,Referral,Completed,134.97
1824,651,2025-10-15,Referral,Completed,43.98
1825,651,2026-01-13,Referral,Completed,100.97
1826,651,2026-04-22,Referral,Completed,356.92
1827,652,2024-05-18,Social Media,Completed,182.04
1828,652,2024-08-13,Social Media,Completed,277.97
1829,652,2024-09-05,Social Media,Completed,65.97
1830,652,2024-09-17,Social Media,Completed,38.38
1831,652,2024-12-18,Social Media,Completed,59.97
1832,652,2025-01-08,Social Media,Completed,224.93
1833,653,2025-09-21,Email,Completed,308.8
1834,653,2025-12-09,Email,Completed,21.59
1835,654,2024-04-27,Social Media,Completed,58.62
1836,655,2025-12-31,Paid Search,Completed,44.97
1837,655,2026-01-18,Paid Search,Returned,99.99
1838,655,2026-04-13,Paid Search,Completed,329.95
1839,655,2026-06-03,Paid Search,Completed,358.9
1840,656,2026-04-11,Paid Search,Cancelled,191.98
1841,656,2026-05-07,Paid Search,Completed,76.47
1842,657,2025-07-29,Direct,Returned,438.65
1843,658,2025-03-05,Email,Completed,114.72
1844,658,2025-04-21,Email,Completed,107.98
1845,658,2025-08-10,Email,Completed,277.38
1846,658,2025-11-28,Email,Completed,254.98
1847,658,2026-03-06,Email,Completed,353.96
1848,658,2026-05-26,Email,Completed,49.77
1849,659,2026-01-12,Social Media,Completed,116.99
1850,659,2026-03-09,Social Media,Completed,389.97
1851,659,2026-05-26,Social Media,Completed,142.04
1852,659,2026-06-27,Social Media,Completed,241.44
1853,660,2025-06-24,Organic Search,Completed,596.0
1854,660,2025-10-17,Organic Search,Completed,116.98
1855,660,2026-02-13,Organic Search,Completed,199.98
1856,660,2026-02-26,Organic Search,Completed,105.97
1857,660,2026-05-30,Organic Search,Completed,540.24
1858,662,2025-11-24,Email,Completed,211.9
1859,663,2024-10-24,Organic Search,Completed,358.95
1860,663,2025-02-13,Organic Search,Completed,389.97
1861,663,2025-04-11,Organic Search,Completed,67.47
1862,663,2025-06-09,Organic Search,Completed,380.93
1863,664,2026-05-20,Social Media,Completed,45.88
1864,665,2025-09-25,Email,Completed,59.37
1865,665,2025-12-04,Email,Cancelled,211.97
1866,665,2026-01-03,Email,Completed,117.95
1867,666,2026-01-13,Organic Search,Completed,163.04
1868,666,2026-03-28,Organic Search,Completed,36.78
1869,667,2024-12-21,Organic Search,Completed,129.97
1870,667,2025-01-19,Organic Search,Completed,224.94
1871,668,2024-05-09,Social Media,Completed,138.94
1872,669,2026-05-21,Organic Search,Completed,178.14
1873,669,2026-05-28,Organic Search,Completed,100.81
1874,670,2026-05-16,Social Media,Cancelled,188.68
1875,671,2025-09-12,Paid Search,Completed,89.98
1876,671,2025-10-20,Paid Search,Completed,227.95
1877,671,2026-01-03,Paid Search,Completed,266.31
1878,671,2026-03-17,Paid Search,Completed,596.91
1879,672,2026-05-24,Direct,Completed,114.46
1880,673,2025-03-27,Email,Completed,195.34
1881,673,2025-05-20,Email,Completed,151.73
1882,674,2026-04-28,Direct,Completed,162.94
1883,674,2026-06-01,Direct,Completed,538.95
1884,675,2025-06-15,Paid Search,Completed,219.94
1885,675,2025-08-27,Paid Search,Completed,411.14
1886,675,2025-12-07,Paid Search,Completed,43.98
1887,675,2026-02-15,Paid Search,Completed,17.99
1888,675,2026-03-02,Paid Search,Completed,224.95
1889,675,2026-06-18,Paid Search,Completed,185.96
1890,676,2026-06-21,Organic Search,Completed,387.92
1891,677,2024-04-18,Paid Search,Completed,204.44
1892,677,2024-06-09,Paid Search,Completed,354.19
1893,677,2024-10-05,Paid Search,Completed,940.91
1894,678,2026-03-17,Referral,Completed,141.03
1895,678,2026-06-05,Referral,Completed,131.37
1896,679,2026-01-14,Organic Search,Completed,231.43
1897,680,2024-03-10,Referral,Completed,179.95
1898,680,2024-03-19,Referral,Completed,50.38
1899,680,2024-07-03,Referral,Completed,376.03
1900,680,2024-08-31,Referral,Completed,135.34
1901,680,2024-11-29,Referral,Completed,45.98
1902,680,2025-02-15,Referral,Completed,179.97
1903,681,2024-04-08,Social Media,Returned,389.91
1904,681,2024-05-23,Social Media,Returned,13.49
1905,681,2024-07-07,Social Media,Completed,361.32
1906,681,2024-09-12,Social Media,Completed,257.68
1907,681,2024-10-05,Social Media,Completed,32.38
1908,681,2024-11-26,Social Media,Completed,254.63
1909,681,2024-12-01,Social Media,Completed,276.46
1910,681,2025-02-05,Social Media,Completed,245.44
1911,681,2025-03-21,Social Media,Completed,106.45
1912,681,2025-06-28,Social Media,Completed,104.07
1913,682,2026-03-19,Direct,Completed,101.97
1914,682,2026-04-14,Direct,Cancelled,176.95
1915,683,2024-10-30,Referral,Completed,205.96
1916,683,2024-12-19,Referral,Completed,145.97
1917,683,2025-03-13,Referral,Cancelled,469.43
1918,683,2025-03-25,Referral,Completed,196.75
1919,683,2025-06-04,Referral,Completed,159.98
1920,683,2025-08-27,Referral,Completed,108.96
1921,684,2025-10-02,Referral,Completed,45.47
1922,684,2026-01-05,Referral,Completed,110.47
1923,685,2026-03-13,Paid Search,Completed,34.99
1924,685,2026-04-06,Paid Search,Completed,84.97
1925,685,2026-05-12,Paid Search,Completed,168.96
1926,686,2025-12-02,Organic Search,Completed,143.98
1927,686,2026-03-11,Organic Search,Completed,286.27
1928,687,2024-09-30,Paid Search,Completed,91.36
1929,687,2024-12-20,Paid Search,Completed,347.96
1930,688,2025-12-10,Paid Search,Completed,389.97
1931,689,2024-10-31,Referral,Completed,161.97
1932,689,2025-01-25,Referral,Completed,355.55
1933,689,2025-02-09,Referral,Completed,313.21
1934,689,2025-05-05,Referral,Completed,17.99
1935,689,2025-07-21,Referral,Completed,599.93
1936,690,2025-02-09,Paid Search,Completed,132.83
1937,690,2025-03-01,Paid Search,Completed,129.8
1938,690,2025-06-16,Paid Search,Completed,135.96
1939,690,2025-08-30,Paid Search,Completed,109.36
1940,690,2025-10-07,Paid Search,Completed,684.89
1941,690,2025-11-23,Paid Search,Completed,204.95
1942,690,2026-02-07,Paid Search,Completed,458.12
1943,690,2026-02-18,Paid Search,Completed,152.68
1944,690,2026-06-14,Paid Search,Completed,233.22
1945,691,2025-12-03,Email,Completed,208.33
1946,691,2025-12-17,Email,Completed,39.08
1947,691,2026-03-25,Email,Completed,276.95
1948,691,2026-05-21,Email,Completed,50.38
1949,691,2026-06-11,Email,Completed,269.0
1950,692,2026-04-09,Paid Search,Completed,75.66
1951,692,2026-05-04,Paid Search,Completed,131.98
1952,693,2025-04-02,Referral,Completed,299.97
1953,693,2025-05-31,Referral,Completed,429.53
1954,693,2025-09-15,Referral,Completed,158.93
1955,694,2024-08-16,Direct,Completed,224.92
1956,694,2024-09-25,Direct,Completed,389.97
1957,695,2025-10-26,Email,Completed,355.45
1958,695,2026-02-09,Email,Completed,515.62
1959,695,2026-06-07,Email,Completed,199.96
1960,696,2025-11-08,Social Media,Completed,255.93
1961,696,2025-12-18,Social Media,Completed,178.95
1962,696,2025-12-29,Social Media,Completed,294.1
1963,696,2026-04-14,Social Media,Completed,133.44
1964,696,2026-06-25,Social Media,Completed,195.92
1965,697,2024-09-21,Organic Search,Completed,587.93
1966,697,2024-10-04,Organic Search,Completed,354.45
1967,698,2024-04-01,Social Media,Completed,200.49
1968,698,2024-07-15,Social Media,Completed,193.47
1969,698,2024-08-29,Social Media,Completed,69.98
1970,698,2024-10-06,Social Media,Completed,440.92
1971,698,2025-01-18,Social Media,Completed,176.93
1972,698,2025-02-11,Social Media,Completed,155.94
1973,698,2025-03-10,Social Media,Completed,128.96
1974,698,2025-05-10,Social Media,Completed,320.32
1975,698,2025-08-29,Social Media,Completed,255.21
1976,698,2025-11-20,Social Media,Completed,71.98
1977,698,2026-02-21,Social Media,Completed,18.99
1978,698,2026-04-26,Social Media,Completed,21.99
1979,698,2026-06-12,Social Media,Completed,401.41
1980,699,2024-10-30,Direct,Completed,210.14
1981,699,2024-11-16,Direct,Completed,132.66
1982,699,2025-01-07,Direct,Completed,65.97
1983,699,2025-04-29,Direct,Completed,172.94
1984,700,2025-09-26,Organic Search,Completed,194.46
1985,700,2025-12-21,Organic Search,Completed,44.99
1986,700,2026-01-27,Organic Search,Completed,601.84
1987,700,2026-03-10,Organic Search,Completed,325.63
1988,700,2026-05-01,Organic Search,Completed,276.93
1989,701,2024-06-01,Email,Completed,159.98
1990,702,2025-04-16,Referral,Completed,401.93
1991,702,2025-07-25,Referral,Completed,92.95
1992,702,2025-09-13,Referral,Returned,410.92
1993,702,2025-11-25,Referral,Completed,25.49
1994,702,2026-03-14,Referral,Completed,55.98
1995,703,2025-05-03,Paid Search,Completed,393.94
1996,703,2025-07-19,Paid Search,Completed,259.98
1997,703,2025-07-26,Paid Search,Completed,17.59
1998,703,2025-10-25,Paid Search,Completed,311.07
1999,704,2024-06-15,Organic Search,Cancelled,378.66
2000,704,2024-09-02,Organic Search,Completed,169.78
2001,705,2024-10-29,Referral,Completed,224.56
2002,705,2025-02-08,Referral,Completed,242.35
2003,705,2025-02-22,Referral,Completed,350.97
2004,706,2024-04-18,Email,Completed,222.73
2005,706,2024-05-20,Email,Completed,191.43
2006,707,2024-09-09,Paid Search,Completed,170.97
2007,707,2024-11-09,Paid Search,Completed,147.97
2008,708,2024-12-24,Email,Completed,307.91
2009,708,2025-04-02,Email,Completed,80.98
2010,708,2025-07-04,Email,Completed,638.66
2011,708,2025-09-11,Email,Completed,341.95
2012,708,2025-12-26,Email,Completed,383.0
2013,708,2026-02-18,Email,Completed,291.52
2014,708,2026-06-07,Email,Completed,389.97
2015,708,2026-06-18,Email,Completed,35.98
2016,709,2024-09-19,Organic Search,Returned,204.76
2017,709,2024-10-09,Organic Search,Returned,53.97
2018,709,2025-01-21,Organic Search,Completed,159.97
2019,710,2024-11-14,Social Media,Completed,257.06
2020,710,2024-12-13,Social Media,Completed,79.98
2021,711,2024-11-26,Referral,Completed,89.98
2022,713,2024-03-23,Paid Search,Completed,141.95
2023,713,2024-06-05,Paid Search,Completed,55.98
2024,713,2024-08-30,Paid Search,Completed,305.41
2025,713,2024-09-08,Paid Search,Completed,273.92
2026,713,2024-12-25,Paid Search,Completed,257.95
2027,713,2025-02-19,Paid Search,Completed,419.31
2028,713,2025-05-20,Paid Search,Completed,59.38
2029,713,2025-05-30,Paid Search,Completed,116.95
2030,713,2025-07-16,Paid Search,Cancelled,261.75
2031,713,2025-08-17,Paid Search,Completed,37.98
2032,713,2025-10-04,Paid Search,Completed,242.95
2033,713,2025-11-24,Paid Search,Completed,279.94
2034,713,2026-01-07,Paid Search,Cancelled,182.53
2035,713,2026-01-31,Paid Search,Completed,194.95
2036,713,2026-03-03,Paid Search,Completed,170.55
2037,714,2024-05-31,Email,Returned,455.42
2038,715,2025-09-19,Organic Search,Completed,227.97
2039,715,2025-10-17,Organic Search,Completed,276.44
2040,715,2025-10-26,Organic Search,Completed,116.97
2041,715,2025-11-30,Organic Search,Completed,111.96
2042,716,2026-03-28,Direct,Completed,191.98
2043,717,2025-01-24,Email,Completed,239.97
2044,717,2025-02-14,Email,Completed,301.94
2045,717,2025-04-08,Email,Completed,138.94
2046,717,2025-04-27,Email,Returned,22.99
2047,719,2024-07-12,Organic Search,Completed,373.95
2048,719,2024-11-04,Organic Search,Returned,244.62
2049,719,2024-12-10,Organic Search,Cancelled,595.9
2050,720,2025-05-15,Referral,Completed,329.66
2051,720,2025-09-01,Referral,Completed,409.94
2052,721,2026-03-11,Email,Completed,139.64
2053,722,2025-01-17,Email,Completed,200.93
2054,722,2025-05-13,Email,Cancelled,617.91
2055,723,2026-05-28,Email,Completed,177.97
2056,724,2026-04-26,Paid Search,Completed,481.45
2057,725,2024-12-20,Referral,Completed,192.95
2058,725,2025-03-03,Referral,Completed,59.97
2059,725,2025-03-20,Referral,Completed,55.98
2060,725,2025-07-11,Referral,Returned,99.96
2061,725,2025-07-31,Referral,Completed,62.96
2062,726,2025-01-18,Direct,Completed,62.07
2063,726,2025-02-17,Direct,Completed,166.55
2064,726,2025-03-03,Direct,Completed,138.95
2065,728,2025-03-21,Email,Completed,455.91
2066,728,2025-06-10,Email,Completed,177.97
2067,729,2025-01-11,Paid Search,Completed,632.65
2068,729,2025-03-16,Paid Search,Completed,167.96
2069,729,2025-06-25,Paid Search,Completed,367.43
2070,729,2025-10-11,Paid Search,Completed,65.98
2071,729,2025-12-15,Paid Search,Completed,197.64
2072,730,2024-07-19,Paid Search,Completed,333.96
2073,730,2024-10-08,Paid Search,Completed,161.98
2074,730,2024-11-11,Paid Search,Completed,207.98
2075,730,2025-02-04,Paid Search,Returned,43.98
2076,730,2025-03-11,Paid Search,Completed,55.24
2077,731,2025-07-10,Social Media,Cancelled,430.89
2078,731,2025-08-18,Social Media,Completed,170.94
2079,732,2024-06-09,Social Media,Completed,142.15
2080,732,2024-08-14,Social Media,Completed,16.14
2081,733,2025-02-28,Direct,Completed,229.43
2082,733,2025-03-07,Direct,Completed,169.98
2083,735,2025-01-06,Direct,Completed,483.14
2084,735,2025-03-31,Direct,Completed,313.95
2085,736,2026-03-06,Email,Completed,121.95
2086,736,2026-05-25,Email,Completed,196.41
2087,737,2025-07-27,Direct,Completed,84.97
2088,737,2025-09-13,Direct,Completed,89.73
2089,737,2025-10-07,Direct,Completed,231.92
2090,738,2026-01-05,Paid Search,Completed,329.97
2091,738,2026-01-21,Paid Search,Completed,184.89
2092,738,2026-02-14,Paid Search,Completed,343.44
2093,738,2026-03-07,Paid Search,Completed,134.97
2094,739,2025-10-28,Social Media,Completed,384.92
2095,740,2024-05-18,Referral,Completed,377.89
2096,741,2025-11-02,Paid Search,Completed,89.99
2097,742,2025-11-25,Referral,Completed,449.96
2098,742,2026-01-06,Referral,Completed,110.94
2099,742,2026-03-10,Referral,Completed,515.92
2100,743,2024-11-28,Social Media,Cancelled,398.88
2101,743,2025-01-07,Social Media,Completed,519.9
2102,744,2025-11-20,Paid Search,Cancelled,56.97
2103,744,2026-02-08,Paid Search,Completed,160.21
2104,745,2025-01-13,Email,Completed,397.96
2105,745,2025-02-15,Email,Completed,14.99
2106,745,2025-04-12,Email,Completed,184.93
2107,745,2025-04-27,Email,Completed,549.9
2108,745,2025-07-03,Email,Cancelled,199.98
2109,745,2025-07-13,Email,Completed,215.45
2110,746,2025-08-23,Organic Search,Cancelled,17.99
2111,746,2025-11-03,Organic Search,Completed,200.95
2112,746,2025-12-03,Organic Search,Completed,545.9
2113,747,2026-04-14,Direct,Completed,239.98
2114,747,2026-05-26,Direct,Completed,17.59
2115,748,2025-10-03,Organic Search,Returned,65.97
2116,748,2025-12-17,Organic Search,Completed,427.94
2117,748,2026-04-02,Organic Search,Completed,194.96
2118,748,2026-05-14,Organic Search,Completed,92.97
2119,749,2026-01-16,Direct,Completed,484.32
2120,749,2026-02-10,Direct,Completed,221.96
2121,749,2026-03-18,Direct,Completed,209.96
2122,750,2025-08-19,Email,Completed,106.1
2123,751,2026-03-29,Social Media,Cancelled,374.94
2124,751,2026-04-19,Social Media,Completed,236.93
2125,751,2026-06-04,Social Media,Completed,138.94
2126,752,2024-05-01,Direct,Completed,309.96
2127,752,2024-05-15,Direct,Completed,13.49
2128,753,2026-02-06,Social Media,Completed,20.69
2129,753,2026-03-14,Social Media,Completed,202.48
2130,754,2024-11-03,Email,Completed,109.75
2131,754,2025-03-01,Email,Completed,263.95
2132,754,2025-05-11,Email,Completed,35.99
2133,754,2025-06-28,Email,Cancelled,177.84
2134,754,2025-08-11,Email,Completed,69.98
2135,754,2025-10-28,Email,Completed,159.98
2136,754,2026-01-25,Email,Completed,208.93
2137,754,2026-05-07,Email,Completed,140.55
2138,755,2025-01-25,Direct,Completed,459.16
2139,755,2025-03-22,Direct,Returned,79.98
2140,755,2025-04-17,Direct,Completed,608.4
2141,755,2025-05-02,Direct,Completed,231.95
2142,755,2025-07-02,Direct,Completed,356.89
2143,758,2026-02-23,Direct,Completed,107.98
2144,759,2025-08-10,Email,Completed,380.18
2145,759,2025-08-28,Email,Completed,64.99
2146,760,2024-09-05,Paid Search,Completed,68.97
2147,760,2024-09-21,Paid Search,Completed,122.24
2148,760,2024-12-01,Paid Search,Completed,245.44
2149,760,2025-01-21,Paid Search,Completed,107.98
2150,760,2025-05-08,Paid Search,Completed,157.67
2151,761,2024-08-26,Social Media,Completed,393.42
2152,761,2024-09-19,Social Media,Cancelled,56.06
2153,762,2026-01-19,Direct,Completed,379.42
2154,762,2026-05-18,Direct,Completed,466.92
2155,762,2026-06-07,Direct,Cancelled,79.99
2156,763,2024-11-21,Direct,Completed,57.52
2157,763,2025-02-02,Direct,Completed,224.93
2158,763,2025-02-23,Direct,Completed,43.18
2159,763,2025-04-19,Direct,Returned,98.06
2160,763,2025-04-27,Direct,Completed,133.98
2161,764,2026-03-30,Direct,Completed,39.98
2162,765,2026-01-05,Referral,Completed,133.49
2163,765,2026-04-14,Referral,Completed,156.1
2164,766,2026-05-31,Direct,Completed,461.01
2165,767,2026-02-03,Referral,Returned,338.65
2166,768,2025-09-26,Organic Search,Completed,83.98
2167,769,2024-12-25,Email,Completed,89.07
2168,769,2025-03-31,Email,Completed,149.99
2169,769,2025-07-11,Email,Completed,432.93
2170,769,2025-07-17,Email,Completed,345.54
2171,769,2025-10-14,Email,Completed,368.94
2172,769,2026-01-01,Email,Completed,176.93
2173,769,2026-02-06,Email,Completed,622.93
2174,769,2026-04-29,Email,Completed,80.97
2175,769,2026-05-14,Email,Completed,455.92
2176,770,2026-03-26,Referral,Completed,255.31
2177,770,2026-05-29,Referral,Completed,190.95
2178,771,2026-01-31,Direct,Completed,312.42
2179,771,2026-04-28,Direct,Completed,137.35
2180,771,2026-06-30,Direct,Completed,461.33
2181,772,2024-04-25,Email,Completed,14.99
2182,773,2025-09-19,Paid Search,Completed,188.94
2183,773,2025-11-28,Paid Search,Completed,224.95
2184,773,2025-12-13,Paid Search,Completed,527.04
2185,774,2026-01-21,Paid Search,Completed,227.62
2186,774,2026-03-08,Paid Search,Completed,92.85
2187,775,2024-05-17,Email,Completed,479.96
2188,776,2024-09-18,Social Media,Completed,331.15
2189,776,2024-12-19,Social Media,Completed,169.91
2190,776,2025-03-05,Social Media,Completed,299.97
2191,776,2025-03-25,Social Media,Completed,220.93
2192,776,2025-04-07,Social Media,Cancelled,393.91
2193,777,2026-06-27,Social Media,Completed,89.98
2194,778,2024-04-09,Email,Completed,144.96
2195,778,2024-04-14,Email,Completed,79.18
2196,778,2024-06-10,Email,Completed,109.75
2197,778,2024-08-24,Email,Cancelled,155.93
2198,778,2024-12-01,Email,Completed,390.93
2199,778,2024-12-19,Email,Completed,236.93
2200,779,2025-01-05,Email,Completed,91.97
2201,779,2025-01-12,Email,Completed,230.42
2202,779,2025-04-29,Email,Cancelled,308.93
2203,779,2025-07-27,Email,Completed,242.94
2204,779,2025-09-11,Email,Completed,74.97
2205,779,2025-11-12,Email,Returned,331.96
2206,780,2025-08-16,Paid Search,Completed,135.94
2207,780,2025-11-02,Paid Search,Completed,44.98
2208,780,2025-11-28,Paid Search,Completed,249.95
2209,781,2025-12-28,Social Media,Completed,449.97
2210,782,2025-12-07,Email,Completed,328.11
2211,783,2026-01-06,Direct,Completed,522.93
2212,784,2024-09-07,Referral,Completed,183.51
2213,784,2024-10-15,Referral,Completed,791.92
2214,784,2025-01-06,Referral,Completed,266.13
2215,784,2025-04-29,Referral,Returned,323.52
2216,785,2025-01-05,Organic Search,Completed,259.98
2217,785,2025-04-22,Organic Search,Completed,87.17
2218,785,2025-07-02,Organic Search,Completed,175.47
2219,785,2025-09-18,Organic Search,Returned,292.42
2220,785,2026-01-03,Organic Search,Completed,329.41
2221,786,2026-03-02,Paid Search,Completed,421.15
2222,787,2024-04-25,Paid Search,Completed,349.95
2223,787,2024-08-23,Paid Search,Completed,474.23
2224,787,2024-09-14,Paid Search,Cancelled,272.93
2225,788,2024-08-22,Social Media,Completed,225.96
2226,789,2024-08-11,Referral,Completed,316.95
2227,789,2024-08-21,Referral,Cancelled,159.98
2228,790,2025-12-19,Email,Cancelled,213.94
2229,790,2026-03-18,Email,Completed,140.16
2230,791,2025-03-30,Organic Search,Completed,579.9
2231,791,2025-07-01,Organic Search,Completed,45.98
2232,791,2025-10-17,Organic Search,Cancelled,553.95
2233,791,2025-12-29,Organic Search,Completed,218.95
2234,792,2025-01-11,Organic Search,Completed,162.37
2235,792,2025-04-30,Organic Search,Completed,254.92
2236,793,2025-11-03,Social Media,Completed,242.91
2237,793,2025-11-12,Social Media,Completed,310.02
2238,793,2026-03-06,Social Media,Completed,155.56
2239,793,2026-04-23,Social Media,Completed,466.68
2240,793,2026-06-02,Social Media,Completed,48.58
2241,794,2026-05-01,Organic Search,Completed,627.91
2242,794,2026-05-16,Organic Search,Returned,355.95
2243,795,2025-03-25,Email,Completed,412.57
2244,795,2025-06-20,Email,Completed,754.93
2245,795,2025-09-03,Email,Completed,131.44
2246,795,2025-11-08,Email,Completed,99.99
2247,795,2026-01-30,Email,Completed,749.15
2248,796,2024-02-23,Referral,Completed,79.98
2249,796,2024-05-01,Referral,Completed,394.9
2250,797,2026-01-18,Direct,Returned,217.96
2251,797,2026-02-25,Direct,Completed,326.14
2252,797,2026-03-12,Direct,Returned,181.44
2253,797,2026-06-24,Direct,Completed,208.93
2254,798,2024-05-12,Referral,Returned,134.45
2255,799,2024-06-28,Email,Returned,143.98
2256,799,2024-07-09,Email,Completed,49.98
2257,800,2025-03-20,Referral,Completed,18.99
2258,800,2025-06-18,Referral,Completed,223.84
2259,800,2025-10-14,Referral,Completed,372.49
2260,800,2025-12-15,Referral,Completed,564.22
2261,801,2025-12-13,Paid Search,Completed,127.79
2262,802,2025-01-13,Social Media,Completed,386.95
2263,803,2025-10-01,Direct,Completed,274.92
2264,803,2025-12-23,Direct,Completed,45.98
2265,804,2025-11-28,Social Media,Completed,372.93
2266,805,2026-03-11,Social Media,Completed,134.95
2267,805,2026-03-23,Social Media,Cancelled,338.93
2268,805,2026-06-29,Social Media,Completed,94.96
2269,806,2024-08-10,Social Media,Completed,477.53
2270,807,2025-10-10,Organic Search,Completed,316.62
2271,807,2025-12-24,Organic Search,Completed,112.96
2272,807,2026-03-08,Organic Search,Completed,224.95
2273,807,2026-04-14,Organic Search,Completed,62.97
2274,807,2026-06-26,Organic Search,Completed,348.94
2275,808,2024-09-16,Organic Search,Completed,206.54
2276,808,2024-12-08,Organic Search,Cancelled,87.96
2277,808,2024-12-13,Organic Search,Completed,630.92
2278,808,2024-12-21,Organic Search,Completed,316.42
2279,808,2025-04-18,Organic Search,Completed,189.96
2280,808,2025-08-04,Organic Search,Completed,100.91
2281,809,2025-07-08,Referral,Completed,114.61
2282,809,2025-09-13,Referral,Completed,207.45
2283,809,2025-12-16,Referral,Completed,76.46
2284,809,2026-02-12,Referral,Completed,147.94
2285,810,2024-08-01,Social Media,Completed,89.22
2286,810,2024-11-01,Social Media,Completed,614.91
2287,811,2026-03-08,Email,Returned,627.42
2288,811,2026-06-09,Email,Completed,199.95
2289,812,2024-11-27,Social Media,Completed,223.91
2290,812,2025-01-08,Social Media,Completed,249.43
2291,812,2025-04-17,Social Media,Completed,17.99
2292,812,2025-06-25,Social Media,Returned,249.48
2293,812,2025-08-03,Social Media,Completed,382.93
2294,812,2025-11-18,Social Media,Completed,431.94
2295,813,2025-10-16,Social Media,Completed,83.46
2296,813,2025-10-23,Social Media,Completed,175.16
2297,813,2025-12-04,Social Media,Cancelled,180.36
2298,814,2025-05-10,Email,Returned,56.97
2299,814,2025-08-23,Email,Completed,346.03
2300,814,2025-12-20,Email,Completed,437.3
2301,814,2026-02-08,Email,Completed,415.36
2302,814,2026-03-05,Email,Completed,89.98
2303,815,2024-12-30,Social Media,Completed,170.48
2304,815,2025-01-07,Social Media,Completed,105.96
2305,816,2025-06-16,Paid Search,Completed,72.87
2306,817,2025-10-18,Email,Completed,42.48
2307,818,2024-12-16,Social Media,Completed,269.95
2308,818,2025-02-21,Social Media,Completed,381.34
2309,818,2025-04-12,Social Media,Returned,177.93
2310,818,2025-07-09,Social Media,Completed,525.92
2311,818,2025-08-27,Social Media,Cancelled,373.74
2312,818,2025-11-22,Social Media,Returned,131.96
2313,818,2026-02-25,Social Media,Completed,146.95
2314,818,2026-06-13,Social Media,Completed,364.91
2315,819,2025-12-11,Direct,Completed,50.17
2316,819,2026-01-21,Direct,Completed,132.45
2317,819,2026-05-06,Direct,Completed,441.95
2318,821,2025-04-30,Referral,Completed,127.95
2319,821,2025-06-26,Referral,Completed,22.49
2320,821,2025-10-03,Referral,Returned,103.96
2321,821,2025-12-23,Referral,Completed,625.43
2322,821,2026-01-16,Referral,Completed,113.94
2323,821,2026-02-18,Referral,Completed,150.96
2324,822,2024-06-28,Direct,Completed,190.29
2325,823,2024-09-09,Referral,Completed,135.47
2326,824,2026-01-22,Direct,Completed,297.94
2327,824,2026-02-07,Direct,Completed,163.26
2328,824,2026-05-25,Direct,Completed,309.94
2329,825,2026-02-22,Organic Search,Completed,186.96
2330,825,2026-04-16,Organic Search,Completed,261.21
2331,826,2025-07-13,Email,Completed,72.87
2332,827,2025-12-20,Social Media,Completed,583.91
2333,828,2026-04-27,Paid Search,Completed,429.97
2334,829,2026-03-30,Paid Search,Completed,119.97
2335,829,2026-04-12,Paid Search,Completed,29.98
2336,830,2024-11-11,Social Media,Completed,135.98
2337,831,2026-06-10,Referral,Completed,85.97
2338,831,2026-06-15,Referral,Completed,389.16
2339,832,2026-01-11,Organic Search,Completed,50.38
2340,832,2026-02-12,Organic Search,Cancelled,279.97
2341,832,2026-04-20,Organic Search,Completed,611.95
2342,832,2026-06-16,Organic Search,Completed,449.43
2343,833,2024-04-16,Email,Completed,539.94
2344,833,2024-05-06,Email,Completed,130.96
2345,833,2024-06-02,Email,Completed,299.95
2346,833,2024-06-10,Email,Completed,212.42
2347,833,2024-07-29,Email,Cancelled,203.16
2348,833,2024-09-04,Email,Cancelled,100.98
2349,833,2024-12-30,Email,Completed,167.33
2350,833,2025-01-07,Email,Completed,17.99
2351,833,2025-03-05,Email,Completed,254.96
2352,833,2025-05-24,Email,Completed,613.75
2353,834,2024-12-02,Paid Search,Completed,55.66
2354,835,2025-02-16,Paid Search,Completed,219.92
2355,835,2025-03-07,Paid Search,Completed,585.91
2356,835,2025-06-24,Paid Search,Completed,259.98
2357,835,2025-08-30,Paid Search,Cancelled,270.96
2358,836,2024-02-28,Paid Search,Completed,314.42
2359,836,2024-06-20,Paid Search,Completed,301.41
2360,837,2025-12-11,Direct,Completed,261.34
2361,838,2025-09-06,Paid Search,Completed,159.53
2362,838,2025-11-21,Paid Search,Returned,404.97
2363,838,2026-01-01,Paid Search,Completed,303.43
2364,838,2026-02-11,Paid Search,Completed,356.19
2365,838,2026-05-27,Paid Search,Returned,142.45
2366,839,2024-09-23,Paid Search,Completed,158.93
2367,839,2024-12-28,Paid Search,Completed,80.97
2368,839,2025-04-25,Paid Search,Completed,55.98
2369,839,2025-07-25,Paid Search,Cancelled,133.95
2370,840,2026-02-23,Paid Search,Completed,474.41
2371,840,2026-06-06,Paid Search,Completed,221.71
2372,841,2024-07-14,Paid Search,Completed,422.92
2373,841,2024-08-08,Paid Search,Completed,13.49
2374,842,2024-09-11,Referral,Completed,35.98
2375,842,2024-11-07,Referral,Completed,123.97
2376,842,2024-12-09,Referral,Completed,279.94
2377,842,2024-12-14,Referral,Completed,97.95
2378,842,2024-12-21,Referral,Completed,139.46
2379,843,2026-06-01,Email,Completed,602.49
2380,843,2026-06-25,Email,Completed,247.41
2381,844,2025-09-19,Social Media,Completed,879.92
2382,844,2025-11-27,Social Media,Completed,100.41
2383,844,2026-03-08,Social Media,Completed,214.97
2384,844,2026-03-29,Social Media,Completed,131.74
2385,845,2025-07-07,Social Media,Completed,167.96
2386,845,2025-08-15,Social Media,Completed,578.91
2387,846,2024-08-19,Paid Search,Completed,161.97
2388,846,2024-10-26,Paid Search,Completed,292.97
2389,847,2025-03-13,Direct,Cancelled,214.98
2390,847,2025-06-22,Direct,Completed,50.99
2391,847,2025-09-26,Direct,Completed,107.97
2392,848,2024-08-11,Social Media,Completed,166.16
2393,848,2024-11-04,Social Media,Completed,52.97
2394,848,2025-01-30,Social Media,Completed,45.98
2395,848,2025-02-16,Social Media,Completed,215.43
2396,849,2024-09-08,Direct,Completed,428.34
2397,849,2024-11-11,Direct,Completed,234.96
2398,849,2025-03-01,Direct,Completed,231.91
2399,849,2025-05-22,Direct,Completed,241.9
2400,850,2025-04-01,Email,Completed,59.37
2401,850,2025-04-22,Email,Completed,333.93
2402,850,2025-06-26,Email,Completed,162.42
2403,850,2025-10-22,Email,Completed,88.97
2404,850,2025-11-15,Email,Completed,343.94
2405,850,2026-02-05,Email,Completed,229.94
2406,850,2026-03-28,Email,Completed,90.47
2407,850,2026-04-13,Email,Completed,147.97
2408,851,2024-12-06,Social Media,Completed,536.92
2409,852,2026-05-31,Referral,Completed,74.97
2410,853,2025-10-17,Social Media,Completed,314.92
2411,854,2024-07-27,Email,Completed,146.95
2412,854,2024-09-05,Email,Completed,339.11
2413,854,2024-10-26,Email,Completed,79.98
2414,854,2025-01-01,Email,Completed,230.16
2415,854,2025-04-14,Email,Completed,53.97
2416,854,2025-06-22,Email,Cancelled,43.98
2417,855,2024-08-08,Direct,Completed,321.91
2418,855,2024-11-25,Direct,Completed,39.98
2419,856,2025-05-21,Paid Search,Completed,341.8
2420,856,2025-07-15,Paid Search,Completed,131.37
2421,856,2025-09-25,Paid Search,Completed,116.96
2422,856,2025-12-08,Paid Search,Completed,220.94
2423,856,2026-01-09,Paid Search,Completed,276.66
2424,856,2026-02-06,Paid Search,Completed,350.93
2425,857,2025-01-24,Referral,Completed,79.18
2426,857,2025-02-03,Referral,Completed,206.93
2427,857,2025-05-10,Referral,Completed,24.99
2428,857,2025-06-24,Referral,Completed,104.97
2429,857,2025-10-16,Referral,Completed,24.99
2430,858,2026-06-10,Organic Search,Completed,187.91
2431,859,2026-01-09,Referral,Cancelled,189.38
2432,860,2024-07-25,Paid Search,Completed,62.98
2433,860,2024-10-01,Paid Search,Completed,13.49
2434,860,2024-12-23,Paid Search,Cancelled,381.96
2435,860,2025-03-27,Paid Search,Completed,279.95
2436,860,2025-04-06,Paid Search,Completed,179.55
2437,860,2025-06-16,Paid Search,Completed,884.32
2438,860,2025-09-29,Paid Search,Returned,101.96
2439,860,2025-12-18,Paid Search,Returned,216.94
2440,860,2026-04-08,Paid Search,Completed,67.47
2441,861,2025-01-30,Email,Completed,182.96
2442,861,2025-04-10,Email,Completed,229.97
2443,861,2025-05-28,Email,Completed,107.97
2444,862,2026-05-11,Direct,Completed,89.98
2445,862,2026-06-05,Direct,Completed,149.97
2446,864,2025-11-17,Paid Search,Cancelled,41.38
2447,865,2025-04-05,Paid Search,Completed,389.97
2448,865,2025-04-23,Paid Search,Completed,268.95
2449,866,2026-05-09,Direct,Completed,71.37
2450,867,2026-04-20,Organic Search,Cancelled,89.99
2451,867,2026-06-22,Organic Search,Completed,437.92
2452,868,2024-11-30,Social Media,Completed,134.97
2453,868,2025-03-25,Social Media,Returned,513.49
2454,869,2024-08-17,Paid Search,Completed,39.98
2455,869,2024-09-27,Paid Search,Completed,320.9
2456,869,2024-12-18,Paid Search,Completed,639.91
2457,869,2025-04-05,Paid Search,Cancelled,372.96
2458,869,2025-04-30,Paid Search,Completed,250.46
2459,869,2025-05-30,Paid Search,Completed,401.93
2460,869,2025-07-23,Paid Search,Completed,253.87
2461,869,2025-08-08,Paid Search,Completed,69.98
2462,869,2025-10-04,Paid Search,Completed,64.78
2463,869,2026-01-08,Paid Search,Completed,449.97
2464,869,2026-02-15,Paid Search,Cancelled,96.25
2465,869,2026-03-27,Paid Search,Completed,737.41
2466,870,2024-08-12,Referral,Completed,39.98
2467,870,2024-09-04,Referral,Completed,174.69
2468,871,2025-06-13,Referral,Completed,65.97
2469,872,2025-05-20,Organic Search,Returned,275.42
2470,872,2025-06-30,Organic Search,Completed,719.94
2471,873,2026-06-01,Direct,Completed,88.22
2472,874,2024-09-21,Paid Search,Completed,179.98
2473,875,2025-03-11,Referral,Completed,124.97
2474,875,2025-05-15,Referral,Completed,1000.39
2475,875,2025-08-20,Referral,Completed,65.98
2476,876,2025-11-06,Organic Search,Completed,469.96
2477,876,2026-02-18,Organic Search,Completed,221.98
2478,877,2025-01-19,Organic Search,Cancelled,45.98
2479,877,2025-04-15,Organic Search,Completed,79.99
2480,877,2025-05-26,Organic Search,Completed,589.92
2481,877,2025-06-15,Organic Search,Completed,275.04
2482,878,2025-08-10,Social Media,Completed,167.96
2483,878,2025-09-30,Social Media,Completed,519.93
2484,879,2025-08-19,Email,Completed,109.15
2485,879,2025-09-20,Email,Completed,438.45
2486,880,2025-07-18,Referral,Completed,374.94
2487,880,2025-11-12,Referral,Completed,180.04
2488,880,2026-01-23,Referral,Completed,303.17
2489,881,2024-05-20,Email,Completed,554.42
2490,881,2024-06-09,Email,Completed,374.94
2491,882,2025-12-26,Direct,Completed,70.97
2492,882,2026-02-15,Direct,Completed,229.93
2493,883,2026-01-02,Referral,Completed,265.41
2494,884,2025-12-24,Social Media,Completed,152.95
2495,884,2026-03-29,Social Media,Completed,214.97
2496,885,2024-09-27,Email,Completed,109.44
2497,885,2024-11-02,Email,Completed,139.95
2498,885,2025-01-19,Email,Completed,539.92
2499,885,2025-05-10,Email,Completed,71.98
2500,885,2025-05-24,Email,Completed,120.45
2501,885,2025-09-06,Email,Completed,123.95
2502,885,2025-09-25,Email,Completed,59.99
2503,885,2025-10-28,Email,Completed,274.93
2504,885,2025-11-22,Email,Completed,167.94
2505,885,2026-01-15,Email,Completed,430.94
2506,885,2026-01-31,Email,Completed,430.9
2507,885,2026-02-09,Email,Completed,285.92
2508,886,2024-05-30,Social Media,Cancelled,260.91
2509,886,2024-06-29,Social Media,Completed,314.72
2510,887,2025-04-07,Social Media,Completed,488.5
2511,887,2025-04-16,Social Media,Cancelled,154.04
2512,887,2025-08-03,Social Media,Cancelled,519.94
2513,888,2024-06-14,Paid Search,Completed,292.01
2514,888,2024-09-08,Paid Search,Completed,209.2
2515,888,2024-10-15,Paid Search,Completed,226.96
2516,888,2025-01-23,Paid Search,Completed,227.94
2517,888,2025-03-30,Paid Search,Completed,194.94
2518,889,2026-03-02,Referral,Completed,315.93
2519,890,2024-09-10,Organic Search,Completed,319.46
2520,890,2024-12-26,Organic Search,Completed,356.94
2521,891,2025-09-07,Direct,Completed,435.03
2522,891,2025-12-16,Direct,Completed,248.96
2523,891,2026-01-23,Direct,Completed,309.96
2524,891,2026-02-08,Direct,Completed,404.91
2525,891,2026-06-05,Direct,Completed,429.91
2526,892,2024-07-12,Social Media,Completed,189.93
2527,892,2024-09-06,Social Media,Completed,569.91
2528,893,2024-02-20,Email,Completed,149.99
2529,893,2024-03-28,Email,Completed,467.74
2530,893,2024-05-14,Email,Cancelled,134.97
2531,893,2024-05-24,Email,Completed,261.91
2532,893,2024-07-06,Email,Completed,158.95
2533,894,2024-08-14,Organic Search,Completed,80.98
2534,894,2024-10-19,Organic Search,Completed,19.99
2535,895,2026-01-20,Social Media,Completed,123.97
2536,895,2026-04-30,Social Media,Completed,203.02
2537,895,2026-05-30,Social Media,Returned,165.72
2538,896,2025-09-23,Direct,Completed,514.95
2539,897,2025-03-24,Paid Search,Completed,460.92
2540,897,2025-03-29,Paid Search,Returned,175.47
2541,898,2025-04-01,Email,Completed,104.97
2542,899,2025-11-16,Email,Completed,113.45
2543,901,2025-06-17,Direct,Returned,623.17
2544,901,2025-08-05,Direct,Completed,536.94
2545,902,2025-11-15,Social Media,Completed,81.97
2546,902,2026-01-21,Social Media,Completed,205.97
2547,902,2026-05-17,Social Media,Returned,203.32
2548,903,2025-02-28,Referral,Completed,34.99
2549,903,2025-06-06,Referral,Completed,191.64
2550,903,2025-09-09,Referral,Completed,200.31
2551,903,2025-10-16,Referral,Completed,293.95
2552,904,2024-10-14,Organic Search,Completed,83.96
2553,904,2025-01-18,Organic Search,Completed,178.56
2554,904,2025-03-27,Organic Search,Completed,101.96
2555,904,2025-04-19,Organic Search,Completed,100.97
2556,905,2025-01-22,Social Media,Completed,198.93
2557,905,2025-05-15,Social Media,Cancelled,673.91
2558,905,2025-06-17,Social Media,Completed,69.98
2559,905,2025-07-25,Social Media,Completed,159.98
2560,905,2025-08-18,Social Media,Cancelled,434.95
2561,905,2025-08-31,Social Media,Cancelled,317.09
2562,905,2025-09-12,Social Media,Completed,233.94
2563,905,2025-12-28,Social Media,Completed,239.98
2564,905,2026-03-27,Social Media,Completed,478.94
2565,905,2026-04-01,Social Media,Completed,119.97
2566,906,2024-11-17,Social Media,Completed,205.91
2567,906,2025-01-11,Social Media,Completed,47.98
2568,907,2026-06-23,Direct,Completed,83.98
2569,908,2025-02-11,Direct,Completed,119.98
2570,908,2025-05-24,Direct,Completed,19.99
2571,909,2026-06-29,Referral,Completed,496.43
2572,910,2024-10-01,Email,Cancelled,109.16
2573,910,2024-10-14,Email,Completed,145.96
2574,912,2025-04-20,Organic Search,Completed,538.53
2575,912,2025-07-29,Organic Search,Completed,677.66
2576,913,2025-07-02,Paid Search,Completed,626.9
2577,913,2025-10-24,Paid Search,Completed,214.96
2578,913,2025-11-30,Paid Search,Completed,100.96
2579,913,2026-01-16,Paid Search,Completed,641.61
2580,913,2026-05-04,Paid Search,Completed,254.94
2581,914,2024-03-06,Referral,Completed,132.96
2582,914,2024-04-08,Referral,Completed,225.46
2583,914,2024-07-08,Referral,Completed,310.95
2584,915,2024-03-07,Email,Completed,161.36
2585,915,2024-07-03,Email,Completed,325.97
2586,915,2024-10-10,Email,Completed,285.32
2587,915,2024-12-01,Email,Completed,258.95
2588,915,2025-03-03,Email,Completed,560.92
2589,915,2025-04-21,Email,Completed,53.98
2590,915,2025-05-08,Email,Completed,139.14
2591,915,2025-08-11,Email,Completed,625.92
2592,915,2025-08-16,Email,Completed,35.98
2593,915,2025-10-06,Email,Completed,69.98
2594,915,2026-02-03,Email,Completed,291.93
2595,915,2026-03-03,Email,Completed,184.28
2596,915,2026-06-10,Email,Completed,89.99
2597,915,2026-06-16,Email,Completed,349.96
2598,916,2026-03-08,Referral,Completed,445.96
2599,917,2024-04-29,Email,Completed,237.95
2600,918,2024-09-17,Email,Completed,358.15
2601,919,2026-03-27,Social Media,Completed,238.42
2602,919,2026-05-25,Social Media,Completed,134.96
2603,920,2024-06-27,Email,Completed,120.4
2604,920,2024-07-04,Email,Completed,214.93
2605,920,2024-10-21,Email,Completed,580.13
2606,920,2025-01-29,Email,Completed,147.95
2607,920,2025-05-23,Email,Completed,80.97
2608,920,2025-07-31,Email,Completed,192.94
2609,921,2026-01-07,Email,Completed,48.58
2610,921,2026-02-28,Email,Completed,396.46
2611,921,2026-03-20,Email,Completed,352.45
2612,921,2026-06-28,Email,Completed,24.99
2613,922,2025-12-28,Social Media,Completed,113.96
2614,922,2026-04-19,Social Media,Completed,274.94
2615,922,2026-06-26,Social Media,Returned,213.96
2616,923,2024-11-06,Paid Search,Completed,215.97
2617,923,2024-12-05,Paid Search,Completed,134.97
2618,923,2025-04-02,Paid Search,Completed,550.91
2619,923,2025-07-27,Paid Search,Completed,107.95
2620,923,2025-10-24,Paid Search,Completed,182.63
2621,923,2026-01-29,Paid Search,Completed,71.37
2622,923,2026-03-27,Paid Search,Completed,81.37
2623,923,2026-05-26,Paid Search,Completed,17.99
2624,924,2025-12-20,Organic Search,Completed,47.58
2625,926,2025-08-29,Referral,Completed,29.99
2626,927,2026-05-20,Referral,Completed,51.27
2627,928,2025-12-08,Organic Search,Completed,281.47
2628,928,2026-01-24,Organic Search,Completed,451.41
2629,928,2026-04-14,Organic Search,Completed,85.97
2630,929,2026-04-09,Paid Search,Completed,132.94
2631,929,2026-06-12,Paid Search,Completed,231.42
2632,930,2026-03-25,Direct,Completed,135.94
2633,930,2026-06-12,Direct,Completed,69.98
2634,931,2024-11-11,Social Media,Completed,335.96
2635,932,2025-08-18,Organic Search,Completed,462.9
2636,932,2025-11-28,Organic Search,Completed,206.96
2637,933,2026-02-09,Direct,Completed,295.94
2638,933,2026-04-17,Direct,Completed,24.99
2639,934,2024-08-20,Direct,Completed,107.97
2640,934,2024-09-15,Direct,Completed,207.97
2641,935,2025-09-18,Paid Search,Cancelled,116.36
2642,935,2025-12-29,Paid Search,Completed,43.18
2643,935,2026-04-01,Paid Search,Completed,200.95
2644,935,2026-05-07,Paid Search,Completed,59.97
2645,936,2025-02-04,Direct,Completed,163.46
2646,936,2025-05-20,Direct,Completed,247.94
2647,936,2025-07-16,Direct,Completed,260.81
2648,936,2025-08-24,Direct,Completed,179.97
2649,936,2025-10-06,Direct,Completed,169.53
2650,936,2025-12-17,Direct,Completed,226.92
2651,936,2026-01-30,Direct,Completed,24.99
2652,936,2026-04-08,Direct,Completed,284.95
2653,937,2025-04-14,Organic Search,Completed,191.96
2654,937,2025-05-25,Organic Search,Completed,96.97
2655,937,2025-09-08,Organic Search,Completed,171.98
2656,937,2026-01-01,Organic Search,Completed,351.53
2657,937,2026-01-12,Organic Search,Completed,89.99
2658,938,2025-12-11,Direct,Completed,119.98
2659,939,2025-05-13,Referral,Completed,441.35
2660,939,2025-06-08,Referral,Completed,89.98
2661,940,2026-03-11,Direct,Completed,167.96
2662,940,2026-04-10,Direct,Completed,305.93
2663,941,2025-10-26,Paid Search,Completed,245.42
2664,941,2026-01-11,Paid Search,Completed,160.75
2665,942,2024-04-03,Email,Completed,167.96
2666,942,2024-07-05,Email,Completed,97.56
2667,943,2025-11-23,Paid Search,Completed,169.98
2668,944,2024-07-30,Paid Search,Completed,619.94
2669,944,2024-10-22,Paid Search,Completed,389.97
2670,944,2024-11-19,Paid Search,Cancelled,269.97
2671,944,2025-03-17,Paid Search,Completed,159.98
2672,944,2025-06-18,Paid Search,Completed,24.29
2673,944,2025-09-23,Paid Search,Completed,24.99
2674,946,2024-12-21,Paid Search,Completed,483.66
2675,946,2025-01-27,Paid Search,Completed,400.93
2676,946,2025-05-14,Paid Search,Completed,511.41
2677,947,2024-05-20,Paid Search,Completed,442.93
2678,947,2024-07-21,Paid Search,Completed,161.98
2679,948,2025-07-14,Social Media,Completed,500.53
2680,948,2025-10-02,Social Media,Completed,377.95
2681,948,2025-12-20,Social Media,Completed,314.94
2682,948,2026-02-28,Social Media,Completed,247.32
2683,948,2026-04-09,Social Media,Completed,232.44
2684,948,2026-05-31,Social Media,Completed,59.97
2685,949,2026-01-24,Organic Search,Completed,318.55
2686,949,2026-01-29,Organic Search,Completed,89.98
2687,949,2026-05-06,Organic Search,Completed,209.53
2688,950,2024-07-09,Paid Search,Returned,191.96
2689,950,2024-08-28,Paid Search,Completed,88.95
2690,951,2025-09-08,Organic Search,Completed,449.96
2691,951,2025-09-25,Organic Search,Completed,394.95
2692,951,2025-10-12,Organic Search,Completed,293.52
2693,951,2025-11-28,Organic Search,Completed,258.95
2694,951,2026-03-23,Organic Search,Completed,558.62
2695,952,2026-01-13,Email,Cancelled,184.54
2696,953,2024-08-06,Referral,Completed,220.44
2697,953,2024-08-31,Referral,Returned,269.97
2698,953,2024-12-14,Referral,Returned,285.94
2699,954,2025-03-09,Social Media,Completed,59.99
2700,954,2025-04-02,Social Media,Completed,164.93
2701,954,2025-06-27,Social Media,Completed,206.93
2702,954,2025-08-06,Social Media,Completed,132.76
2703,955,2024-12-09,Direct,Completed,89.98
2704,955,2024-12-15,Direct,Completed,29.99
2705,955,2025-02-04,Direct,Completed,403.43
2706,955,2025-04-04,Direct,Completed,448.72
2707,956,2025-05-19,Social Media,Completed,267.34
2708,956,2025-08-09,Social Media,Completed,118.96
2709,957,2024-07-18,Referral,Completed,192.57
2710,957,2024-08-02,Referral,Completed,430.99
2711,958,2024-12-19,Email,Completed,32.28
2712,958,2025-02-27,Email,Completed,98.06
2713,959,2025-06-17,Social Media,Completed,174.94
2714,960,2026-06-06,Referral,Completed,394.93
2715,961,2025-07-09,Paid Search,Completed,289.53
2716,961,2025-10-08,Paid Search,Completed,393.93
2717,961,2026-02-01,Paid Search,Completed,215.96
2718,961,2026-02-10,Paid Search,Completed,255.94
2719,962,2025-09-22,Organic Search,Completed,241.94
2720,962,2025-12-02,Organic Search,Completed,544.94
2721,963,2025-01-07,Email,Completed,74.97
2722,963,2025-04-21,Email,Completed,143.95
2723,963,2025-06-02,Email,Completed,64.99
2724,963,2025-09-22,Email,Completed,261.05
2725,963,2025-10-04,Email,Completed,133.7
2726,964,2025-07-17,Organic Search,Completed,239.96
2727,965,2025-01-10,Direct,Completed,661.92
2728,967,2025-04-13,Paid Search,Completed,39.99
2729,967,2025-08-11,Paid Search,Completed,224.94
2730,967,2025-11-25,Paid Search,Returned,425.94
2731,967,2026-03-15,Paid Search,Completed,32.99
2732,968,2024-07-13,Social Media,Completed,369.92
2733,969,2025-12-10,Referral,Completed,335.42
2734,969,2026-03-31,Referral,Completed,145.73
2735,969,2026-04-15,Referral,Completed,142.46
2736,970,2024-11-18,Email,Completed,79.16
2737,970,2025-02-02,Email,Completed,111.56
2738,970,2025-04-28,Email,Completed,149.96
2739,970,2025-08-22,Email,Completed,71.37
2740,970,2025-11-15,Email,Completed,76.36
2741,970,2026-02-18,Email,Completed,276.92
2742,970,2026-02-24,Email,Completed,361.44
2743,970,2026-04-16,Email,Completed,329.94
2744,971,2024-06-26,Organic Search,Completed,27.99
2745,971,2024-07-03,Organic Search,Cancelled,301.93
2746,973,2024-07-26,Paid Search,Completed,482.96
2747,973,2024-08-18,Paid Search,Completed,61.07
2748,973,2024-11-18,Paid Search,Completed,29.99
2749,973,2025-02-14,Paid Search,Completed,388.72
2750,973,2025-04-18,Paid Search,Completed,523.94
2751,974,2024-06-16,Referral,Cancelled,310.93
2752,974,2024-07-05,Referral,Completed,77.36
2753,975,2025-10-22,Social Media,Completed,261.97
2754,976,2026-02-24,Social Media,Completed,188.97
2755,977,2024-11-03,Direct,Completed,111.15
2756,977,2024-11-25,Direct,Completed,278.95
2757,978,2025-09-23,Direct,Completed,364.95
2758,978,2025-12-16,Direct,Completed,220.15
2759,978,2026-03-08,Direct,Completed,38.98
2760,978,2026-05-14,Direct,Completed,85.96
2761,979,2025-12-16,Organic Search,Returned,168.14
2762,979,2026-03-02,Organic Search,Completed,349.93
2763,979,2026-03-23,Organic Search,Completed,108.95
2764,980,2025-07-26,Paid Search,Completed,215.96
2765,981,2026-01-24,Social Media,Completed,40.47
2766,982,2024-09-05,Social Media,Completed,89.22
2767,983,2025-07-08,Organic Search,Completed,256.96
2768,983,2025-11-04,Organic Search,Completed,256.94
2769,984,2025-04-28,Direct,Completed,129.98
2770,985,2024-12-31,Organic Search,Cancelled,119.98
2771,985,2025-03-15,Organic Search,Completed,504.94
2772,985,2025-06-01,Organic Search,Completed,233.79
2773,985,2025-08-24,Organic Search,Completed,444.93
2774,986,2026-06-28,Direct,Returned,83.36
2775,988,2024-12-26,Paid Search,Completed,262.86
2776,989,2025-07-01,Organic Search,Completed,165.72
2777,989,2025-09-15,Organic Search,Completed,270.34
2778,989,2025-12-11,Organic Search,Completed,537.92
2779,989,2026-04-09,Organic Search,Completed,294.92
2780,989,2026-05-02,Organic Search,Cancelled,181.96
2781,990,2024-11-01,Social Media,Completed,327.53
2782,990,2025-02-06,Social Media,Completed,103.47
2783,990,2025-03-06,Social Media,Returned,169.97
2784,991,2025-07-12,Direct,Completed,609.95
2785,991,2025-10-25,Direct,Completed,45.88
2786,992,2025-01-14,Social Media,Completed,129.99
2787,992,2025-05-14,Social Media,Cancelled,269.97
2788,992,2025-08-10,Social Media,Completed,254.03
2789,993,2026-02-24,Direct,Returned,310.94
2790,993,2026-03-07,Direct,Completed,53.97
2791,994,2025-02-25,Referral,Returned,200.45
2792,994,2025-06-18,Referral,Cancelled,173.97
2793,994,2025-10-15,Referral,Completed,258.52
2794,994,2026-01-20,Referral,Completed,22.99
2795,994,2026-03-12,Referral,Cancelled,20.69
2796,994,2026-06-02,Referral,Completed,582.93
2797,995,2025-01-07,Direct,Completed,71.98
2798,996,2026-01-19,Direct,Completed,229.97
2799,996,2026-02-26,Direct,Cancelled,402.94
2800,997,2026-02-07,Referral,Completed,198.95
2801,997,2026-04-09,Referral,Completed,367.52
2802,997,2026-05-29,Referral,Completed,333.95
2803,997,2026-06-10,Referral,Completed,320.33
2804,999,2024-12-07,Email,Completed,274.9
2805,999,2025-02-11,Email,Completed,319.94
2806,999,2025-04-29,Email,Completed,123.98
2807,999,2025-07-08,Email,Completed,159.98
2808,999,2025-09-19,Email,Completed,540.92
2809,999,2025-11-21,Email,Cancelled,377.94
2810,1000,2024-03-27,Direct,Completed,21.99
2811,1000,2024-05-21,Direct,Returned,403.99
2812,1000,2024-07-24,Direct,Completed,109.15
2813,1000,2024-10-15,Direct,Completed,35.98
2814,1000,2025-02-07,Direct,Completed,454.13
2815,1000,2025-03-20,Direct,Completed,211.33
2816,1001,2025-06-17,Email,Completed,359.98
2817,1002,2025-04-16,Organic Search,Completed,65.97
2818,1002,2025-07-22,Organic Search,Completed,155.96
2819,1002,2025-08-12,Organic Search,Completed,121.65
2820,1002,2025-09-25,Organic Search,Completed,429.95
2821,1002,2026-01-09,Organic Search,Completed,59.97
2822,1003,2025-06-02,Referral,Completed,32.58
2823,1004,2025-02-07,Referral,Completed,84.66
2824,1004,2025-03-28,Referral,Completed,142.93
2825,1004,2025-06-15,Referral,Completed,670.91
2826,1004,2025-09-14,Referral,Completed,314.97
2827,1004,2025-11-03,Referral,Completed,459.94
2828,1005,2026-02-22,Direct,Cancelled,213.74
2829,1006,2025-07-30,Social Media,Completed,15.19
2830,1006,2025-08-16,Social Media,Completed,233.34
2831,1007,2025-07-10,Referral,Completed,220.45
2832,1007,2025-09-30,Referral,Completed,195.46
2833,1010,2026-01-26,Referral,Completed,44.99
2834,1010,2026-05-05,Referral,Completed,266.94
2835,1010,2026-06-20,Referral,Completed,119.97
2836,1011,2025-04-18,Email,Completed,180.67
2837,1012,2024-08-16,Email,Completed,22.99
2838,1012,2024-11-26,Email,Returned,32.99
2839,1012,2024-12-20,Email,Completed,798.9
2840,1012,2025-02-03,Email,Completed,143.98
2841,1012,2025-03-04,Email,Completed,119.97
2842,1012,2025-03-26,Email,Completed,411.9
2843,1012,2025-05-29,Email,Completed,103.97
2844,1012,2025-07-09,Email,Completed,420.93
2845,1012,2025-08-08,Email,Completed,315.64
2846,1012,2025-11-11,Email,Completed,320.25
2847,1012,2026-01-12,Email,Completed,146.95
2848,1012,2026-02-03,Email,Completed,369.96
2849,1012,2026-04-10,Email,Cancelled,178.94
2850,1012,2026-05-21,Email,Completed,233.69
2851,1013,2026-04-10,Social Media,Completed,117.96
2852,1013,2026-05-04,Social Media,Completed,331.94
2853,1013,2026-05-12,Social Media,Completed,224.92
2854,1015,2025-10-14,Social Media,Completed,194.97
2855,1015,2025-11-26,Social Media,Completed,788.89
2856,1015,2026-02-05,Social Media,Completed,53.17
2857,1015,2026-03-24,Social Media,Completed,293.43
2858,1015,2026-04-16,Social Media,Completed,198.8
2859,1015,2026-05-29,Social Media,Completed,509.4
2860,1016,2025-11-27,Social Media,Completed,614.9
2861,1016,2026-01-19,Social Media,Completed,415.4
2862,1017,2026-03-28,Social Media,Completed,430.72
2863,1017,2026-06-20,Social Media,Completed,313.99
2864,1018,2026-01-24,Social Media,Completed,170.73
2865,1019,2026-02-07,Referral,Returned,102.11
2866,1019,2026-06-04,Referral,Completed,39.98
2867,1020,2026-01-22,Referral,Completed,117.98
2868,1020,2026-02-20,Referral,Completed,175.33
2869,1020,2026-03-12,Referral,Completed,255.43
2870,1020,2026-04-26,Referral,Completed,119.97
2871,1021,2025-10-04,Direct,Completed,110.48
2872,1022,2025-10-16,Paid Search,Completed,335.94
2873,1023,2025-10-28,Social Media,Completed,448.91
2874,1023,2026-01-02,Social Media,Completed,80.68
2875,1024,2024-07-09,Email,Completed,167.96
2876,1024,2024-08-09,Email,Completed,248.89
2877,1024,2024-09-27,Email,Completed,557.93
2878,1024,2025-01-02,Email,Completed,134.97
2879,1024,2025-01-17,Email,Completed,39.98
2880,1024,2025-03-22,Email,Completed,391.94
2881,1024,2025-04-25,Email,Completed,164.96
2882,1024,2025-08-11,Email,Cancelled,120.96
2883,1024,2025-10-21,Email,Completed,179.97
2884,1024,2025-12-22,Email,Completed,270.92
2885,1024,2026-01-25,Email,Completed,324.94
2886,1024,2026-02-02,Email,Completed,233.48
2887,1024,2026-02-27,Email,Completed,390.18
2888,1024,2026-03-20,Email,Completed,19.99
2889,1025,2025-08-14,Email,Completed,124.96
2890,1026,2024-12-07,Email,Completed,159.98
2891,1026,2025-03-08,Email,Completed,158.93
2892,1026,2025-06-24,Email,Completed,297.17
2893,1026,2025-09-14,Email,Completed,140.93
2894,1027,2024-06-11,Social Media,Returned,468.54
2895,1028,2025-12-16,Direct,Completed,125.97
2896,1028,2026-01-29,Direct,Completed,456.93
2897,1028,2026-05-25,Direct,Completed,596.89
2898,1029,2024-05-19,Organic Search,Completed,264.95
2899,1029,2024-08-11,Organic Search,Completed,146.05
2900,1029,2024-11-04,Organic Search,Completed,422.91
2901,1029,2025-01-15,Organic Search,Completed,491.3
2902,1029,2025-03-05,Organic Search,Completed,89.95
2903,1029,2025-04-30,Organic Search,Completed,148.47
2904,1030,2026-02-06,Email,Completed,224.68
2905,1030,2026-02-22,Email,Completed,305.96
2906,1030,2026-03-20,Email,Completed,307.92
2907,1030,2026-04-20,Email,Completed,434.92
2908,1031,2024-12-03,Referral,Completed,98.97
2909,1031,2025-01-15,Referral,Completed,192.97
2910,1032,2025-08-30,Social Media,Completed,111.95
2911,1032,2025-11-07,Social Media,Returned,127.46
2912,1033,2024-03-25,Email,Completed,168.53
2913,1033,2024-06-21,Email,Completed,183.69
2914,1033,2024-07-02,Email,Completed,202.91
2915,1033,2024-08-14,Email,Cancelled,120.55
2916,1033,2024-09-27,Email,Completed,26.39
2917,1033,2024-12-21,Email,Completed,268.13
2918,1033,2025-02-03,Email,Completed,134.45
2919,1033,2025-03-29,Email,Completed,253.92
2920,1033,2025-04-13,Email,Completed,22.99
2921,1033,2025-06-18,Email,Completed,555.94
2922,1033,2025-07-30,Email,Completed,194.97
2923,1033,2025-09-21,Email,Completed,267.43
2924,1033,2025-11-25,Email,Completed,406.93
2925,1033,2026-02-28,Email,Completed,179.5
2926,1033,2026-05-21,Email,Completed,160.95
2927,1034,2025-02-17,Direct,Completed,80.98
2928,1035,2024-03-22,Organic Search,Completed,76.96
2929,1037,2024-12-22,Email,Completed,180.96
2930,1037,2025-04-04,Email,Completed,478.9
2931,1037,2025-05-29,Email,Completed,253.93
2932,1037,2025-07-09,Email,Cancelled,299.98
2933,1037,2025-08-20,Email,Completed,234.95
2934,1037,2025-10-24,Email,Completed,248.94
2935,1037,2025-11-26,Email,Completed,72.96
2936,1037,2026-01-12,Email,Cancelled,545.32
2937,1037,2026-05-06,Email,Completed,216.92
2938,1038,2026-02-18,Referral,Completed,127.49
2939,1038,2026-05-19,Referral,Completed,244.95
2940,1038,2026-06-09,Referral,Completed,174.73
2941,1039,2025-08-27,Referral,Completed,222.94
2942,1039,2025-10-05,Referral,Completed,469.94
2943,1039,2025-12-16,Referral,Completed,459.66
2944,1039,2026-01-26,Referral,Completed,38.24
2945,1039,2026-05-14,Referral,Completed,135.84
2946,1039,2026-06-25,Referral,Completed,359.04
2947,1040,2025-01-29,Direct,Completed,16.19
2948,1041,2025-12-23,Email,Completed,455.92
2949,1042,2026-05-10,Email,Cancelled,125.66
2950,1042,2026-06-29,Email,Completed,24.99
2951,1043,2025-03-25,Referral,Completed,302.96
2952,1043,2025-04-30,Referral,Completed,53.98
2953,1043,2025-05-13,Referral,Completed,169.94
2954,1044,2025-10-21,Direct,Completed,421.58
2955,1044,2025-12-26,Direct,Completed,199.98
2956,1044,2026-01-31,Direct,Completed,571.03
2957,1044,2026-03-13,Direct,Completed,113.46
2958,1044,2026-04-13,Direct,Completed,69.98
2959,1044,2026-06-25,Direct,Completed,71.37
2960,1045,2025-08-31,Referral,Completed,359.31
2961,1045,2025-10-10,Referral,Completed,424.91
2962,1045,2026-02-03,Referral,Completed,214.42
2963,1045,2026-03-24,Referral,Completed,43.98
2964,1045,2026-04-03,Referral,Completed,161.97
2965,1046,2026-04-12,Direct,Completed,233.98
2966,1047,2026-02-14,Referral,Cancelled,65.98
2967,1047,2026-05-19,Referral,Completed,21.99
2968,1047,2026-06-05,Referral,Completed,233.02
2969,1048,2025-12-12,Social Media,Completed,271.36
2970,1048,2026-04-11,Social Media,Completed,56.97
2971,1049,2026-02-06,Direct,Cancelled,34.18
2972,1049,2026-02-25,Direct,Completed,276.04
2973,1049,2026-04-24,Direct,Cancelled,189.96
2974,1049,2026-06-15,Direct,Completed,268.93
2975,1050,2024-05-10,Social Media,Completed,503.94
2976,1050,2024-08-17,Social Media,Cancelled,277.41
2977,1051,2024-07-30,Organic Search,Completed,522.03
2978,1051,2024-09-05,Organic Search,Completed,24.99
2979,1051,2024-10-31,Organic Search,Completed,49.98
2980,1051,2024-11-18,Organic Search,Completed,71.37
2981,1051,2024-12-24,Organic Search,Completed,62.98
2982,1051,2025-01-26,Organic Search,Completed,99.99
2983,1051,2025-02-01,Organic Search,Completed,413.93
2984,1051,2025-03-15,Organic Search,Completed,271.93
2985,1051,2025-04-15,Organic Search,Completed,99.97
2986,1052,2024-08-20,Referral,Completed,232.94
2987,1052,2024-11-29,Referral,Completed,146.19
2988,1053,2025-02-15,Social Media,Completed,384.24
2989,1053,2025-03-12,Social Media,Completed,116.98
2990,1055,2026-05-18,Organic Search,Completed,457.71
2991,1056,2025-04-10,Organic Search,Completed,221.32
2992,1056,2025-04-18,Organic Search,Completed,463.74
2993,1056,2025-08-09,Organic Search,Completed,400.18
2994,1056,2025-09-30,Organic Search,Completed,303.92
2995,1057,2024-05-18,Organic Search,Completed,166.83
2996,1057,2024-06-01,Organic Search,Completed,255.94
2997,1057,2024-09-23,Organic Search,Completed,516.51
2998,1057,2024-12-09,Organic Search,Completed,449.97
2999,1057,2025-04-02,Organic Search,Completed,128.54
3000,1057,2025-04-16,Organic Search,Completed,116.97
3001,1058,2025-10-29,Social Media,Cancelled,259.98
3002,1058,2026-02-03,Social Media,Completed,490.99
3003,1059,2024-07-30,Organic Search,Completed,55.98
3004,1059,2024-10-24,Organic Search,Completed,346.42
3005,1059,2025-01-22,Organic Search,Completed,422.96
3006,1059,2025-02-04,Organic Search,Completed,584.93
3007,1059,2025-06-03,Organic Search,Completed,347.92
3008,1059,2025-07-14,Organic Search,Completed,255.96
3009,1059,2025-10-31,Organic Search,Completed,115.97
3010,1059,2026-02-08,Organic Search,Returned,343.15
3011,1059,2026-04-20,Organic Search,Returned,267.42
3012,1059,2026-06-17,Organic Search,Completed,324.93
3013,1060,2025-10-17,Direct,Completed,125.95
3014,1060,2026-02-12,Direct,Cancelled,259.51
3015,1061,2025-11-18,Email,Completed,44.97
3016,1061,2025-12-19,Email,Completed,152.97
3017,1061,2026-01-09,Email,Cancelled,283.84
3018,1061,2026-02-08,Email,Completed,183.94
3019,1061,2026-04-11,Email,Completed,53.97
3020,1062,2024-08-14,Organic Search,Completed,639.16
3021,1062,2024-09-28,Organic Search,Cancelled,59.98
3022,1062,2024-10-30,Organic Search,Completed,356.91
3023,1063,2026-06-06,Direct,Completed,144.09
3024,1064,2025-12-10,Direct,Completed,44.99
3025,1064,2026-01-23,Direct,Completed,179.95
3026,1065,2025-05-15,Referral,Completed,409.76
3027,1065,2025-09-08,Referral,Completed,189.46
3028,1065,2025-11-16,Referral,Completed,111.98
3029,1065,2026-01-22,Referral,Completed,59.97
3030,1065,2026-05-04,Referral,Completed,197.96
3031,1065,2026-06-29,Referral,Completed,365.44
3032,1066,2025-04-02,Referral,Completed,530.94
3033,1066,2025-04-13,Referral,Completed,120.14
3034,1066,2025-04-27,Referral,Completed,491.62
3035,1066,2025-07-05,Referral,Completed,27.99
3036,1067,2025-03-13,Paid Search,Completed,464.52
3037,1067,2025-04-13,Paid Search,Completed,305.96
3038,1068,2025-07-23,Paid Search,Completed,48.58
3039,1068,2025-11-14,Paid Search,Completed,329.94
3040,1069,2025-01-13,Social Media,Returned,183.95
3041,1070,2025-04-19,Direct,Completed,147.15
3042,1070,2025-07-04,Direct,Completed,231.93
3043,1071,2025-04-19,Email,Completed,440.68
3044,1071,2025-07-30,Email,Returned,475.89
3045,1071,2025-08-12,Email,Completed,83.81
3046,1071,2025-11-23,Email,Completed,98.98
3047,1071,2026-01-22,Email,Completed,159.95
3048,1071,2026-03-14,Email,Completed,583.92
3049,1072,2024-11-11,Email,Completed,268.94
3050,1073,2024-10-09,Email,Completed,78.45
3051,1075,2026-06-11,Direct,Cancelled,109.98
3052,1076,2024-06-24,Paid Search,Completed,582.81
3053,1076,2024-09-02,Paid Search,Completed,155.95
3054,1076,2024-11-29,Paid Search,Completed,89.99
3055,1076,2025-03-02,Paid Search,Completed,460.94
3056,1076,2025-04-18,Paid Search,Completed,288.43
3057,1076,2025-06-10,Paid Search,Completed,240.33
3058,1076,2025-09-07,Paid Search,Completed,30.58
3059,1076,2025-09-29,Paid Search,Cancelled,315.93
3060,1076,2026-01-23,Paid Search,Cancelled,119.97
3061,1076,2026-03-04,Paid Search,Completed,118.96
3062,1077,2026-02-13,Referral,Completed,29.69
3063,1077,2026-05-25,Referral,Completed,440.92
3064,1078,2025-01-30,Email,Completed,130.47
3065,1078,2025-04-18,Email,Completed,107.54
3066,1078,2025-07-06,Email,Completed,83.98
3067,1078,2025-11-03,Email,Completed,254.93
3068,1078,2026-02-27,Email,Completed,24.99
3069,1079,2025-12-06,Social Media,Completed,26.99
3070,1079,2026-01-09,Social Media,Returned,122.94
3071,1080,2024-12-31,Social Media,Completed,171.25
3072,1080,2025-02-24,Social Media,Completed,215.96
3073,1081,2025-12-08,Direct,Completed,217.45
3074,1081,2026-01-06,Direct,Completed,62.98
3075,1081,2026-04-26,Direct,Completed,536.71
3076,1082,2024-10-23,Paid Search,Completed,26.99
3077,1082,2024-11-24,Paid Search,Completed,194.95
3078,1083,2025-10-25,Email,Completed,129.99
3079,1083,2025-12-31,Email,Cancelled,35.99
3080,1083,2026-02-19,Email,Completed,217.95
3081,1083,2026-04-16,Email,Completed,64.99
3082,1083,2026-06-08,Email,Completed,92.97
3083,1084,2026-04-18,Email,Completed,485.93
3084,1085,2024-12-29,Social Media,Completed,279.95
3085,1085,2025-04-01,Social Media,Cancelled,310.41
3086,1085,2025-05-09,Social Media,Completed,179.98
3087,1085,2025-07-02,Social Media,Cancelled,52.98
3088,1086,2024-12-25,Social Media,Completed,425.95
3089,1086,2025-02-12,Social Media,Completed,505.67
3090,1087,2024-09-29,Organic Search,Completed,70.37
3091,1087,2024-12-18,Organic Search,Returned,55.98
3092,1088,2024-10-10,Referral,Completed,284.94
3093,1089,2024-11-28,Email,Completed,134.13
3094,1089,2025-01-12,Email,Completed,244.44
3095,1091,2025-03-31,Paid Search,Completed,279.93
3096,1091,2025-06-12,Paid Search,Completed,617.67
3097,1092,2024-08-25,Organic Search,Completed,62.98
3098,1092,2024-11-17,Organic Search,Completed,230.13
3099,1092,2025-01-28,Organic Search,Completed,161.82
3100,1092,2025-03-01,Organic Search,Completed,213.77
3101,1092,2025-04-07,Organic Search,Completed,68.97
3102,1092,2025-04-12,Organic Search,Completed,197.46
3103,1092,2025-06-10,Organic Search,Completed,194.97
3104,1092,2025-08-28,Organic Search,Completed,137.35
3105,1092,2025-10-11,Organic Search,Completed,97.75
3106,1092,2026-01-29,Organic Search,Completed,90.56
3107,1092,2026-05-17,Organic Search,Completed,199.64
3108,1093,2025-02-06,Referral,Completed,179.97
3109,1094,2025-06-13,Referral,Completed,417.14
3110,1094,2025-07-29,Referral,Completed,227.93
3111,1094,2025-11-12,Referral,Completed,234.94
3112,1094,2025-11-17,Referral,Completed,231.45
3113,1094,2026-01-16,Referral,Completed,353.44
3114,1094,2026-01-24,Referral,Completed,149.94
3115,1095,2025-09-15,Paid Search,Cancelled,178.47
3116,1095,2025-09-29,Paid Search,Completed,95.96
3117,1095,2025-12-04,Paid Search,Completed,459.92
3118,1095,2025-12-22,Paid Search,Completed,212.44
3119,1095,2026-02-25,Paid Search,Completed,193.46
3120,1096,2025-03-26,Direct,Completed,224.94
3121,1096,2025-06-22,Direct,Completed,258.22
3122,1097,2024-08-17,Referral,Completed,53.98
3123,1097,2024-09-05,Referral,Completed,220.94
3124,1097,2024-12-13,Referral,Completed,158.45
3125,1097,2025-04-10,Referral,Completed,571.92
3126,1097,2025-06-09,Referral,Completed,112.72
3127,1097,2025-09-04,Referral,Completed,175.13
3128,1097,2025-11-22,Referral,Completed,80.77
3129,1097,2026-03-18,Referral,Completed,210.94
3130,1097,2026-04-26,Referral,Completed,143.98
3131,1097,2026-05-10,Referral,Completed,695.12
3132,1098,2024-07-26,Social Media,Completed,158.31
3133,1098,2024-09-07,Social Media,Completed,299.98
3134,1099,2025-05-11,Referral,Cancelled,57.98
3135,1099,2025-07-24,Referral,Completed,64.78
3136,1100,2024-01-22,Social Media,Completed,264.67
3137,1100,2024-02-10,Social Media,Completed,43.18
3138,1100,2024-05-15,Social Media,Completed,254.13
3139,1100,2024-09-10,Social Media,Completed,55.98
3140,1100,2024-11-11,Social Media,Completed,304.43
3141,1100,2024-12-10,Social Media,Completed,283.45
3142,1100,2025-01-17,Social Media,Completed,134.94
3143,1100,2025-04-24,Social Media,Completed,301.02
3144,1100,2025-05-26,Social Media,Completed,359.94
3145,1100,2025-07-15,Social Media,Completed,468.55
3146,1100,2025-11-11,Social Media,Completed,325.62
3147,1100,2025-12-27,Social Media,Completed,104.97
3148,1100,2026-02-11,Social Media,Completed,137.57
3149,1100,2026-04-04,Social Media,Completed,442.93
3150,1101,2026-06-11,Email,Completed,328.93
3151,1102,2025-01-10,Referral,Completed,69.98
3152,1102,2025-05-10,Referral,Completed,82.75
3153,1102,2025-08-04,Referral,Returned,29.74
3154,1103,2025-04-17,Paid Search,Completed,277.34
3155,1104,2025-05-23,Email,Completed,84.96
3156,1104,2025-06-28,Email,Completed,17.99
3157,1104,2025-08-02,Email,Completed,59.48
3158,1104,2025-11-10,Email,Completed,347.32
3159,1104,2026-02-14,Email,Cancelled,21.99
3160,1104,2026-04-30,Email,Completed,481.13
3161,1105,2025-06-05,Referral,Completed,199.16
3162,1105,2025-08-27,Referral,Completed,408.95
3163,1105,2025-11-26,Referral,Completed,118.95
3164,1105,2025-12-13,Referral,Cancelled,224.96
3165,1105,2026-02-06,Referral,Completed,284.91
3166,1105,2026-04-27,Referral,Completed,95.25
3167,1106,2026-03-02,Social Media,Completed,49.98
3168,1106,2026-05-27,Social Media,Completed,398.93
3169,1107,2025-10-12,Referral,Returned,186.03
3170,1107,2025-11-27,Referral,Completed,140.65
3171,1107,2026-01-27,Referral,Completed,218.93
3172,1107,2026-03-24,Referral,Completed,285.1
3173,1108,2025-07-27,Organic Search,Completed,39.99
3174,1109,2024-10-12,Organic Search,Completed,243.94
3175,1109,2024-12-30,Organic Search,Completed,83.97
3176,1110,2025-05-06,Referral,Completed,65.97
3177,1111,2025-06-17,Paid Search,Cancelled,277.65
3178,1111,2025-09-20,Paid Search,Completed,153.96
3179,1111,2025-10-03,Paid Search,Completed,82.97
3180,1111,2026-01-02,Paid Search,Completed,292.42
3181,1112,2025-12-12,Direct,Completed,381.94
3182,1113,2026-03-14,Paid Search,Completed,138.73
3183,1113,2026-05-21,Paid Search,Completed,212.97
3184,1114,2026-03-07,Organic Search,Returned,29.99
3185,1115,2025-05-23,Social Media,Cancelled,702.93
3186,1116,2024-10-29,Organic Search,Completed,16.19
3187,1116,2024-11-25,Organic Search,Completed,96.06
3188,1117,2026-03-07,Organic Search,Completed,104.97
3189,1117,2026-04-14,Organic Search,Completed,124.77
3190,1118,2024-12-23,Paid Search,Completed,340.94
3191,1118,2025-02-17,Paid Search,Completed,179.97
3192,1119,2024-05-26,Email,Completed,107.98
3193,1119,2024-07-19,Email,Completed,386.41
3194,1120,2026-02-10,Social Media,Completed,282.55
3195,1120,2026-05-03,Social Media,Completed,139.46
3196,1121,2024-04-15,Email,Completed,53.98
3197,1121,2024-07-04,Email,Completed,35.99
3198,1122,2026-03-22,Direct,Completed,48.58
3199,1122,2026-04-19,Direct,Returned,590.51
3200,1122,2026-05-18,Direct,Completed,271.94
3201,1123,2025-09-21,Social Media,Completed,69.98
3202,1123,2025-12-15,Social Media,Completed,53.97
3203,1123,2026-02-10,Social Media,Completed,354.23
3204,1123,2026-03-28,Social Media,Completed,99.99
3205,1123,2026-06-26,Social Media,Completed,130.48
3206,1124,2025-12-28,Social Media,Completed,254.42
3207,1124,2026-01-22,Social Media,Completed,167.34
3208,1124,2026-05-21,Social Media,Completed,31.99
3209,1125,2025-06-15,Paid Search,Completed,363.51
3210,1125,2025-06-21,Paid Search,Completed,353.92
3211,1126,2024-12-09,Organic Search,Completed,498.92
3212,1126,2025-04-03,Organic Search,Completed,179.93
3213,1126,2025-05-14,Organic Search,Returned,26.99
3214,1126,2025-06-25,Organic Search,Completed,45.98
3215,1126,2025-08-22,Organic Search,Completed,413.71
3216,1127,2026-05-04,Paid Search,Completed,129.98
3217,1128,2024-09-17,Organic Search,Completed,189.95
3218,1129,2024-07-25,Organic Search,Completed,188.24
3219,1129,2024-09-01,Organic Search,Returned,447.93
3220,1129,2024-09-26,Organic Search,Completed,150.95
3221,1129,2025-01-13,Organic Search,Completed,38.22
3222,1130,2026-03-26,Email,Completed,143.68
3223,1130,2026-04-03,Email,Cancelled,149.95
3224,1130,2026-05-24,Email,Completed,138.73
3225,1131,2025-10-13,Paid Search,Completed,134.99
3226,1131,2025-11-18,Paid Search,Cancelled,199.98
3227,1131,2026-01-09,Paid Search,Completed,342.36
3228,1131,2026-04-29,Paid Search,Completed,44.78
3229,1131,2026-05-24,Paid Search,Completed,31.98
3230,1132,2025-09-01,Organic Search,Completed,180.59
3231,1132,2025-11-04,Organic Search,Completed,493.4
3232,1133,2024-05-16,Paid Search,Completed,437.59
3233,1133,2024-07-11,Paid Search,Completed,21.99
3234,1133,2024-09-10,Paid Search,Completed,559.96
3235,1133,2024-10-29,Paid Search,Completed,144.26
3236,1133,2024-12-27,Paid Search,Completed,129.98
3237,1134,2024-12-10,Social Media,Completed,204.43
3238,1134,2025-03-10,Social Media,Completed,80.98
3239,1135,2025-02-07,Referral,Completed,17.09
3240,1137,2024-10-13,Email,Completed,69.26
3241,1137,2024-10-21,Email,Completed,279.96
3242,1138,2024-05-26,Paid Search,Completed,403.93
3243,1138,2024-06-14,Paid Search,Completed,84.97
3244,1138,2024-10-08,Paid Search,Cancelled,143.96
3245,1139,2024-02-12,Referral,Completed,134.98
3246,1139,2024-04-07,Referral,Completed,409.92
3247,1139,2024-07-24,Referral,Completed,568.22
3248,1139,2024-10-07,Referral,Completed,213.95
3249,1139,2024-12-31,Referral,Completed,239.98
3250,1139,2025-01-07,Referral,Completed,17.09
3251,1140,2025-08-03,Organic Search,Completed,256.53
3252,1140,2025-10-02,Organic Search,Completed,351.5
3253,1140,2025-11-15,Organic Search,Completed,304.42
3254,1140,2026-02-01,Organic Search,Completed,65.98
3255,1140,2026-05-18,Organic Search,Completed,335.94
3256,1141,2024-05-17,Paid Search,Cancelled,192.97
3257,1141,2024-06-08,Paid Search,Completed,118.95
3258,1141,2024-06-21,Paid Search,Completed,216.52
3259,1141,2024-09-24,Paid Search,Completed,79.76
3260,1141,2024-11-13,Paid Search,Completed,55.18
3261,1141,2025-03-13,Paid Search,Completed,202.44
3262,1142,2026-01-14,Social Media,Completed,67.18
3263,1142,2026-05-12,Social Media,Completed,397.67
3264,1143,2025-12-04,Paid Search,Completed,189.15
3265,1143,2026-01-22,Paid Search,Completed,299.98
3266,1143,2026-04-01,Paid Search,Completed,131.55
3267,1143,2026-05-15,Paid Search,Completed,235.43
3268,1144,2026-02-24,Direct,Completed,163.22
3269,1145,2026-05-01,Social Media,Completed,282.81
3270,1145,2026-05-24,Social Media,Completed,173.61
3271,1147,2026-01-13,Referral,Completed,584.4
3272,1147,2026-05-13,Referral,Completed,683.91
3273,1147,2026-06-08,Referral,Completed,59.98
3274,1148,2026-06-02,Referral,Completed,14.99
3275,1149,2024-07-29,Direct,Completed,217.95
3276,1149,2024-08-19,Direct,Completed,311.95
3277,1149,2024-09-28,Direct,Completed,299.97
3278,1150,2024-07-30,Paid Search,Completed,39.98
3279,1150,2024-09-04,Paid Search,Completed,608.92
3280,1150,2024-10-21,Paid Search,Cancelled,71.37
3281,1151,2024-07-04,Paid Search,Returned,532.51
3282,1151,2024-10-30,Paid Search,Completed,703.92
3283,1151,2024-12-30,Paid Search,Completed,82.98
3284,1151,2025-04-05,Paid Search,Completed,89.98
3285,1151,2025-05-23,Paid Search,Completed,80.97
3286,1153,2024-04-09,Email,Completed,34.99
3287,1154,2025-10-01,Organic Search,Completed,34.99
3288,1154,2025-12-13,Organic Search,Completed,19.99
3289,1154,2026-04-04,Organic Search,Completed,185.92
3290,1154,2026-04-21,Organic Search,Completed,65.97
3291,1154,2026-06-13,Organic Search,Completed,59.48
3292,1155,2026-02-16,Organic Search,Completed,89.98
3293,1155,2026-03-11,Organic Search,Completed,434.95
3294,1155,2026-04-28,Organic Search,Completed,112.98
3295,1155,2026-06-25,Organic Search,Completed,69.98
3296,1156,2026-06-11,Email,Completed,671.0
3297,1157,2025-02-27,Email,Completed,221.94
3298,1157,2025-03-18,Email,Completed,566.9
3299,1157,2025-06-10,Email,Completed,229.95
3300,1157,2025-07-07,Email,Completed,40.49
3301,1157,2025-10-03,Email,Cancelled,291.81
3302,1158,2025-02-02,Organic Search,Completed,544.93
3303,1158,2025-05-16,Organic Search,Completed,49.98
3304,1158,2025-09-07,Organic Search,Completed,187.44
3305,1158,2025-10-16,Organic Search,Completed,101.98
3306,1158,2026-02-04,Organic Search,Completed,72.76
3307,1159,2024-07-27,Direct,Completed,214.03
3308,1160,2025-12-09,Social Media,Completed,196.94
3309,1160,2026-03-22,Social Media,Completed,44.99
3310,1162,2026-06-23,Social Media,Completed,190.44
3311,1162,2026-06-28,Social Media,Completed,340.32
3312,1163,2026-02-02,Direct,Completed,35.99
3313,1163,2026-02-26,Direct,Completed,39.98
3314,1163,2026-04-29,Direct,Completed,166.44
3315,1164,2025-01-18,Social Media,Completed,79.98
3316,1164,2025-03-20,Social Media,Completed,47.03
3317,1164,2025-05-11,Social Media,Completed,200.79
3318,1164,2025-07-03,Social Media,Completed,119.98
3319,1164,2025-10-11,Social Media,Completed,83.57
3320,1164,2025-12-11,Social Media,Completed,43.98
3321,1165,2025-09-10,Referral,Completed,644.94
3322,1165,2025-12-10,Referral,Completed,227.45
3323,1166,2026-03-24,Email,Completed,239.97
3324,1166,2026-04-29,Email,Completed,26.99
3325,1166,2026-06-06,Email,Completed,191.68
3326,1167,2025-11-26,Organic Search,Cancelled,254.94
3327,1167,2026-02-12,Organic Search,Cancelled,43.98
3328,1167,2026-03-30,Organic Search,Completed,138.71
3329,1167,2026-06-26,Organic Search,Returned,76.48
3330,1168,2024-12-14,Direct,Completed,92.98
3331,1168,2025-02-25,Direct,Completed,59.37
3332,1168,2025-05-24,Direct,Completed,259.96
3333,1168,2025-09-13,Direct,Completed,39.99
3334,1168,2025-12-12,Direct,Completed,502.94
3335,1168,2025-12-26,Direct,Completed,202.55
3336,1168,2026-02-01,Direct,Completed,278.53
3337,1168,2026-05-31,Direct,Returned,223.95
3338,1169,2026-06-12,Email,Completed,421.95
3339,1170,2024-06-04,Paid Search,Completed,283.94
3340,1170,2024-06-13,Paid Search,Completed,456.94
3341,1170,2024-07-25,Paid Search,Completed,148.95
3342,1170,2024-11-15,Paid Search,Completed,438.9
3343,1170,2024-11-21,Paid Search,Completed,192.94
3344,1171,2024-03-30,Paid Search,Completed,406.43
3345,1171,2024-04-13,Paid Search,Completed,281.91
3346,1171,2024-06-28,Paid Search,Completed,311.89
3347,1171,2024-08-16,Paid Search,Completed,164.94
3348,1172,2026-02-03,Referral,Completed,68.56
3349,1172,2026-04-03,Referral,Cancelled,59.97
3350,1173,2024-04-28,Social Media,Completed,345.64
3351,1173,2024-06-22,Social Media,Completed,40.98
3352,1173,2024-09-09,Social Media,Completed,164.98
3353,1173,2024-11-02,Social Media,Completed,91.26
3354,1175,2024-12-02,Email,Completed,243.94
3355,1175,2025-02-28,Email,Completed,163.83
3356,1175,2025-05-05,Email,Completed,264.64
3357,1175,2025-08-28,Email,Completed,86.41
3358,1175,2025-09-02,Email,Completed,339.52
3359,1176,2025-07-02,Organic Search,Completed,149.96
3360,1176,2025-09-11,Organic Search,Completed,269.97
3361,1176,2025-09-25,Organic Search,Completed,269.45
3362,1176,2025-10-09,Organic Search,Completed,84.98
3363,1176,2026-01-19,Organic Search,Completed,272.94
3364,1176,2026-05-08,Organic Search,Completed,34.99
3365,1177,2026-05-07,Paid Search,Completed,148.45
3366,1178,2024-11-14,Paid Search,Cancelled,160.89
3367,1178,2025-01-24,Paid Search,Completed,294.96
3368,1178,2025-02-15,Paid Search,Completed,31.49
3369,1178,2025-06-03,Paid Search,Completed,162.22
3370,1178,2025-09-16,Paid Search,Completed,78.97
3371,1179,2025-04-08,Email,Completed,39.98
3372,1179,2025-07-07,Email,Completed,271.45
3373,1179,2025-07-13,Email,Completed,126.55
3374,1179,2025-08-13,Email,Cancelled,19.79
3375,1179,2025-08-21,Email,Completed,149.95
3376,1180,2025-10-21,Direct,Cancelled,149.94
3377,1181,2025-10-05,Email,Completed,251.05
3378,1181,2026-01-05,Email,Cancelled,89.07
3379,1182,2025-11-22,Paid Search,Cancelled,67.47
3380,1182,2025-12-05,Paid Search,Completed,74.97
3381,1182,2026-03-15,Paid Search,Completed,164.96
3382,1183,2024-04-01,Paid Search,Completed,58.49
3383,1183,2024-05-03,Paid Search,Completed,333.96
3384,1183,2024-05-14,Paid Search,Cancelled,353.96
3385,1183,2024-08-15,Paid Search,Completed,271.44
3386,1183,2024-10-13,Paid Search,Cancelled,140.04
3387,1183,2024-12-06,Paid Search,Completed,560.82
3388,1184,2026-02-17,Paid Search,Completed,212.92
3389,1185,2024-06-30,Referral,Completed,313.92
3390,1185,2024-09-24,Referral,Completed,51.27
3391,1185,2024-11-21,Referral,Completed,153.35
3392,1185,2025-02-10,Referral,Completed,39.99
3393,1186,2025-05-21,Email,Completed,232.14
3394,1186,2025-09-10,Email,Completed,408.94
3395,1186,2025-10-22,Email,Completed,111.94
3396,1186,2025-12-10,Email,Completed,280.92
3397,1187,2024-06-05,Direct,Completed,99.15
3398,1187,2024-09-05,Direct,Completed,44.97
3399,1187,2024-11-21,Direct,Completed,44.99
3400,1188,2024-09-03,Referral,Completed,89.98
3401,1188,2024-11-02,Referral,Completed,179.2
3402,1188,2024-11-27,Referral,Completed,55.98
3403,1188,2024-12-09,Referral,Completed,589.92
3404,1188,2025-01-29,Referral,Completed,111.95
3405,1188,2025-02-26,Referral,Completed,16.99
3406,1189,2024-05-20,Direct,Cancelled,584.91
3407,1189,2024-08-06,Direct,Completed,180.95
3408,1189,2024-11-27,Direct,Completed,335.94
3409,1190,2026-01-31,Direct,Returned,281.45
3410,1191,2024-08-27,Referral,Completed,124.47
3411,1191,2024-10-15,Referral,Completed,29.98
3412,1191,2024-11-05,Referral,Completed,666.91
3413,1191,2024-11-30,Referral,Completed,479.54
3414,1192,2024-05-28,Email,Cancelled,69.98
3415,1192,2024-09-19,Email,Completed,119.97
3416,1193,2026-02-10,Direct,Completed,275.43
3417,1193,2026-06-03,Direct,Completed,239.98
3418,1194,2025-07-03,Email,Completed,212.02
3419,1194,2025-10-19,Email,Completed,302.73
3420,1195,2026-02-15,Paid Search,Completed,293.93
3421,1195,2026-05-03,Paid Search,Cancelled,145.95
3422,1196,2025-01-04,Organic Search,Completed,338.94
3423,1196,2025-03-13,Organic Search,Completed,133.55
3424,1196,2025-05-26,Organic Search,Completed,365.7
3425,1196,2025-08-21,Organic Search,Cancelled,296.25
3426,1196,2025-10-20,Organic Search,Completed,298.93
3427,1196,2025-12-13,Organic Search,Completed,215.72
3428,1197,2024-08-14,Email,Completed,134.97
3429,1197,2024-09-14,Email,Completed,119.97
3430,1198,2025-10-11,Email,Completed,107.96
3431,1198,2025-12-10,Email,Completed,65.97
3432,1198,2026-02-01,Email,Completed,175.93
3433,1199,2025-08-18,Direct,Completed,213.93
3434,1199,2025-11-03,Direct,Completed,45.58
3435,1200,2025-02-19,Organic Search,Completed,419.92
3436,1200,2025-06-16,Organic Search,Completed,255.93
