txn_ref,account_number,post_date,amount,direction,description,branch_code
TXN0000642,5685743966,2025-03-28,-15143.45,Debit,Outgoing Wire,0678
TXN0004589,9704522693,2025-03-04,-31465.50,Debit,POS Purchase,0245
TXN0005752,4865423132,2025-01-05,6954.41,Credit,Payroll Deposit,0501
TXN0004147,6405166068,2025-04-28,-38354.27,Debit,Outgoing Wire,0678
TXN0004531,5799726034,2025-05-08,-26143.06,Debit,Outgoing Wire,0678
TXN0001499,2705209487,2025-02-27,-39876.32,Debit,Vendor Payment,0389
TXN0000398,1400996651,2025-04-25,23647.59,Credit,Check Deposit,0501
TXN0001439,5036041500,2025-05-28,-22110.24,Debit,Incoming Wire,0245
TXN0003467,7441981456,2025-05-01,-26014.87,Debit,Outgoing Wire,0501
TXN0002904,8301331812,2025-06-25,-7577.17,Debit,Incoming Wire,0501
TXN0005479,5674711289,2025-01-12,-36207.95,Debit,Vendor Payment,0245
TXN0004959,4594991701,2025-01-14,9057.19,Credit,Payroll Deposit,0678
TXN0001235,3966274029,2025-02-08,-35962.18,Debit,Outgoing Wire,0678
TXN0002989,1775194277,2025-06-18,-7042.24,Debit,ATM Cash Withdrawal,0501
TXN0004091,5203126296,2025-03-07,-25039.65,Debit,Account Transfer,0389
TXN0004311,6988985181,2025-05-22,-7874.32,Debit,ATM Cash Withdrawal,0678
TXN0005572,1240253244,2025-06-19,43118.14,Credit,Payroll Deposit,0245
TXN0005546,2352882009,2025-04-12,-25337.69,Debit,POS Purchase,0678
TXN0004693,2835971286,2025-01-28,-44415.68,Debit,POS Purchase,0501
TXN0002400,7320711941,2025-06-07,34608.80,Credit,Payroll Deposit,0501
TXN0005981,5253199815,2025-05-16,-5432.45,Debit,ATM Cash Withdrawal,0389
TXN0001297,8875288218,2025-02-17,17802.17,Credit,Check Deposit,0112
TXN0002284,2927109280,2025-06-08,-15032.72,Debit,Vendor Payment,0245
TXN0000448,3463347492,2025-01-31,-9603.75,Debit,Vendor Payment,0501
TXN0004488,4416182406,2025-03-09,-23173.76,Debit,Vendor Payment,0389
TXN0001282,7308432672,2025-02-15,-12341.58,Debit,Incoming Wire,0389
TXN0000099,5233292436,2025-05-15,18458.29,Credit,Payroll Deposit,0245
TXN0003025,8520026308,2025-05-14,-35619.44,Debit,POS Purchase,0389
TXN0001440,2186443848,2025-05-02,-32570.26,Debit,Outgoing Wire,0501
TXN0002485,3933275757,2025-02-06,-41046.65,Debit,POS Purchase,0245
TXN0004455,2317270855,2025-01-19,4566.79,Credit,Check Deposit,0112
TXN0000908,1927138391,2025-04-02,43309.58,Credit,Check Deposit,0389
TXN0002364,4759876088,2025-05-15,-36634.52,Debit,POS Purchase,0245
TXN0000011,7856770577,2025-01-18,41817.40,Credit,Check Deposit,0245
TXN0004081,1533719845,2025-01-19,15698.66,Credit,Check Deposit,0501
TXN0002297,5852155116,2025-03-09,-22020.18,Debit,Outgoing Wire,0678
TXN0000498,5492022473,2025-06-16,-134.41,Debit,Outgoing Wire,0389
TXN0002293,7136801114,2025-04-20,33550.99,Credit,Check Deposit,0245
TXN0002375,8185589096,2025-04-09,-4724.57,Debit,POS Purchase,0678
TXN0001822,2692481286,2025-01-22,-29868.57,Debit,Outgoing Wire,0112
TXN0003017,7143055804,2025-03-17,-44353.07,Debit,POS Purchase,0245
TXN0000263,5448736408,2025-02-10,-30129.82,Debit,Outgoing Wire,0678
TXN0005706,1582477663,2025-05-13,-32944.34,Debit,ATM Cash Withdrawal,0389
TXN0005086,4188877338,2025-05-29,11642.41,Credit,Check Deposit,0678
TXN0004561,7790930898,2025-04-16,-4202.92,Debit,Incoming Wire,0501
TXN0001532,2921181337,2025-02-07,-19849.72,Debit,POS Purchase,0389
TXN0005197,7436863408,2025-04-30,-17103.82,Debit,POS Purchase,0389
TXN0005645,2092811446,2025-06-18,13325.73,Credit,Vendor Payment,0678
TXN0002784,2721225272,2025-04-01,-39873.20,Debit,Vendor Payment,0501
TXN0003633,4835949168,2025-01-05,-35479.04,Debit,Outgoing Wire,0389
TXN0004374,9447616798,2025-02-06,21028.37,Credit,Vendor Payment,0678
TXN0000861,3603090195,2025-06-12,-5136.72,Debit,POS Purchase,0678
TXN0005661,3098665538,2025-03-11,14456.21,Credit,Check Deposit,0245
TXN0004616,2044780625,2025-04-08,-33720.73,Debit,Vendor Payment,0112
TXN0004866,9941958903,2025-06-07,-8134.14,Debit,Vendor Payment,0245
TXN0003877,2010265668,2025-02-17,11422.71,Credit,Check Deposit,0245
TXN0001747,2284481324,2025-04-20,-16620.19,Debit,Incoming Wire,0389
TXN0002486,3179124949,2025-03-06,2107.89,Credit,Check Deposit,0245
TXN0000576,6298745701,2025-05-12,-40120.08,Debit,Account Transfer,0112
TXN0005848,7837871094,2025-04-21,33104.12,Credit,Payroll Deposit,0678
TXN0003405,3256035335,2025-01-28,-9667.08,Debit,Outgoing Wire,0678
TXN0003266,5075916997,2025-02-03,3950.65,Credit,Account Transfer,0112
TXN0002738,6060080626,2025-01-29,-7479.89,Debit,POS Purchase,0389
TXN0001862,6089884957,2025-06-23,-13793.60,Debit,Outgoing Wire,0389
TXN0000355,4944917833,2025-02-05,3596.35,Credit,Vendor Payment,0501
TXN0000607,5533944366,2025-01-12,-13375.16,Debit,Incoming Wire,0501
TXN0003128,9439837853,2025-06-25,41211.63,Credit,Payroll Deposit,0501
TXN0000713,6035851729,2025-05-28,-11310.32,Debit,POS Purchase,0678
TXN0001039,5103371211,2025-06-22,-41526.21,Debit,Vendor Payment,0245
TXN0004960,7155604711,2025-06-19,13206.72,Credit,ATM Cash Withdrawal,0112
TXN0004997,3386210163,2025-06-10,12873.00,Credit,Account Transfer,0245
TXN0004447,5959537635,2025-03-22,25156.22,Credit,Payroll Deposit,0245
TXN0003923,4711923322,2025-05-26,32051.29,Credit,Payroll Deposit,0389
TXN0004924,3439853040,2025-06-25,-9969.57,Debit,Incoming Wire,0112
TXN0002307,1540656574,2025-03-22,-18943.17,Debit,Outgoing Wire,0501
TXN0000339,8587548482,2025-05-10,-910.77,Debit,Vendor Payment,0245
TXN0002642,1413881887,2025-06-16,11494.56,Credit,Payroll Deposit,0245
TXN0005427,8048298784,2025-01-27,-12803.57,Debit,Vendor Payment,0501
TXN0003185,7180428369,2025-01-20,35390.88,Credit,Account Transfer,0501
TXN0002885,7188317186,2025-04-19,-12547.41,Debit,Outgoing Wire,0678
TXN0003618,7056654032,2025-06-20,-30967.39,Debit,Incoming Wire,0112
TXN0000451,2774830523,2025-01-04,-20109.81,Debit,Vendor Payment,0245
TXN0000879,3785875720,2025-01-05,-19565.77,Debit,ATM Cash Withdrawal,0112
TXN0005377,9301862598,2025-01-26,31265.56,Credit,Payroll Deposit,0245
TXN0002167,2273506327,2025-03-02,20870.20,Credit,Check Deposit,0678
TXN0004431,7283061438,2025-03-03,-19384.21,Debit,Incoming Wire,0389
TXN0002798,1648060591,2025-05-26,29175.15,Credit,Account Transfer,0389
TXN0003699,9175969950,2025-05-04,-6257.02,Debit,ATM Cash Withdrawal,0245
TXN0004384,3350347340,2025-05-31,-9921.95,Debit,Incoming Wire,0245
TXN0000406,9599191007,2025-01-16,-21579.72,Debit,ATM Cash Withdrawal,0389
TXN0005868,7559707238,2025-05-06,-11122.23,Debit,Incoming Wire,0389
TXN0002337,3523247355,2025-02-01,-4904.54,Debit,Vendor Payment,0678
TXN0004846,7946546169,2025-01-18,-5218.68,Debit,Account Transfer,0245
TXN0002289,8831096060,2025-03-12,33014.43,Credit,Payroll Deposit,0112
TXN0002851,8875073269,2025-03-19,-11522.17,Debit,Outgoing Wire,0245
TXN0000439,5620035584,2025-05-20,-24942.48,Debit,POS Purchase,0389
TXN0005190,8251980460,2025-05-26,-15976.25,Debit,Vendor Payment,0245
TXN0001387,3047644165,2025-02-09,4091.95,Credit,Payroll Deposit,0112
TXN0004822,4914517114,2025-05-22,43612.37,Credit,Account Transfer,0501
TXN0003277,3213277314,2025-03-21,6516.40,Credit,POS Purchase,0245
TXN0001353,4195160340,2025-05-01,437.60,Credit,Payroll Deposit,0678
TXN0001278,1286813457,2025-02-19,-35298.12,Debit,Incoming Wire,0389
TXN0002146,8652406636,2025-02-18,-20702.10,Debit,POS Purchase,0245
TXN0001298,4274225629,2025-05-25,6340.13,Credit,Check Deposit,0389
TXN0005358,4363969488,2025-03-21,-18888.03,Debit,POS Purchase,0245
TXN0005460,7848958178,2025-03-10,-146.81,Debit,Incoming Wire,0245
TXN0003823,7214251682,2025-01-08,31558.62,Credit,Vendor Payment,0678
TXN0004760,6652648123,2025-03-20,-8516.98,Debit,Account Transfer,0245
TXN0001734,6032254145,2025-02-08,-30000.69,Debit,Account Transfer,0245
TXN0003588,5073216984,2025-01-08,-35829.68,Debit,POS Purchase,0678
TXN0002595,5930565713,2025-02-02,-22698.05,Debit,Vendor Payment,0112
TXN0002649,1312400081,2025-02-06,-30231.95,Debit,ATM Cash Withdrawal,0678
TXN0004133,6763529857,2025-02-13,-13355.69,Debit,Outgoing Wire,0389
TXN0005451,4132258934,2025-06-30,-33537.63,Debit,ATM Cash Withdrawal,0389
TXN0001560,3107220349,2025-05-24,36772.38,Credit,Account Transfer,0501
TXN0005945,1675160099,2025-06-04,12619.26,Credit,Check Deposit,0501
TXN0004208,8370600462,2025-03-20,-7870.64,Debit,ATM Cash Withdrawal,0245
TXN0003759,3419664521,2025-02-11,-28713.02,Debit,Outgoing Wire,0245
TXN0002639,9515806205,2025-05-05,-14771.43,Debit,Account Transfer,0501
TXN0005764,9302338555,2025-05-18,-37955.18,Debit,ATM Cash Withdrawal,0245
TXN0005613,1294862985,2025-06-25,-4044.73,Debit,Vendor Payment,0245
TXN0005467,7601939349,2025-04-18,18927.80,Credit,Payroll Deposit,0501
TXN0004030,8386475725,2025-01-24,14029.23,Credit,Payroll Deposit,0678
TXN0002466,4565089875,2025-06-08,40421.21,Credit,Payroll Deposit,0678
TXN0000452,5734051500,2025-02-20,-12521.54,Debit,Incoming Wire,0501
TXN0004515,8399040854,2025-05-05,41737.60,Credit,Payroll Deposit,0245
TXN0000141,9357710042,2025-02-02,-8150.79,Debit,Incoming Wire,0245
TXN0003566,3360818602,2025-04-05,11240.23,Credit,Check Deposit,0389
TXN0005700,9006219198,2025-01-24,-18030.72,Debit,ATM Cash Withdrawal,0501
TXN0005109,2698841183,2025-01-20,-24129.86,Debit,ATM Cash Withdrawal,0112
TXN0004022,4093144851,2025-01-01,-13016.19,Debit,ATM Cash Withdrawal,0501
TXN0004919,3800932720,2025-02-26,-37569.85,Debit,ATM Cash Withdrawal,0678
TXN0003302,9476483331,2025-03-08,4511.37,Credit,Payroll Deposit,0678
TXN0001772,2611167089,2025-03-21,9113.03,Credit,Account Transfer,0501
TXN0001974,5851441102,2025-06-29,-31046.30,Debit,Vendor Payment,0501
TXN0002544,4700739247,2025-02-04,-33156.07,Debit,Vendor Payment,0112
TXN0003697,2689187012,2025-06-13,-44271.73,Debit,Incoming Wire,0678
TXN0005936,7318503723,2025-05-14,-1734.99,Debit,Account Transfer,0389
TXN0002867,1840032439,2025-01-02,8272.95,Credit,Payroll Deposit,0389
TXN0005375,1255027829,2025-04-20,-28670.76,Debit,Outgoing Wire,0245
TXN0004137,9134463463,2025-04-07,-29699.96,Debit,Outgoing Wire,0678
TXN0000215,3971796731,2025-03-12,-17123.29,Debit,POS Purchase,0245
TXN0005413,8137088568,2025-01-11,-2422.10,Debit,Incoming Wire,0678
TXN0004974,2036862966,2025-02-11,-18428.77,Debit,ATM Cash Withdrawal,0678
TXN0005973,2355432224,2025-05-25,36209.40,Credit,Payroll Deposit,0678
TXN0001857,1247593284,2025-02-22,-21334.60,Debit,POS Purchase,0678
TXN0001498,5235288495,2025-01-17,4566.91,Credit,Payroll Deposit,0112
TXN0000697,8718433845,2025-04-09,-23835.53,Debit,ATM Cash Withdrawal,0678
TXN0000295,1563945320,2025-04-25,22303.54,Credit,Account Transfer,0389
TXN0002234,8081860979,2025-03-08,-25334.56,Debit,Vendor Payment,0112
TXN0002979,6928389910,2025-01-29,-17248.77,Debit,POS Purchase,0389
TXN0004710,5179139387,2025-03-14,-4236.64,Debit,Vendor Payment,0389
TXN0004241,7878410459,2025-06-20,-28424.39,Debit,ATM Cash Withdrawal,0678
TXN0000817,4669429746,2025-01-15,-27553.72,Debit,POS Purchase,0112
TXN0004557,1869489555,2025-05-02,-11986.26,Debit,POS Purchase,0112
TXN0005420,3982756765,2025-04-08,28368.66,Credit,Payroll Deposit,0112
TXN0005871,6225026093,2025-01-28,-27243.16,Debit,Incoming Wire,0678
TXN0004714,3720287567,2025-06-27,-32927.25,Debit,ATM Cash Withdrawal,0501
TXN0000602,2948287932,2025-04-13,39420.03,Credit,POS Purchase,0501
TXN0003322,4532483206,2025-06-22,-32719.34,Debit,Outgoing Wire,0389
TXN0005693,7969268204,2025-03-03,-19233.70,Debit,Outgoing Wire,0245
TXN0001240,2786485108,2025-04-11,-24334.38,Debit,ATM Cash Withdrawal,0389
TXN0002934,1155072459,2025-04-19,25006.92,Credit,Check Deposit,0678
TXN0000736,1375889495,2025-01-12,-10091.78,Debit,Incoming Wire,0245
TXN0004689,1180299355,2025-01-09,14945.69,Credit,Payroll Deposit,0678
TXN0002427,2218819507,2025-02-15,-12765.94,Debit,Outgoing Wire,0112
TXN0001380,1494481952,2025-06-12,18448.09,Credit,Check Deposit,0501
TXN0003875,3092224319,2025-03-28,11567.64,Credit,Check Deposit,0678
TXN0001951,6901538761,2025-03-21,-809.65,Debit,POS Purchase,0678
TXN0001162,3872963787,2025-04-23,-5442.28,Debit,Vendor Payment,0678
TXN0000726,4528031502,2025-05-31,-3280.34,Debit,Vendor Payment,0389
TXN0005161,3734510891,2025-05-16,-8242.16,Debit,Vendor Payment,0678
TXN0004633,1343199049,2025-05-18,13833.26,Credit,Payroll Deposit,0678
TXN0000563,2077674123,2025-01-30,728.88,Credit,Check Deposit,0112
TXN0002462,8621478088,2025-04-04,34174.41,Credit,Account Transfer,0678
TXN0004316,4601165095,2025-05-19,-36746.91,Debit,Incoming Wire,0245
TXN0004649,3260945112,2025-06-26,-28353.43,Debit,ATM Cash Withdrawal,0112
TXN0003632,4966723835,2025-03-06,-2792.65,Debit,ATM Cash Withdrawal,0245
TXN0002404,7193604606,2025-04-05,-21989.46,Debit,POS Purchase,0501
TXN0000050,5335665480,2025-01-10,1235.00,Credit,Check Deposit,0112
TXN0001400,9058110635,2025-04-22,-12505.97,Debit,Vendor Payment,0112
TXN0002009,1105702808,2025-01-13,-3154.35,Debit,Outgoing Wire,0678
TXN0001622,4360165104,2025-02-05,15058.04,Credit,Check Deposit,0678
TXN0000489,8769036542,2025-06-25,-25307.39,Debit,POS Purchase,0501
TXN0000271,1358297428,2025-01-24,-21166.74,Debit,Incoming Wire,0389
TXN0000253,6722240668,2025-06-04,-37287.15,Debit,ATM Cash Withdrawal,0245
TXN0004336,7760295967,2025-04-13,-34740.64,Debit,ATM Cash Withdrawal,0678
TXN0004043,4798116452,2025-02-22,-19753.75,Debit,POS Purchase,0678
TXN0002721,4973991102,2025-05-19,-36152.51,Debit,Incoming Wire,0389
TXN0002429,8402070969,2025-05-04,23632.46,Credit,Payroll Deposit,0245
TXN0000314,6538548253,2025-06-23,-39126.71,Debit,Incoming Wire,0245
TXN0005072,7192565149,2025-05-03,-39444.82,Debit,Incoming Wire,0389
TXN0004254,2867187517,2025-02-16,21933.28,Credit,Check Deposit,0389
TXN0005852,6923747815,2025-03-24,-27718.49,Debit,Incoming Wire,0389
TXN0005207,9130846071,2025-06-25,-34693.91,Debit,POS Purchase,0245
TXN0000326,8227474536,2025-01-12,-39034.40,Debit,POS Purchase,0245
TXN0002626,2644598591,2025-02-09,11161.70,Credit,Check Deposit,0501
TXN0005327,3747730922,2025-02-08,-43862.54,Debit,ATM Cash Withdrawal,0501
TXN0004629,1482853064,2025-04-10,41129.87,Credit,Account Transfer,0501
TXN0002939,5158422617,2025-02-13,-43144.18,Debit,Vendor Payment,0112
TXN0003783,7707080882,2025-05-10,29689.77,Credit,Outgoing Wire,0245
TXN0000876,9316669975,2025-06-02,-3834.38,Debit,Vendor Payment,0678
TXN0000081,9819599565,2025-05-08,18157.92,Credit,Payroll Deposit,0678
TXN0000242,7905164576,2025-01-01,70.71,Credit,Payroll Deposit,0389
TXN0005429,4374980039,2025-03-06,-2842.30,Debit,ATM Cash Withdrawal,0678
TXN0003023,5155663724,2025-01-07,-25839.48,Debit,Outgoing Wire,0389
TXN0004262,5791877747,2025-05-05,44663.39,Credit,Payroll Deposit,0389
TXN0002373,2231735539,2025-06-18,-25006.44,Debit,Incoming Wire,0501
TXN0003930,7996001978,2025-04-23,-9428.20,Debit,ATM Cash Withdrawal,0112
TXN0004259,3572580085,2025-02-12,-2258.20,Debit,POS Purchase,0245
TXN0005543,3829177894,2025-01-21,-8555.28,Debit,Incoming Wire,0112
TXN0000319,3980485990,2025-06-19,360.35,Credit,Check Deposit,0112
TXN0002034,2646864156,2025-03-14,-12128.37,Debit,Incoming Wire,0678
TXN0003080,9241996776,2025-06-27,44944.29,Credit,Payroll Deposit,0389
TXN0004038,1648105189,2025-05-14,-18425.31,Debit,Vendor Payment,0389
TXN0000921,7072088816,2025-01-23,-33972.73,Debit,ATM Cash Withdrawal,0389
TXN0004664,5499644825,2025-02-16,-2767.14,Debit,Vendor Payment,0245
TXN0000032,9069090607,2025-05-16,28494.47,Credit,Payroll Deposit,0678
TXN0000502,2372942242,2025-03-18,-4324.06,Debit,POS Purchase,0389
TXN0000383,7983989796,2025-03-07,-21855.69,Debit,Incoming Wire,0112
TXN0001768,5527089665,2025-05-25,-27378.19,Debit,Vendor Payment,0389
TXN0002372,3339892837,2025-06-28,-34338.80,Debit,Vendor Payment,0112
TXN0000369,9145031133,2025-04-29,-13402.50,Debit,POS Purchase,0678
TXN0005325,4511847825,2025-04-04,4193.55,Credit,Check Deposit,0501
TXN0000543,5615463340,2025-06-28,4600.16,Credit,Check Deposit,0112
TXN0002852,8639909970,2025-01-20,-32734.39,Debit,ATM Cash Withdrawal,0501
TXN0001576,7596215058,2025-01-27,-13062.76,Debit,POS Purchase,0501
TXN0000841,6565045070,2025-06-10,-15916.51,Debit,POS Purchase,0112
TXN0001483,5803465489,2025-05-03,-16059.97,Debit,Incoming Wire,0678
TXN0002898,1973046709,2025-03-19,-32943.93,Debit,ATM Cash Withdrawal,0245
TXN0005374,1765305524,2025-03-22,-22923.95,Debit,Vendor Payment,0389
TXN0002971,3224211687,2025-04-22,40308.30,Credit,Account Transfer,0112
TXN0005233,3581122078,2025-06-25,-24947.68,Debit,Account Transfer,0245
TXN0000061,1627878853,2025-03-24,30790.97,Credit,Outgoing Wire,0245
TXN0001722,7540646635,2025-02-27,-6052.06,Debit,POS Purchase,0501
TXN0001236,5011812849,2025-03-12,-26215.55,Debit,Vendor Payment,0245
TXN0002759,6885851098,2025-05-27,-38742.46,Debit,POS Purchase,0112
TXN0004182,2241581621,2025-05-13,-39969.18,Debit,Incoming Wire,0501
TXN0002081,5762987692,2025-01-13,-41061.62,Debit,Outgoing Wire,0245
TXN0002376,3901790210,2025-06-06,-41428.92,Debit,Account Transfer,0389
TXN0003036,2781870366,2025-03-04,-17146.29,Debit,Vendor Payment,0112
TXN0000245,3775655864,2025-04-28,-1633.35,Debit,POS Purchase,0389
TXN0004247,9805064040,2025-05-23,22743.16,Credit,Account Transfer,0678
TXN0001741,2750621148,2025-03-04,-27454.89,Debit,POS Purchase,0389
TXN0000634,6894905599,2025-01-31,18327.65,Credit,Payroll Deposit,0389
TXN0002302,7794371289,2025-06-02,17047.62,Credit,Payroll Deposit,0501
TXN0001103,7573580910,2025-06-26,-21682.33,Debit,ATM Cash Withdrawal,0678
TXN0003750,3770439110,2025-03-17,35896.00,Credit,Account Transfer,0501
TXN0003883,1991617425,2025-01-20,12740.95,Credit,Check Deposit,0389
TXN0004813,9544099184,2025-05-15,-22888.21,Debit,ATM Cash Withdrawal,0389
TXN0001646,1505996805,2025-01-02,-6610.31,Debit,ATM Cash Withdrawal,0678
TXN0004480,5204825663,2025-05-18,-24287.60,Debit,Vendor Payment,0112
TXN0000620,5650062200,2025-05-08,-7315.54,Debit,Outgoing Wire,0389
TXN0004968,1490474824,2025-03-16,-22718.38,Debit,Account Transfer,0112
TXN0005898,9936695337,2025-06-17,-7718.81,Debit,Outgoing Wire,0112
TXN0004854,8665762771,2025-05-08,-37582.94,Debit,Incoming Wire,0389
TXN0003837,2325784887,2025-03-20,-18176.78,Debit,Outgoing Wire,0678
TXN0000583,8586843107,2025-06-21,15161.06,Credit,Check Deposit,0678
TXN0000810,9230831102,2025-06-04,-19726.79,Debit,Vendor Payment,0112
TXN0005355,5468415257,2025-05-16,-19326.12,Debit,ATM Cash Withdrawal,0678
TXN0003139,6897455406,2025-04-29,34849.48,Credit,Payroll Deposit,0389
TXN0005878,7449756859,2025-04-10,-13847.72,Debit,POS Purchase,0678
TXN0005302,2968072700,2025-02-18,-8292.47,Debit,Incoming Wire,0501
TXN0001767,2635509958,2025-01-08,-44921.79,Debit,Outgoing Wire,0112
TXN0001670,2375285540,2025-03-15,-32683.17,Debit,Outgoing Wire,0678
TXN0000349,9549236801,2025-04-13,-19501.53,Debit,Incoming Wire,0245
TXN0000709,7048515725,2025-02-11,-1027.47,Debit,Outgoing Wire,0678
TXN0003742,7016097729,2025-05-13,-4413.89,Debit,Incoming Wire,0501
TXN0001351,6149185776,2025-02-10,-40939.25,Debit,Incoming Wire,0112
TXN0001050,5521559141,2025-02-13,27790.39,Credit,Payroll Deposit,0389
TXN0004803,9089288613,2025-04-19,-40066.53,Debit,Vendor Payment,0389
TXN0003836,3251607425,2025-03-26,-36204.35,Debit,Incoming Wire,0112
TXN0002865,7610289269,2025-03-24,21351.49,Credit,Account Transfer,0389
TXN0002467,9880789309,2025-04-15,-29300.45,Debit,Account Transfer,0389
TXN0000953,2078562829,2025-03-28,-36312.23,Debit,ATM Cash Withdrawal,0245
TXN0002748,3439225034,2025-04-13,31302.80,Credit,Check Deposit,0501
TXN0001706,3168756002,2025-02-15,-13976.54,Debit,Incoming Wire,0501
TXN0004703,9490450656,2025-06-08,35047.34,Credit,Payroll Deposit,0501
TXN0005249,9114156312,2025-03-11,-40685.23,Debit,Outgoing Wire,0112
TXN0003806,9053812908,2025-05-29,-23719.20,Debit,POS Purchase,0112
TXN0001574,1079092097,2025-03-10,-43669.66,Debit,Incoming Wire,0245
TXN0002320,9656208308,2025-03-25,-18646.09,Debit,Outgoing Wire,0245
TXN0005734,8511339234,2025-01-01,-18644.85,Debit,Outgoing Wire,0389
TXN0002310,3679296845,2025-01-29,-163.67,Debit,POS Purchase,0501
TXN0004305,3105135703,2025-01-11,41607.35,Credit,Check Deposit,0678
TXN0005792,1782710399,2025-01-15,26607.23,Credit,Payroll Deposit,0112
TXN0000672,6426826395,2025-06-27,-43512.42,Debit,Vendor Payment,0501
TXN0002258,6487070831,2025-04-27,-17968.63,Debit,Incoming Wire,0678
TXN0002956,7040016590,2025-01-05,-18903.40,Debit,Incoming Wire,0501
TXN0000868,9269972503,2025-03-28,39055.02,Credit,Payroll Deposit,0389
TXN0001662,3416491807,2025-05-22,15392.96,Credit,Payroll Deposit,0501
TXN0005679,1497725768,2025-03-23,-37700.66,Debit,ATM Cash Withdrawal,0678
TXN0000728,2769943364,2025-01-20,-28826.14,Debit,Vendor Payment,0112
TXN0004449,5183396437,2025-05-31,-34279.48,Debit,Vendor Payment,0678
TXN0001964,4772130097,2025-06-01,37193.59,Credit,Payroll Deposit,0501
TXN0001009,1860438730,2025-03-01,-25681.25,Debit,ATM Cash Withdrawal,0112
TXN0004344,4453777298,2025-01-14,11368.24,Credit,Account Transfer,0501
TXN0004964,1150786761,2025-01-13,14813.57,Credit,Payroll Deposit,0112
TXN0004754,5197038631,2025-02-19,41739.82,Credit,Account Transfer,0389
TXN0001069,7948478070,2025-06-27,-15874.78,Debit,Account Transfer,0112
TXN0000675,5232599576,2025-02-04,-44939.27,Debit,POS Purchase,0112
TXN0000076,5975041015,2025-05-09,15881.43,Credit,Check Deposit,0678
TXN0000613,6115874553,2025-05-24,-41076.31,Debit,Incoming Wire,0678
TXN0000740,6875475089,2025-04-28,13563.18,Credit,Payroll Deposit,0501
TXN0004154,7557298443,2025-03-10,-32865.92,Debit,ATM Cash Withdrawal,0501
TXN0000759,3349531661,2025-06-23,-15037.43,Debit,POS Purchase,0245
TXN0004092,9829377769,2025-02-27,36557.49,Credit,Payroll Deposit,0501
TXN0002804,3664911441,2025-03-26,5145.51,Credit,Payroll Deposit,0245
TXN0002069,1115494538,2025-01-23,8838.06,Credit,Check Deposit,0245
TXN0000837,2481532633,2025-01-29,-38820.22,Debit,Incoming Wire,0112
TXN0003030,7043716166,2025-03-08,-20208.86,Debit,POS Purchase,0389
TXN0005914,9796947823,2025-01-17,26478.18,Credit,Check Deposit,0112
TXN0002819,5214431497,2025-02-18,-1956.19,Debit,Incoming Wire,0501
TXN0003945,2008474571,2025-01-01,-8806.39,Debit,ATM Cash Withdrawal,0245
TXN0005319,8282682410,2025-03-03,41774.88,Credit,Account Transfer,0112
TXN0002647,9215890578,2025-03-03,-7381.02,Debit,POS Purchase,0678
TXN0003469,8402412474,2025-02-01,-35737.48,Debit,POS Purchase,0389
TXN0000638,7901619068,2025-05-11,-9302.93,Debit,POS Purchase,0501
TXN0000211,7127363129,2025-04-12,-9960.14,Debit,Vendor Payment,0389
TXN0001254,8986359484,2025-04-27,-28320.81,Debit,Vendor Payment,0501
TXN0005955,4528784155,2025-05-29,34910.77,Credit,Payroll Deposit,0245
TXN0003772,9299426028,2025-03-21,-16135.77,Debit,Account Transfer,0245
TXN0002410,9347241347,2025-02-17,-4882.41,Debit,Incoming Wire,0678
TXN0003472,9893749227,2025-04-14,-8346.34,Debit,Outgoing Wire,0389
TXN0002644,3469714075,2025-04-20,44105.32,Credit,Check Deposit,0501
TXN0002357,4481634327,2025-01-02,-6573.24,Debit,Account Transfer,0501
TXN0002051,8860647395,2025-06-09,-11284.48,Debit,Vendor Payment,0678
TXN0000604,4685163964,2025-05-13,-24220.18,Debit,Outgoing Wire,0245
TXN0004816,1731727668,2025-02-08,15014.92,Credit,Payroll Deposit,0678
TXN0000196,6768778413,2025-02-10,-43935.63,Debit,ATM Cash Withdrawal,0112
TXN0003355,4467721378,2025-05-22,-35364.58,Debit,Account Transfer,0501
TXN0004192,4505802832,2025-04-07,-16935.71,Debit,POS Purchase,0245
TXN0002569,4748578177,2025-03-19,-28751.60,Debit,ATM Cash Withdrawal,0112
TXN0003700,2020995019,2025-02-19,-28949.59,Debit,Incoming Wire,0501
TXN0003669,3127846667,2025-01-25,-31090.57,Debit,Incoming Wire,0245
TXN0000503,1164694217,2025-01-20,12031.16,Credit,Check Deposit,0678
TXN0001737,5083195603,2025-02-22,33145.61,Credit,Payroll Deposit,0245
TXN0005128,1405017968,2025-06-12,-41740.98,Debit,ATM Cash Withdrawal,0501
TXN0000394,4388701992,2025-01-21,26956.41,Credit,Check Deposit,0678
TXN0001237,1571604999,2025-01-01,-12035.82,Debit,POS Purchase,0112
TXN0004369,2445909134,2025-03-01,-28506.17,Debit,POS Purchase,0678
TXN0005219,5281232557,2025-03-16,-34119.44,Debit,Vendor Payment,0501
TXN0005566,9544493685,2025-02-24,-10573.40,Debit,Outgoing Wire,0389
TXN0001565,3110686140,2025-06-14,34290.33,Credit,Payroll Deposit,0501
TXN0003816,1565869040,2025-05-26,28341.31,Credit,Check Deposit,0501
TXN0004371,1097215394,2025-04-23,-5395.16,Debit,ATM Cash Withdrawal,0245
TXN0001673,1381893711,2025-04-28,12207.14,Credit,Check Deposit,0389
TXN0004932,8496931907,2025-03-19,-33466.97,Debit,Vendor Payment,0112
TXN0002424,9396896939,2025-03-10,-21664.68,Debit,POS Purchase,0678
TXN0001283,4221232235,2025-02-21,-30570.61,Debit,Outgoing Wire,0678
TXN0004880,3199758186,2025-01-26,33003.69,Credit,Check Deposit,0389
TXN0005252,1642345839,2025-02-02,-39064.44,Debit,Outgoing Wire,0389
TXN0004400,9212087679,2025-06-22,-31012.62,Debit,Account Transfer,0678
TXN0001437,8755239799,2025-04-14,21387.55,Credit,Check Deposit,0501
TXN0002040,3342975282,2025-03-15,-2398.70,Debit,Incoming Wire,0501
TXN0001505,6563800193,2025-03-16,-10936.73,Debit,Incoming Wire,0389
TXN0002936,7996470949,2025-02-23,-42087.57,Debit,ATM Cash Withdrawal,0245
TXN0002889,5718523535,2025-03-31,33469.80,Credit,Payroll Deposit,0501
TXN0000362,8665843329,2025-02-15,18545.66,Credit,Check Deposit,0389
TXN0005433,9673178083,2025-02-02,-18387.19,Debit,Incoming Wire,0245
TXN0004509,9504943025,2025-03-15,-30142.16,Debit,Vendor Payment,0389
TXN0001524,3746376292,2025-03-06,13231.45,Credit,Payroll Deposit,0678
TXN0003324,6590502238,2025-01-14,18499.15,Credit,Check Deposit,0501
TXN0001544,1564157587,2025-02-28,-21754.70,Debit,Incoming Wire,0245
TXN0005842,6505342457,2025-03-23,-8392.39,Debit,Incoming Wire,0678
TXN0003161,5861391157,2025-02-28,32709.74,Credit,Account Transfer,0112
TXN0003105,7259735253,2025-01-10,-34417.94,Debit,Incoming Wire,0678
TXN0000425,2854834388,2025-03-19,-14412.42,Debit,Vendor Payment,0245
TXN0005789,7108954269,2025-04-01,31891.48,Credit,Incoming Wire,0112
TXN0000066,8610390309,2025-05-13,-39119.32,Debit,Outgoing Wire,0245
TXN0005594,8558863185,2025-01-03,5565.71,Credit,Check Deposit,0245
TXN0000527,6865682801,2025-02-28,12237.74,Credit,Account Transfer,0245
TXN0005240,5577334186,2025-03-31,-17317.02,Debit,ATM Cash Withdrawal,0245
TXN0000771,1703397324,2025-03-20,5488.98,Credit,Check Deposit,0501
TXN0002586,2661257310,2025-05-20,-37880.09,Debit,POS Purchase,0389
TXN0005849,4411754150,2025-04-18,-20252.20,Debit,POS Purchase,0245
TXN0005018,8295409859,2025-02-09,-26126.03,Debit,ATM Cash Withdrawal,0245
TXN0001062,5509250320,2025-02-28,-31550.27,Debit,Outgoing Wire,0678
TXN0005994,8862080299,2025-06-06,-463.29,Debit,ATM Cash Withdrawal,0245
TXN0002065,3013759416,2025-04-17,24979.11,Credit,Account Transfer,0501
TXN0005266,8623493652,2025-04-11,-3668.52,Debit,POS Purchase,0245
TXN0002593,7025854620,2025-03-19,-9318.65,Debit,POS Purchase,0245
TXN0002279,4279245848,2025-04-03,-26541.01,Debit,ATM Cash Withdrawal,0501
TXN0001160,9155157025,2025-03-17,-387.03,Debit,Account Transfer,0389
TXN0004075,8647718552,2025-02-04,-35846.89,Debit,ATM Cash Withdrawal,0112
TXN0002579,1408943672,2025-04-12,-31218.44,Debit,ATM Cash Withdrawal,0389
TXN0002482,2042817325,2025-06-02,24224.22,Credit,Payroll Deposit,0389
TXN0005169,1407672109,2025-05-29,-29304.07,Debit,Account Transfer,0112
TXN0001288,4254150965,2025-05-13,-35430.54,Debit,POS Purchase,0678
TXN0000965,7727583342,2025-04-11,-4506.09,Debit,Incoming Wire,0678
TXN0000040,6074716658,2025-03-29,-3198.06,Debit,Incoming Wire,0389
TXN0003577,6483401968,2025-06-17,27103.72,Credit,Account Transfer,0245
TXN0004086,2240890305,2025-06-08,-38730.88,Debit,ATM Cash Withdrawal,0389
TXN0004153,2648134595,2025-01-04,-895.04,Debit,Outgoing Wire,0389
TXN0002542,7468301760,2025-06-06,-9319.19,Debit,Vendor Payment,0389
TXN0002757,6443057355,2025-05-09,-13127.60,Debit,ATM Cash Withdrawal,0245
TXN0003352,8287291586,2025-05-11,18298.93,Credit,Check Deposit,0501
TXN0000021,7035241032,2025-03-02,-37339.34,Debit,Incoming Wire,0245
TXN0004494,9441735035,2025-02-19,-14384.49,Debit,POS Purchase,0678
TXN0001133,9023920851,2025-05-18,-18864.36,Debit,POS Purchase,0678
TXN0002314,3306039830,2025-03-08,-35245.07,Debit,ATM Cash Withdrawal,0245
TXN0003829,7508630265,2025-03-09,-12766.71,Debit,ATM Cash Withdrawal,0112
TXN0004217,4806112094,2025-02-19,-5795.41,Debit,Outgoing Wire,0678
TXN0001723,8716566211,2025-05-18,20306.57,Credit,Payroll Deposit,0501
TXN0004893,6903208751,2025-06-18,-43524.22,Debit,Vendor Payment,0112
TXN0003433,9567963926,2025-03-05,33055.51,Credit,Vendor Payment,0501
TXN0003026,9812823105,2025-03-23,-3444.09,Debit,ATM Cash Withdrawal,0389
TXN0004061,5365342694,2025-02-05,-5207.59,Debit,Outgoing Wire,0389
TXN0000521,6584278212,2025-01-28,-8397.67,Debit,Vendor Payment,0112
TXN0003415,2339478295,2025-06-02,-24634.06,Debit,Account Transfer,0678
TXN0002953,8836281443,2025-04-22,27940.98,Credit,Account Transfer,0389
TXN0003451,9248043058,2025-01-09,21211.86,Credit,Check Deposit,0501
TXN0001691,4589560050,2025-01-31,-4219.66,Debit,Vendor Payment,0112
TXN0004875,6927681642,2025-04-17,5793.14,Credit,Incoming Wire,0112
TXN0005568,4430863157,2025-01-03,-5779.97,Debit,Outgoing Wire,0389
TXN0003718,7936818921,2025-04-07,24201.79,Credit,Check Deposit,0112
TXN0004622,5128192421,2025-06-23,-22213.83,Debit,Outgoing Wire,0245
TXN0000133,2174104726,2025-04-02,39668.88,Credit,ATM Cash Withdrawal,0678
TXN0005116,3066157249,2025-03-04,-17624.08,Debit,ATM Cash Withdrawal,0389
TXN0003536,6901969329,2025-01-02,-8343.75,Debit,Outgoing Wire,0501
TXN0005065,6978507608,2025-04-18,-33232.09,Debit,Vendor Payment,0389
TXN0001329,1651380363,2025-02-06,-34225.75,Debit,POS Purchase,0389
TXN0005681,6714529599,2025-05-03,3606.15,Credit,Payroll Deposit,0501
TXN0003343,7535814289,2025-06-23,-30111.26,Debit,Outgoing Wire,0678
TXN0000094,3283551461,2025-06-21,-19614.71,Debit,Outgoing Wire,0501
TXN0001915,4945405406,2025-02-21,-26007.31,Debit,POS Purchase,0112
TXN0002577,1062842983,2025-05-31,3078.14,Credit,Incoming Wire,0389
TXN0005386,7254341807,2025-03-13,6494.95,Credit,Check Deposit,0389
TXN0005571,9647705438,2025-06-02,12384.40,Credit,Payroll Deposit,0389
TXN0000633,4373719257,2025-05-31,-8504.69,Debit,Incoming Wire,0501
TXN0004054,1443363821,2025-01-04,-44068.13,Debit,POS Purchase,0501
TXN0002401,4413979728,2025-05-29,-1664.86,Debit,Outgoing Wire,0245
TXN0000501,3547834877,2025-03-29,-9264.05,Debit,Incoming Wire,0678
TXN0000725,6895732590,2025-04-02,6161.28,Credit,Account Transfer,0501
TXN0002679,9324651570,2025-02-02,539.66,Credit,Check Deposit,0389
TXN0004753,7482421891,2025-06-06,-9339.29,Debit,Account Transfer,0389
TXN0003367,3373573523,2025-01-20,37505.31,Credit,Check Deposit,0389
TXN0004486,5422844462,2025-05-16,-40919.37,Debit,POS Purchase,0501
TXN0002983,3725612998,2025-02-18,-39199.90,Debit,Incoming Wire,0678
TXN0000463,4145448588,2025-01-28,-33129.36,Debit,Outgoing Wire,0389
TXN0003014,6366855956,2025-03-12,25618.19,Credit,Payroll Deposit,0112
TXN0004823,5362257250,2025-01-31,-6101.50,Debit,Outgoing Wire,0112
TXN0000438,5616851079,2025-05-11,27490.13,Credit,Payroll Deposit,0389
TXN0002944,9626385533,2025-03-25,21420.30,Credit,Payroll Deposit,0678
TXN0001522,4447116598,2025-03-23,-2795.90,Debit,Vendor Payment,0389
TXN0001101,3011603976,2025-04-22,-17661.71,Debit,Outgoing Wire,0245
TXN0005885,2305504087,2025-05-17,-44516.32,Debit,ATM Cash Withdrawal,0501
TXN0004966,6358222952,2025-02-06,-31578.42,Debit,Vendor Payment,0501
TXN0003919,4050178638,2025-06-02,13105.61,Credit,Payroll Deposit,0501
TXN0001295,2720430422,2025-02-02,37514.30,Credit,Check Deposit,0678
TXN0002250,1019733137,2025-03-23,20588.69,Credit,Check Deposit,0678
TXN0004093,2367345957,2025-04-02,-17623.93,Debit,Vendor Payment,0245
TXN0002630,2907949110,2025-05-04,29239.60,Credit,Payroll Deposit,0389
TXN0000239,3761101149,2025-03-06,-15395.79,Debit,ATM Cash Withdrawal,0112
TXN0000808,2991982566,2025-01-06,-28945.87,Debit,Outgoing Wire,0245
TXN0000045,9287033584,2025-03-04,655.21,Credit,Check Deposit,0678
TXN0004586,7602183913,2025-03-29,12003.03,Credit,Check Deposit,0112
TXN0003948,3310250634,2025-04-13,29273.41,Credit,Check Deposit,0389
TXN0005391,4917786356,2025-03-30,5108.27,Credit,Payroll Deposit,0678
TXN0002052,2017434840,2025-04-28,34561.92,Credit,Check Deposit,0501
TXN0003781,5373584186,2025-04-25,-11534.00,Debit,POS Purchase,0389
TXN0002911,6950149144,2025-04-26,-8486.38,Debit,POS Purchase,0501
TXN0005919,3918216033,2025-04-20,-43694.40,Debit,Vendor Payment,0678
TXN0000833,6019382137,2025-02-17,13167.77,Credit,Account Transfer,0501
TXN0000629,7380897422,2025-05-27,-15706.77,Debit,Incoming Wire,0389
TXN0004056,5735365429,2025-05-08,-44125.68,Debit,Vendor Payment,0389
TXN0000804,1105498714,2025-01-25,-28913.54,Debit,Incoming Wire,0389
TXN0001012,3481112314,2025-04-03,37740.91,Credit,Payroll Deposit,0112
TXN0004360,1489101335,2025-04-13,-44734.14,Debit,POS Purchase,0245
TXN0002683,7618550437,2025-01-13,4696.34,Credit,Payroll Deposit,0501
TXN0004555,9914455894,2025-01-15,-28806.16,Debit,Vendor Payment,0112
TXN0001689,4145980119,2025-05-21,-22274.71,Debit,Incoming Wire,0678
TXN0002249,6694727831,2025-02-26,2016.25,Credit,Payroll Deposit,0112
TXN0000872,3516522100,2025-02-03,-39241.58,Debit,ATM Cash Withdrawal,0678
TXN0005558,7787726926,2025-03-14,31520.65,Credit,Payroll Deposit,0678
TXN0000741,6260764046,2025-05-06,-42699.95,Debit,ATM Cash Withdrawal,0678
TXN0003617,1303433475,2025-01-04,-24464.97,Debit,POS Purchase,0678
TXN0000996,5409721767,2025-02-23,-44532.03,Debit,Vendor Payment,0389
TXN0000526,1272732666,2025-04-16,3207.00,Credit,Vendor Payment,0678
TXN0000701,4930938878,2025-03-06,-32319.75,Debit,Outgoing Wire,0112
TXN0001227,2922896539,2025-05-07,20474.84,Credit,Account Transfer,0389
TXN0005372,5293329415,2025-05-17,4643.26,Credit,Account Transfer,0245
TXN0002929,4467784468,2025-02-05,29734.60,Credit,Check Deposit,0501
TXN0002794,8467770607,2025-03-31,-34606.39,Debit,Vendor Payment,0389
TXN0004670,5902443926,2025-02-27,7168.69,Credit,Incoming Wire,0112
TXN0001656,2492826269,2025-05-22,-14318.81,Debit,Outgoing Wire,0112
TXN0002130,9599562872,2025-03-11,-8539.52,Debit,Outgoing Wire,0112
TXN0003434,4740365522,2025-04-27,38002.21,Credit,Check Deposit,0501
TXN0005625,5376916750,2025-01-17,-2605.66,Debit,Vendor Payment,0389
TXN0005487,6644275699,2025-01-04,-22350.56,Debit,ATM Cash Withdrawal,0245
TXN0003535,4200000895,2025-02-14,-23414.04,Debit,POS Purchase,0245
TXN0001398,3327372890,2025-04-03,-12467.02,Debit,Account Transfer,0112
TXN0005907,8533719417,2025-04-09,30638.88,Credit,ATM Cash Withdrawal,0678
TXN0000316,5016842765,2025-04-08,-14590.18,Debit,Incoming Wire,0678
TXN0005509,5519004546,2025-05-04,-756.88,Debit,Vendor Payment,0678
TXN0005960,1793156494,2025-06-11,41497.59,Credit,Account Transfer,0678
TXN0003389,8267439918,2025-04-05,-25194.16,Debit,POS Purchase,0678
TXN0002257,6523689201,2025-06-10,-15388.79,Debit,Outgoing Wire,0501
TXN0003615,9656722235,2025-03-01,-3151.58,Debit,Outgoing Wire,0389
TXN0004370,8110890593,2025-01-17,-33921.91,Debit,Outgoing Wire,0112
TXN0002857,6683596976,2025-03-18,36408.34,Credit,Payroll Deposit,0112
TXN0001609,7059565734,2025-01-18,-31298.81,Debit,Vendor Payment,0112
TXN0002155,7220986361,2025-05-20,-24659.63,Debit,ATM Cash Withdrawal,0501
TXN0000799,5765424629,2025-06-12,-32952.14,Debit,Incoming Wire,0112
TXN0002288,6745756697,2025-05-28,-5926.07,Debit,Vendor Payment,0389
TXN0000216,2072571500,2025-06-13,-40976.52,Debit,Outgoing Wire,0112
TXN0001452,1882506053,2025-02-09,-44761.70,Debit,Outgoing Wire,0245
TXN0004169,4577786529,2025-02-12,3526.88,Credit,Account Transfer,0678
TXN0001928,2960478682,2025-02-03,-11350.86,Debit,Outgoing Wire,0112
TXN0000130,9556847957,2025-01-18,14064.15,Credit,Account Transfer,0389
TXN0004982,5731687194,2025-05-09,-33870.86,Debit,Vendor Payment,0112
TXN0002317,9093583309,2025-05-05,22731.90,Credit,Payroll Deposit,0112
TXN0005993,4004960012,2025-01-18,41039.22,Credit,Payroll Deposit,0245
TXN0002011,6799344306,2025-05-25,28122.80,Credit,Check Deposit,0389
TXN0005457,2035448177,2025-05-23,-17108.14,Debit,Outgoing Wire,0678
TXN0000373,2185967890,2025-02-22,-33560.67,Debit,ATM Cash Withdrawal,0678
TXN0001473,8021898882,2025-02-16,-16687.77,Debit,Vendor Payment,0245
TXN0003205,8728329631,2025-04-18,-29005.07,Debit,ATM Cash Withdrawal,0389
TXN0003982,7141417657,2025-01-05,-5280.94,Debit,Outgoing Wire,0678
TXN0002171,4762637528,2025-06-07,28958.56,Credit,Payroll Deposit,0501
TXN0002568,6914314991,2025-04-30,-38618.33,Debit,Outgoing Wire,0245
TXN0001627,2405311499,2025-04-17,28705.80,Credit,Payroll Deposit,0389
TXN0000213,5081700854,2025-05-07,23785.33,Credit,Check Deposit,0389
TXN0001997,6137737705,2025-05-31,-14223.04,Debit,POS Purchase,0245
TXN0000878,2459654420,2025-05-04,-11228.08,Debit,Outgoing Wire,0245
TXN0005331,2594842695,2025-06-11,31605.79,Credit,Check Deposit,0389
TXN0004162,4181480973,2025-06-29,43387.13,Credit,Check Deposit,0501
TXN0005172,4018995294,2025-06-10,15067.45,Credit,Payroll Deposit,0501
TXN0004460,5307788869,2025-06-06,-29384.91,Debit,ATM Cash Withdrawal,0245
TXN0004229,9812052039,2025-01-19,-19373.67,Debit,POS Purchase,0389
TXN0000756,8345782900,2025-02-22,13584.63,Credit,Payroll Deposit,0678
TXN0003384,1186730363,2025-04-27,3287.04,Credit,Payroll Deposit,0389
TXN0003584,1120040605,2025-01-06,-11824.87,Debit,POS Purchase,0678
TXN0003670,4653674408,2025-05-09,38762.40,Credit,Payroll Deposit,0389
TXN0005030,4130655321,2025-02-22,-39568.99,Debit,Outgoing Wire,0112
TXN0001652,5161647665,2025-03-17,-14419.54,Debit,POS Purchase,0678
TXN0001619,8418798847,2025-04-30,-31323.06,Debit,Vendor Payment,0245
TXN0001694,8815480150,2025-04-03,-29881.23,Debit,Incoming Wire,0112
TXN0004639,5343294927,2025-04-06,-15233.35,Debit,ATM Cash Withdrawal,0678
TXN0003808,7690847757,2025-06-01,13200.82,Credit,Account Transfer,0678
TXN0003729,3174218605,2025-02-04,-24562.61,Debit,Outgoing Wire,0678
TXN0001312,2970209105,2025-03-07,9172.84,Credit,Check Deposit,0501
TXN0004463,6582301748,2025-03-10,-21066.26,Debit,Vendor Payment,0245
TXN0003695,7185493129,2025-03-12,44324.75,Credit,Check Deposit,0389
TXN0004141,8235293830,2025-06-29,38553.73,Credit,Payroll Deposit,0112
TXN0004510,6296216987,2025-05-06,-884.42,Debit,POS Purchase,0389
TXN0003344,6391286991,2025-04-10,-16697.32,Debit,POS Purchase,0245
TXN0003604,9741665003,2025-02-01,-25786.23,Debit,Outgoing Wire,0245
TXN0004105,2210668935,2025-03-07,-22401.12,Debit,Account Transfer,0245
TXN0000592,8539844976,2025-06-02,-8484.10,Debit,Outgoing Wire,0245
TXN0001702,4975862395,2025-05-22,-4906.35,Debit,Incoming Wire,0245
TXN0004954,5387525551,2025-05-02,-42844.23,Debit,Vendor Payment,0389
TXN0005548,8223338838,2025-03-25,-38789.43,Debit,Vendor Payment,0501
TXN0005574,8010262894,2025-04-09,-27016.16,Debit,Incoming Wire,0245
TXN0000324,1660360418,2025-03-16,-23279.37,Debit,Outgoing Wire,0112
TXN0004922,2422641848,2025-03-13,-32941.09,Debit,POS Purchase,0678
TXN0001018,9955224036,2025-06-19,-4621.27,Debit,Incoming Wire,0389
TXN0001631,2753995183,2025-02-08,21153.62,Credit,Payroll Deposit,0678
TXN0001710,7493817905,2025-01-20,-39879.42,Debit,ATM Cash Withdrawal,0389
TXN0002312,2582401272,2025-03-20,-27696.33,Debit,Vendor Payment,0501
TXN0001488,6367296396,2025-04-17,-1045.99,Debit,Vendor Payment,0389
TXN0000889,9283245214,2025-06-24,-10391.64,Debit,POS Purchase,0678
TXN0001470,6473815383,2025-04-21,35583.05,Credit,Check Deposit,0245
TXN0005887,7342618151,2025-01-06,16867.81,Credit,Account Transfer,0389
TXN0001503,4733405404,2025-03-08,-34029.45,Debit,Outgoing Wire,0112
TXN0004203,2176273092,2025-06-25,15456.53,Credit,Check Deposit,0245
TXN0000456,4560822438,2025-02-25,-27080.98,Debit,Outgoing Wire,0678
TXN0000995,2742360047,2025-03-15,-19291.78,Debit,POS Purchase,0678
TXN0002134,8954112207,2025-04-24,-34115.47,Debit,Incoming Wire,0245
TXN0001921,7644071288,2025-06-15,-16401.50,Debit,POS Purchase,0112
TXN0002582,9770892506,2025-04-08,-6513.10,Debit,ATM Cash Withdrawal,0501
TXN0001777,2981029371,2025-04-08,-29006.09,Debit,ATM Cash Withdrawal,0501
TXN0004584,6533354960,2025-04-27,-5578.92,Debit,POS Purchase,0389
TXN0001587,7592416887,2025-01-08,-39644.58,Debit,Outgoing Wire,0678
TXN0004053,6715684985,2025-06-11,-21358.37,Debit,Account Transfer,0112
TXN0002398,4868906328,2025-06-01,29957.74,Credit,ATM Cash Withdrawal,0112
TXN0002147,3229730546,2025-06-29,43266.63,Credit,Check Deposit,0501
TXN0002846,7831590895,2025-01-18,32922.55,Credit,Check Deposit,0678
TXN0001714,8530025960,2025-04-01,-40117.09,Debit,Vendor Payment,0245
TXN0001922,3680214318,2025-05-20,-29169.58,Debit,Incoming Wire,0389
TXN0002318,5138473587,2025-05-01,-36455.81,Debit,Outgoing Wire,0245
TXN0002818,8673085335,2025-04-25,-32034.81,Debit,ATM Cash Withdrawal,0245
TXN0000317,1119098079,2025-05-21,-6136.58,Debit,POS Purchase,0389
TXN0002189,6152347998,2025-02-11,-39802.86,Debit,Incoming Wire,0678
TXN0001607,6202073653,2025-06-08,-18574.29,Debit,Outgoing Wire,0501
TXN0002157,1421156669,2025-06-09,-16027.38,Debit,Vendor Payment,0501
TXN0004904,5326087716,2025-05-15,29563.69,Credit,Vendor Payment,0678
TXN0003627,9967724114,2025-01-29,-39434.47,Debit,ATM Cash Withdrawal,0501
TXN0001280,8014389879,2025-01-02,-24310.72,Debit,POS Purchase,0112
TXN0002607,8653334634,2025-06-03,-18423.84,Debit,Outgoing Wire,0389
TXN0003296,1468918356,2025-04-24,-171.12,Debit,Vendor Payment,0501
TXN0000659,2270864938,2025-02-27,-23814.97,Debit,Outgoing Wire,0678
TXN0005251,9609504143,2025-03-08,-32062.02,Debit,POS Purchase,0389
TXN0002609,5735391808,2025-06-20,-18019.83,Debit,POS Purchase,0245
TXN0004626,1197916094,2025-03-29,20099.85,Credit,Payroll Deposit,0389
TXN0003222,4075263886,2025-06-20,-10122.17,Debit,Vendor Payment,0245
TXN0002253,4169062075,2025-01-14,38577.29,Credit,Payroll Deposit,0389
TXN0000162,5896355641,2025-04-24,36057.37,Credit,Account Transfer,0389
TXN0003966,4061499961,2025-06-09,35922.75,Credit,Account Transfer,0389
TXN0001980,3841089625,2025-06-11,-20416.68,Debit,Vendor Payment,0389
TXN0003678,2985970750,2025-04-06,-6543.26,Debit,ATM Cash Withdrawal,0678
TXN0001028,8872967650,2025-05-25,-8406.72,Debit,Incoming Wire,0501
TXN0001600,7381111965,2025-06-29,-369.09,Debit,POS Purchase,0112
TXN0003150,3950981854,2025-05-16,-36163.94,Debit,Vendor Payment,0245
TXN0004317,1930813765,2025-05-08,-13552.92,Debit,Vendor Payment,0678
TXN0001977,3105989133,2025-02-14,-16180.55,Debit,POS Purchase,0501
TXN0001331,4143392113,2025-06-27,38536.68,Credit,Account Transfer,0678
TXN0000673,2609634727,2025-01-17,-5428.14,Debit,ATM Cash Withdrawal,0389
TXN0000069,6629614125,2025-06-20,-44877.14,Debit,Vendor Payment,0112
TXN0004752,8573319933,2025-06-03,-4591.93,Debit,Account Transfer,0245
TXN0002651,7371392746,2025-05-15,-38983.43,Debit,ATM Cash Withdrawal,0501
TXN0004723,8043618848,2025-06-10,-7012.35,Debit,Outgoing Wire,0389
TXN0002917,1752046382,2025-05-30,-44123.81,Debit,POS Purchase,0501
TXN0005751,6301077084,2025-03-26,-15695.10,Debit,Vendor Payment,0245
TXN0000548,3391644997,2025-04-09,7553.44,Credit,Check Deposit,0678
TXN0003586,9210666959,2025-05-15,-43204.99,Debit,POS Purchase,0112
TXN0005176,9759055725,2025-05-21,41907.83,Credit,Check Deposit,0112
TXN0003900,1237081050,2025-05-16,-28418.27,Debit,ATM Cash Withdrawal,0678
TXN0000657,1898845699,2025-05-07,-11383.74,Debit,ATM Cash Withdrawal,0245
TXN0005459,4766333574,2025-06-22,35456.04,Credit,Account Transfer,0501
TXN0005643,4297696286,2025-05-25,20757.80,Credit,Payroll Deposit,0501
TXN0004269,2789615147,2025-02-26,-34331.64,Debit,Incoming Wire,0501
TXN0003780,4284487746,2025-05-21,-7815.74,Debit,Incoming Wire,0678
TXN0001051,6073672078,2025-02-13,-37414.18,Debit,Vendor Payment,0678
TXN0005590,2261879708,2025-05-06,7087.52,Credit,Check Deposit,0112
TXN0005843,1587433630,2025-01-17,-6784.65,Debit,Outgoing Wire,0112
TXN0001391,1256534145,2025-01-22,-19837.78,Debit,ATM Cash Withdrawal,0501
TXN0001456,5186402215,2025-05-23,-12203.78,Debit,Vendor Payment,0389
TXN0002835,4382231169,2025-04-03,32834.85,Credit,Payroll Deposit,0389
TXN0005980,9689941759,2025-05-24,-34061.41,Debit,Incoming Wire,0112
TXN0001258,8104464403,2025-05-25,-10464.64,Debit,Outgoing Wire,0501
TXN0005736,5330515406,2025-03-02,-10483.65,Debit,Vendor Payment,0112
TXN0003101,6294595452,2025-06-05,5027.34,Credit,Account Transfer,0112
TXN0001758,8111382052,2025-03-06,-44610.47,Debit,Incoming Wire,0389
TXN0005797,8032352404,2025-05-24,-15634.18,Debit,Outgoing Wire,0678
TXN0001935,3850736355,2025-02-12,-40429.16,Debit,Vendor Payment,0389
TXN0002341,9806536934,2025-01-12,1665.29,Credit,Check Deposit,0678
TXN0001401,1771194937,2025-05-07,-30526.10,Debit,ATM Cash Withdrawal,0678
TXN0002848,7200789872,2025-02-26,-2225.96,Debit,Vendor Payment,0245
TXN0001301,5705135044,2025-01-22,-43746.72,Debit,Vendor Payment,0678
TXN0001547,4751763012,2025-02-13,-15976.52,Debit,Vendor Payment,0389
TXN0002555,5435384196,2025-06-05,15703.59,Credit,Check Deposit,0245
TXN0001852,5355023227,2025-01-27,-36814.80,Debit,ATM Cash Withdrawal,0501
TXN0005791,6335936321,2025-04-17,-32818.46,Debit,Outgoing Wire,0501
TXN0003971,2122324154,2025-06-08,-25492.75,Debit,Incoming Wire,0678
TXN0000569,9653831685,2025-04-24,9495.72,Credit,Payroll Deposit,0501
TXN0003898,2140824160,2025-06-02,-4298.15,Debit,Account Transfer,0245
TXN0004527,1706777080,2025-04-19,-1617.27,Debit,Vendor Payment,0389
TXN0001802,9482903186,2025-02-19,-3223.46,Debit,Outgoing Wire,0389
TXN0001311,9741086677,2025-05-24,22479.37,Credit,Check Deposit,0112
TXN0000309,9088702547,2025-05-26,44451.58,Credit,Check Deposit,0678
TXN0001099,4315859137,2025-04-02,-24693.83,Debit,POS Purchase,0389
TXN0004836,1550136727,2025-06-26,-43663.73,Debit,Incoming Wire,0678
TXN0003135,6853073118,2025-01-18,6428.53,Credit,Check Deposit,0389
TXN0003370,2332501420,2025-01-11,37510.46,Credit,Payroll Deposit,0389
TXN0001934,6955549970,2025-06-01,29317.45,Credit,Payroll Deposit,0245
TXN0001122,5872955782,2025-03-21,17004.37,Credit,Payroll Deposit,0678
TXN0001764,3018760051,2025-04-28,-8398.84,Debit,POS Purchase,0389
TXN0005564,9828512279,2025-06-07,-16858.85,Debit,Vendor Payment,0245
TXN0000402,9314083071,2025-03-31,-308.43,Debit,Outgoing Wire,0678
TXN0003569,1161406027,2025-03-31,-27033.66,Debit,Outgoing Wire,0678
TXN0005222,3390839246,2025-04-23,-17914.01,Debit,Vendor Payment,0245
TXN0001389,7400569931,2025-05-15,-27258.62,Debit,Incoming Wire,0112
TXN0002426,5853133946,2025-03-01,13226.59,Credit,Payroll Deposit,0389
TXN0005435,5488086518,2025-06-29,-43089.34,Debit,POS Purchase,0501
TXN0005684,4841859132,2025-03-11,-27100.09,Debit,Incoming Wire,0112
TXN0001029,4220832116,2025-05-09,-38842.63,Debit,Outgoing Wire,0501
TXN0000981,4120554054,2025-02-24,-27334.43,Debit,ATM Cash Withdrawal,0245
TXN0001514,3910697236,2025-04-06,-12858.95,Debit,Account Transfer,0678
TXN0005229,4514460541,2025-01-29,-2314.83,Debit,POS Purchase,0245
TXN0005841,1100964438,2025-04-22,-8048.29,Debit,Outgoing Wire,0112
TXN0001606,3333507516,2025-03-31,-13671.81,Debit,POS Purchase,0501
TXN0001563,9280733482,2025-02-15,31196.46,Credit,Account Transfer,0501
TXN0003992,2044854736,2025-02-02,-40251.48,Debit,Account Transfer,0245
TXN0003537,9913731936,2025-01-04,39647.63,Credit,Account Transfer,0245
TXN0000753,9089304785,2025-01-10,-39909.63,Debit,Vendor Payment,0389
TXN0004367,1065436107,2025-04-07,35632.91,Credit,Check Deposit,0245
TXN0005107,8292409398,2025-05-16,14776.34,Credit,Payroll Deposit,0112
TXN0001986,7040599739,2025-02-21,-39110.06,Debit,Outgoing Wire,0389
TXN0002731,1017265386,2025-02-14,4078.93,Credit,Account Transfer,0389
TXN0004945,1231942405,2025-05-19,-8596.66,Debit,Vendor Payment,0501
TXN0001030,8481418297,2025-06-07,-17374.25,Debit,Vendor Payment,0112
TXN0002938,3570244019,2025-01-11,-5019.57,Debit,Account Transfer,0501
TXN0004324,8555925357,2025-01-19,16002.96,Credit,Check Deposit,0112
TXN0002184,5601296053,2025-01-18,34209.70,Credit,Check Deposit,0389
TXN0000350,2043491301,2025-04-01,-4227.26,Debit,Outgoing Wire,0389
TXN0000591,1074858817,2025-03-14,1718.64,Credit,Check Deposit,0678
TXN0000687,8510673771,2025-03-15,23102.48,Credit,ATM Cash Withdrawal,0245
TXN0005257,8007523960,2025-05-09,13963.01,Credit,POS Purchase,0678
TXN0003027,1379948232,2025-02-20,-1504.45,Debit,Account Transfer,0501
TXN0004280,6016877798,2025-03-12,-9375.10,Debit,Vendor Payment,0389
TXN0005970,2453741023,2025-04-19,21261.89,Credit,Payroll Deposit,0678
TXN0005983,4419983856,2025-01-21,10906.13,Credit,Account Transfer,0678
TXN0002524,7228822346,2025-02-15,9890.54,Credit,Account Transfer,0389
TXN0004329,8221370085,2025-02-24,-29725.28,Debit,Account Transfer,0389
TXN0003399,1827790570,2025-06-24,-2198.06,Debit,ATM Cash Withdrawal,0501
TXN0002832,4899468732,2025-01-27,-22644.06,Debit,Account Transfer,0678
TXN0003061,4458690408,2025-05-20,-24222.22,Debit,Incoming Wire,0389
TXN0002740,4596099484,2025-04-25,19457.44,Credit,ATM Cash Withdrawal,0501
TXN0002736,1741988958,2025-01-17,27570.72,Credit,POS Purchase,0245
TXN0005341,8900749802,2025-02-13,-26939.02,Debit,ATM Cash Withdrawal,0389
TXN0003651,4119185245,2025-03-26,3763.70,Credit,Payroll Deposit,0112
TXN0004074,8014205722,2025-02-01,-20236.05,Debit,Outgoing Wire,0389
TXN0003721,3014538711,2025-06-26,-12638.88,Debit,Account Transfer,0245
TXN0003437,8688282527,2025-03-30,-13061.53,Debit,Account Transfer,0389
TXN0003452,4778922941,2025-03-26,32737.22,Credit,Check Deposit,0245
TXN0002676,5646138143,2025-03-18,28303.56,Credit,Payroll Deposit,0245
TXN0004967,4925893253,2025-06-05,-8998.66,Debit,ATM Cash Withdrawal,0245
TXN0003069,7579660033,2025-05-23,-15882.59,Debit,Account Transfer,0501
TXN0004132,4891623023,2025-01-04,35028.97,Credit,Account Transfer,0245
TXN0005951,2973146200,2025-04-07,-38331.93,Debit,Vendor Payment,0389
TXN0001218,9508079818,2025-02-11,-25249.79,Debit,ATM Cash Withdrawal,0389
TXN0004377,4360620364,2025-04-15,-32984.04,Debit,Outgoing Wire,0501
TXN0001154,2924779533,2025-06-25,-27949.85,Debit,Incoming Wire,0245
TXN0001287,6894988964,2025-05-28,-23940.78,Debit,Outgoing Wire,0678
TXN0002274,2211326371,2025-05-04,-26300.70,Debit,Account Transfer,0112
TXN0004732,1134979038,2025-01-27,1999.73,Credit,Account Transfer,0389
TXN0005512,8063584620,2025-04-23,-11277.86,Debit,Incoming Wire,0112
TXN0005511,6668057624,2025-06-03,-13397.05,Debit,Incoming Wire,0501
TXN0004310,3757827036,2025-02-03,-29337.11,Debit,Incoming Wire,0245
TXN0001034,7814075946,2025-01-11,-2193.95,Debit,ATM Cash Withdrawal,0245
TXN0001793,7953933157,2025-05-09,20447.14,Credit,Check Deposit,0112
TXN0000803,3806847124,2025-04-04,43699.74,Credit,Account Transfer,0501
TXN0003931,4775373126,2025-05-23,-25222.56,Debit,Outgoing Wire,0112
TXN0003432,6747298766,2025-01-02,43299.73,Credit,ATM Cash Withdrawal,0501
TXN0004333,6120314894,2025-01-05,27240.35,Credit,Check Deposit,0501
TXN0001743,7730545835,2025-05-14,-21016.81,Debit,Incoming Wire,0389
TXN0001649,1297449065,2025-01-04,36924.93,Credit,Payroll Deposit,0389
TXN0003643,1040325897,2025-02-14,16424.09,Credit,ATM Cash Withdrawal,0245
TXN0000372,5252194118,2025-03-19,23541.75,Credit,Account Transfer,0245
TXN0000946,9482952406,2025-05-25,39893.96,Credit,Check Deposit,0245
TXN0003884,3676528163,2025-05-18,-16064.00,Debit,ATM Cash Withdrawal,0678
TXN0005227,3227320989,2025-04-24,42791.55,Credit,Check Deposit,0389
TXN0000806,6836614116,2025-05-01,32310.04,Credit,Check Deposit,0245
TXN0005937,8271735963,2025-04-03,44715.44,Credit,Payroll Deposit,0678
TXN0002779,4770728252,2025-02-23,39297.71,Credit,Payroll Deposit,0245
TXN0001590,5930125554,2025-06-20,-33222.53,Debit,POS Purchase,0389
TXN0004506,3929958735,2025-01-02,-33604.93,Debit,Incoming Wire,0245
TXN0000033,4679774297,2025-03-22,40622.92,Credit,Incoming Wire,0678
TXN0003977,5207870808,2025-04-25,-20103.21,Debit,Outgoing Wire,0501
TXN0005356,5983474121,2025-03-22,-2051.01,Debit,Vendor Payment,0112
TXN0004443,3530169365,2025-06-04,24955.95,Credit,Check Deposit,0389
TXN0003521,5581552089,2025-02-01,40401.66,Credit,Account Transfer,0501
TXN0005596,3136026327,2025-06-21,-43932.65,Debit,Incoming Wire,0389
TXN0004990,1824424799,2025-05-13,-31336.62,Debit,POS Purchase,0245
TXN0001247,1699562674,2025-02-09,12622.90,Credit,POS Purchase,0245
TXN0003676,5997337117,2025-06-27,32779.77,Credit,Check Deposit,0245
TXN0003937,8990109257,2025-06-26,36641.71,Credit,Check Deposit,0389
TXN0005711,7987237377,2025-05-17,17740.63,Credit,Payroll Deposit,0678
TXN0001799,2347081522,2025-06-30,-25128.28,Debit,Incoming Wire,0501
TXN0002222,3821482279,2025-03-20,-42088.60,Debit,Outgoing Wire,0245
TXN0002054,7483009468,2025-05-27,-26753.85,Debit,Outgoing Wire,0112
TXN0004737,9432361189,2025-05-01,-26333.50,Debit,Account Transfer,0389
TXN0005777,2309638227,2025-05-03,28870.84,Credit,Account Transfer,0678
TXN0001912,9811169485,2025-05-24,-37031.09,Debit,ATM Cash Withdrawal,0501
TXN0001168,6846197101,2025-03-26,-16876.88,Debit,Vendor Payment,0389
TXN0002945,5217380757,2025-06-17,-34607.75,Debit,Incoming Wire,0245
TXN0000143,6494303312,2025-03-30,-42375.92,Debit,Outgoing Wire,0678
TXN0002850,8277768654,2025-04-27,-26275.61,Debit,Vendor Payment,0678
TXN0000795,8661702672,2025-03-12,10794.57,Credit,Account Transfer,0678
TXN0003786,3905347162,2025-05-11,-34552.82,Debit,Vendor Payment,0678
TXN0003565,7533144084,2025-04-10,-5249.62,Debit,Account Transfer,0501
TXN0004318,1207911445,2025-05-21,-16679.46,Debit,Vendor Payment,0245
TXN0000396,2567139924,2025-02-24,-10310.37,Debit,Outgoing Wire,0112
TXN0000480,5993049598,2025-06-12,8492.78,Credit,Check Deposit,0389
TXN0005618,6186647012,2025-04-29,14481.34,Credit,Check Deposit,0678
TXN0004440,9160765314,2025-05-12,-3432.16,Debit,ATM Cash Withdrawal,0245
TXN0004131,3393350394,2025-01-11,6258.64,Credit,Account Transfer,0501
TXN0005894,8377285129,2025-05-07,-31936.42,Debit,Incoming Wire,0112
TXN0000229,6085180667,2025-02-12,-32593.82,Debit,Incoming Wire,0112
TXN0005821,6291895044,2025-06-30,-14122.02,Debit,Incoming Wire,0389
TXN0005725,2153388918,2025-05-03,-40979.04,Debit,POS Purchase,0501
TXN0003029,9489343629,2025-04-12,-24574.04,Debit,Outgoing Wire,0389
TXN0003461,9300461199,2025-03-31,-6004.76,Debit,ATM Cash Withdrawal,0245
TXN0003684,8918781048,2025-02-24,7323.81,Credit,Check Deposit,0112
TXN0002597,8696891704,2025-05-23,20664.45,Credit,Payroll Deposit,0389
TXN0003439,8881398742,2025-04-03,-5585.07,Debit,Outgoing Wire,0112
TXN0003704,2180337460,2025-05-24,33776.88,Credit,Check Deposit,0112
TXN0000151,4389691856,2025-03-02,3071.57,Credit,Check Deposit,0245
TXN0005320,8952708012,2025-02-15,-21864.66,Debit,Outgoing Wire,0501
TXN0005370,9679111525,2025-02-15,-38542.71,Debit,Outgoing Wire,0501
TXN0003795,1865145848,2025-05-29,14900.83,Credit,Check Deposit,0112
TXN0003531,2291310268,2025-02-16,-2820.42,Debit,ATM Cash Withdrawal,0112
TXN0002221,7868170004,2025-01-24,40086.20,Credit,Check Deposit,0245
TXN0003909,5376853891,2025-06-25,23004.51,Credit,Payroll Deposit,0501
TXN0003493,6261350926,2025-04-18,6879.97,Credit,Account Transfer,0245
TXN0001624,1177446556,2025-01-27,40067.37,Credit,Check Deposit,0245
TXN0000440,8203358602,2025-04-16,-11365.70,Debit,POS Purchase,0678
TXN0002393,8070604064,2025-02-21,-12801.70,Debit,Incoming Wire,0245
TXN0005001,3323371767,2025-01-11,-40977.60,Debit,POS Purchase,0678
TXN0004625,5448983546,2025-06-18,-11027.63,Debit,POS Purchase,0389
TXN0000714,9371334762,2025-04-07,-10468.30,Debit,Incoming Wire,0678
TXN0001593,9352315263,2025-04-26,6249.95,Credit,Check Deposit,0245
TXN0000454,9664052253,2025-01-18,-16658.74,Debit,Vendor Payment,0389
TXN0003769,7310895398,2025-04-19,-6435.78,Debit,Outgoing Wire,0245
TXN0000665,8602503943,2025-03-30,-23591.61,Debit,POS Purchase,0501
TXN0002594,2181960483,2025-02-17,13081.58,Credit,Check Deposit,0501
TXN0003283,2012890847,2025-05-28,-10781.40,Debit,ATM Cash Withdrawal,0678
TXN0005305,7512029260,2025-05-27,24983.15,Credit,Check Deposit,0245
TXN0005990,9584532255,2025-04-20,-42191.99,Debit,POS Purchase,0501
TXN0005704,4798627511,2025-01-19,21761.43,Credit,Vendor Payment,0501
TXN0004750,5481588438,2025-01-01,-26790.77,Debit,Outgoing Wire,0501
TXN0003162,3620568965,2025-03-01,-26243.05,Debit,Incoming Wire,0245
TXN0000704,7748064476,2025-03-23,-3244.10,Debit,ATM Cash Withdrawal,0112
TXN0003902,9229367244,2025-05-15,-38397.73,Debit,Outgoing Wire,0389
TXN0003505,8800600499,2025-03-21,-32810.47,Debit,Outgoing Wire,0112
TXN0003288,2492374605,2025-03-18,26700.88,Credit,Payroll Deposit,0389
TXN0004296,9557415986,2025-01-24,-14991.29,Debit,POS Purchase,0389
TXN0003382,3904049661,2025-06-24,36158.25,Credit,Check Deposit,0501
TXN0003397,8384977809,2025-01-17,-6997.45,Debit,POS Purchase,0112
TXN0000678,4875452950,2025-01-13,-10597.18,Debit,POS Purchase,0389
TXN0004524,6276139880,2025-01-07,-14495.64,Debit,Incoming Wire,0389
TXN0004715,2855751378,2025-06-28,-34763.15,Debit,Outgoing Wire,0389
TXN0004890,5227456190,2025-03-30,2566.39,Credit,Payroll Deposit,0245
TXN0002513,6858075646,2025-06-02,38597.82,Credit,Check Deposit,0245
TXN0004933,1152730028,2025-02-19,-34154.35,Debit,Vendor Payment,0678
TXN0002439,2402707839,2025-05-28,-16930.97,Debit,POS Purchase,0501
TXN0000305,5227878924,2025-05-24,-20297.88,Debit,Outgoing Wire,0245
TXN0002752,1266285447,2025-02-21,4124.97,Credit,Check Deposit,0245
TXN0000702,6891560495,2025-01-23,-20581.07,Debit,POS Purchase,0501
TXN0003891,4152319311,2025-03-13,-21859.69,Debit,POS Purchase,0678
TXN0000014,2369684368,2025-01-12,-24585.64,Debit,Vendor Payment,0245
TXN0002255,7199814212,2025-04-13,-25359.23,Debit,ATM Cash Withdrawal,0245
TXN0002532,9533780550,2025-03-03,3782.67,Credit,Payroll Deposit,0112
TXN0000299,4552545247,2025-06-05,-1356.16,Debit,ATM Cash Withdrawal,0678
TXN0000660,8299633890,2025-02-11,32365.72,Credit,Check Deposit,0112
TXN0003072,3942298073,2025-02-21,-14319.09,Debit,Outgoing Wire,0112
TXN0004988,8485411978,2025-03-06,28901.52,Credit,Check Deposit,0501
TXN0002436,3641393537,2025-05-23,27669.97,Credit,Payroll Deposit,0678
TXN0000579,7832886153,2025-04-05,-33872.72,Debit,Incoming Wire,0112
TXN0000008,1430925917,2025-06-06,-11641.03,Debit,Outgoing Wire,0389
TXN0000118,4768742641,2025-03-21,-39855.52,Debit,Vendor Payment,0112
TXN0004045,2464336452,2025-04-05,-11074.43,Debit,Incoming Wire,0501
TXN0004300,6853798340,2025-03-03,3506.36,Credit,Payroll Deposit,0389
TXN0001878,5689091972,2025-01-13,39749.05,Credit,Payroll Deposit,0112
TXN0005318,2125961997,2025-01-27,-30533.44,Debit,Outgoing Wire,0501
TXN0002931,6191365694,2025-02-20,17084.72,Credit,Check Deposit,0389
TXN0000382,6097326981,2025-02-06,28809.33,Credit,Outgoing Wire,0678
TXN0005768,4870057341,2025-06-22,13264.10,Credit,Payroll Deposit,0501
TXN0003270,8161972082,2025-05-12,-30767.25,Debit,Account Transfer,0501
TXN0002010,3710082408,2025-06-01,2136.76,Credit,Payroll Deposit,0245
TXN0000268,6001604498,2025-05-02,-40948.63,Debit,Incoming Wire,0245
TXN0004658,3752290119,2025-06-04,30253.58,Credit,Payroll Deposit,0389
TXN0001477,6787825135,2025-04-09,-38127.02,Debit,Account Transfer,0501
TXN0004079,8740156259,2025-01-20,-36111.41,Debit,ATM Cash Withdrawal,0112
TXN0001820,4521464119,2025-02-25,-18845.99,Debit,POS Purchase,0389
TXN0003874,6872081052,2025-04-04,41626.91,Credit,Payroll Deposit,0501
TXN0001228,2637170512,2025-02-09,35903.23,Credit,Payroll Deposit,0678
TXN0003561,1430536760,2025-02-15,-31096.18,Debit,Outgoing Wire,0678
TXN0005343,2903700553,2025-05-30,-7689.45,Debit,POS Purchase,0678
TXN0000836,2822178227,2025-05-11,-2339.19,Debit,Vendor Payment,0389
TXN0003711,2657632930,2025-03-14,25198.84,Credit,Check Deposit,0112
TXN0001071,9716469505,2025-02-16,3697.49,Credit,Check Deposit,0112
TXN0002395,7949896941,2025-05-10,21969.70,Credit,Payroll Deposit,0678
TXN0002820,5743732625,2025-06-21,863.54,Credit,Check Deposit,0389
TXN0001899,5530881934,2025-01-25,-17780.78,Debit,Vendor Payment,0678
TXN0002868,3632769093,2025-03-13,-5209.46,Debit,Incoming Wire,0245
TXN0000112,1310403486,2025-04-06,14576.35,Credit,Payroll Deposit,0678
TXN0000086,8422477078,2025-04-23,7761.28,Credit,Payroll Deposit,0501
TXN0004136,4896697969,2025-02-08,-35783.31,Debit,ATM Cash Withdrawal,0501
TXN0005424,9084197934,2025-02-07,-44370.27,Debit,Vendor Payment,0389
TXN0000710,8085151554,2025-02-05,-28766.26,Debit,Vendor Payment,0389
TXN0000097,8282748081,2025-05-11,4004.25,Credit,Check Deposit,0245
TXN0005977,6550616835,2025-05-19,17224.37,Credit,Account Transfer,0112
TXN0000272,1409371092,2025-02-01,-36214.14,Debit,POS Purchase,0501
TXN0004747,1206985517,2025-05-07,-21132.88,Debit,POS Purchase,0389
TXN0005139,3214479211,2025-06-24,-4818.72,Debit,Vendor Payment,0245
TXN0000473,3878771991,2025-06-28,-33329.75,Debit,ATM Cash Withdrawal,0245
TXN0002172,1642590482,2025-04-19,27708.83,Credit,Payroll Deposit,0501
TXN0002037,1043648199,2025-05-13,-19653.69,Debit,POS Purchase,0112
TXN0003648,3279021767,2025-02-23,-31665.82,Debit,Outgoing Wire,0112
TXN0004009,3290716950,2025-02-18,-13429.43,Debit,Account Transfer,0245
TXN0005000,8564786943,2025-06-19,-24522.99,Debit,ATM Cash Withdrawal,0389
TXN0002283,7374500905,2025-02-12,-18567.57,Debit,POS Purchase,0389
TXN0000411,5145106202,2025-02-06,-33886.50,Debit,ATM Cash Withdrawal,0389
TXN0002527,8090102602,2025-01-10,-6808.09,Debit,ATM Cash Withdrawal,0501
TXN0001695,4981529730,2025-02-08,-20110.25,Debit,POS Purchase,0501
TXN0002662,3569053623,2025-02-09,-38793.21,Debit,POS Purchase,0389
TXN0005470,8819179188,2025-04-21,10083.16,Credit,Check Deposit,0678
TXN0002464,1725950673,2025-03-23,44919.96,Credit,Account Transfer,0389
TXN0005520,5663114627,2025-04-24,-22790.62,Debit,Incoming Wire,0112
TXN0001426,6913735651,2025-01-12,-13394.05,Debit,Outgoing Wire,0245
TXN0002732,8762582324,2025-03-23,9227.83,Credit,Check Deposit,0245
TXN0005135,2386932507,2025-03-02,-10336.81,Debit,Account Transfer,0678
TXN0004123,9268927372,2025-04-08,-6986.42,Debit,Vendor Payment,0678
TXN0004533,7839172023,2025-05-30,-24551.56,Debit,Outgoing Wire,0501
TXN0003949,7926443380,2025-02-25,-35732.91,Debit,Incoming Wire,0501
TXN0004050,2369058247,2025-03-07,-24463.39,Debit,Incoming Wire,0245
TXN0000304,5831302781,2025-01-23,24907.84,Credit,Check Deposit,0678
TXN0004637,7013643887,2025-05-29,-4094.53,Debit,POS Purchase,0678
TXN0001481,4761945450,2025-04-26,-41516.71,Debit,Incoming Wire,0678
TXN0005917,2928119982,2025-02-23,-43194.16,Debit,ATM Cash Withdrawal,0501
TXN0002382,2537988711,2025-06-14,-7818.94,Debit,ATM Cash Withdrawal,0112
TXN0005178,8084106847,2025-05-05,10910.81,Credit,Check Deposit,0245
TXN0002327,3322894333,2025-04-16,-16640.12,Debit,ATM Cash Withdrawal,0389
TXN0001490,8638876795,2025-04-25,-24725.62,Debit,Incoming Wire,0678
TXN0003240,1015261148,2025-04-05,-16403.56,Debit,Vendor Payment,0678
TXN0003126,2952003783,2025-03-07,-934.59,Debit,Vendor Payment,0245
TXN0001839,8213614632,2025-05-27,-5088.97,Debit,Incoming Wire,0501
TXN0002596,3409317223,2025-05-14,-25660.59,Debit,Outgoing Wire,0678
TXN0000091,3868182364,2025-05-16,-19829.45,Debit,Account Transfer,0112
TXN0000626,5656812783,2025-03-04,-30170.01,Debit,Incoming Wire,0245
TXN0001045,6374170760,2025-03-25,-12219.91,Debit,ATM Cash Withdrawal,0245
TXN0005291,5337408709,2025-06-03,26902.40,Credit,Payroll Deposit,0501
TXN0002763,5492774146,2025-04-17,-5614.79,Debit,POS Purchase,0501
TXN0000636,7938455364,2025-05-06,-37779.71,Debit,Account Transfer,0112
TXN0000212,2680408680,2025-03-06,-26061.73,Debit,POS Purchase,0389
TXN0001418,9833825625,2025-05-16,-30031.97,Debit,Incoming Wire,0245
TXN0002526,4717272737,2025-05-28,-18846.55,Debit,ATM Cash Withdrawal,0501
TXN0001110,9193753771,2025-03-18,-26583.54,Debit,Account Transfer,0245
TXN0002087,8119428755,2025-01-23,33030.05,Credit,Account Transfer,0389
TXN0003870,7814136643,2025-05-18,40093.33,Credit,Payroll Deposit,0389
TXN0000769,7179703597,2025-05-19,-20416.28,Debit,Incoming Wire,0501
TXN0000220,3504696123,2025-05-06,-26717.83,Debit,Vendor Payment,0678
TXN0000231,6378554108,2025-01-10,-29479.48,Debit,Outgoing Wire,0245
TXN0005412,9226673933,2025-04-16,-940.65,Debit,Incoming Wire,0678
TXN0005285,4950711461,2025-06-25,-40379.89,Debit,Account Transfer,0245
TXN0003022,8278393260,2025-03-17,-20933.79,Debit,ATM Cash Withdrawal,0678
TXN0005264,6693948639,2025-06-11,-9930.59,Debit,POS Purchase,0245
TXN0005638,3367547485,2025-05-02,-40437.79,Debit,Account Transfer,0112
TXN0001038,3459114294,2025-05-08,5394.61,Credit,Payroll Deposit,0389
TXN0002652,7592860168,2025-02-10,22749.04,Credit,Account Transfer,0389
TXN0004190,9793995559,2025-03-18,-8553.50,Debit,Incoming Wire,0245
TXN0003715,5313244003,2025-02-28,-37127.71,Debit,Account Transfer,0112
TXN0000990,7660796730,2025-05-20,23923.72,Credit,Account Transfer,0501
TXN0003860,8268121563,2025-06-12,-6691.21,Debit,POS Purchase,0245
TXN0005531,8282372955,2025-06-03,-7468.82,Debit,Incoming Wire,0112
TXN0004702,6058620500,2025-06-19,-4853.00,Debit,Incoming Wire,0678
TXN0001366,6596550648,2025-02-04,27156.47,Credit,Payroll Deposit,0678
TXN0001957,3446527345,2025-02-03,-43970.99,Debit,Vendor Payment,0501
TXN0002946,8133378028,2025-02-26,-5576.65,Debit,ATM Cash Withdrawal,0389
TXN0002546,5903335658,2025-03-26,-18206.14,Debit,POS Purchase,0678
TXN0003267,3479069325,2025-02-04,-32247.54,Debit,POS Purchase,0112
TXN0005867,1433924541,2025-03-04,-31362.62,Debit,Account Transfer,0501
TXN0000930,5253012412,2025-06-30,-32014.72,Debit,Outgoing Wire,0678
TXN0000596,2343092197,2025-02-19,-39644.06,Debit,Incoming Wire,0678
TXN0001356,6500012282,2025-03-15,-38207.88,Debit,Account Transfer,0245
TXN0000984,3905687514,2025-04-23,-10572.02,Debit,Incoming Wire,0245
TXN0005038,7743102132,2025-03-31,42138.24,Credit,Payroll Deposit,0112
TXN0004914,8231943583,2025-04-03,-42176.60,Debit,Incoming Wire,0501
TXN0000431,1301655811,2025-03-08,30184.20,Credit,Account Transfer,0678
TXN0002425,9303611908,2025-01-03,19473.29,Credit,Payroll Deposit,0501
TXN0000116,6429125048,2025-02-23,-14118.25,Debit,Vendor Payment,0501
TXN0004604,4148277759,2025-01-24,38041.68,Credit,Payroll Deposit,0112
TXN0002445,8016374946,2025-04-04,-37978.42,Debit,ATM Cash Withdrawal,0389
TXN0001229,2096162958,2025-03-17,-14721.87,Debit,ATM Cash Withdrawal,0501
TXN0004017,7908767230,2025-05-21,38617.27,Credit,POS Purchase,0501
TXN0000754,3392124654,2025-01-10,39055.03,Credit,Payroll Deposit,0112
TXN0001797,8137372223,2025-02-28,-24509.03,Debit,ATM Cash Withdrawal,0389
TXN0004900,1597728280,2025-03-06,-36650.65,Debit,ATM Cash Withdrawal,0112
TXN0005421,4424925062,2025-01-19,-6304.22,Debit,Outgoing Wire,0112
TXN0000947,5660301637,2025-04-04,40218.76,Credit,Payroll Deposit,0501
TXN0002197,2888251860,2025-01-07,-42882.87,Debit,Incoming Wire,0678
TXN0005601,4803261774,2025-02-27,-9533.61,Debit,Outgoing Wire,0112
TXN0002415,1704425118,2025-03-25,-17641.00,Debit,ATM Cash Withdrawal,0678
TXN0004743,6565874946,2025-05-13,21878.21,Credit,Payroll Deposit,0389
TXN0002773,8332212932,2025-04-06,-10671.00,Debit,Account Transfer,0389
TXN0003974,8972405339,2025-01-14,-10879.36,Debit,Incoming Wire,0245
TXN0000424,9307051361,2025-01-02,-42896.15,Debit,Incoming Wire,0501
TXN0004352,2401270482,2025-01-09,7123.42,Credit,Payroll Deposit,0112
TXN0000699,5427356113,2025-02-11,27838.93,Credit,Check Deposit,0389
TXN0003585,9914929260,2025-02-12,35684.19,Credit,Account Transfer,0389
TXN0001838,1761327960,2025-05-18,-14626.80,Debit,Outgoing Wire,0501
TXN0005648,8647120898,2025-02-02,9614.64,Credit,Account Transfer,0389
TXN0000825,3035303570,2025-01-02,31340.05,Credit,Check Deposit,0112
TXN0004783,6265107548,2025-01-07,11279.45,Credit,Check Deposit,0501
TXN0003363,8092912577,2025-02-09,39345.29,Credit,Account Transfer,0245
TXN0005223,1105411464,2025-04-16,43100.48,Credit,Check Deposit,0112
TXN0000588,7150169098,2025-01-31,-27345.88,Debit,Vendor Payment,0245
TXN0000470,2943356391,2025-02-09,15230.90,Credit,Payroll Deposit,0678
TXN0003044,6748464360,2025-03-14,-2570.39,Debit,Outgoing Wire,0245
TXN0002378,4670147531,2025-05-27,-10957.11,Debit,POS Purchase,0501
TXN0005929,6847141644,2025-04-27,-26917.19,Debit,POS Purchase,0501
TXN0000177,2778990975,2025-05-14,-30989.07,Debit,Outgoing Wire,0678
TXN0000790,8075093087,2025-06-22,38294.28,Credit,Account Transfer,0389
TXN0000168,1645392764,2025-03-27,-24828.94,Debit,POS Purchase,0501
TXN0004087,1616617243,2025-05-17,-10329.65,Debit,Account Transfer,0112
TXN0003798,5863918588,2025-04-08,-27739.26,Debit,Account Transfer,0245
TXN0002239,7700229778,2025-03-20,-28255.40,Debit,POS Purchase,0501
TXN0005326,9449774023,2025-03-13,36467.00,Credit,Check Deposit,0501
TXN0005394,6924717178,2025-02-14,-24116.84,Debit,Outgoing Wire,0389
TXN0001883,7951703011,2025-03-01,24216.85,Credit,Outgoing Wire,0112
TXN0004891,5355128501,2025-04-06,33382.80,Credit,Payroll Deposit,0678
TXN0003828,6660472193,2025-02-23,-32218.63,Debit,Outgoing Wire,0389
TXN0000614,2943476525,2025-05-19,42952.46,Credit,Payroll Deposit,0245
TXN0003616,2055654040,2025-04-29,-39809.96,Debit,Incoming Wire,0501
TXN0000524,2352537750,2025-03-31,-40202.46,Debit,POS Purchase,0389
TXN0000158,5535692734,2025-03-30,-23240.68,Debit,Outgoing Wire,0112
TXN0001818,9439193644,2025-01-31,-38229.23,Debit,Account Transfer,0112
TXN0005009,7881708050,2025-04-01,29142.14,Credit,Payroll Deposit,0112
TXN0000628,2367417709,2025-06-03,27992.56,Credit,Account Transfer,0112
TXN0001117,6293500069,2025-06-25,16531.19,Credit,Check Deposit,0112
TXN0001471,5363289331,2025-02-28,-29619.67,Debit,Outgoing Wire,0501
TXN0004402,4865914855,2025-05-25,-2958.97,Debit,ATM Cash Withdrawal,0112
TXN0003956,9883263508,2025-02-18,16576.15,Credit,Vendor Payment,0501
TXN0005709,7909438694,2025-04-11,471.80,Credit,Check Deposit,0112
TXN0003157,1586966007,2025-06-08,-17181.49,Debit,ATM Cash Withdrawal,0389
TXN0002181,1711543107,2025-05-17,-20283.80,Debit,ATM Cash Withdrawal,0389
TXN0002256,5997222105,2025-03-13,-9336.51,Debit,Vendor Payment,0245
TXN0005268,4353055466,2025-05-13,7744.76,Credit,Payroll Deposit,0245
TXN0000585,1537122842,2025-04-19,33111.32,Credit,ATM Cash Withdrawal,0245
TXN0001584,2293123409,2025-02-07,35940.78,Credit,Check Deposit,0112
TXN0000183,5574597389,2025-05-07,-9271.22,Debit,Outgoing Wire,0245
TXN0003413,3148346681,2025-01-19,6482.22,Credit,Account Transfer,0389
TXN0003706,3480236966,2025-05-18,41389.71,Credit,Payroll Deposit,0245
TXN0005082,9702012290,2025-06-22,-34089.16,Debit,POS Purchase,0389
TXN0003917,2809433230,2025-03-10,22489.71,Credit,Check Deposit,0501
TXN0005314,1462785935,2025-03-25,-26951.54,Debit,Vendor Payment,0389
TXN0000935,9838568029,2025-04-17,-17595.18,Debit,Outgoing Wire,0112
TXN0000083,4896637131,2025-06-02,32947.01,Credit,Check Deposit,0389
TXN0000341,3266984676,2025-06-12,-12956.36,Debit,Vendor Payment,0678
TXN0004308,2647841211,2025-02-04,-44220.46,Debit,Incoming Wire,0112
TXN0004035,2853692465,2025-03-09,31790.88,Credit,Check Deposit,0389
TXN0003412,5337101382,2025-06-20,-21386.00,Debit,POS Purchase,0245
TXN0005669,9473002488,2025-04-30,-25098.94,Debit,Account Transfer,0245
TXN0005663,2701940026,2025-03-10,25415.06,Credit,POS Purchase,0501
TXN0001413,6262964613,2025-03-11,-37019.25,Debit,ATM Cash Withdrawal,0245
TXN0002306,5844680285,2025-04-21,-2499.49,Debit,Outgoing Wire,0389
TXN0002888,4814067991,2025-06-07,-20510.99,Debit,Vendor Payment,0245
TXN0004864,1413354171,2025-04-22,-32395.88,Debit,Incoming Wire,0112
TXN0000187,7861937989,2025-04-30,-38074.12,Debit,POS Purchase,0112
TXN0004786,5527612768,2025-02-20,38544.71,Credit,Payroll Deposit,0112
TXN0005721,8016733830,2025-01-15,-29636.14,Debit,Incoming Wire,0245
TXN0005228,3618232765,2025-04-28,33765.01,Credit,Check Deposit,0501
TXN0002696,7264658406,2025-05-28,-32142.92,Debit,ATM Cash Withdrawal,0245
TXN0003929,1190128932,2025-02-15,-19921.91,Debit,Incoming Wire,0678
TXN0005137,3736499019,2025-02-13,-32546.89,Debit,Vendor Payment,0245
TXN0000441,1415961997,2025-02-12,29168.18,Credit,Check Deposit,0678
TXN0005533,4735051978,2025-06-11,-39967.22,Debit,Outgoing Wire,0389
TXN0002890,3699098349,2025-04-14,-37316.62,Debit,POS Purchase,0112
TXN0001146,6710162640,2025-06-01,-32376.44,Debit,POS Purchase,0112
TXN0004096,8720317383,2025-06-14,-25444.26,Debit,Incoming Wire,0245
TXN0005389,1846668589,2025-05-05,-39383.49,Debit,Account Transfer,0389
TXN0003218,2307530238,2025-04-22,-16516.77,Debit,ATM Cash Withdrawal,0389
TXN0000152,3003039692,2025-01-27,-7679.50,Debit,Incoming Wire,0501
TXN0002287,4482113394,2025-01-25,11943.01,Credit,Payroll Deposit,0678
TXN0002228,6406125488,2025-04-07,-10220.17,Debit,ATM Cash Withdrawal,0112
TXN0004641,1337204130,2025-06-29,6640.56,Credit,Payroll Deposit,0501
TXN0004607,4883339774,2025-05-04,-26430.98,Debit,Outgoing Wire,0678
TXN0001585,4879486670,2025-02-23,-36858.54,Debit,Account Transfer,0389
TXN0000723,3291901035,2025-01-25,24021.45,Credit,Check Deposit,0678
TXN0000511,8907134759,2025-05-14,23403.27,Credit,Check Deposit,0678
TXN0004560,2835640754,2025-03-03,-27301.18,Debit,Incoming Wire,0245
TXN0004349,7965876802,2025-04-27,-40152.39,Debit,Vendor Payment,0389
TXN0000161,9685905842,2025-05-03,-275.92,Debit,Incoming Wire,0501
TXN0001265,8742718256,2025-03-17,40225.33,Credit,Check Deposit,0501
TXN0000184,2468508418,2025-01-11,-32160.82,Debit,Outgoing Wire,0245
TXN0003925,5717301193,2025-02-12,-35113.98,Debit,Vendor Payment,0678
TXN0000778,3133424744,2025-04-24,-19533.25,Debit,Account Transfer,0678
TXN0004098,2148653630,2025-05-11,36095.36,Credit,Check Deposit,0389
TXN0002672,7332711670,2025-05-03,33147.26,Credit,Check Deposit,0112
TXN0004981,3581345404,2025-05-14,38418.48,Credit,Payroll Deposit,0245
TXN0001197,4043699098,2025-01-18,768.92,Credit,Check Deposit,0389
TXN0005199,8953873443,2025-06-22,5370.64,Credit,ATM Cash Withdrawal,0501
TXN0004930,9160081450,2025-03-19,-11697.58,Debit,ATM Cash Withdrawal,0389
TXN0001526,5797988249,2025-06-27,38656.76,Credit,Incoming Wire,0501
TXN0004419,8821041622,2025-05-13,42620.03,Credit,Payroll Deposit,0245
TXN0001349,3991100419,2025-06-25,19775.91,Credit,Payroll Deposit,0678
TXN0001492,7414470230,2025-03-10,-4727.96,Debit,ATM Cash Withdrawal,0501
TXN0004970,6500408965,2025-05-05,43279.13,Credit,Outgoing Wire,0389
TXN0002847,5422986676,2025-02-02,-30958.53,Debit,POS Purchase,0678
TXN0004396,1314541499,2025-01-27,-3245.35,Debit,Vendor Payment,0678
TXN0001958,7760850431,2025-03-15,965.56,Credit,Payroll Deposit,0389
TXN0005551,2355208008,2025-04-18,16515.07,Credit,ATM Cash Withdrawal,0501
TXN0004751,4500980561,2025-06-26,-30402.23,Debit,Vendor Payment,0678
TXN0000910,3969753415,2025-01-28,-37659.88,Debit,Account Transfer,0678
TXN0003290,2480749051,2025-05-05,-40453.87,Debit,POS Purchase,0501
TXN0004834,1580502901,2025-03-15,-35582.02,Debit,ATM Cash Withdrawal,0501
TXN0003004,7043060890,2025-05-07,13366.85,Credit,Vendor Payment,0389
TXN0003946,5398396324,2025-04-28,-18329.49,Debit,Incoming Wire,0389
TXN0005584,7882351235,2025-01-23,29349.03,Credit,Payroll Deposit,0678
TXN0004188,1977602728,2025-02-26,-1133.54,Debit,Outgoing Wire,0245
TXN0003443,1197962947,2025-01-14,17173.68,Credit,Check Deposit,0112
TXN0001450,9543254034,2025-01-18,-9599.56,Debit,ATM Cash Withdrawal,0389
TXN0003568,5064220407,2025-02-01,-11560.09,Debit,Vendor Payment,0112
TXN0005599,4275717030,2025-04-07,16836.77,Credit,Payroll Deposit,0389
TXN0000691,6066415652,2025-04-04,-1904.62,Debit,Vendor Payment,0112
TXN0000298,9573445667,2025-01-05,3826.18,Credit,Check Deposit,0245
TXN0002254,3338143496,2025-05-19,41045.47,Credit,Payroll Deposit,0501
TXN0005939,6492860907,2025-04-21,-567.30,Debit,Incoming Wire,0501
TXN0003838,5529397698,2025-05-03,-7465.43,Debit,Incoming Wire,0245
TXN0000491,1760176576,2025-03-16,-40180.64,Debit,Outgoing Wire,0678
TXN0004724,3890927977,2025-06-13,-22720.38,Debit,Incoming Wire,0678
TXN0003470,8734226041,2025-01-08,-30581.72,Debit,POS Purchase,0501
TXN0005803,5036773877,2025-04-01,-31634.28,Debit,ATM Cash Withdrawal,0112
TXN0001754,8218386047,2025-02-06,41250.35,Credit,Payroll Deposit,0112
TXN0005481,8220763086,2025-04-23,3027.21,Credit,Check Deposit,0501
TXN0001666,4551618067,2025-03-09,-33895.17,Debit,Outgoing Wire,0501
TXN0001433,5966355208,2025-04-05,-966.34,Debit,ATM Cash Withdrawal,0112
TXN0004210,5697606036,2025-05-24,-23003.91,Debit,Vendor Payment,0245
TXN0000485,2289011870,2025-03-07,31992.80,Credit,Incoming Wire,0678
TXN0005774,4598454301,2025-05-21,-41677.07,Debit,ATM Cash Withdrawal,0245
TXN0000198,5986577660,2025-01-31,-27833.69,Debit,Incoming Wire,0245
TXN0002039,1607978374,2025-03-06,-24771.35,Debit,Outgoing Wire,0501
TXN0004251,8294436000,2025-05-19,-21081.14,Debit,Incoming Wire,0501
TXN0004585,6104915601,2025-06-05,-14516.01,Debit,Account Transfer,0501
TXN0000757,9914509613,2025-03-20,-35270.65,Debit,POS Purchase,0245
TXN0005836,3678368002,2025-05-31,-42687.52,Debit,Outgoing Wire,0245
TXN0003758,1598931533,2025-06-09,43754.20,Credit,POS Purchase,0245
TXN0003840,9475285903,2025-06-03,-43193.09,Debit,Vendor Payment,0678
TXN0005455,5890946740,2025-04-13,-36736.36,Debit,ATM Cash Withdrawal,0245
TXN0002102,4706508305,2025-06-22,-23666.75,Debit,Account Transfer,0112
TXN0005399,6729419911,2025-01-11,12355.80,Credit,Account Transfer,0501
TXN0002767,5185761723,2025-03-02,-23929.43,Debit,Incoming Wire,0245
TXN0003716,1272353149,2025-05-01,-44826.32,Debit,Incoming Wire,0501
TXN0003710,1907956235,2025-06-13,-18000.01,Debit,ATM Cash Withdrawal,0245
TXN0004029,8152923694,2025-04-17,-25442.73,Debit,Outgoing Wire,0389
TXN0003141,3368237181,2025-01-24,-32412.33,Debit,ATM Cash Withdrawal,0678
TXN0002428,2785512249,2025-02-16,-40681.31,Debit,Vendor Payment,0678
TXN0000718,1030056083,2025-06-08,-22612.97,Debit,ATM Cash Withdrawal,0389
TXN0001794,8417918711,2025-05-18,-1944.51,Debit,POS Purchase,0678
TXN0002814,9720484415,2025-06-07,-32550.53,Debit,Incoming Wire,0245
TXN0003563,1394193655,2025-06-23,-22982.46,Debit,Outgoing Wire,0389
TXN0001516,7282240372,2025-01-23,1148.27,Credit,Outgoing Wire,0389
TXN0005883,5385589197,2025-04-16,4013.06,Credit,Check Deposit,0112
TXN0003064,6273886759,2025-05-22,36902.40,Credit,Payroll Deposit,0389
TXN0003248,5008036054,2025-04-16,20985.55,Credit,Account Transfer,0112
TXN0004095,1301061043,2025-06-02,-32796.94,Debit,POS Purchase,0112
TXN0003820,8443440035,2025-06-27,29962.27,Credit,Payroll Deposit,0678
TXN0005772,1568340889,2025-01-04,17420.09,Credit,Check Deposit,0112
TXN0001661,1674343623,2025-05-15,-33566.26,Debit,Incoming Wire,0501
TXN0000800,6304905676,2025-04-16,-32798.10,Debit,ATM Cash Withdrawal,0389
TXN0002559,9948026622,2025-01-24,-4660.57,Debit,Outgoing Wire,0501
TXN0003868,2398481253,2025-06-17,-32604.69,Debit,Incoming Wire,0245
TXN0001046,1239103686,2025-06-23,-8436.68,Debit,Vendor Payment,0245
TXN0001484,5436643137,2025-01-21,27537.13,Credit,Check Deposit,0678
TXN0002472,7894724508,2025-06-13,2807.09,Credit,Check Deposit,0245
TXN0004568,2000064722,2025-03-07,-21114.71,Debit,ATM Cash Withdrawal,0389
TXN0003115,3443450414,2025-06-11,-5355.53,Debit,Incoming Wire,0501
TXN0000515,4597123990,2025-05-01,-5975.87,Debit,Outgoing Wire,0245
TXN0005306,7149239235,2025-05-19,-25648.23,Debit,Outgoing Wire,0501
TXN0005957,1224686237,2025-04-14,-36115.42,Debit,Outgoing Wire,0501
TXN0005948,2675489547,2025-04-26,35586.12,Credit,Account Transfer,0389
TXN0002032,9699692519,2025-01-18,14606.74,Credit,Account Transfer,0389
TXN0002751,6073459070,2025-06-12,-24634.44,Debit,Vendor Payment,0678
TXN0003092,3843760001,2025-02-21,-15251.61,Debit,ATM Cash Withdrawal,0245
TXN0001424,6228070887,2025-06-28,-25380.07,Debit,POS Purchase,0245
TXN0001985,7647282208,2025-02-26,-32211.28,Debit,Account Transfer,0245
TXN0001887,6478682259,2025-03-31,-34052.58,Debit,Vendor Payment,0678
TXN0004076,3234936687,2025-04-10,2370.79,Credit,Check Deposit,0112
TXN0005462,1808674868,2025-03-21,-33573.22,Debit,Account Transfer,0501
TXN0002952,3392182185,2025-01-07,-43282.28,Debit,Account Transfer,0501
TXN0004279,1257842128,2025-05-12,-15231.75,Debit,ATM Cash Withdrawal,0245
TXN0001528,4927359805,2025-06-19,2184.87,Credit,Payroll Deposit,0245
TXN0001102,2113418596,2025-03-03,-44468.45,Debit,Vendor Payment,0245
TXN0001987,7841912728,2025-05-17,-31385.60,Debit,Incoming Wire,0501
TXN0001384,9007837055,2025-03-20,-7005.25,Debit,Outgoing Wire,0501
TXN0002625,5711677081,2025-03-10,30558.66,Credit,Check Deposit,0501
TXN0001479,7597028702,2025-05-22,-15494.88,Debit,Outgoing Wire,0501
TXN0002074,8813684882,2025-02-08,-3886.12,Debit,Outgoing Wire,0389
TXN0004011,7478185233,2025-06-23,-9013.11,Debit,Vendor Payment,0501
TXN0002386,5611201771,2025-05-10,-38840.02,Debit,ATM Cash Withdrawal,0245
TXN0004799,9101423288,2025-05-12,-14621.40,Debit,Vendor Payment,0389
TXN0005799,9302326927,2025-05-23,-35511.89,Debit,POS Purchase,0678
TXN0003479,8582856091,2025-02-25,-42808.16,Debit,Account Transfer,0501
TXN0005288,5754333124,2025-05-28,6799.41,Credit,Payroll Deposit,0112
TXN0002063,3838176247,2025-02-17,-11448.62,Debit,Incoming Wire,0112
TXN0004884,2304883013,2025-01-27,39102.35,Credit,Payroll Deposit,0245
TXN0004881,4939311242,2025-02-08,-29005.34,Debit,ATM Cash Withdrawal,0501
TXN0002170,8072004914,2025-02-09,13898.89,Credit,Check Deposit,0678
TXN0000551,7061429568,2025-06-15,39940.67,Credit,Payroll Deposit,0678
TXN0001123,7995117524,2025-02-06,-28444.35,Debit,Vendor Payment,0501
TXN0005892,8395701555,2025-04-05,-25827.36,Debit,POS Purchase,0678
TXN0000923,7969924669,2025-03-31,-34407.20,Debit,Outgoing Wire,0389
TXN0003488,8485830747,2025-02-19,-22291.54,Debit,Outgoing Wire,0389
TXN0003983,1902801753,2025-03-13,-5018.13,Debit,ATM Cash Withdrawal,0501
TXN0004270,2953305820,2025-04-02,-38499.56,Debit,POS Purchase,0245
TXN0000356,5445794898,2025-04-21,-4789.45,Debit,Incoming Wire,0678
TXN0005206,2028139770,2025-03-19,-9233.13,Debit,Incoming Wire,0678
TXN0001091,8963881556,2025-01-29,36161.24,Credit,Check Deposit,0389
TXN0002705,7409486456,2025-01-21,-14901.50,Debit,Vendor Payment,0389
TXN0002165,6056169644,2025-02-08,-37097.51,Debit,POS Purchase,0245
TXN0005924,9495898209,2025-02-23,-19134.87,Debit,POS Purchase,0112
TXN0000973,2563832738,2025-04-06,-4999.32,Debit,Incoming Wire,0245
TXN0005522,6043532144,2025-05-23,37519.55,Credit,Payroll Deposit,0112
TXN0004200,7606301420,2025-01-17,-17923.39,Debit,POS Purchase,0245
TXN0002374,6059683971,2025-05-29,33045.73,Credit,Check Deposit,0389
TXN0001335,9567926917,2025-01-22,837.63,Credit,Check Deposit,0112
TXN0005743,1756531142,2025-05-01,-12356.97,Debit,Outgoing Wire,0678
TXN0001299,2029990717,2025-06-20,-40136.64,Debit,Outgoing Wire,0112
TXN0002067,9155995589,2025-01-18,43359.94,Credit,Check Deposit,0678
TXN0000390,3686488452,2025-01-07,5867.61,Credit,Vendor Payment,0501
TXN0001019,7734381029,2025-05-14,29328.44,Credit,Payroll Deposit,0112
TXN0000285,7163731992,2025-04-07,34262.20,Credit,Payroll Deposit,0501
TXN0002874,3333899589,2025-03-18,-40178.30,Debit,Vendor Payment,0112
TXN0001861,4729558349,2025-04-21,-5981.77,Debit,POS Purchase,0112
TXN0000782,9469150013,2025-06-02,-40017.96,Debit,Vendor Payment,0678
TXN0000085,7640691869,2025-05-26,-33604.36,Debit,Outgoing Wire,0112
TXN0004339,9075771511,2025-02-03,30419.10,Credit,Check Deposit,0112
TXN0004474,9156468881,2025-03-19,15565.49,Credit,Check Deposit,0501
TXN0005779,4330118106,2025-03-05,-31599.31,Debit,ATM Cash Withdrawal,0389
TXN0001040,8463225076,2025-02-13,-17683.29,Debit,Outgoing Wire,0501
TXN0005196,4798837145,2025-06-21,-30095.27,Debit,ATM Cash Withdrawal,0501
TXN0000801,9427240003,2025-01-12,-44918.85,Debit,Account Transfer,0389
TXN0002902,6104862263,2025-02-23,16053.59,Credit,Check Deposit,0501
TXN0001555,2989119299,2025-03-10,-43376.65,Debit,Outgoing Wire,0501
TXN0004989,8151514626,2025-02-08,-38940.02,Debit,Vendor Payment,0501
TXN0001449,3242189691,2025-02-07,-20198.02,Debit,Outgoing Wire,0245
TXN0003430,6986048275,2025-03-24,-23110.30,Debit,Account Transfer,0389
TXN0002214,9839387839,2025-06-29,-19918.35,Debit,Incoming Wire,0389
TXN0001222,2405143423,2025-01-20,-39557.43,Debit,ATM Cash Withdrawal,0112
TXN0004873,7899826634,2025-04-02,-31622.00,Debit,Vendor Payment,0501
TXN0000009,2946513985,2025-02-16,-38996.99,Debit,Account Transfer,0245
TXN0003381,7752456986,2025-04-29,17571.10,Credit,Account Transfer,0678
TXN0003372,9747024210,2025-04-27,14662.57,Credit,Payroll Deposit,0389
TXN0001586,1795395347,2025-05-12,-36401.61,Debit,Vendor Payment,0245
TXN0003420,5745992752,2025-02-26,-17756.88,Debit,ATM Cash Withdrawal,0112
TXN0000311,8104195518,2025-06-06,-37233.45,Debit,Vendor Payment,0112
TXN0004921,3527268566,2025-01-31,-38573.19,Debit,Outgoing Wire,0678
TXN0000310,6920074688,2025-02-01,-42616.54,Debit,Account Transfer,0678
TXN0003188,7774130097,2025-01-14,-40431.66,Debit,Outgoing Wire,0678
TXN0005114,6938104675,2025-04-25,-801.61,Debit,Outgoing Wire,0678
TXN0001035,2920787904,2025-06-02,4124.61,Credit,Check Deposit,0389
TXN0001537,9451035211,2025-06-27,30157.67,Credit,Check Deposit,0678
TXN0002862,1177879552,2025-01-07,-8841.24,Debit,ATM Cash Withdrawal,0501
TXN0001650,2169570561,2025-01-30,11890.52,Credit,Check Deposit,0678
TXN0005995,3283182364,2025-01-31,32111.44,Credit,Check Deposit,0501
TXN0004532,6819506485,2025-06-09,2927.09,Credit,Payroll Deposit,0112
TXN0003538,8779935169,2025-01-07,41233.59,Credit,Payroll Deposit,0389
TXN0005714,9588417726,2025-06-04,-23853.74,Debit,ATM Cash Withdrawal,0112
TXN0001949,1939731617,2025-04-21,-41739.70,Debit,Outgoing Wire,0501
TXN0002350,6100567262,2025-06-04,-43442.18,Debit,Incoming Wire,0245
TXN0002019,8478351456,2025-05-23,-12674.97,Debit,POS Purchase,0112
TXN0000055,6699704676,2025-06-02,-19858.11,Debit,Vendor Payment,0389
TXN0001347,9107051468,2025-06-18,-28014.08,Debit,Outgoing Wire,0678
TXN0004150,8151507970,2025-05-08,-35236.56,Debit,Outgoing Wire,0501
TXN0005623,3072627097,2025-04-29,43982.29,Credit,Check Deposit,0678
TXN0005856,7859208063,2025-04-07,-10449.37,Debit,Outgoing Wire,0389
TXN0001675,2311107842,2025-04-16,-27474.21,Debit,POS Purchase,0501
TXN0005667,8320907891,2025-06-15,21518.24,Credit,Account Transfer,0501
TXN0003410,7370495016,2025-01-23,42452.51,Credit,Check Deposit,0678
TXN0005410,6105839546,2025-05-13,-14606.78,Debit,Incoming Wire,0112
TXN0001428,8697369668,2025-05-10,-32456.38,Debit,Incoming Wire,0501
TXN0003741,7968194796,2025-01-24,10050.13,Credit,Check Deposit,0678
TXN0003217,3152372105,2025-05-20,-24329.64,Debit,Incoming Wire,0389
TXN0002603,6631477020,2025-02-01,-39799.13,Debit,POS Purchase,0501
TXN0001786,8773174921,2025-01-13,-31425.15,Debit,Vendor Payment,0389
TXN0003739,8304456835,2025-04-14,3600.78,Credit,Payroll Deposit,0245
TXN0005968,4412673553,2025-06-04,3244.03,Credit,Payroll Deposit,0501
TXN0004072,4116965941,2025-02-15,-28383.22,Debit,POS Purchase,0245
TXN0003887,7402501355,2025-03-12,23037.54,Credit,Check Deposit,0678
TXN0005238,2827974787,2025-04-25,28071.78,Credit,Check Deposit,0678
TXN0003386,4415509253,2025-03-18,12590.71,Credit,Check Deposit,0389
TXN0005636,1572377729,2025-06-17,1786.58,Credit,Account Transfer,0389
TXN0003329,5977517903,2025-06-11,-4323.16,Debit,POS Purchase,0245
TXN0004225,9149763696,2025-06-07,-26946.89,Debit,Vendor Payment,0389
TXN0002575,8778859452,2025-02-25,-39296.93,Debit,Incoming Wire,0112
TXN0000744,2486904069,2025-04-14,13515.60,Credit,Payroll Deposit,0245
TXN0005448,3942264610,2025-03-15,12394.95,Credit,Check Deposit,0389
TXN0003396,2948444052,2025-03-12,12414.13,Credit,Account Transfer,0112
TXN0004421,9894259663,2025-01-05,-7149.41,Debit,Outgoing Wire,0245
TXN0001049,1751745978,2025-02-01,11045.07,Credit,Payroll Deposit,0389
TXN0005952,2318686990,2025-06-26,-2453.07,Debit,Outgoing Wire,0678
TXN0004287,6412009941,2025-04-10,13566.20,Credit,Account Transfer,0678
TXN0003256,1628949443,2025-05-29,-34979.88,Debit,Incoming Wire,0245
TXN0001501,2489230425,2025-01-20,-11554.78,Debit,Outgoing Wire,0389
TXN0003852,5520047094,2025-05-08,7361.49,Credit,Account Transfer,0245
TXN0000870,8240539220,2025-04-13,-17467.31,Debit,Outgoing Wire,0389
TXN0000496,4266129965,2025-06-10,-16436.24,Debit,Account Transfer,0501
TXN0000495,6688715900,2025-04-14,8800.73,Credit,Incoming Wire,0112
TXN0002163,6440418135,2025-02-04,-4662.94,Debit,Incoming Wire,0245
TXN0003197,8500737116,2025-05-29,-40238.80,Debit,Outgoing Wire,0678
TXN0001221,8395586736,2025-04-20,-5765.69,Debit,Outgoing Wire,0678
TXN0000307,7012142327,2025-06-19,30683.39,Credit,Payroll Deposit,0501
TXN0002204,9095210214,2025-02-20,14878.30,Credit,Payroll Deposit,0112
TXN0003857,9499496073,2025-04-04,-2330.39,Debit,POS Purchase,0112
TXN0002717,1137660753,2025-06-19,-41122.50,Debit,Outgoing Wire,0389
TXN0003924,7256541149,2025-06-11,21816.52,Credit,Check Deposit,0678
TXN0004166,8109485376,2025-01-29,-24763.84,Debit,Incoming Wire,0389
TXN0004889,4788804045,2025-03-28,-6382.61,Debit,Incoming Wire,0112
TXN0004701,9537641506,2025-06-08,-15901.94,Debit,Incoming Wire,0389
TXN0001060,4854027609,2025-03-23,-12379.42,Debit,Vendor Payment,0678
TXN0000943,9709394049,2025-03-16,-4371.91,Debit,Vendor Payment,0112
TXN0001467,6696781322,2025-06-15,-33058.94,Debit,ATM Cash Withdrawal,0112
TXN0004718,5725695302,2025-02-21,-20914.16,Debit,Outgoing Wire,0389
TXN0004404,6228615783,2025-04-13,11469.20,Credit,Check Deposit,0389
TXN0001993,9206835504,2025-06-26,-25760.82,Debit,ATM Cash Withdrawal,0245
TXN0000651,3361143061,2025-01-30,-36860.56,Debit,ATM Cash Withdrawal,0678
TXN0001260,8414068600,2025-01-31,-36759.59,Debit,Vendor Payment,0389
TXN0002960,8980532629,2025-05-16,-13399.08,Debit,POS Purchase,0112
TXN0002135,6539579126,2025-06-06,-302.67,Debit,Vendor Payment,0678
TXN0002402,2584761890,2025-04-16,-14000.45,Debit,Vendor Payment,0501
TXN0001098,4556105583,2025-01-20,-1500.88,Debit,Vendor Payment,0112
TXN0005282,1608635377,2025-04-09,-6260.31,Debit,POS Purchase,0245
TXN0000539,5216764595,2025-06-16,43556.47,Credit,Payroll Deposit,0501
TXN0000426,8465518499,2025-05-14,-23876.02,Debit,Vendor Payment,0112
TXN0004327,4535229722,2025-04-25,-10988.04,Debit,POS Purchase,0389
TXN0005480,4280743071,2025-02-08,-856.96,Debit,Outgoing Wire,0245
TXN0003623,1653125864,2025-03-07,-8302.70,Debit,POS Purchase,0501
TXN0000276,3555655200,2025-05-18,363.33,Credit,Payroll Deposit,0678
TXN0000835,8743990143,2025-03-24,13411.45,Credit,Check Deposit,0112
TXN0003621,5201248992,2025-06-05,-31963.58,Debit,ATM Cash Withdrawal,0389
TXN0004106,1081679144,2025-06-27,-35347.34,Debit,ATM Cash Withdrawal,0501
TXN0002636,4616119068,2025-03-21,-43790.75,Debit,POS Purchase,0112
TXN0000927,7004940926,2025-05-20,-512.29,Debit,Incoming Wire,0245
TXN0002085,6572291713,2025-03-25,-16594.55,Debit,Account Transfer,0389
TXN0002633,1121391712,2025-05-29,-10981.12,Debit,Outgoing Wire,0678
TXN0003186,8190593435,2025-06-24,-21293.31,Debit,POS Purchase,0389
TXN0003178,9737338430,2025-04-22,-28533.10,Debit,ATM Cash Withdrawal,0678
TXN0000377,2532959682,2025-02-25,22828.19,Credit,Check Deposit,0501
TXN0005069,6876570804,2025-04-01,-29625.52,Debit,POS Purchase,0501
TXN0002015,7835749954,2025-02-24,25263.51,Credit,Payroll Deposit,0389
TXN0003388,6894065086,2025-06-23,8514.57,Credit,Payroll Deposit,0112
TXN0005236,4230864287,2025-03-16,-16385.95,Debit,Outgoing Wire,0389
TXN0003936,2751113068,2025-05-28,-1026.04,Debit,Outgoing Wire,0245
TXN0000842,1442591079,2025-01-30,-10646.42,Debit,ATM Cash Withdrawal,0678
TXN0000843,9626531921,2025-06-06,24848.10,Credit,Vendor Payment,0501
TXN0004390,4616133069,2025-06-11,28720.59,Credit,Account Transfer,0112
TXN0002541,9775516141,2025-06-03,20664.09,Credit,Check Deposit,0245
TXN0000153,6040733291,2025-02-09,-506.55,Debit,Vendor Payment,0112
TXN0003921,5135471442,2025-04-20,-38581.60,Debit,POS Purchase,0501
TXN0001693,4020416934,2025-06-24,-9949.67,Debit,ATM Cash Withdrawal,0245
TXN0003091,9012487819,2025-05-08,-3537.34,Debit,Vendor Payment,0245
TXN0005045,6711608739,2025-02-02,42414.58,Credit,Payroll Deposit,0245
TXN0004234,2780151825,2025-01-27,-23615.26,Debit,Vendor Payment,0245
TXN0005950,2874343674,2025-05-18,-8009.85,Debit,Outgoing Wire,0501
TXN0003788,2391580815,2025-05-18,-6311.03,Debit,ATM Cash Withdrawal,0501
TXN0003856,7965179091,2025-01-07,-30008.66,Debit,Vendor Payment,0389
TXN0002604,4953192239,2025-04-07,-29120.03,Debit,Account Transfer,0501
TXN0002758,4532625027,2025-01-08,43903.74,Credit,Payroll Deposit,0678
TXN0005444,1923747842,2025-04-05,-20998.83,Debit,Account Transfer,0245
TXN0004483,8431136379,2025-01-28,-17833.85,Debit,Outgoing Wire,0112
TXN0002005,2965569497,2025-05-12,-41577.43,Debit,Outgoing Wire,0501
TXN0002414,5949799805,2025-03-30,-37891.33,Debit,POS Purchase,0389
TXN0002800,3711088120,2025-03-09,-3920.83,Debit,Account Transfer,0678
TXN0002460,3601308292,2025-06-01,-33144.96,Debit,Incoming Wire,0501
TXN0004116,1168882433,2025-01-13,34113.11,Credit,Payroll Deposit,0678
TXN0002322,9753421875,2025-01-07,-42172.99,Debit,Outgoing Wire,0245
TXN0003720,1532978258,2025-05-09,-18214.92,Debit,POS Purchase,0389
TXN0005011,1235950042,2025-02-13,-17731.60,Debit,Vendor Payment,0501
TXN0005984,1264458748,2025-02-24,-15044.49,Debit,Outgoing Wire,0112
TXN0004734,7317149939,2025-04-22,-19150.14,Debit,Vendor Payment,0112
TXN0005042,3534506684,2025-03-16,-42648.03,Debit,Account Transfer,0245
TXN0004468,6535788912,2025-02-10,-12977.80,Debit,ATM Cash Withdrawal,0501
TXN0004264,3200271999,2025-02-04,-12789.85,Debit,ATM Cash Withdrawal,0501
TXN0004903,4494005297,2025-03-05,29322.55,Credit,Payroll Deposit,0501
TXN0001047,6076361938,2025-02-09,41717.56,Credit,Payroll Deposit,0112
TXN0003683,2861343312,2025-06-23,-31948.55,Debit,Incoming Wire,0245
TXN0002719,6862626821,2025-03-18,-39338.89,Debit,Incoming Wire,0245
TXN0005873,4993941342,2025-05-06,40279.67,Credit,Account Transfer,0389
TXN0001125,8104007023,2025-03-11,-14632.76,Debit,POS Purchase,0389
TXN0004064,9308158676,2025-05-14,-12479.65,Debit,ATM Cash Withdrawal,0501
TXN0000028,6189349467,2025-02-21,25795.18,Credit,Outgoing Wire,0501
TXN0002883,7491772739,2025-02-22,-21812.81,Debit,POS Purchase,0245
TXN0004307,3392726885,2025-05-22,34099.56,Credit,Payroll Deposit,0501
TXN0000871,7037461780,2025-02-22,27084.76,Credit,Payroll Deposit,0112
TXN0000340,4305719318,2025-06-12,20726.49,Credit,Check Deposit,0678
TXN0002088,6239212115,2025-01-08,-8960.41,Debit,POS Purchase,0501
TXN0004437,1402513683,2025-04-24,-5936.91,Debit,Outgoing Wire,0112
TXN0002291,8067573378,2025-01-31,-19660.71,Debit,Outgoing Wire,0245
TXN0001008,2845634131,2025-06-30,-30587.67,Debit,Incoming Wire,0389
TXN0001448,8027307858,2025-04-03,-19377.56,Debit,POS Purchase,0678
TXN0002810,2634424434,2025-03-02,40230.15,Credit,Check Deposit,0112
TXN0000230,9102302215,2025-02-17,-40558.28,Debit,POS Purchase,0389
TXN0005026,5113691816,2025-02-04,5001.79,Credit,Payroll Deposit,0389
TXN0003242,2663995905,2025-06-22,42038.28,Credit,ATM Cash Withdrawal,0112
TXN0004735,9246615289,2025-01-12,-20122.83,Debit,POS Purchase,0678
TXN0000102,4620862501,2025-04-18,-2240.01,Debit,ATM Cash Withdrawal,0389
TXN0002998,9460326316,2025-04-08,-7822.70,Debit,Outgoing Wire,0501
TXN0002127,4522070356,2025-05-25,-25438.81,Debit,Outgoing Wire,0245
TXN0005998,4582892976,2025-02-13,-31292.41,Debit,Vendor Payment,0389
TXN0005668,2879954994,2025-05-20,-31688.96,Debit,Incoming Wire,0501
TXN0001854,3523220626,2025-03-17,-21551.25,Debit,Incoming Wire,0245
TXN0004194,8805561307,2025-04-20,19638.02,Credit,Account Transfer,0501
TXN0005696,3541421599,2025-03-06,-40170.68,Debit,Incoming Wire,0389
TXN0005747,4579113853,2025-01-10,-19151.25,Debit,Vendor Payment,0389
TXN0005041,3236335664,2025-03-16,-21460.01,Debit,Vendor Payment,0245
TXN0005091,8776448268,2025-04-06,9518.75,Credit,Payroll Deposit,0389
TXN0001968,9334906421,2025-02-20,-42708.06,Debit,Incoming Wire,0678
TXN0003897,1011595545,2025-04-24,-3735.32,Debit,ATM Cash Withdrawal,0112
TXN0005158,8179456025,2025-02-23,-21971.57,Debit,Outgoing Wire,0389
TXN0003530,8519083057,2025-03-05,22272.48,Credit,Account Transfer,0245
TXN0003278,6437998162,2025-04-14,-25039.53,Debit,Vendor Payment,0501
TXN0004957,3009380193,2025-03-25,-40681.76,Debit,POS Purchase,0245
TXN0000807,3377813283,2025-04-17,26914.11,Credit,POS Purchase,0112
TXN0005023,8711600629,2025-06-08,-41254.45,Debit,Outgoing Wire,0678
TXN0005277,6066359491,2025-05-12,-16959.17,Debit,Outgoing Wire,0501
TXN0005122,9327825884,2025-05-25,-32948.48,Debit,Vendor Payment,0678
TXN0001611,5110881053,2025-02-08,-19013.58,Debit,POS Purchase,0245
TXN0003179,1801981899,2025-05-31,-41073.53,Debit,Vendor Payment,0245
TXN0005446,6865943254,2025-02-15,28879.02,Credit,Payroll Deposit,0678
TXN0000322,6946831250,2025-06-07,-14282.20,Debit,Vendor Payment,0245
TXN0005612,5285259308,2025-04-16,-40291.34,Debit,Outgoing Wire,0112
TXN0005985,6639628616,2025-02-18,-11694.56,Debit,Incoming Wire,0501
TXN0000471,5726529550,2025-05-13,15436.56,Credit,Account Transfer,0389
TXN0003827,4413085453,2025-05-20,-34146.25,Debit,Outgoing Wire,0245
TXN0004810,8189804310,2025-05-12,-28865.11,Debit,Vendor Payment,0678
TXN0001612,3903958703,2025-03-13,-30526.40,Debit,Vendor Payment,0501
TXN0001430,1257546801,2025-02-11,30359.49,Credit,Account Transfer,0678
TXN0000277,6586749773,2025-02-03,26977.51,Credit,Payroll Deposit,0501
TXN0002150,7795492827,2025-03-11,-5951.22,Debit,POS Purchase,0245
TXN0001275,1223718085,2025-03-19,22984.52,Credit,Account Transfer,0501
TXN0000523,4891792695,2025-03-29,-31214.92,Debit,POS Purchase,0245
TXN0003066,8346646630,2025-04-09,-18950.51,Debit,ATM Cash Withdrawal,0389
TXN0005579,7854213864,2025-04-24,19217.37,Credit,Payroll Deposit,0678
TXN0004417,1373750657,2025-06-17,-44018.67,Debit,Incoming Wire,0389
TXN0003564,5767818328,2025-02-21,-16007.98,Debit,Outgoing Wire,0501
TXN0000379,9341776385,2025-01-20,36849.73,Credit,Payroll Deposit,0112
TXN0001709,7614669327,2025-03-21,7813.25,Credit,Payroll Deposit,0501
TXN0000605,4799563192,2025-01-08,-24217.32,Debit,POS Purchase,0112
TXN0003778,6797557874,2025-06-04,-8729.55,Debit,ATM Cash Withdrawal,0245
TXN0002962,7346728991,2025-01-20,34695.76,Credit,Account Transfer,0678
TXN0002363,3746696618,2025-01-21,1335.07,Credit,Check Deposit,0389
TXN0000493,5184867427,2025-05-15,248.85,Credit,Payroll Deposit,0678
TXN0003154,6795949712,2025-04-23,15446.93,Credit,Check Deposit,0112
TXN0004837,3208865043,2025-03-27,15628.47,Credit,Payroll Deposit,0501
TXN0001476,8271879403,2025-04-14,-18859.26,Debit,Incoming Wire,0501
TXN0001641,8036289141,2025-04-17,20778.10,Credit,Check Deposit,0501
TXN0005896,7786043742,2025-03-12,-19080.53,Debit,ATM Cash Withdrawal,0389
TXN0004953,3098691668,2025-05-19,-22893.72,Debit,Incoming Wire,0112
TXN0004160,1931782025,2025-05-19,-22500.93,Debit,Incoming Wire,0245
TXN0004985,3095595868,2025-05-18,34658.33,Credit,Payroll Deposit,0389
TXN0005037,5217310498,2025-04-24,-40999.02,Debit,ATM Cash Withdrawal,0678
TXN0004852,7558826644,2025-05-10,39048.00,Credit,Account Transfer,0112
TXN0004334,2874355442,2025-03-08,-9100.39,Debit,Vendor Payment,0389
TXN0002856,9869848062,2025-05-28,40762.39,Credit,Check Deposit,0112
TXN0003160,5226848851,2025-04-03,-12263.00,Debit,ATM Cash Withdrawal,0501
TXN0004451,8189954336,2025-05-06,-36767.84,Debit,Account Transfer,0501
TXN0005077,8158277576,2025-04-19,44193.39,Credit,Payroll Deposit,0678
TXN0003880,7591685850,2025-04-16,19898.11,Credit,Payroll Deposit,0389
TXN0000234,6109557218,2025-01-09,24429.40,Credit,Payroll Deposit,0245
TXN0000041,8155817396,2025-02-16,-18290.76,Debit,POS Purchase,0678
TXN0001512,9960188015,2025-01-13,23626.32,Credit,Check Deposit,0389
TXN0002634,2434700667,2025-06-16,40443.46,Credit,Payroll Deposit,0112
TXN0003831,9115651798,2025-06-24,22652.36,Credit,Account Transfer,0245
TXN0005569,8532335222,2025-06-18,-4535.77,Debit,POS Purchase,0245
TXN0005270,9545452758,2025-01-13,44647.17,Credit,Check Deposit,0245
TXN0001733,3532981418,2025-01-12,26842.72,Credit,Payroll Deposit,0678
TXN0000978,6041650856,2025-04-26,-26080.74,Debit,Incoming Wire,0245
TXN0003088,8630120883,2025-04-02,-12268.88,Debit,Outgoing Wire,0501
TXN0005890,7546642420,2025-06-15,-44110.48,Debit,POS Purchase,0678
TXN0000154,5492865400,2025-05-18,-9679.35,Debit,ATM Cash Withdrawal,0112
TXN0001145,6327510780,2025-03-05,2068.09,Credit,Check Deposit,0678
TXN0003345,9534786779,2025-04-02,14265.46,Credit,Payroll Deposit,0389
TXN0001015,7649411009,2025-01-10,-18642.51,Debit,ATM Cash Withdrawal,0112
TXN0004871,8743365678,2025-01-08,15053.79,Credit,Payroll Deposit,0389
TXN0004231,8458890313,2025-03-16,-34008.27,Debit,ATM Cash Withdrawal,0501
TXN0005592,8269703631,2025-06-18,5876.65,Credit,Payroll Deposit,0501
TXN0001680,3188475218,2025-01-28,-7479.63,Debit,Incoming Wire,0389
TXN0005095,8064379434,2025-01-13,-2472.00,Debit,ATM Cash Withdrawal,0678
TXN0002090,7199625049,2025-04-13,-2534.27,Debit,Vendor Payment,0245
TXN0001243,4559763176,2025-06-15,40416.74,Credit,Account Transfer,0112
TXN0005680,2289854145,2025-06-05,655.58,Credit,Payroll Deposit,0501
TXN0004748,8425160059,2025-05-19,17803.70,Credit,Check Deposit,0112
TXN0001998,8595834995,2025-06-23,-38776.02,Debit,Incoming Wire,0389
TXN0002030,9160426651,2025-03-29,-31309.74,Debit,ATM Cash Withdrawal,0678
TXN0005290,7002641610,2025-03-30,-39362.66,Debit,Outgoing Wire,0112
TXN0004956,8447109312,2025-02-08,-9031.44,Debit,POS Purchase,0501
TXN0005930,2637761451,2025-01-31,2272.80,Credit,Payroll Deposit,0678
TXN0003047,7423627338,2025-05-31,-36721.70,Debit,Outgoing Wire,0389
TXN0004950,6148070853,2025-01-13,20585.70,Credit,Check Deposit,0245
TXN0001359,4780677660,2025-02-12,1189.41,Credit,Payroll Deposit,0678
TXN0000791,1585813907,2025-01-13,6154.03,Credit,POS Purchase,0501
TXN0005247,6076767908,2025-02-11,41750.50,Credit,Check Deposit,0389
TXN0000788,5497541178,2025-04-11,39919.12,Credit,Check Deposit,0501
TXN0003804,8348977922,2025-04-16,-20247.68,Debit,Vendor Payment,0678
TXN0001982,3938537077,2025-05-21,-13432.90,Debit,POS Purchase,0112
TXN0004856,6030985523,2025-01-27,-21467.74,Debit,POS Purchase,0112
TXN0005659,9145585369,2025-04-11,26271.61,Credit,Check Deposit,0501
TXN0002236,2197429299,2025-05-07,-23116.12,Debit,POS Purchase,0678
TXN0004493,2109548995,2025-03-29,23240.90,Credit,Check Deposit,0678
TXN0003448,5709247932,2025-02-22,41323.91,Credit,Payroll Deposit,0501
TXN0002027,3414398870,2025-01-05,-12887.40,Debit,POS Purchase,0245
TXN0005899,1576367462,2025-03-25,-44761.45,Debit,Incoming Wire,0678
TXN0004867,9043169774,2025-06-16,19084.31,Credit,Payroll Deposit,0678
TXN0005690,2541187737,2025-04-08,12269.03,Credit,Check Deposit,0389
TXN0000913,4258918090,2025-06-25,-26634.59,Debit,ATM Cash Withdrawal,0678
TXN0001395,8665676403,2025-04-04,-37959.25,Debit,ATM Cash Withdrawal,0501
TXN0003460,4001383956,2025-05-28,-18770.17,Debit,Outgoing Wire,0389
TXN0003155,3287588894,2025-01-16,-34080.66,Debit,Incoming Wire,0389
TXN0004180,8879851786,2025-03-15,-7092.52,Debit,Account Transfer,0245
TXN0003071,1649613760,2025-01-04,-7411.46,Debit,POS Purchase,0245
TXN0005005,3377349974,2025-03-14,-35466.17,Debit,ATM Cash Withdrawal,0245
TXN0005915,6095713586,2025-01-06,-28346.04,Debit,ATM Cash Withdrawal,0389
TXN0003360,1295389934,2025-05-09,-16924.72,Debit,Outgoing Wire,0501
TXN0003371,2454463575,2025-06-16,14679.48,Credit,Account Transfer,0389
TXN0005366,3705372288,2025-05-27,-25007.80,Debit,POS Purchase,0501
TXN0000668,3881013944,2025-06-04,16138.49,Credit,Payroll Deposit,0678
TXN0003524,9511857696,2025-04-15,-1303.12,Debit,POS Purchase,0389
TXN0001798,5977577169,2025-05-30,-15017.40,Debit,ATM Cash Withdrawal,0389
TXN0000137,5027372775,2025-03-08,-23034.31,Debit,Vendor Payment,0112
TXN0005383,8353220933,2025-06-16,-731.19,Debit,Outgoing Wire,0389
TXN0004947,3674370502,2025-06-12,3452.67,Credit,Check Deposit,0389
TXN0000164,9291293912,2025-05-07,-41769.49,Debit,Incoming Wire,0501
TXN0001876,5133926285,2025-05-21,-35100.90,Debit,Outgoing Wire,0112
TXN0000944,5778378679,2025-03-24,6731.16,Credit,Account Transfer,0501
TXN0001978,1209167825,2025-06-05,-36571.35,Debit,Vendor Payment,0501
TXN0001966,2427830931,2025-03-17,-15255.71,Debit,Account Transfer,0501
TXN0002797,6688830689,2025-04-29,-9876.78,Debit,POS Purchase,0245
TXN0005583,9979849273,2025-02-03,19451.51,Credit,Check Deposit,0112
TXN0000101,1170399969,2025-03-29,-44763.36,Debit,ATM Cash Withdrawal,0678
TXN0004142,4286382844,2025-05-30,-575.23,Debit,POS Purchase,0245
TXN0004114,1827629088,2025-03-04,-3153.24,Debit,Account Transfer,0678
TXN0004073,5430674400,2025-05-20,23240.69,Credit,Payroll Deposit,0112
TXN0001545,8659963592,2025-04-13,6982.56,Credit,Payroll Deposit,0245
TXN0000015,4395309096,2025-04-08,-28132.60,Debit,Account Transfer,0501
TXN0001192,1515153334,2025-06-01,8743.43,Credit,Payroll Deposit,0112
TXN0005609,2154825335,2025-01-24,-1322.93,Debit,Incoming Wire,0678
TXN0004362,2923184827,2025-01-08,-6651.32,Debit,Incoming Wire,0501
TXN0005588,1402661884,2025-02-23,10546.23,Credit,Account Transfer,0678
TXN0000730,7269504431,2025-03-03,-40829.45,Debit,Incoming Wire,0112
TXN0005866,1122123180,2025-06-16,-20044.29,Debit,Outgoing Wire,0389
TXN0004378,3520169597,2025-04-30,-5803.32,Debit,Vendor Payment,0389
TXN0003223,8205291126,2025-05-28,35914.03,Credit,Check Deposit,0245
TXN0003763,2047144095,2025-01-20,10819.05,Credit,Account Transfer,0501
TXN0004730,9432782683,2025-01-29,37762.81,Credit,Check Deposit,0389
TXN0005409,3434469499,2025-01-27,-12635.56,Debit,Outgoing Wire,0389
TXN0004653,7865366643,2025-05-14,-34330.39,Debit,Vendor Payment,0112
TXN0000173,5603304320,2025-01-31,42007.61,Credit,Payroll Deposit,0245
TXN0003054,1440064977,2025-06-29,42208.78,Credit,Check Deposit,0389
TXN0000784,2808812401,2025-01-16,-17989.01,Debit,Incoming Wire,0112
TXN0004475,8811168710,2025-01-14,-40110.70,Debit,Vendor Payment,0245
TXN0002347,4140783471,2025-02-05,-23673.44,Debit,Account Transfer,0112
TXN0000365,4144491168,2025-03-18,8279.67,Credit,Payroll Deposit,0245
TXN0001610,1551377661,2025-05-04,36804.67,Credit,Payroll Deposit,0678
TXN0005153,6775673106,2025-06-18,20368.41,Credit,Payroll Deposit,0389
TXN0001082,2659019304,2025-06-22,-28938.84,Debit,Account Transfer,0389
TXN0003073,8318504383,2025-03-21,37476.96,Credit,Check Deposit,0389
TXN0003366,9369949082,2025-04-15,-25669.60,Debit,Account Transfer,0112
TXN0004928,3908693720,2025-02-13,14962.54,Credit,Account Transfer,0389
TXN0001842,1474757088,2025-03-21,-41680.80,Debit,Incoming Wire,0501
TXN0003369,2365459889,2025-01-28,-16440.97,Debit,Incoming Wire,0501
TXN0002538,2175335875,2025-04-30,268.63,Credit,Payroll Deposit,0389
TXN0003844,1089114551,2025-03-12,-29587.48,Debit,Vendor Payment,0245
TXN0003387,9495937134,2025-06-30,-40284.34,Debit,POS Purchase,0389
TXN0000571,7639403968,2025-06-30,-15355.78,Debit,Outgoing Wire,0501
TXN0003483,7396997816,2025-06-29,-36854.20,Debit,Outgoing Wire,0501
TXN0005931,7065993421,2025-03-15,-6895.91,Debit,Outgoing Wire,0245
TXN0003103,5414015793,2025-02-02,-29561.95,Debit,POS Purchase,0678
TXN0002504,2765481025,2025-03-05,25093.61,Credit,Payroll Deposit,0112
TXN0000867,5765539411,2025-04-21,-13537.20,Debit,Account Transfer,0389
TXN0003523,6820351352,2025-02-01,-14017.88,Debit,POS Purchase,0112
TXN0002718,6173754677,2025-05-18,-12268.42,Debit,POS Purchase,0389
TXN0002048,6232721858,2025-02-06,-10120.91,Debit,ATM Cash Withdrawal,0678
TXN0000805,5289209469,2025-06-03,-36162.77,Debit,Vendor Payment,0112
TXN0005627,2041022075,2025-06-14,18988.37,Credit,Payroll Deposit,0678
TXN0000909,7322426299,2025-02-17,-34353.97,Debit,POS Purchase,0112
TXN0005003,5868824060,2025-03-05,-34632.38,Debit,Incoming Wire,0678
TXN0001320,7759492287,2025-04-24,-33046.19,Debit,Incoming Wire,0112
TXN0001623,1044128032,2025-05-08,-43454.06,Debit,ATM Cash Withdrawal,0112
TXN0001954,4217529529,2025-04-11,32140.30,Credit,Payroll Deposit,0389
TXN0002196,6988892064,2025-02-28,-3848.14,Debit,Incoming Wire,0501
TXN0003362,5843148864,2025-01-14,-25005.77,Debit,POS Purchase,0501
TXN0004458,6684874690,2025-03-26,12172.41,Credit,Payroll Deposit,0112
TXN0003791,4615772912,2025-03-30,37065.78,Credit,Payroll Deposit,0389
TXN0001573,2272614046,2025-02-14,-37504.62,Debit,Incoming Wire,0245
TXN0000914,3214569021,2025-02-03,-2170.83,Debit,Incoming Wire,0112
TXN0005897,1926230101,2025-05-19,-4758.75,Debit,Outgoing Wire,0678
TXN0002510,4571220835,2025-02-01,-23646.53,Debit,Vendor Payment,0678
TXN0005261,7695645161,2025-05-29,34123.26,Credit,Account Transfer,0245
TXN0004301,2547245156,2025-01-30,-20694.60,Debit,Outgoing Wire,0678
TXN0003777,4875691471,2025-06-02,-44411.89,Debit,Incoming Wire,0112
TXN0005576,4477084628,2025-05-26,-25032.86,Debit,Incoming Wire,0501
TXN0004036,7896399985,2025-04-09,-16297.90,Debit,ATM Cash Withdrawal,0389
TXN0001779,5226341114,2025-03-06,-12297.51,Debit,Account Transfer,0245
TXN0000457,8494822473,2025-03-19,-22905.61,Debit,POS Purchase,0112
TXN0000796,7407270404,2025-04-12,4552.82,Credit,Account Transfer,0501
TXN0005911,4998509059,2025-06-26,-5237.25,Debit,Incoming Wire,0501
TXN0003765,7749106889,2025-01-08,40222.31,Credit,Payroll Deposit,0389
TXN0000408,5852999316,2025-05-26,-20061.13,Debit,POS Purchase,0678
TXN0005453,9639883333,2025-04-27,20605.63,Credit,Account Transfer,0245
TXN0005761,6938872325,2025-03-10,-44714.55,Debit,Outgoing Wire,0245
TXN0003973,5109262133,2025-01-21,-24577.94,Debit,POS Purchase,0112
TXN0004675,1584504050,2025-03-19,-27957.83,Debit,Incoming Wire,0678
TXN0001803,1056209885,2025-02-14,13895.07,Credit,Payroll Deposit,0245
TXN0003879,9832623144,2025-04-16,-29763.71,Debit,Outgoing Wire,0678
TXN0002475,5855554666,2025-02-02,34023.76,Credit,Payroll Deposit,0112
TXN0005012,2392372050,2025-01-26,-5426.89,Debit,Vendor Payment,0501
TXN0005441,9684053820,2025-06-23,31160.09,Credit,Account Transfer,0112
TXN0001770,6851695312,2025-03-26,-18526.17,Debit,POS Purchase,0112
TXN0002452,8220008576,2025-05-20,12443.23,Credit,Check Deposit,0112
TXN0004205,3164315627,2025-03-31,34955.35,Credit,Payroll Deposit,0245
TXN0002844,7665229028,2025-05-05,-42880.13,Debit,Vendor Payment,0389
TXN0005756,1174759409,2025-04-28,-38993.13,Debit,Incoming Wire,0245
TXN0004899,5813195112,2025-01-31,7936.19,Credit,Check Deposit,0501
TXN0004642,4299247003,2025-03-27,-6680.50,Debit,Vendor Payment,0245
TXN0001566,6100854800,2025-04-14,35920.61,Credit,Incoming Wire,0112
TXN0000884,6573403242,2025-02-20,-8660.43,Debit,POS Purchase,0112
TXN0005307,6938200491,2025-04-09,-22204.76,Debit,ATM Cash Withdrawal,0389
TXN0003918,5278875681,2025-02-02,12323.66,Credit,Payroll Deposit,0501
TXN0005633,4361236164,2025-02-18,-27494.90,Debit,ATM Cash Withdrawal,0112
TXN0004624,2337387650,2025-02-16,-30405.16,Debit,Account Transfer,0389
TXN0001755,3478436229,2025-04-02,30022.46,Credit,Check Deposit,0245
TXN0001690,8266131182,2025-05-29,-2532.29,Debit,Incoming Wire,0501
TXN0002760,8286769769,2025-06-07,7877.29,Credit,Payroll Deposit,0389
TXN0000606,3962129513,2025-02-14,-27644.12,Debit,Account Transfer,0245
TXN0000761,9359943983,2025-04-01,39831.35,Credit,Check Deposit,0389
TXN0001539,5298307348,2025-03-18,15593.58,Credit,Check Deposit,0501
TXN0005058,8802068817,2025-01-08,9924.63,Credit,Check Deposit,0389
TXN0005830,4088576511,2025-01-09,-39557.71,Debit,Account Transfer,0389
TXN0003373,3357523253,2025-04-06,-38841.27,Debit,Incoming Wire,0501
TXN0000429,5562935917,2025-01-17,-18636.80,Debit,ATM Cash Withdrawal,0678
TXN0000967,7617437960,2025-04-01,-41130.39,Debit,ATM Cash Withdrawal,0501
TXN0002403,4660941141,2025-03-25,13182.06,Credit,Account Transfer,0678
TXN0005862,8340356663,2025-04-17,5461.17,Credit,Check Deposit,0245
TXN0000447,6812246323,2025-04-08,-23746.81,Debit,Outgoing Wire,0245
TXN0005903,3656190688,2025-06-01,-19900.51,Debit,ATM Cash Withdrawal,0389
TXN0004436,6746755143,2025-01-12,-19279.95,Debit,Incoming Wire,0389
TXN0003740,2339691845,2025-04-06,-1722.95,Debit,ATM Cash Withdrawal,0678
TXN0005059,2387014951,2025-06-01,-23164.90,Debit,Vendor Payment,0389
TXN0000432,2882770533,2025-04-10,9011.54,Credit,Payroll Deposit,0678
TXN0001685,4886766743,2025-05-30,-4263.54,Debit,ATM Cash Withdrawal,0678
TXN0004389,7093929237,2025-05-31,-27584.47,Debit,Incoming Wire,0245
TXN0002825,6582436739,2025-02-17,12398.44,Credit,Check Deposit,0112
TXN0000132,1879121024,2025-01-28,-33942.16,Debit,Outgoing Wire,0678
TXN0001930,7505240114,2025-05-31,-11335.25,Debit,POS Purchase,0245
TXN0003107,8084653550,2025-06-08,44613.17,Credit,Payroll Deposit,0389
TXN0000224,5390374998,2025-01-11,1457.69,Credit,Check Deposit,0678
TXN0001313,7651020216,2025-02-11,-26963.82,Debit,POS Purchase,0501
TXN0005582,1693601915,2025-05-16,23794.45,Credit,Check Deposit,0245
TXN0005151,4948263474,2025-01-01,-10429.34,Debit,Incoming Wire,0389
TXN0000760,5528134672,2025-04-05,1783.44,Credit,Payroll Deposit,0389
TXN0002261,1125537133,2025-06-03,-10150.72,Debit,Outgoing Wire,0389
TXN0001233,5006127203,2025-05-18,43614.45,Credit,Payroll Deposit,0112
TXN0001394,1869940376,2025-05-21,7245.34,Credit,Check Deposit,0389
TXN0002332,7887753860,2025-05-28,-2386.49,Debit,Account Transfer,0112
TXN0005130,3660747187,2025-05-18,-30528.99,Debit,Incoming Wire,0389
TXN0001158,7944772414,2025-01-18,-28557.74,Debit,Incoming Wire,0389
TXN0001721,3432862704,2025-06-29,-30763.99,Debit,POS Purchase,0501
TXN0005036,6602041147,2025-06-08,41775.84,Credit,Check Deposit,0389
TXN0005692,6546692136,2025-02-03,-17064.63,Debit,POS Purchase,0389
TXN0000641,3063623217,2025-05-28,-11701.49,Debit,Outgoing Wire,0245
TXN0004457,4757707490,2025-03-17,-26341.27,Debit,Outgoing Wire,0245
TXN0004281,8438919610,2025-03-09,-23602.25,Debit,Vendor Payment,0678
TXN0004373,6298176712,2025-01-07,-14812.76,Debit,ATM Cash Withdrawal,0678
TXN0004725,9976416563,2025-04-18,-34213.07,Debit,ATM Cash Withdrawal,0389
TXN0000318,6308425671,2025-01-28,-14067.33,Debit,Vendor Payment,0389
TXN0005786,1286782898,2025-02-19,-39798.68,Debit,Incoming Wire,0389
TXN0005101,9755380972,2025-01-13,-42654.62,Debit,Incoming Wire,0501
TXN0005662,7175577983,2025-03-26,26211.42,Credit,Check Deposit,0501
TXN0002615,2395249160,2025-06-11,24304.92,Credit,Check Deposit,0389
TXN0005724,1548818135,2025-05-20,-10186.91,Debit,POS Purchase,0678
TXN0004408,9629756843,2025-01-11,-41569.74,Debit,Vendor Payment,0678
TXN0002108,4830229474,2025-04-02,32689.75,Credit,Payroll Deposit,0389
TXN0003407,7527821881,2025-02-04,-14050.71,Debit,Outgoing Wire,0245
TXN0000147,9689714423,2025-04-29,-16294.40,Debit,Outgoing Wire,0678
TXN0004499,4688104255,2025-06-30,-24245.47,Debit,Vendor Payment,0112
TXN0003003,7746251197,2025-05-15,-37119.61,Debit,Vendor Payment,0112
TXN0000218,2542488683,2025-06-15,-14394.22,Debit,Incoming Wire,0389
TXN0001858,8095351983,2025-05-19,-6135.38,Debit,Incoming Wire,0112
TXN0000063,3184463599,2025-04-14,-40256.08,Debit,Account Transfer,0245
TXN0004484,1168910411,2025-01-22,12883.32,Credit,Outgoing Wire,0678
TXN0001751,2169081193,2025-05-26,37532.20,Credit,Check Deposit,0112
TXN0002298,4271681146,2025-02-01,-36036.17,Debit,Vendor Payment,0678
TXN0001926,8818527604,2025-03-25,-11827.98,Debit,POS Purchase,0389
TXN0005159,1344192979,2025-03-28,-5896.21,Debit,Account Transfer,0245
TXN0002246,8883847248,2025-03-10,29672.23,Credit,Payroll Deposit,0389
TXN0003210,4129748362,2025-05-26,-16659.48,Debit,Vendor Payment,0112
TXN0000266,3810150220,2025-06-22,-11595.44,Debit,ATM Cash Withdrawal,0501
TXN0005722,8565387378,2025-01-16,17250.43,Credit,Payroll Deposit,0389
TXN0004863,3572265642,2025-06-09,-17424.18,Debit,Vendor Payment,0245
TXN0002667,6483165391,2025-04-14,36799.87,Credit,Payroll Deposit,0678
TXN0003885,9581440848,2025-01-13,-22373.29,Debit,POS Purchase,0112
TXN0003011,4551063203,2025-03-02,-4315.48,Debit,Incoming Wire,0389
TXN0003442,6348524472,2025-01-16,43939.06,Credit,Account Transfer,0501
TXN0002477,8812317874,2025-03-14,-13439.59,Debit,Outgoing Wire,0678
TXN0003143,2205271919,2025-01-13,-20223.99,Debit,Incoming Wire,0389
TXN0002326,2940646442,2025-05-22,20552.46,Credit,Payroll Deposit,0678
TXN0004328,9329251127,2025-03-18,-9347.16,Debit,POS Purchase,0389
TXN0005561,1109488697,2025-01-17,-23956.15,Debit,Account Transfer,0245
TXN0002494,3864579405,2025-03-11,-3143.31,Debit,POS Purchase,0389
TXN0002018,4433743864,2025-05-29,-23887.47,Debit,POS Purchase,0501
TXN0002978,4503098012,2025-03-31,-20693.81,Debit,Outgoing Wire,0112
TXN0002331,6417425907,2025-05-18,-25414.91,Debit,POS Purchase,0245
TXN0000474,2982553141,2025-03-31,38842.83,Credit,Payroll Deposit,0389
TXN0001929,5914434820,2025-05-12,9521.79,Credit,Account Transfer,0389
TXN0005260,4525161875,2025-03-09,43157.45,Credit,Check Deposit,0245
TXN0005239,5864801037,2025-06-03,-35879.13,Debit,POS Purchase,0501
TXN0003850,2292728462,2025-02-05,3443.12,Credit,Payroll Deposit,0501
TXN0003557,5531846396,2025-05-16,-35900.11,Debit,Vendor Payment,0245
TXN0003934,3793127639,2025-03-02,-30759.45,Debit,ATM Cash Withdrawal,0112
TXN0003159,4603788371,2025-04-13,40240.19,Credit,Outgoing Wire,0389
TXN0005281,2790519819,2025-02-12,-42109.63,Debit,ATM Cash Withdrawal,0678
TXN0004537,3919822163,2025-01-02,-5185.10,Debit,ATM Cash Withdrawal,0112
TXN0000186,1395721769,2025-06-23,-41476.92,Debit,Incoming Wire,0678
TXN0002324,1029613059,2025-06-06,-26043.48,Debit,Incoming Wire,0112
TXN0004908,2100202696,2025-05-05,-13992.94,Debit,Incoming Wire,0678
TXN0001718,6614808084,2025-01-18,17256.85,Credit,Vendor Payment,0245
TXN0001468,1353834507,2025-04-06,-8525.72,Debit,Account Transfer,0501
TXN0003331,1924625953,2025-01-23,-44976.73,Debit,Outgoing Wire,0678
TXN0000018,6332131908,2025-04-21,-8952.80,Debit,ATM Cash Withdrawal,0245
TXN0004691,4049826927,2025-04-27,-27061.59,Debit,Incoming Wire,0389
TXN0000142,6830582792,2025-02-22,-3129.30,Debit,Incoming Wire,0389
TXN0004684,3105314158,2025-04-01,-16439.19,Debit,Outgoing Wire,0389
TXN0005090,7586795066,2025-02-12,32609.39,Credit,Payroll Deposit,0501
TXN0001682,3897612194,2025-04-26,-7887.60,Debit,POS Purchase,0389
TXN0005541,6892190234,2025-01-27,-34986.30,Debit,ATM Cash Withdrawal,0245
TXN0001417,1795662675,2025-04-09,-1450.35,Debit,ATM Cash Withdrawal,0501
TXN0005628,7725052079,2025-02-02,-32694.28,Debit,Outgoing Wire,0501
TXN0000399,6120554375,2025-06-07,-28852.22,Debit,ATM Cash Withdrawal,0245
TXN0002640,1133187628,2025-02-26,-28158.80,Debit,ATM Cash Withdrawal,0678
TXN0001087,5173706154,2025-05-25,-26621.02,Debit,ATM Cash Withdrawal,0501
TXN0000145,9394558532,2025-03-04,30251.06,Credit,Check Deposit,0112
TXN0005603,6292611133,2025-03-23,-2966.69,Debit,Outgoing Wire,0245
TXN0005502,7873157505,2025-01-11,18535.96,Credit,Check Deposit,0501
TXN0001782,1596965331,2025-04-16,19594.65,Credit,Payroll Deposit,0501
TXN0001830,8550365743,2025-02-24,2472.77,Credit,Account Transfer,0245
TXN0003613,9223193688,2025-03-27,-14018.29,Debit,ATM Cash Withdrawal,0678
TXN0003550,1175321974,2025-01-13,-35842.85,Debit,Outgoing Wire,0501
TXN0003539,6422338197,2025-05-08,-10329.06,Debit,POS Purchase,0501
TXN0002033,9599417978,2025-01-04,8222.94,Credit,Check Deposit,0245
TXN0002920,5091070138,2025-01-11,-522.85,Debit,Vendor Payment,0112
TXN0001324,8600137834,2025-04-19,-15459.01,Debit,Incoming Wire,0245
TXN0002629,5381953593,2025-04-29,-17722.20,Debit,POS Purchase,0389
TXN0003060,3928890346,2025-05-22,25155.76,Credit,Payroll Deposit,0112
TXN0002340,7634388347,2025-03-08,-23000.79,Debit,ATM Cash Withdrawal,0112
TXN0004195,2808145804,2025-03-22,16195.23,Credit,Payroll Deposit,0389
TXN0002563,7389612244,2025-03-22,-1483.90,Debit,ATM Cash Withdrawal,0245
TXN0000433,3441017533,2025-02-22,-26250.68,Debit,ATM Cash Withdrawal,0389
TXN0003547,6021683767,2025-05-12,42769.53,Credit,Payroll Deposit,0112
TXN0002795,9341162237,2025-02-21,-33744.78,Debit,Outgoing Wire,0501
TXN0004433,7512428359,2025-01-13,-12946.36,Debit,POS Purchase,0501
TXN0005528,8683347741,2025-05-26,27480.04,Credit,Check Deposit,0389
TXN0004746,3178693586,2025-01-03,35729.40,Credit,Account Transfer,0501
TXN0001184,4581996957,2025-06-23,23806.89,Credit,Account Transfer,0245
TXN0004792,3408117697,2025-03-28,-15683.19,Debit,Vendor Payment,0501
TXN0005437,8979138023,2025-01-09,-31897.88,Debit,Incoming Wire,0245
TXN0001832,2472478553,2025-05-29,17908.01,Credit,Check Deposit,0678
TXN0000611,9287599841,2025-02-28,18828.64,Credit,Check Deposit,0389
TXN0002035,7594263357,2025-04-25,-9803.00,Debit,POS Purchase,0245
TXN0000197,3787451517,2025-04-11,39051.08,Credit,Payroll Deposit,0112
TXN0004152,7367805315,2025-04-06,-22984.67,Debit,Vendor Payment,0389
TXN0004424,4896877330,2025-03-25,-17437.69,Debit,Vendor Payment,0112
TXN0001052,2023690753,2025-06-30,-40954.41,Debit,Vendor Payment,0245
TXN0000892,1784179808,2025-03-17,-31284.94,Debit,Account Transfer,0678
TXN0002406,1602891524,2025-04-11,-23127.50,Debit,ATM Cash Withdrawal,0501
TXN0000203,1813346513,2025-03-11,8284.63,Credit,Payroll Deposit,0678
TXN0004644,6082752306,2025-03-16,-41832.00,Debit,Incoming Wire,0501
TXN0002711,6332902915,2025-03-30,-28367.45,Debit,Incoming Wire,0501
TXN0004094,7389876629,2025-03-29,-274.13,Debit,Incoming Wire,0112
TXN0001121,4528978161,2025-06-19,3037.17,Credit,Check Deposit,0245
TXN0003726,7836624352,2025-06-20,-43794.78,Debit,Account Transfer,0389
TXN0004862,3311592640,2025-01-09,15642.96,Credit,Check Deposit,0501
TXN0003140,3177123605,2025-01-19,35576.80,Credit,Payroll Deposit,0245
TXN0000599,1004173220,2025-02-08,21127.66,Credit,Payroll Deposit,0245
TXN0002694,2283559706,2025-02-18,-2956.45,Debit,ATM Cash Withdrawal,0112
TXN0000573,9146530653,2025-01-11,-20878.62,Debit,Vendor Payment,0501
TXN0005175,5982155181,2025-05-18,-660.39,Debit,Account Transfer,0389
TXN0003723,6720540014,2025-01-09,-15625.57,Debit,Account Transfer,0389
TXN0001497,9110637714,2025-05-27,-33048.16,Debit,Vendor Payment,0245
TXN0004080,1509157558,2025-04-09,11703.49,Credit,Payroll Deposit,0112
TXN0003587,1699388734,2025-04-21,-17660.96,Debit,POS Purchase,0245
TXN0001897,4400859949,2025-03-01,-28216.08,Debit,Vendor Payment,0678
TXN0003450,2057702825,2025-02-07,-44025.15,Debit,POS Purchase,0112
TXN0003106,4228562822,2025-04-20,9130.21,Credit,Payroll Deposit,0112
TXN0004069,6165437382,2025-01-26,-25476.23,Debit,Vendor Payment,0501
TXN0000767,2792419343,2025-05-29,-6836.22,Debit,POS Purchase,0389
TXN0002813,9300862583,2025-03-17,-13228.32,Debit,ATM Cash Withdrawal,0678
TXN0001131,4663377774,2025-06-13,36544.71,Credit,Payroll Deposit,0112
TXN0001205,6565857447,2025-05-09,-22295.41,Debit,Incoming Wire,0245
TXN0005188,2298727872,2025-02-13,1649.85,Credit,Payroll Deposit,0112
TXN0002328,3515150150,2025-01-16,10696.82,Credit,Check Deposit,0245
TXN0000873,1841280030,2025-06-20,-13703.92,Debit,Account Transfer,0501
TXN0003269,9758537874,2025-05-09,-23582.72,Debit,POS Purchase,0501
TXN0004550,2712275157,2025-03-30,-12183.97,Debit,Outgoing Wire,0245
TXN0001953,4511170362,2025-04-06,-27774.03,Debit,POS Purchase,0389
TXN0003086,3138759045,2025-05-11,42744.42,Credit,Payroll Deposit,0245
TXN0001644,2527052314,2025-05-15,2472.21,Credit,Payroll Deposit,0389
TXN0000157,5333446706,2025-06-26,-4743.96,Debit,ATM Cash Withdrawal,0678
TXN0003146,8817116582,2025-05-06,-16629.84,Debit,ATM Cash Withdrawal,0501
TXN0004099,4223335782,2025-06-03,25635.45,Credit,Payroll Deposit,0678
TXN0003991,7678775839,2025-06-27,-20475.54,Debit,Outgoing Wire,0112
TXN0004267,3613578535,2025-01-05,19566.05,Credit,Payroll Deposit,0389
TXN0001533,4611584482,2025-01-17,-629.92,Debit,Outgoing Wire,0389
TXN0001932,4047174717,2025-01-01,23789.10,Credit,Check Deposit,0112
TXN0001817,3934757535,2025-02-27,20172.46,Credit,Check Deposit,0112
TXN0004906,5079754330,2025-04-11,-30142.95,Debit,ATM Cash Withdrawal,0112
TXN0002281,5052860105,2025-03-29,-11387.35,Debit,ATM Cash Withdrawal,0112
TXN0003961,9357495962,2025-04-11,-38497.77,Debit,Outgoing Wire,0112
TXN0000374,6665688762,2025-02-05,15861.64,Credit,Payroll Deposit,0245
TXN0000353,2928622459,2025-03-27,38365.55,Credit,Check Deposit,0389
TXN0001708,2681781199,2025-06-24,-27548.89,Debit,Outgoing Wire,0501
TXN0004780,1644722273,2025-01-08,5253.79,Credit,Check Deposit,0501
TXN0004588,5190275490,2025-06-26,33581.78,Credit,Check Deposit,0678
TXN0002174,4906578638,2025-03-30,44246.14,Credit,POS Purchase,0112
TXN0004529,1817369530,2025-06-19,-36008.00,Debit,Incoming Wire,0501
TXN0000056,2066462799,2025-06-23,-1109.67,Debit,POS Purchase,0501
TXN0004003,5996045344,2025-03-30,43852.64,Credit,Check Deposit,0389
TXN0002123,1614558217,2025-01-02,-21774.09,Debit,Account Transfer,0501
TXN0000964,7047557425,2025-03-08,-16502.78,Debit,ATM Cash Withdrawal,0678
TXN0005695,6510010079,2025-03-04,30473.17,Credit,Payroll Deposit,0389
TXN0001880,7928274352,2025-01-04,-38154.14,Debit,Vendor Payment,0112
TXN0000568,7137220607,2025-01-15,-27370.91,Debit,POS Purchase,0245
TXN0002656,8792779316,2025-01-22,13200.90,Credit,Payroll Deposit,0389
TXN0002461,4606479625,2025-03-14,27546.26,Credit,Account Transfer,0389
TXN0001463,9120415072,2025-06-01,-5475.75,Debit,POS Purchase,0389
TXN0003796,5258582271,2025-02-23,-10430.45,Debit,Vendor Payment,0678
TXN0005828,8823017565,2025-01-02,13397.26,Credit,POS Purchase,0389
TXN0001834,8802798672,2025-06-15,-4717.69,Debit,POS Purchase,0389
TXN0004611,7202617568,2025-01-02,31124.31,Credit,Payroll Deposit,0501
TXN0001115,3430729768,2025-03-17,-13785.74,Debit,Incoming Wire,0678
TXN0002606,9860243870,2025-06-21,-43299.86,Debit,Outgoing Wire,0112
TXN0000360,4595036695,2025-05-02,-28071.64,Debit,Incoming Wire,0678
TXN0000552,9813617999,2025-03-25,40907.44,Credit,Payroll Deposit,0389
TXN0001328,7144916392,2025-04-30,-35026.42,Debit,Outgoing Wire,0245
TXN0001397,9131377472,2025-06-17,24236.54,Credit,Payroll Deposit,0245
TXN0002499,4773923621,2025-04-01,31251.53,Credit,Payroll Deposit,0501
TXN0002754,8220728087,2025-06-05,-34644.23,Debit,POS Purchase,0678
TXN0001527,8906176626,2025-03-27,36036.54,Credit,ATM Cash Withdrawal,0501
TXN0001081,3021827642,2025-04-23,-38824.26,Debit,Vendor Payment,0678
TXN0005472,1713587469,2025-03-31,-41228.08,Debit,POS Purchase,0501
TXN0003050,8627539158,2025-04-07,-34889.93,Debit,Outgoing Wire,0245
TXN0005670,7419931635,2025-01-02,12247.49,Credit,Payroll Deposit,0678
TXN0001187,1617792730,2025-01-12,-15636.88,Debit,POS Purchase,0112
TXN0002109,4186736947,2025-05-28,-32336.06,Debit,ATM Cash Withdrawal,0678
TXN0001704,7105027200,2025-03-06,-18431.15,Debit,Vendor Payment,0501
TXN0005881,5019746268,2025-03-14,-1081.41,Debit,POS Purchase,0389
TXN0003733,9805529023,2025-04-07,-26409.48,Debit,Account Transfer,0389
TXN0000746,2644077939,2025-01-12,-5802.15,Debit,ATM Cash Withdrawal,0389
TXN0003896,3186854947,2025-05-07,3991.82,Credit,Payroll Deposit,0501
TXN0001171,1436188362,2025-02-03,-40976.58,Debit,ATM Cash Withdrawal,0389
TXN0005910,1709392414,2025-03-05,7420.84,Credit,Payroll Deposit,0678
TXN0005729,7401766024,2025-03-17,-27468.72,Debit,POS Purchase,0501
TXN0000281,2049869305,2025-03-31,27293.75,Credit,Account Transfer,0389
TXN0002746,8528074792,2025-06-10,39892.26,Credit,Payroll Deposit,0389
TXN0001773,6647499133,2025-04-13,-34624.66,Debit,Account Transfer,0678
TXN0002879,4443951052,2025-06-03,645.91,Credit,Check Deposit,0245
TXN0003458,1825165927,2025-01-23,-399.90,Debit,Incoming Wire,0389
TXN0005367,2112014062,2025-05-02,-14518.92,Debit,POS Purchase,0245
TXN0004795,6630860230,2025-06-15,-36694.74,Debit,ATM Cash Withdrawal,0501
TXN0002511,9713582215,2025-02-10,-25353.58,Debit,ATM Cash Withdrawal,0245
TXN0000940,2301750470,2025-06-04,-11785.77,Debit,Outgoing Wire,0501
TXN0005673,3609694669,2025-03-25,42538.51,Credit,Payroll Deposit,0389
TXN0005013,8098905953,2025-02-24,35223.38,Credit,Check Deposit,0678
TXN0005959,3679381142,2025-01-02,36006.56,Credit,Payroll Deposit,0501
TXN0005422,4204097385,2025-01-25,-36255.96,Debit,Vendor Payment,0112
TXN0002536,6785448465,2025-04-04,-12488.10,Debit,ATM Cash Withdrawal,0678
TXN0003688,1130945600,2025-06-18,40457.26,Credit,Check Deposit,0112
TXN0004416,5247686472,2025-06-19,8667.68,Credit,Payroll Deposit,0678
TXN0002581,8679530080,2025-06-25,33469.03,Credit,Account Transfer,0389
TXN0004144,2251029204,2025-04-03,17041.09,Credit,Payroll Deposit,0678
TXN0002968,7741692064,2025-06-22,34492.10,Credit,Payroll Deposit,0245
TXN0001026,4438819275,2025-05-10,23797.21,Credit,Payroll Deposit,0678
TXN0005965,6415002450,2025-03-27,-41888.55,Debit,Account Transfer,0112
TXN0004941,6778930490,2025-04-11,-27281.88,Debit,Incoming Wire,0678
TXN0004853,8928245405,2025-03-29,-40256.37,Debit,Account Transfer,0112
TXN0001120,9561665931,2025-01-02,-12305.79,Debit,Outgoing Wire,0112
TXN0002503,5029278097,2025-05-24,-34846.60,Debit,Outgoing Wire,0245
TXN0003865,8190949022,2025-04-04,42599.38,Credit,Check Deposit,0112
TXN0005259,7596884300,2025-06-12,-6006.92,Debit,POS Purchase,0245
TXN0003046,6883000643,2025-02-20,8045.42,Credit,Check Deposit,0112
TXN0003424,5784258141,2025-03-26,26308.17,Credit,Payroll Deposit,0678
TXN0004005,4581851266,2025-05-13,-44560.23,Debit,Incoming Wire,0245
TXN0001252,3615204986,2025-02-07,44557.24,Credit,Check Deposit,0112
TXN0002060,2756404110,2025-04-06,-8271.38,Debit,Account Transfer,0112
TXN0004411,2860245746,2025-05-07,-2899.80,Debit,POS Purchase,0245
TXN0005407,1509751285,2025-02-09,-4685.39,Debit,Outgoing Wire,0501
TXN0005840,2283905524,2025-05-04,-27124.78,Debit,Vendor Payment,0389
TXN0004688,2778839435,2025-04-21,-305.64,Debit,Account Transfer,0389
TXN0000401,4583843991,2025-01-02,1627.08,Credit,Payroll Deposit,0389
TXN0001300,8854809082,2025-03-01,-41865.71,Debit,Vendor Payment,0245
TXN0000418,9043313552,2025-06-17,-26979.52,Debit,Incoming Wire,0112
TXN0005079,3954907695,2025-04-16,-34394.30,Debit,Incoming Wire,0678
TXN0005689,1669987973,2025-05-24,-29917.81,Debit,Incoming Wire,0112
TXN0005902,1181565060,2025-03-10,-44264.23,Debit,Vendor Payment,0389
TXN0000179,9082559118,2025-04-26,-9534.31,Debit,Outgoing Wire,0501
TXN0004112,7651306889,2025-02-23,11308.90,Credit,Account Transfer,0678
TXN0005034,2709414067,2025-03-05,-11638.57,Debit,POS Purchase,0678
TXN0002959,2843543200,2025-04-14,-34475.74,Debit,Outgoing Wire,0245
TXN0003438,4134073155,2025-01-24,-17314.77,Debit,Incoming Wire,0112
TXN0000847,1114893435,2025-02-09,-33742.75,Debit,Incoming Wire,0389
TXN0005025,2371610703,2025-06-17,38160.85,Credit,Vendor Payment,0678
TXN0000325,8667801609,2025-03-15,-16637.08,Debit,Outgoing Wire,0112
TXN0005415,5971108808,2025-04-01,-17794.91,Debit,Incoming Wire,0678
TXN0005923,4005609152,2025-02-14,-2807.66,Debit,Incoming Wire,0678
TXN0001063,9503930940,2025-03-09,-1294.09,Debit,Account Transfer,0678
TXN0002580,1742179161,2025-04-18,-993.47,Debit,Vendor Payment,0245
TXN0005806,4484774560,2025-02-28,-40865.24,Debit,Outgoing Wire,0389
TXN0000535,5060378729,2025-03-09,30775.47,Credit,Payroll Deposit,0112
TXN0003642,7830608061,2025-03-23,-44801.68,Debit,Vendor Payment,0389
TXN0005932,8189782451,2025-04-24,-13998.70,Debit,Account Transfer,0389
TXN0003099,5013013542,2025-06-23,-27279.64,Debit,Vendor Payment,0501
TXN0001104,2556756237,2025-04-01,-17834.80,Debit,Vendor Payment,0245
TXN0004134,5173021652,2025-03-15,35577.30,Credit,Payroll Deposit,0112
TXN0004894,4712451596,2025-01-25,-22043.33,Debit,Incoming Wire,0501
TXN0000694,9053495128,2025-04-06,-17632.94,Debit,Vendor Payment,0389
TXN0000887,7430932066,2025-03-13,-6573.46,Debit,Outgoing Wire,0112
TXN0002692,9921365439,2025-04-22,-5686.35,Debit,Vendor Payment,0501
TXN0003173,6592580420,2025-03-15,-24505.24,Debit,POS Purchase,0501
TXN0000123,2218625209,2025-02-06,-18383.17,Debit,ATM Cash Withdrawal,0678
TXN0005549,3585090703,2025-05-30,15849.12,Credit,ATM Cash Withdrawal,0501
TXN0002550,3279918775,2025-05-19,-529.43,Debit,Account Transfer,0245
TXN0001020,5736812683,2025-03-04,-42928.72,Debit,Incoming Wire,0112
TXN0001289,8963789255,2025-06-05,42398.07,Credit,Check Deposit,0678
TXN0000169,7914169597,2025-02-13,-8575.23,Debit,Vendor Payment,0389
TXN0001790,7731991218,2025-03-13,-28135.90,Debit,POS Purchase,0389
TXN0000582,8864005665,2025-01-31,14881.62,Credit,Account Transfer,0501
TXN0004441,7219996653,2025-03-16,16290.50,Credit,Check Deposit,0501
TXN0002225,6215159919,2025-01-05,-20221.84,Debit,Vendor Payment,0112
TXN0001001,5331866616,2025-05-26,-1791.83,Debit,POS Purchase,0678
TXN0000600,5712175513,2025-05-21,-16360.18,Debit,Vendor Payment,0678
TXN0002845,3845597648,2025-02-17,-37456.20,Debit,Account Transfer,0112
TXN0003513,2938550926,2025-03-11,-28474.97,Debit,POS Purchase,0389
TXN0002806,5039256034,2025-04-25,-32834.05,Debit,ATM Cash Withdrawal,0678
TXN0001937,2697949510,2025-03-24,36027.10,Credit,Check Deposit,0678
TXN0002103,4177351360,2025-04-13,33758.32,Credit,Check Deposit,0678
TXN0000786,9069653463,2025-04-01,-15592.23,Debit,Vendor Payment,0501
TXN0000136,7601242323,2025-05-01,8493.55,Credit,POS Purchase,0678
TXN0001688,9844590779,2025-01-02,-15542.45,Debit,Outgoing Wire,0389
TXN0000487,7729446807,2025-05-08,22603.70,Credit,Check Deposit,0245
TXN0001003,9988114018,2025-03-21,-3054.06,Debit,Account Transfer,0112
TXN0003938,7958546750,2025-05-31,-26817.60,Debit,POS Purchase,0678
TXN0004512,7042782110,2025-04-02,24483.17,Credit,Check Deposit,0678
TXN0003911,4479194012,2025-06-29,-3277.56,Debit,Outgoing Wire,0112
TXN0004739,5242187411,2025-05-14,-20890.15,Debit,POS Purchase,0389
TXN0002073,4816004823,2025-06-20,-40279.43,Debit,POS Purchase,0678
TXN0003647,5541412475,2025-05-13,-27696.16,Debit,Incoming Wire,0112
TXN0002637,1029555314,2025-04-02,-9340.14,Debit,ATM Cash Withdrawal,0678
TXN0004405,1208884194,2025-02-20,41172.92,Credit,Account Transfer,0245
TXN0004176,9748573611,2025-04-12,-29037.24,Debit,Outgoing Wire,0112
TXN0002507,6543541400,2025-04-18,39640.55,Credit,Payroll Deposit,0389
TXN0001621,6508997590,2025-06-30,-35556.98,Debit,Account Transfer,0501
TXN0005687,9475145396,2025-05-22,15604.24,Credit,Account Transfer,0112
TXN0002061,9715035823,2025-05-12,-31189.61,Debit,Vendor Payment,0501
TXN0000860,3364848214,2025-03-31,-25237.33,Debit,ATM Cash Withdrawal,0245
TXN0004593,1901344209,2025-06-17,33509.29,Credit,ATM Cash Withdrawal,0389
TXN0005567,2775982030,2025-06-12,-40904.84,Debit,POS Purchase,0112
TXN0005496,1382765614,2025-04-08,-6386.74,Debit,POS Purchase,0245
TXN0002730,1319204787,2025-04-13,4023.32,Credit,Incoming Wire,0245
TXN0001054,8120843514,2025-03-23,-20956.11,Debit,Vendor Payment,0678
TXN0004019,5727838413,2025-01-06,-40351.13,Debit,Incoming Wire,0112
TXN0002260,4677849715,2025-03-29,-41121.43,Debit,Vendor Payment,0245
TXN0000330,3939738296,2025-06-07,-22106.78,Debit,ATM Cash Withdrawal,0245
TXN0003495,3261734826,2025-05-17,28163.80,Credit,Payroll Deposit,0501
TXN0001458,6202484861,2025-05-29,33304.92,Credit,ATM Cash Withdrawal,0501
TXN0005753,3687859287,2025-02-19,5302.03,Credit,Payroll Deposit,0501
TXN0000661,5429705759,2025-03-23,-44259.85,Debit,POS Purchase,0389
TXN0000734,1223753589,2025-01-03,-28193.43,Debit,ATM Cash Withdrawal,0112
TXN0005416,8133841425,2025-02-20,3703.71,Credit,Account Transfer,0501
TXN0002143,9279391499,2025-02-23,-30998.51,Debit,Vendor Payment,0112
TXN0003109,7160229011,2025-04-22,-4837.56,Debit,ATM Cash Withdrawal,0112
TXN0005168,8832030912,2025-06-11,-17710.58,Debit,Vendor Payment,0112
TXN0000653,3409262628,2025-04-22,-36939.69,Debit,Outgoing Wire,0678
TXN0002610,9209293607,2025-03-16,-32902.85,Debit,Vendor Payment,0245
TXN0001546,6934949955,2025-03-13,20182.96,Credit,Payroll Deposit,0389
TXN0005738,4398241104,2025-01-16,-32244.71,Debit,Outgoing Wire,0678
TXN0001750,8689806323,2025-01-26,33180.88,Credit,Check Deposit,0501
TXN0002967,4535236035,2025-06-26,7129.94,Credit,Account Transfer,0678
TXN0005353,4966089106,2025-04-24,17859.47,Credit,Incoming Wire,0501
TXN0003229,3768863803,2025-01-21,-36613.78,Debit,ATM Cash Withdrawal,0501
TXN0004289,5036320986,2025-03-09,-4270.67,Debit,ATM Cash Withdrawal,0501
TXN0000522,3030411081,2025-02-13,-38333.42,Debit,POS Purchase,0501
TXN0002454,3247041860,2025-01-26,-3302.04,Debit,POS Purchase,0389
TXN0003021,3520209517,2025-01-17,-4658.83,Debit,Outgoing Wire,0112
TXN0001404,3584057257,2025-03-20,-22128.80,Debit,Outgoing Wire,0678
TXN0002906,4541155909,2025-01-14,30981.18,Credit,Account Transfer,0245
TXN0005006,4924188950,2025-06-02,-29151.21,Debit,Incoming Wire,0678
TXN0004302,8474088798,2025-02-06,28793.78,Credit,Payroll Deposit,0112
TXN0004868,8708354502,2025-04-29,-26179.21,Debit,Incoming Wire,0112
TXN0002456,9828575478,2025-06-09,14801.69,Credit,Check Deposit,0389
TXN0000593,6810249294,2025-05-15,18490.07,Credit,ATM Cash Withdrawal,0389
TXN0005385,8538270789,2025-06-06,36772.41,Credit,Check Deposit,0112
TXN0001683,4662901298,2025-04-16,11125.43,Credit,Check Deposit,0678
TXN0005132,5481454812,2025-01-05,-41251.69,Debit,Outgoing Wire,0678
TXN0004298,2990025316,2025-01-27,-17427.83,Debit,Outgoing Wire,0389
TXN0002199,1376588402,2025-01-20,-23888.90,Debit,POS Purchase,0678
TXN0000987,2576385124,2025-01-05,-618.04,Debit,Vendor Payment,0245
TXN0001419,7933294020,2025-05-10,34123.80,Credit,Check Deposit,0501
TXN0000144,4669930138,2025-04-10,-42017.58,Debit,Account Transfer,0245
TXN0000561,6599012983,2025-03-09,-42246.24,Debit,Vendor Payment,0112
TXN0002077,2772036725,2025-04-27,-12975.59,Debit,Incoming Wire,0112
TXN0003100,8606222720,2025-03-23,-35512.13,Debit,Outgoing Wire,0501
TXN0005456,7623119815,2025-03-08,-37524.46,Debit,Vendor Payment,0678
TXN0005602,8366147676,2025-06-08,-36839.53,Debit,Incoming Wire,0389
TXN0004733,1508332489,2025-05-12,-24282.10,Debit,ATM Cash Withdrawal,0501
TXN0000273,3189936852,2025-03-16,12872.52,Credit,Payroll Deposit,0501
TXN0000035,8225780556,2025-03-29,-22768.00,Debit,POS Purchase,0678
TXN0002053,5502339548,2025-03-27,-38926.50,Debit,Account Transfer,0678
TXN0004573,2928133354,2025-06-02,-38334.62,Debit,Vendor Payment,0245
TXN0000564,7047080765,2025-03-07,2301.89,Credit,Check Deposit,0389
TXN0002840,6773658759,2025-05-08,33161.28,Credit,Check Deposit,0501
TXN0001660,3680710629,2025-06-23,16279.96,Credit,Payroll Deposit,0501
TXN0004015,8502209278,2025-03-04,-34444.48,Debit,POS Purchase,0389
TXN0000484,9793877424,2025-04-26,25249.60,Credit,Payroll Deposit,0112
TXN0001296,2571720197,2025-06-13,-35497.10,Debit,Outgoing Wire,0501
TXN0001194,5188676683,2025-04-10,-26276.91,Debit,Outgoing Wire,0245
TXN0005918,8706755538,2025-03-27,-11971.65,Debit,ATM Cash Withdrawal,0245
TXN0005080,1023883218,2025-05-29,-30824.02,Debit,Incoming Wire,0501
TXN0005138,4452903331,2025-03-27,31223.71,Credit,Payroll Deposit,0678
TXN0005324,2303435382,2025-05-02,16220.54,Credit,POS Purchase,0501
TXN0003219,9719056747,2025-06-28,-34971.66,Debit,Vendor Payment,0678
TXN0005043,5897435636,2025-01-14,-27539.50,Debit,Account Transfer,0678
TXN0005833,7439481004,2025-01-22,33537.30,Credit,Check Deposit,0389
TXN0001519,6113388545,2025-04-09,-26427.97,Debit,Outgoing Wire,0245
TXN0002658,3694593133,2025-01-23,43493.97,Credit,Payroll Deposit,0112
TXN0006000,9769524005,2025-02-12,2789.49,Credit,Check Deposit,0678
TXN0002352,5915408070,2025-05-06,3130.55,Credit,Account Transfer,0389
TXN0001510,1072004446,2025-01-16,-24558.36,Debit,Vendor Payment,0501
TXN0002180,1163799274,2025-04-21,-17251.87,Debit,Incoming Wire,0501
TXN0001174,3434517632,2025-02-27,6581.73,Credit,Payroll Deposit,0678
TXN0001630,1113694342,2025-03-31,18914.77,Credit,Account Transfer,0112
TXN0002909,6915680917,2025-03-25,-15633.62,Debit,Outgoing Wire,0678
TXN0004651,1776769143,2025-02-25,-27032.89,Debit,Outgoing Wire,0112
TXN0005180,8727468025,2025-05-02,-8647.73,Debit,Account Transfer,0389
TXN0002166,9999615831,2025-03-12,-12649.63,Debit,POS Purchase,0501
TXN0001543,7365951000,2025-03-11,-25737.80,Debit,Outgoing Wire,0389
TXN0004501,5532147120,2025-04-27,-19045.86,Debit,Outgoing Wire,0389
TXN0001211,7191077738,2025-04-21,-15757.36,Debit,Outgoing Wire,0112
TXN0000251,5931177077,2025-02-24,16569.73,Credit,Check Deposit,0112
TXN0001318,5971465519,2025-05-21,12500.22,Credit,Account Transfer,0678
TXN0005926,8106628531,2025-06-06,-12704.77,Debit,Account Transfer,0389
TXN0001442,4412989009,2025-06-01,-37294.94,Debit,POS Purchase,0245
TXN0004869,6811027443,2025-03-12,-16192.48,Debit,Outgoing Wire,0501
TXN0003409,7182064623,2025-01-25,19806.97,Credit,Check Deposit,0245
TXN0002981,2733277415,2025-06-19,12854.09,Credit,Payroll Deposit,0389
TXN0003245,6312128874,2025-05-09,23974.80,Credit,Account Transfer,0245
TXN0000648,9274819104,2025-05-11,-26181.64,Debit,Incoming Wire,0501
TXN0000320,5899758921,2025-01-26,-12447.04,Debit,Account Transfer,0678
TXN0004602,8505915041,2025-05-27,32171.31,Credit,Payroll Deposit,0245
TXN0000941,9169237685,2025-01-11,-40320.63,Debit,Vendor Payment,0678
TXN0005719,8347624987,2025-02-09,-17085.62,Debit,Incoming Wire,0678
TXN0003888,8196105682,2025-03-26,-8181.41,Debit,POS Purchase,0245
TXN0004682,4212117822,2025-03-03,-36594.70,Debit,ATM Cash Withdrawal,0678
TXN0000120,9518643664,2025-02-11,-37399.32,Debit,Outgoing Wire,0245
TXN0002470,9864869953,2025-06-27,-16810.80,Debit,Vendor Payment,0112
TXN0003532,7891287473,2025-04-10,-36477.24,Debit,Account Transfer,0389
TXN0005537,5057690445,2025-05-02,-32744.06,Debit,ATM Cash Withdrawal,0389
TXN0001825,7767347599,2025-02-28,-32278.58,Debit,ATM Cash Withdrawal,0501
TXN0005256,4638405204,2025-05-16,42849.38,Credit,Payroll Deposit,0678
TXN0005754,6790333067,2025-04-21,12182.14,Credit,Payroll Deposit,0245
TXN0004877,5934170892,2025-06-23,8356.73,Credit,Account Transfer,0678
TXN0000051,9510435244,2025-03-28,15950.61,Credit,Account Transfer,0389
TXN0004202,1901234298,2025-06-22,-13883.80,Debit,Outgoing Wire,0501
TXN0001991,1912312353,2025-05-25,-2162.92,Debit,Vendor Payment,0245
TXN0002296,5392808458,2025-03-29,42820.57,Credit,POS Purchase,0112
TXN0002206,7757691240,2025-06-05,37113.26,Credit,Check Deposit,0245
TXN0003077,5218384979,2025-06-14,-15060.34,Debit,Incoming Wire,0245
TXN0000110,2201790276,2025-02-12,-21398.12,Debit,Outgoing Wire,0389
TXN0004186,8320630028,2025-02-28,31137.47,Credit,Account Transfer,0245
TXN0005765,4914582989,2025-01-24,14023.18,Credit,Payroll Deposit,0389
TXN0003953,7141740969,2025-05-26,-38648.36,Debit,Outgoing Wire,0245
TXN0001542,3277376673,2025-02-02,-41851.98,Debit,Vendor Payment,0245
TXN0005989,7526732675,2025-06-25,-10718.79,Debit,ATM Cash Withdrawal,0678
TXN0002776,8994647004,2025-03-10,-22254.87,Debit,Vendor Payment,0112
TXN0004883,6401375521,2025-06-30,44242.35,Credit,Check Deposit,0501
TXN0001541,5948681620,2025-02-02,-19856.82,Debit,Incoming Wire,0245
TXN0005017,7238678627,2025-05-20,-8279.58,Debit,Incoming Wire,0112
TXN0000649,6265761062,2025-05-23,-11021.96,Debit,Incoming Wire,0678
TXN0004450,3038287122,2025-01-29,-32615.34,Debit,Vendor Payment,0501
TXN0004796,4555427085,2025-03-07,-16373.18,Debit,Incoming Wire,0245
TXN0003810,4274174707,2025-01-26,-21282.19,Debit,ATM Cash Withdrawal,0389
TXN0003581,2722650603,2025-02-14,-8227.19,Debit,Incoming Wire,0112
TXN0005728,8351319026,2025-04-13,43481.96,Credit,Account Transfer,0112
TXN0004806,6558958302,2025-02-11,-19992.94,Debit,POS Purchase,0501
TXN0002910,4259284910,2025-04-23,-28996.70,Debit,Incoming Wire,0501
TXN0005488,7040329688,2025-04-15,28059.84,Credit,Payroll Deposit,0112
TXN0002975,9592441365,2025-02-20,4736.16,Credit,Payroll Deposit,0112
TXN0002529,7706395846,2025-02-27,-17666.18,Debit,Outgoing Wire,0501
TXN0002657,7563582467,2025-01-16,-33624.54,Debit,Vendor Payment,0245
TXN0005641,4354154579,2025-06-24,-694.65,Debit,Outgoing Wire,0112
TXN0005317,8059276795,2025-06-07,-31259.07,Debit,Account Transfer,0678
TXN0004603,6874714000,2025-03-17,-27695.89,Debit,Outgoing Wire,0678
TXN0003260,4663089997,2025-02-13,37625.27,Credit,Account Transfer,0112
TXN0000202,1339572328,2025-06-11,-30861.48,Debit,ATM Cash Withdrawal,0678
TXN0000124,7392060054,2025-03-11,-39802.18,Debit,Vendor Payment,0678
TXN0001729,2161119457,2025-04-24,-23369.34,Debit,Incoming Wire,0389
TXN0001614,3408500111,2025-01-05,-40154.94,Debit,Account Transfer,0112
TXN0004312,8856795045,2025-05-03,-26402.99,Debit,Outgoing Wire,0245
TXN0003576,6627083826,2025-06-21,27719.24,Credit,Payroll Deposit,0678
TXN0005964,5570339927,2025-04-07,-1111.86,Debit,Vendor Payment,0389
TXN0000029,3417494046,2025-01-17,-31102.13,Debit,Account Transfer,0678
TXN0003153,6829845277,2025-06-06,-29618.94,Debit,POS Purchase,0501
TXN0002273,3507533388,2025-05-19,4313.52,Credit,Payroll Deposit,0501
TXN0004542,6922126801,2025-03-11,-7009.48,Debit,Vendor Payment,0245
TXN0003113,8368841861,2025-03-22,-2955.45,Debit,Account Transfer,0112
TXN0003619,9950933716,2025-05-11,-15757.39,Debit,ATM Cash Withdrawal,0678
TXN0005759,7806563367,2025-03-10,28402.17,Credit,Check Deposit,0245
TXN0004987,3793976761,2025-02-22,-23222.29,Debit,Incoming Wire,0112
TXN0003575,7087842908,2025-06-24,-24445.92,Debit,Account Transfer,0678
TXN0004709,1799669624,2025-06-11,31405.39,Credit,Payroll Deposit,0501
TXN0001894,1863514106,2025-05-16,-1575.86,Debit,Outgoing Wire,0112
TXN0002600,6617384603,2025-02-11,-41120.81,Debit,Incoming Wire,0112
TXN0005276,6387217713,2025-06-24,-18390.50,Debit,POS Purchase,0245
TXN0000684,7008809909,2025-05-20,-26888.60,Debit,POS Purchase,0245
TXN0005804,6373457567,2025-04-29,-14623.01,Debit,Incoming Wire,0245
TXN0003859,5199027281,2025-05-10,-32396.99,Debit,POS Purchase,0678
TXN0002280,7832771244,2025-01-01,-27290.47,Debit,ATM Cash Withdrawal,0501
TXN0005577,6119313927,2025-02-13,-17021.88,Debit,ATM Cash Withdrawal,0112
TXN0000957,6172815679,2025-06-30,-38219.78,Debit,Incoming Wire,0245
TXN0004256,9584185472,2025-05-11,22171.35,Credit,Payroll Deposit,0678
TXN0000936,3408935462,2025-03-03,-33275.15,Debit,Vendor Payment,0389
TXN0002483,6654952165,2025-03-27,-9550.54,Debit,Account Transfer,0112
TXN0000839,7141437272,2025-06-13,-39325.56,Debit,Outgoing Wire,0389
TXN0002966,5561903047,2025-01-03,34109.67,Credit,Payroll Deposit,0112
TXN0002392,2010742065,2025-05-14,-13255.62,Debit,Incoming Wire,0678
TXN0003635,3153745873,2025-03-26,17583.08,Credit,Payroll Deposit,0678
TXN0004680,2897606275,2025-01-31,-6342.75,Debit,Vendor Payment,0501
TXN0005310,6925732660,2025-04-24,40807.09,Credit,Outgoing Wire,0245
TXN0001352,5541986822,2025-06-01,19870.66,Credit,Check Deposit,0245
TXN0005812,9445487361,2025-02-26,37005.08,Credit,Incoming Wire,0678
TXN0000226,8997105907,2025-01-29,-23944.49,Debit,POS Purchase,0112
TXN0005126,2111583184,2025-04-21,39286.84,Credit,Check Deposit,0501
TXN0004905,5116027035,2025-04-09,630.12,Credit,ATM Cash Withdrawal,0112
TXN0003039,3501202262,2025-06-01,-4626.46,Debit,Incoming Wire,0501
TXN0003518,6620537287,2025-04-02,-38986.14,Debit,ATM Cash Withdrawal,0678
TXN0004214,3589980390,2025-02-12,-35673.98,Debit,POS Purchase,0389
TXN0003234,8916335902,2025-04-29,-19534.82,Debit,ATM Cash Withdrawal,0501
TXN0003063,8738768057,2025-04-16,-38902.59,Debit,Outgoing Wire,0678
TXN0005809,7233271247,2025-03-30,-21833.19,Debit,Vendor Payment,0389
TXN0005328,3744098914,2025-02-14,-31566.92,Debit,Account Transfer,0112
TXN0003446,2423165537,2025-05-01,18544.96,Credit,Check Deposit,0678
TXN0000671,8409371857,2025-04-03,43281.23,Credit,Check Deposit,0678
TXN0003208,6100058552,2025-04-15,-26167.69,Debit,POS Purchase,0389
TXN0002237,6026450299,2025-04-30,-36588.75,Debit,Incoming Wire,0678
TXN0004051,4768010355,2025-06-08,-19325.18,Debit,ATM Cash Withdrawal,0245
TXN0003013,3794270068,2025-06-23,9931.75,Credit,Outgoing Wire,0112
TXN0005822,2621910478,2025-05-20,-38967.80,Debit,POS Purchase,0678
TXN0004181,9539014598,2025-04-13,37567.69,Credit,Check Deposit,0389
TXN0004563,5729540531,2025-03-10,15003.87,Credit,Check Deposit,0245
TXN0002570,1081028093,2025-06-26,36913.27,Credit,Payroll Deposit,0389
TXN0002354,5867540839,2025-04-15,-4784.93,Debit,Incoming Wire,0501
TXN0001495,5880299342,2025-05-02,24329.49,Credit,Account Transfer,0245
TXN0001010,3982775170,2025-05-29,38311.00,Credit,Account Transfer,0245
TXN0001955,1757485580,2025-04-23,-14017.54,Debit,Outgoing Wire,0501
TXN0003630,8991454216,2025-02-28,38593.93,Credit,Account Transfer,0112
TXN0005783,4596341015,2025-03-14,-41050.71,Debit,Vendor Payment,0112
TXN0000303,1535858157,2025-05-20,-11955.28,Debit,ATM Cash Withdrawal,0678
TXN0004876,9438035646,2025-04-23,-38357.37,Debit,Account Transfer,0389
TXN0002162,8011579629,2025-02-08,4338.65,Credit,Payroll Deposit,0501
TXN0002584,9997787829,2025-02-05,-8469.98,Debit,Incoming Wire,0389
TXN0002675,7233888338,2025-06-24,-24217.72,Debit,Outgoing Wire,0112
TXN0000223,8127147400,2025-05-10,-17565.43,Debit,Incoming Wire,0389
TXN0003516,6991413102,2025-02-20,-12743.50,Debit,ATM Cash Withdrawal,0112
TXN0004055,6687087101,2025-06-08,-34294.11,Debit,Incoming Wire,0501
TXN0003504,7216917111,2025-01-26,-12736.26,Debit,Outgoing Wire,0112
TXN0004089,5904230329,2025-05-06,-20503.07,Debit,Outgoing Wire,0389
TXN0000792,1003239853,2025-02-27,-21684.45,Debit,Vendor Payment,0245
TXN0000828,1503110472,2025-02-21,-36994.98,Debit,ATM Cash Withdrawal,0678
TXN0000624,4641867128,2025-06-24,-11084.11,Debit,Outgoing Wire,0501
TXN0003825,7629191535,2025-02-22,-43377.25,Debit,Incoming Wire,0678
TXN0002186,1690850715,2025-01-09,-8351.72,Debit,ATM Cash Withdrawal,0501
TXN0002245,2362182662,2025-03-03,-5971.50,Debit,Incoming Wire,0245
TXN0000450,9350616678,2025-01-18,39128.38,Credit,Account Transfer,0678
TXN0001480,5302253396,2025-04-29,-42783.30,Debit,POS Purchase,0112
TXN0002553,6344715758,2025-06-18,-25776.95,Debit,Vendor Payment,0245
TXN0004838,5383045699,2025-01-16,-11801.29,Debit,Outgoing Wire,0678
TXN0002190,1315421285,2025-05-28,-5528.69,Debit,Account Transfer,0245
TXN0002986,4026664367,2025-06-05,-17925.12,Debit,Outgoing Wire,0501
TXN0005495,5604524824,2025-02-01,-15956.10,Debit,Outgoing Wire,0112
TXN0005203,6182606333,2025-03-20,-12975.81,Debit,Outgoing Wire,0245
TXN0000364,3862031352,2025-02-06,41743.56,Credit,Check Deposit,0112
TXN0005330,7681040154,2025-06-09,-16187.46,Debit,Account Transfer,0501
TXN0001207,2413651666,2025-04-10,41409.30,Credit,Payroll Deposit,0389
TXN0004299,8242185031,2025-01-08,28024.84,Credit,Payroll Deposit,0678
TXN0004538,1101030166,2025-04-20,25864.22,Credit,Payroll Deposit,0501
TXN0004151,7732650191,2025-06-03,-16453.25,Debit,Outgoing Wire,0389
TXN0005402,1629473471,2025-04-13,41542.80,Credit,Payroll Deposit,0112
TXN0000566,3305168891,2025-06-30,40338.08,Credit,Payroll Deposit,0678
TXN0005787,2475654655,2025-04-20,-26179.50,Debit,Vendor Payment,0678
TXN0000129,9376814624,2025-06-09,-18398.95,Debit,ATM Cash Withdrawal,0112
TXN0002549,9572851987,2025-02-06,-42539.25,Debit,POS Purchase,0678
TXN0005589,1612783858,2025-04-05,21789.30,Credit,Payroll Deposit,0501
TXN0004784,3404437248,2025-03-18,-15874.38,Debit,Account Transfer,0245
TXN0003904,3678045890,2025-02-23,38478.36,Credit,Payroll Deposit,0389
TXN0001167,9015192775,2025-05-20,-28418.09,Debit,Account Transfer,0112
TXN0002092,1327106161,2025-01-02,-7819.47,Debit,Vendor Payment,0501
TXN0002687,9581513318,2025-03-16,-31019.27,Debit,Outgoing Wire,0245
TXN0004331,2033065903,2025-04-29,12493.18,Credit,Payroll Deposit,0112
TXN0003209,7011990647,2025-01-13,-8581.12,Debit,POS Purchase,0389
TXN0003594,4507981083,2025-05-19,29180.45,Credit,Account Transfer,0501
TXN0005565,8428278438,2025-03-04,4537.94,Credit,Check Deposit,0112
TXN0003597,6631384540,2025-01-13,-37301.40,Debit,ATM Cash Withdrawal,0245
TXN0005406,2917419321,2025-01-23,27885.24,Credit,Account Transfer,0112
TXN0001127,7206042126,2025-06-12,-17057.43,Debit,Outgoing Wire,0245
TXN0000880,3295096169,2025-06-04,42022.38,Credit,Payroll Deposit,0501
TXN0005425,9428558515,2025-05-05,7671.95,Credit,Check Deposit,0245
TXN0000088,9157558290,2025-06-28,28601.13,Credit,Payroll Deposit,0678
TXN0004984,9002723718,2025-04-26,-32812.30,Debit,Incoming Wire,0389
TXN0005016,6175635572,2025-05-28,305.97,Credit,Payroll Deposit,0245
TXN0005156,4000043018,2025-04-09,-19562.60,Debit,Incoming Wire,0501
TXN0003356,4357165235,2025-06-27,-7360.13,Debit,POS Purchase,0501
TXN0004705,6963786541,2025-01-26,-3020.32,Debit,Outgoing Wire,0501
TXN0002003,6884928935,2025-06-26,-10683.97,Debit,Vendor Payment,0501
TXN0004926,8880655968,2025-02-07,-32303.82,Debit,Incoming Wire,0112
TXN0003574,2528965260,2025-02-17,34409.23,Credit,Payroll Deposit,0112
TXN0003782,9113504274,2025-04-10,3305.93,Credit,Payroll Deposit,0112
TXN0004895,3773302314,2025-04-22,-31090.53,Debit,ATM Cash Withdrawal,0501
TXN0004781,4830498794,2025-04-13,2217.77,Credit,Check Deposit,0501
TXN0001975,5613411907,2025-04-27,-18279.57,Debit,Vendor Payment,0501
TXN0005837,7485559803,2025-03-18,-27979.94,Debit,Outgoing Wire,0245
TXN0002948,5697966161,2025-02-09,-41002.50,Debit,Incoming Wire,0501
TXN0003447,9746851175,2025-04-15,23226.69,Credit,ATM Cash Withdrawal,0501
TXN0004938,9281403350,2025-06-18,-1725.35,Debit,Outgoing Wire,0678
TXN0001856,7575850774,2025-04-14,7952.93,Credit,Payroll Deposit,0501
TXN0000510,1872920873,2025-04-23,12288.08,Credit,Account Transfer,0678
TXN0003607,9430005575,2025-03-05,6449.17,Credit,Payroll Deposit,0501
TXN0002999,9499184828,2025-04-28,-29177.89,Debit,ATM Cash Withdrawal,0389
TXN0004712,1922918484,2025-04-10,-15333.08,Debit,Account Transfer,0389
TXN0001664,4606057917,2025-06-15,-31157.66,Debit,Incoming Wire,0678
TXN0003748,1130989559,2025-02-02,20728.85,Credit,POS Purchase,0112
TXN0004686,2903500602,2025-04-09,10313.44,Credit,Payroll Deposit,0245
TXN0004597,3462920726,2025-03-14,33195.01,Credit,Payroll Deposit,0245
TXN0003327,9833133048,2025-05-28,-32100.59,Debit,ATM Cash Withdrawal,0245
TXN0001827,6065265742,2025-02-17,32865.43,Credit,Payroll Deposit,0678
TXN0005100,9175163264,2025-06-30,-39261.05,Debit,Vendor Payment,0389
TXN0004392,8229829887,2025-05-13,22026.87,Credit,Payroll Deposit,0112
TXN0000205,6346369285,2025-01-12,-27714.66,Debit,Incoming Wire,0112
TXN0004580,1496216523,2025-03-14,-17380.62,Debit,Incoming Wire,0389
TXN0001504,6392288358,2025-06-02,-42845.20,Debit,ATM Cash Withdrawal,0389
TXN0003247,2020827945,2025-06-12,-41523.72,Debit,POS Purchase,0112
TXN0005426,4898422255,2025-06-25,22758.12,Credit,Payroll Deposit,0501
TXN0002801,7848513592,2025-06-11,10835.50,Credit,Payroll Deposit,0112
TXN0001870,4601508819,2025-04-08,-2322.93,Debit,Outgoing Wire,0112
TXN0004917,4436978817,2025-04-14,-21535.03,Debit,Vendor Payment,0112
TXN0002478,9875636972,2025-05-09,-12901.43,Debit,Vendor Payment,0501
TXN0004599,2098186597,2025-06-12,-2470.30,Debit,Vendor Payment,0389
TXN0002666,1486262592,2025-01-26,-14309.85,Debit,Vendor Payment,0245
TXN0002316,8221446014,2025-04-17,-3434.31,Debit,ATM Cash Withdrawal,0501
TXN0005884,5277400939,2025-04-16,-12611.57,Debit,Vendor Payment,0678
TXN0003562,5533867984,2025-05-17,-6036.99,Debit,Vendor Payment,0245
TXN0001454,6092432559,2025-03-31,-29027.85,Debit,Vendor Payment,0112
TXN0001309,2081876637,2025-03-04,-14258.20,Debit,Incoming Wire,0389
TXN0003650,6991309472,2025-05-20,44587.32,Credit,Account Transfer,0389
TXN0003570,3121257555,2025-03-11,-20275.85,Debit,Vendor Payment,0112
TXN0005181,1715219297,2025-03-11,-29828.21,Debit,Account Transfer,0245
TXN0005639,7282649435,2025-05-21,-7677.95,Debit,POS Purchase,0501
TXN0005323,6763890573,2025-03-11,-5513.90,Debit,Incoming Wire,0245
TXN0000781,2208570775,2025-04-06,15249.31,Credit,Payroll Deposit,0678
TXN0003841,8298373505,2025-01-08,-31964.95,Debit,ATM Cash Withdrawal,0389
TXN0005720,8482953210,2025-06-22,-15857.76,Debit,ATM Cash Withdrawal,0678
TXN0001865,7821850789,2025-01-10,-36749.26,Debit,Incoming Wire,0245
TXN0002516,4263553005,2025-06-05,-18327.44,Debit,ATM Cash Withdrawal,0501
TXN0005808,4131906074,2025-01-06,-23674.55,Debit,Incoming Wire,0245
TXN0000993,1536007886,2025-04-23,-29071.57,Debit,Outgoing Wire,0501
TXN0005877,5634137437,2025-05-03,-43306.95,Debit,Vendor Payment,0112
TXN0004606,5089283067,2025-02-26,-27071.00,Debit,Outgoing Wire,0112
TXN0002726,9039057495,2025-04-09,6601.15,Credit,Check Deposit,0112
TXN0003131,6675696542,2025-06-27,-20536.49,Debit,Incoming Wire,0112
TXN0003978,6273106749,2025-06-26,29377.69,Credit,Check Deposit,0501
TXN0004306,7181245385,2025-05-13,-3126.02,Debit,ATM Cash Withdrawal,0245
TXN0004645,7181365581,2025-03-26,-22707.89,Debit,Incoming Wire,0245
TXN0001924,9752488396,2025-05-13,-43176.20,Debit,Account Transfer,0678
TXN0000738,3637939244,2025-02-26,-5381.23,Debit,Incoming Wire,0245
TXN0001645,7604617223,2025-06-24,-12138.11,Debit,Vendor Payment,0112
TXN0005184,1479557848,2025-06-21,16665.45,Credit,Payroll Deposit,0112
TXN0004027,2100537793,2025-03-19,-42681.04,Debit,Incoming Wire,0112
TXN0001262,4963700248,2025-03-14,-19404.15,Debit,Outgoing Wire,0112
TXN0004662,5619897084,2025-03-14,-8574.41,Debit,POS Purchase,0112
TXN0005726,5918149350,2025-06-19,-36675.55,Debit,Outgoing Wire,0389
TXN0003732,1785959804,2025-03-12,21599.77,Credit,Check Deposit,0501
TXN0000280,3153025426,2025-05-02,-18478.70,Debit,Outgoing Wire,0678
TXN0002131,6612274588,2025-04-24,12651.42,Credit,Payroll Deposit,0389
TXN0004540,9559277844,2025-03-17,-32659.46,Debit,ATM Cash Withdrawal,0112
TXN0001157,8614114066,2025-04-26,-3584.02,Debit,Outgoing Wire,0245
TXN0000244,3657458122,2025-06-25,-26964.44,Debit,Incoming Wire,0112
TXN0003183,8541383544,2025-05-21,-44136.49,Debit,Account Transfer,0501
TXN0001409,5866372628,2025-03-14,-34919.03,Debit,POS Purchase,0389
TXN0002212,7372572667,2025-04-05,-19198.12,Debit,POS Purchase,0501
TXN0000882,8557919798,2025-03-12,-1557.89,Debit,Vendor Payment,0501
TXN0002932,9009242239,2025-05-13,1422.30,Credit,Payroll Deposit,0389
TXN0001114,3143664488,2025-01-22,16929.42,Credit,Payroll Deposit,0678
TXN0000885,8664124772,2025-02-18,36739.29,Credit,Payroll Deposit,0389
TXN0001940,4632790997,2025-05-10,-25796.94,Debit,Outgoing Wire,0245
TXN0000528,1398458976,2025-05-15,158.40,Credit,Payroll Deposit,0245
TXN0005134,3164579163,2025-04-22,671.70,Credit,Payroll Deposit,0245
TXN0005423,7200441975,2025-06-09,39699.58,Credit,Check Deposit,0678
TXN0001183,6869969535,2025-05-25,-26966.47,Debit,Account Transfer,0112
TXN0002311,7151346585,2025-05-27,-6264.18,Debit,ATM Cash Withdrawal,0501
TXN0001041,5695280990,2025-06-22,-9988.02,Debit,Vendor Payment,0112
TXN0005493,7829939532,2025-06-26,-31303.80,Debit,ATM Cash Withdrawal,0389
TXN0003111,3299374097,2025-05-27,-10817.67,Debit,Vendor Payment,0501
TXN0001333,6100132007,2025-04-15,-14501.05,Debit,Outgoing Wire,0112
TXN0001432,2677333947,2025-02-27,-32629.78,Debit,Incoming Wire,0678
TXN0003663,8735735020,2025-03-25,-31165.17,Debit,POS Purchase,0245
TXN0005760,8721571430,2025-03-19,-22984.53,Debit,ATM Cash Withdrawal,0501
TXN0004482,9288346394,2025-04-26,-14048.56,Debit,POS Purchase,0112
TXN0000822,3803562022,2025-01-18,-5072.76,Debit,Outgoing Wire,0678
TXN0001628,4746793067,2025-01-09,-30947.41,Debit,POS Purchase,0245
TXN0003121,6353245940,2025-03-19,9502.27,Credit,Check Deposit,0501
TXN0001344,9059463269,2025-02-20,-9410.99,Debit,ATM Cash Withdrawal,0678
TXN0000135,3153975118,2025-05-12,-25785.00,Debit,ATM Cash Withdrawal,0112
TXN0003933,3611660648,2025-05-06,-31891.98,Debit,POS Purchase,0389
TXN0000208,2925785443,2025-04-22,-9231.69,Debit,POS Purchase,0389
TXN0005608,9371915223,2025-03-21,37807.19,Credit,Check Deposit,0112
TXN0000793,1179720360,2025-01-07,25079.34,Credit,Account Transfer,0501
TXN0005731,3904049724,2025-04-01,-32657.66,Debit,ATM Cash Withdrawal,0678
TXN0005216,4331552813,2025-04-19,-21568.27,Debit,ATM Cash Withdrawal,0112
TXN0004659,9621195915,2025-01-16,11004.66,Credit,Payroll Deposit,0112
TXN0004118,2450642765,2025-01-31,-16650.83,Debit,POS Purchase,0501
TXN0002903,4306816140,2025-06-07,-2593.58,Debit,Incoming Wire,0678
TXN0003476,4993653371,2025-05-15,-27305.58,Debit,Incoming Wire,0245
TXN0002913,8471774850,2025-04-15,11055.88,Credit,Check Deposit,0678
TXN0002043,8693723858,2025-01-13,-35206.87,Debit,Outgoing Wire,0112
TXN0001031,5345308576,2025-01-15,-7620.37,Debit,Outgoing Wire,0678
TXN0003169,9730123702,2025-02-02,-40402.20,Debit,Outgoing Wire,0389
TXN0003510,2956866066,2025-03-30,-14586.38,Debit,ATM Cash Withdrawal,0112
TXN0005208,1571839894,2025-06-07,-40280.95,Debit,Outgoing Wire,0245
TXN0003775,6402972495,2025-04-28,14994.87,Credit,Vendor Payment,0389
TXN0002115,3906725444,2025-06-01,-14601.53,Debit,ATM Cash Withdrawal,0389
TXN0001256,5429927559,2025-03-06,-37059.72,Debit,Vendor Payment,0112
TXN0002389,6112237697,2025-02-21,-24598.02,Debit,POS Purchase,0245
TXN0000540,6716962152,2025-06-16,-29894.60,Debit,Outgoing Wire,0678
TXN0001100,5336343133,2025-01-17,-36244.61,Debit,ATM Cash Withdrawal,0501
TXN0000920,9083622268,2025-02-05,-29119.98,Debit,ATM Cash Withdrawal,0501
TXN0000093,7807075286,2025-01-17,2733.28,Credit,Payroll Deposit,0678
TXN0005154,7638683211,2025-05-27,-2528.83,Debit,Outgoing Wire,0678
TXN0004842,1542539000,2025-05-09,40602.31,Credit,Payroll Deposit,0501
TXN0005997,8632793782,2025-03-10,24827.51,Credit,Payroll Deposit,0389
TXN0005352,2868305259,2025-01-15,38988.85,Credit,Account Transfer,0389
TXN0003660,6067495508,2025-06-18,33949.19,Credit,Account Transfer,0501
TXN0003068,7539855813,2025-05-21,38848.23,Credit,Check Deposit,0678
TXN0002107,6230035544,2025-02-06,32565.18,Credit,Check Deposit,0245
TXN0004119,9995834781,2025-01-01,-7434.70,Debit,Outgoing Wire,0678
TXN0003089,7087650465,2025-01-15,20514.30,Credit,Check Deposit,0501
TXN0002686,9759154673,2025-06-26,17602.96,Credit,Payroll Deposit,0501
TXN0005113,5471639699,2025-03-01,-25143.45,Debit,ATM Cash Withdrawal,0678
TXN0002659,6434711681,2025-06-10,-4185.29,Debit,ATM Cash Withdrawal,0245
TXN0001552,9414141794,2025-05-05,-33822.79,Debit,ATM Cash Withdrawal,0112
TXN0004728,6064603730,2025-04-21,-5079.14,Debit,Incoming Wire,0112
TXN0000109,8255106057,2025-06-11,10576.15,Credit,Vendor Payment,0389
TXN0005987,1162951492,2025-01-19,-40080.84,Debit,ATM Cash Withdrawal,0112
TXN0004805,6518347335,2025-04-28,17058.10,Credit,Account Transfer,0389
TXN0000917,3977573667,2025-05-29,18064.51,Credit,Check Deposit,0389
TXN0001388,2655797061,2025-06-01,-26776.61,Debit,Outgoing Wire,0112
TXN0003965,1178808641,2025-06-29,-18338.10,Debit,ATM Cash Withdrawal,0389
TXN0002587,1485976964,2025-01-23,28011.38,Credit,Payroll Deposit,0389
TXN0003794,9746340481,2025-06-15,-5561.14,Debit,Incoming Wire,0678
TXN0003075,6530879825,2025-05-15,35240.41,Credit,Payroll Deposit,0245
TXN0000047,4033990956,2025-02-22,20519.60,Credit,Payroll Deposit,0112
TXN0003249,8514150189,2025-05-13,26647.66,Credit,Payroll Deposit,0389
TXN0005491,5373203170,2025-01-31,13162.56,Credit,Payroll Deposit,0245
TXN0005055,3053233646,2025-01-04,5861.11,Credit,Account Transfer,0389
TXN0004615,7683498506,2025-01-10,-32033.53,Debit,POS Purchase,0112
TXN0000175,5894171503,2025-05-23,-21925.60,Debit,Incoming Wire,0678
TXN0004797,8290193794,2025-04-25,21887.87,Credit,Check Deposit,0389
TXN0002217,8465350447,2025-06-03,43330.91,Credit,Payroll Deposit,0245
TXN0004839,1357606254,2025-03-15,-27737.75,Debit,Account Transfer,0501
TXN0002202,6870107152,2025-04-01,-25455.90,Debit,Incoming Wire,0389
TXN0005869,8304062619,2025-05-11,-21857.21,Debit,POS Purchase,0245
TXN0004430,8354773698,2025-05-19,-13975.28,Debit,ATM Cash Withdrawal,0112
TXN0003515,8420543975,2025-03-25,-1141.53,Debit,POS Purchase,0389
TXN0003572,6754853454,2025-01-20,-36316.09,Debit,Incoming Wire,0245
TXN0004428,7467637744,2025-01-30,-8679.79,Debit,ATM Cash Withdrawal,0112
TXN0005672,4214928432,2025-01-29,-29429.96,Debit,Outgoing Wire,0245
TXN0003440,6241797398,2025-05-26,30131.25,Credit,Payroll Deposit,0678
TXN0005274,3098809963,2025-02-19,-1605.62,Debit,POS Purchase,0501
TXN0003985,2286795073,2025-04-04,-26719.20,Debit,Vendor Payment,0389
TXN0001259,7325941347,2025-02-11,-35795.37,Debit,Vendor Payment,0112
TXN0005604,8770050678,2025-02-22,-6560.57,Debit,Outgoing Wire,0678
TXN0000745,1326510423,2025-02-15,-7825.48,Debit,POS Purchase,0389
TXN0004638,4299547484,2025-06-03,-32284.69,Debit,Account Transfer,0112
TXN0004266,1938133106,2025-05-07,32328.45,Credit,Account Transfer,0501
TXN0002049,2017840269,2025-03-02,23793.58,Credit,ATM Cash Withdrawal,0501
TXN0005832,9320890119,2025-06-23,-11317.79,Debit,Vendor Payment,0112
TXN0003383,8435507921,2025-06-12,-40132.52,Debit,Incoming Wire,0112
TXN0003502,5055295126,2025-03-02,-25505.69,Debit,ATM Cash Withdrawal,0501
TXN0002397,8943824671,2025-06-03,3950.46,Credit,Payroll Deposit,0245
TXN0000095,7886122952,2025-01-14,9132.77,Credit,Check Deposit,0678
TXN0005683,1616242424,2025-02-22,29111.17,Credit,Account Transfer,0389
TXN0004243,7662968480,2025-05-12,-33562.23,Debit,ATM Cash Withdrawal,0389
TXN0002833,1367992190,2025-05-08,7420.88,Credit,Payroll Deposit,0389
TXN0000597,5962059707,2025-03-27,22266.28,Credit,Check Deposit,0501
TXN0001148,7699920592,2025-01-26,16617.45,Credit,Account Transfer,0245
TXN0003882,8754395648,2025-04-25,-5908.86,Debit,POS Purchase,0112
TXN0004288,3224861707,2025-06-30,-40198.67,Debit,Account Transfer,0678
TXN0003554,9201948225,2025-04-14,21192.22,Credit,POS Purchase,0678
TXN0001107,6607262133,2025-03-06,-21369.70,Debit,Incoming Wire,0389
TXN0004070,9620397118,2025-06-24,38495.76,Credit,Vendor Payment,0501
TXN0004665,7588505365,2025-02-14,-9239.60,Debit,Vendor Payment,0245
TXN0000306,2787857634,2025-01-07,12772.08,Credit,Payroll Deposit,0678
TXN0003730,8527738547,2025-04-19,926.53,Credit,Check Deposit,0112
TXN0004918,1256436263,2025-01-20,33905.24,Credit,Account Transfer,0389
TXN0002265,7812701871,2025-01-03,35205.59,Credit,Incoming Wire,0112
TXN0005094,6902923645,2025-04-29,2573.74,Credit,Check Deposit,0389
TXN0005770,1979967288,2025-03-24,-20121.49,Debit,Vendor Payment,0678
TXN0003876,5307770480,2025-03-24,-7224.45,Debit,POS Purchase,0112
TXN0000419,3990259761,2025-03-12,17555.88,Credit,Account Transfer,0389
TXN0003552,9040170728,2025-03-27,-33537.40,Debit,Outgoing Wire,0501
TXN0000550,5598218706,2025-06-06,-8444.15,Debit,ATM Cash Withdrawal,0245
TXN0001276,8872215904,2025-03-18,28426.41,Credit,Payroll Deposit,0501
TXN0000712,5405665463,2025-03-08,-26148.09,Debit,Account Transfer,0245
TXN0005008,5965573794,2025-02-06,32676.58,Credit,Account Transfer,0389
TXN0000962,8675912554,2025-03-17,-32848.02,Debit,Incoming Wire,0501
TXN0003228,8261545489,2025-05-27,-7371.26,Debit,Outgoing Wire,0501
TXN0000773,3030491742,2025-05-20,-11769.08,Debit,ATM Cash Withdrawal,0245
TXN0005658,6160826413,2025-02-12,1651.48,Credit,Check Deposit,0389
TXN0003192,1696075625,2025-05-01,4735.32,Credit,Payroll Deposit,0678
TXN0003342,7413892352,2025-04-09,-11567.93,Debit,Incoming Wire,0245
TXN0005733,9408538702,2025-04-28,44336.08,Credit,Check Deposit,0678
TXN0000907,6204541868,2025-04-16,-23215.03,Debit,Incoming Wire,0245
TXN0000252,4151275527,2025-06-04,-20079.30,Debit,Outgoing Wire,0112
TXN0000006,4036610734,2025-05-05,20935.67,Credit,Payroll Deposit,0245
TXN0004489,5987810938,2025-06-06,-39425.87,Debit,ATM Cash Withdrawal,0678
TXN0000071,5948369358,2025-04-11,42935.16,Credit,ATM Cash Withdrawal,0678
TXN0004006,8487199710,2025-06-25,17314.41,Credit,Check Deposit,0501
TXN0003216,9837297466,2025-05-23,7421.21,Credit,Check Deposit,0112
TXN0000240,3456336875,2025-01-24,22363.53,Credit,Check Deposit,0245
TXN0005476,5989485009,2025-06-06,-11808.10,Debit,Vendor Payment,0112
TXN0004704,3838889653,2025-06-02,-7724.72,Debit,Incoming Wire,0501
TXN0003250,4947929430,2025-04-10,-28955.14,Debit,Outgoing Wire,0501
TXN0001074,6203910402,2025-02-10,7110.94,Credit,Payroll Deposit,0112
TXN0005942,2696361197,2025-03-05,-12562.90,Debit,ATM Cash Withdrawal,0245
TXN0005022,1539446309,2025-03-21,-29089.70,Debit,Outgoing Wire,0501
TXN0004090,9599072474,2025-06-24,-1799.36,Debit,POS Purchase,0112
TXN0001489,6064903091,2025-05-24,-2013.28,Debit,Incoming Wire,0389
TXN0002914,8679124243,2025-01-06,-43602.93,Debit,POS Purchase,0501
TXN0004574,9179461553,2025-01-22,38255.60,Credit,Account Transfer,0678
TXN0002080,4275602551,2025-05-13,-21503.02,Debit,Incoming Wire,0245
TXN0003199,9086343831,2025-02-11,-31610.66,Debit,Incoming Wire,0678
TXN0002551,4864931245,2025-03-05,-34460.56,Debit,Outgoing Wire,0678
TXN0003474,3531762614,2025-05-21,-30591.45,Debit,Account Transfer,0678
TXN0000366,3425694474,2025-06-25,18613.43,Credit,Payroll Deposit,0245
TXN0004859,2597773594,2025-01-21,-28735.29,Debit,Account Transfer,0501
TXN0002407,1591548130,2025-03-31,36817.17,Credit,Check Deposit,0678
TXN0003300,1477637087,2025-06-21,-30780.34,Debit,Outgoing Wire,0389
TXN0005677,2187000542,2025-02-05,-37943.87,Debit,Vendor Payment,0678
TXN0005111,5718721763,2025-02-03,-9787.67,Debit,Outgoing Wire,0678
TXN0003809,6735427695,2025-02-01,-26505.42,Debit,Incoming Wire,0112
TXN0001327,6709676668,2025-02-12,43466.98,Credit,Check Deposit,0245
TXN0003337,4204039317,2025-01-26,-35590.43,Debit,Outgoing Wire,0245
TXN0002417,1528868871,2025-05-31,24788.51,Credit,Check Deposit,0245
TXN0002924,3906113209,2025-05-09,158.73,Credit,Payroll Deposit,0112
TXN0003712,3188177463,2025-03-12,-32245.84,Debit,ATM Cash Withdrawal,0501
TXN0000601,9812565801,2025-03-17,-34029.60,Debit,Vendor Payment,0389
TXN0004785,4204765387,2025-01-12,4230.28,Credit,Check Deposit,0389
TXN0005782,1204372081,2025-06-02,15083.29,Credit,Account Transfer,0501
TXN0001917,5510417831,2025-04-17,-34313.99,Debit,Outgoing Wire,0678
TXN0001506,2892249303,2025-04-16,-22720.28,Debit,Outgoing Wire,0389
TXN0001013,1336232419,2025-06-27,20163.40,Credit,Account Transfer,0678
TXN0002823,9964232108,2025-06-20,-19380.77,Debit,Incoming Wire,0245
TXN0000662,2240644505,2025-04-23,-3298.22,Debit,Incoming Wire,0112
TXN0005390,6509655174,2025-01-19,-20827.35,Debit,Outgoing Wire,0112
TXN0000689,3863622696,2025-01-22,7981.14,Credit,Payroll Deposit,0112
TXN0004841,6251879960,2025-03-28,23190.47,Credit,Check Deposit,0678
TXN0002294,6101957867,2025-01-23,13375.07,Credit,Check Deposit,0678
TXN0000115,1945131253,2025-05-21,182.28,Credit,Payroll Deposit,0501
TXN0001173,3773978319,2025-06-05,7188.01,Credit,Account Transfer,0678
TXN0004977,6168265362,2025-06-30,-23145.77,Debit,Vendor Payment,0245
TXN0000776,1515186730,2025-01-01,-12485.78,Debit,ATM Cash Withdrawal,0389
TXN0003471,1124583553,2025-03-13,-44642.34,Debit,Vendor Payment,0112
TXN0003009,4094902807,2025-05-10,-38003.26,Debit,ATM Cash Withdrawal,0245
TXN0000711,2971372939,2025-03-10,-19890.98,Debit,Incoming Wire,0112
TXN0000413,2424993597,2025-01-25,-22763.77,Debit,ATM Cash Withdrawal,0389
TXN0002621,8839871297,2025-01-25,7611.97,Credit,Check Deposit,0112
TXN0001210,2156892352,2025-06-23,-39851.43,Debit,Vendor Payment,0389
TXN0003628,8869579126,2025-05-06,-33411.41,Debit,ATM Cash Withdrawal,0389
TXN0001201,8553305143,2025-02-04,-41667.40,Debit,Vendor Payment,0389
TXN0004882,9812939199,2025-01-09,6395.08,Credit,Account Transfer,0389
TXN0000178,6291548292,2025-01-04,-15619.55,Debit,POS Purchase,0245
TXN0003799,5531405275,2025-03-15,-6279.69,Debit,Incoming Wire,0245
TXN0000342,5888806249,2025-01-18,22798.63,Credit,Account Transfer,0501
TXN0000938,1213354402,2025-01-26,-1492.90,Debit,Incoming Wire,0501
TXN0003822,4142178197,2025-05-22,-36061.24,Debit,POS Purchase,0678
TXN0003145,1855730213,2025-06-28,18025.03,Credit,Outgoing Wire,0501
TXN0002704,3648011128,2025-03-05,-23352.32,Debit,Account Transfer,0389
TXN0000859,8851775869,2025-05-13,-42609.36,Debit,POS Purchase,0678
TXN0002829,1886356486,2025-05-16,-18000.69,Debit,Account Transfer,0245
TXN0005678,1239668107,2025-02-17,10973.65,Credit,Account Transfer,0501
TXN0000296,8308386286,2025-02-02,-37850.12,Debit,POS Purchase,0501
TXN0003913,6223571177,2025-04-13,-44289.05,Debit,Outgoing Wire,0678
TXN0004238,2231476677,2025-02-04,17192.07,Credit,Payroll Deposit,0501
TXN0005070,8052577243,2025-01-08,140.34,Credit,Payroll Deposit,0501
TXN0003756,7436093980,2025-06-05,-18847.10,Debit,Account Transfer,0112
TXN0002554,8331800783,2025-06-10,-7045.25,Debit,Outgoing Wire,0389
TXN0004375,1500272473,2025-03-25,-29797.73,Debit,Outgoing Wire,0678
TXN0005063,1820287139,2025-02-07,20545.03,Credit,Payroll Deposit,0245
TXN0001950,1614822672,2025-02-10,42703.97,Credit,Check Deposit,0112
TXN0005746,3971296600,2025-05-05,-34567.75,Debit,ATM Cash Withdrawal,0245
TXN0003422,9335884145,2025-06-23,16252.46,Credit,Account Transfer,0112
TXN0002158,6198842832,2025-02-12,-7853.39,Debit,ATM Cash Withdrawal,0678
TXN0004571,9379198529,2025-04-06,-37938.78,Debit,ATM Cash Withdrawal,0501
TXN0000080,1070219129,2025-05-16,-1511.93,Debit,Incoming Wire,0501
TXN0003171,3750779867,2025-04-08,20132.38,Credit,Vendor Payment,0389
TXN0000676,3910938509,2025-04-03,-20343.20,Debit,Incoming Wire,0678
TXN0004902,2608938352,2025-05-21,7663.48,Credit,Account Transfer,0389
TXN0002817,1074708676,2025-02-16,-31502.76,Debit,POS Purchase,0245
TXN0002458,4389279180,2025-01-05,-9659.71,Debit,Incoming Wire,0678
TXN0002907,5261302396,2025-04-02,-43344.84,Debit,ATM Cash Withdrawal,0389
TXN0003551,8119306558,2025-04-22,5493.82,Credit,Payroll Deposit,0501
TXN0000645,9202508454,2025-06-18,39889.42,Credit,Check Deposit,0389
TXN0003298,5734352353,2025-03-25,-34119.45,Debit,Incoming Wire,0112
TXN0003454,4361001622,2025-02-21,-32517.92,Debit,Outgoing Wire,0501
TXN0002622,6399793283,2025-01-14,-16585.81,Debit,Incoming Wire,0678
TXN0003378,3098666704,2025-06-29,44982.89,Credit,Payroll Deposit,0501
TXN0004275,9228995468,2025-05-28,6766.34,Credit,Payroll Deposit,0245
TXN0001738,6860511628,2025-04-09,-3077.85,Debit,POS Purchase,0501
TXN0000256,8062946583,2025-02-27,-3492.39,Debit,POS Purchase,0678
TXN0002872,9207899416,2025-04-08,-35591.07,Debit,Vendor Payment,0678
TXN0003889,5596190414,2025-03-23,-41828.51,Debit,Outgoing Wire,0501
TXN0000332,3953517802,2025-03-09,-41922.16,Debit,Incoming Wire,0112
TXN0003243,4930381579,2025-06-25,-8862.26,Debit,POS Purchase,0112
TXN0003287,6420421605,2025-03-18,-25847.96,Debit,Outgoing Wire,0112
TXN0002198,6401588289,2025-06-06,-16472.21,Debit,Outgoing Wire,0678
TXN0001535,4350586775,2025-04-02,15790.52,Credit,POS Purchase,0678
TXN0003056,2257286440,2025-04-17,-15832.63,Debit,POS Purchase,0678
TXN0000530,3328144611,2025-05-01,9142.98,Credit,Account Transfer,0501
TXN0000630,6474432798,2025-06-08,-10168.28,Debit,Vendor Payment,0112
TXN0003873,7755793107,2025-01-31,-44758.01,Debit,Vendor Payment,0112
TXN0001972,4861510488,2025-03-17,28998.50,Credit,Check Deposit,0501
TXN0002021,8952896707,2025-04-25,1895.95,Credit,Vendor Payment,0389
TXN0000057,1761447600,2025-03-14,-39643.40,Debit,Vendor Payment,0112
TXN0000363,6069111615,2025-04-28,-22886.30,Debit,Vendor Payment,0245
TXN0003411,2281663891,2025-03-17,467.68,Credit,Check Deposit,0389
TXN0003507,4893689326,2025-04-09,29640.13,Credit,Check Deposit,0678
TXN0005629,6614147247,2025-02-07,-43107.69,Debit,POS Purchase,0389
TXN0004965,5607335020,2025-02-04,-24700.96,Debit,Incoming Wire,0389
TXN0004825,6441372544,2025-06-07,-35883.36,Debit,Vendor Payment,0501
TXN0004696,4083427278,2025-05-09,-21046.32,Debit,Account Transfer,0389
TXN0002772,5750670854,2025-01-20,-43150.42,Debit,Account Transfer,0112
TXN0004777,7528631744,2025-06-04,-6918.84,Debit,Incoming Wire,0112
TXN0004067,3384443738,2025-05-08,-33050.33,Debit,Account Transfer,0389
TXN0003084,4059380611,2025-06-28,-4573.27,Debit,Incoming Wire,0112
TXN0000410,8399085098,2025-06-11,-42879.10,Debit,ATM Cash Withdrawal,0112
TXN0003164,4090700054,2025-04-08,-3625.15,Debit,Vendor Payment,0112
TXN0003175,5225698735,2025-02-01,-3039.76,Debit,ATM Cash Withdrawal,0501
TXN0004444,3747731746,2025-02-02,25.69,Credit,Check Deposit,0112
TXN0005360,7313253920,2025-02-06,-1276.74,Debit,Incoming Wire,0678
TXN0003987,1931281755,2025-06-01,39306.80,Credit,Account Transfer,0245
TXN0004103,5219156071,2025-01-07,-19420.33,Debit,Account Transfer,0389
TXN0003320,7769879995,2025-02-08,41914.61,Credit,Payroll Deposit,0678
TXN0000971,5835356071,2025-05-23,26335.23,Credit,Check Deposit,0501
TXN0001762,2816150484,2025-05-17,-19473.13,Debit,Outgoing Wire,0501
TXN0005442,5462587249,2025-03-15,12340.93,Credit,ATM Cash Withdrawal,0678
TXN0003910,3726947583,2025-01-04,-38210.30,Debit,POS Purchase,0678
TXN0003640,7161066752,2025-03-20,-15231.17,Debit,Outgoing Wire,0245
TXN0000385,4804600757,2025-03-29,15918.01,Credit,Account Transfer,0112
TXN0005506,5139812365,2025-01-10,215.95,Credit,Payroll Deposit,0389
TXN0001696,8788761305,2025-03-21,4208.69,Credit,Check Deposit,0501
TXN0001776,6103444840,2025-04-13,-3330.18,Debit,ATM Cash Withdrawal,0501
TXN0003579,5755641237,2025-05-20,-15222.41,Debit,Incoming Wire,0389
TXN0002385,4199562186,2025-01-01,-26971.13,Debit,Incoming Wire,0389
TXN0005854,9666010211,2025-03-04,35957.21,Credit,Account Transfer,0112
TXN0005831,5023896187,2025-05-21,-8886.75,Debit,ATM Cash Withdrawal,0112
TXN0004798,7719127302,2025-01-21,-38771.03,Debit,Account Transfer,0245
TXN0002985,1376439394,2025-01-02,34864.24,Credit,Check Deposit,0389
TXN0002592,4601784337,2025-05-30,-27356.63,Debit,Incoming Wire,0245
TXN0001634,6540728631,2025-03-09,-7069.79,Debit,ATM Cash Withdrawal,0389
TXN0001408,9216428373,2025-05-20,5969.73,Credit,Check Deposit,0501
TXN0001332,1400764195,2025-02-05,-30095.85,Debit,POS Purchase,0112
TXN0003543,3892422680,2025-04-12,-20161.92,Debit,POS Purchase,0389
TXN0002412,9362197551,2025-03-08,-13772.29,Debit,Incoming Wire,0678
TXN0000012,1071188213,2025-01-16,20070.61,Credit,Check Deposit,0112
TXN0000254,4966724555,2025-04-17,-14433.23,Debit,Account Transfer,0112
TXN0001517,1286803819,2025-02-19,26466.59,Credit,Check Deposit,0245
TXN0000294,5255641679,2025-05-29,4062.28,Credit,Check Deposit,0112
TXN0005287,6910273723,2025-04-23,-2286.56,Debit,Outgoing Wire,0245
TXN0001792,2166440344,2025-04-28,-31614.76,Debit,POS Purchase,0678
TXN0000368,9955014177,2025-04-29,43949.91,Credit,Account Transfer,0501
TXN0003694,9695035087,2025-06-02,-4383.19,Debit,Outgoing Wire,0678
TXN0004848,2899466158,2025-05-03,44015.05,Credit,Check Deposit,0678
TXN0005744,5975313706,2025-05-28,-1470.94,Debit,POS Purchase,0389
TXN0003999,3561755019,2025-04-10,-33619.91,Debit,Outgoing Wire,0112
TXN0003767,6604604934,2025-06-29,-2932.24,Debit,Account Transfer,0112
TXN0002860,3907560426,2025-01-31,36718.81,Credit,POS Purchase,0245
TXN0001529,9371985124,2025-06-07,-13985.24,Debit,Outgoing Wire,0501
TXN0002396,5033511752,2025-02-03,-1395.60,Debit,Outgoing Wire,0112
TXN0004694,8454498401,2025-06-27,10433.92,Credit,Check Deposit,0389
TXN0005621,5511560432,2025-02-12,28696.47,Credit,Account Transfer,0501
TXN0005271,6695904059,2025-04-05,-33597.68,Debit,Vendor Payment,0389
TXN0001363,2223166912,2025-06-10,41435.22,Credit,Check Deposit,0245
TXN0001752,9577260157,2025-01-03,-36771.66,Debit,ATM Cash Withdrawal,0678
TXN0005401,8789441682,2025-04-16,32982.47,Credit,Check Deposit,0389
TXN0001017,1954011698,2025-05-22,-994.87,Debit,Vendor Payment,0112
TXN0001648,1722005426,2025-04-21,-41752.56,Debit,POS Purchase,0501
TXN0005007,3135332592,2025-04-27,-2687.25,Debit,POS Purchase,0678
TXN0005961,7263471295,2025-02-22,-4694.33,Debit,Outgoing Wire,0678
TXN0001923,4985411784,2025-05-14,-41851.98,Debit,Account Transfer,0501
TXN0001687,3710387120,2025-06-17,-3644.28,Debit,POS Purchase,0245
TXN0001521,8885373326,2025-06-09,-20963.02,Debit,POS Purchase,0501
TXN0005503,4166102931,2025-03-29,22873.64,Credit,Payroll Deposit,0112
TXN0001638,6808997940,2025-01-08,-28803.04,Debit,POS Purchase,0678
TXN0003709,4587105517,2025-01-05,34340.63,Credit,Payroll Deposit,0501
TXN0000375,7408864669,2025-01-29,-2379.35,Debit,POS Purchase,0501
TXN0005346,1660345562,2025-03-22,-16208.43,Debit,ATM Cash Withdrawal,0501
TXN0003869,9008627273,2025-02-05,16263.85,Credit,Account Transfer,0245
TXN0003674,7914530253,2025-05-27,-34178.98,Debit,Vendor Payment,0389
TXN0004548,2618714059,2025-06-14,-732.42,Debit,ATM Cash Withdrawal,0678
TXN0000246,5404927650,2025-01-17,-26392.48,Debit,Incoming Wire,0245
TXN0003480,8572864210,2025-06-25,35857.72,Credit,Check Deposit,0678
TXN0000312,3340490042,2025-01-25,15639.51,Credit,Payroll Deposit,0245
TXN0001788,9245434560,2025-04-20,17642.57,Credit,Check Deposit,0112
TXN0003000,6996964400,2025-02-26,-30795.16,Debit,POS Purchase,0245
TXN0000269,1622934890,2025-01-09,25327.87,Credit,Payroll Deposit,0678
TXN0000468,7327893382,2025-06-04,-6025.38,Debit,Incoming Wire,0501
TXN0002050,2606989137,2025-05-31,14371.32,Credit,Payroll Deposit,0112
TXN0002530,9820712074,2025-06-25,-3096.92,Debit,POS Purchase,0245
TXN0004145,9762865421,2025-05-25,-254.68,Debit,Vendor Payment,0389
TXN0003035,6122275593,2025-05-04,40276.82,Credit,Check Deposit,0389
TXN0003939,3091256832,2025-04-06,-28968.15,Debit,POS Purchase,0112
TXN0004380,5070501731,2025-06-15,43391.84,Credit,Account Transfer,0112
TXN0000449,3349448167,2025-05-19,-9310.53,Debit,Outgoing Wire,0678
TXN0005198,4136005017,2025-05-21,23518.00,Credit,Account Transfer,0112
TXN0000435,9115735678,2025-03-06,22697.90,Credit,Account Transfer,0678
TXN0004530,8470986133,2025-06-04,-34204.64,Debit,Incoming Wire,0112
TXN0000089,9161753450,2025-06-28,-6091.22,Debit,ATM Cash Withdrawal,0501
TXN0004323,4782684670,2025-01-03,26725.19,Credit,Outgoing Wire,0245
TXN0002394,1766480304,2025-05-20,-15447.07,Debit,POS Purchase,0245
TXN0005974,6196867160,2025-04-17,-13702.03,Debit,ATM Cash Withdrawal,0501
TXN0003002,5813285590,2025-02-20,20039.53,Credit,Check Deposit,0245
TXN0001651,3080540739,2025-03-18,-29438.81,Debit,ATM Cash Withdrawal,0501
TXN0003049,7375704879,2025-05-22,-26031.06,Debit,Incoming Wire,0245
TXN0002270,4476408717,2025-03-16,-31388.35,Debit,Vendor Payment,0501
TXN0003871,1477129972,2025-04-04,-31105.32,Debit,Vendor Payment,0245
TXN0003752,7001838675,2025-03-17,3001.98,Credit,Account Transfer,0245
TXN0004355,5500986775,2025-05-12,4292.04,Credit,Check Deposit,0245
TXN0002343,9807162561,2025-05-14,44354.44,Credit,Check Deposit,0112
TXN0001491,4715615954,2025-02-17,17325.62,Credit,Payroll Deposit,0112
TXN0003736,2185826171,2025-01-10,-5914.29,Debit,Outgoing Wire,0389
TXN0000798,8957427405,2025-04-15,38822.08,Credit,POS Purchase,0245
TXN0000893,3986088340,2025-03-08,1358.85,Credit,Check Deposit,0245
TXN0004366,8322376127,2025-03-31,26829.49,Credit,Payroll Deposit,0501
TXN0005255,8635518671,2025-02-14,33357.45,Credit,Check Deposit,0678
TXN0005880,3944883833,2025-06-20,-30302.26,Debit,Vendor Payment,0501
TXN0004315,5171240673,2025-03-30,-25881.22,Debit,Vendor Payment,0112
TXN0001372,2276539708,2025-03-15,-25484.51,Debit,ATM Cash Withdrawal,0501
TXN0004337,8170970552,2025-06-10,-26976.36,Debit,Vendor Payment,0389
TXN0002548,4513438691,2025-01-20,-40775.23,Debit,POS Purchase,0501
TXN0000004,2241417136,2025-01-28,-4879.01,Debit,Vendor Payment,0389
TXN0005933,5461265827,2025-04-24,11681.84,Credit,Payroll Deposit,0389
TXN0004643,3402204743,2025-06-25,-18874.08,Debit,Account Transfer,0501
TXN0005300,2841264555,2025-05-16,-1412.74,Debit,Incoming Wire,0389
TXN0002970,7781514679,2025-03-13,3498.33,Credit,Payroll Deposit,0678
TXN0004155,1718304642,2025-06-05,11711.19,Credit,Check Deposit,0245
TXN0001812,6126927761,2025-05-11,8771.15,Credit,Outgoing Wire,0389
TXN0000163,7000800937,2025-03-24,-4387.70,Debit,Vendor Payment,0678
TXN0000608,8320530735,2025-01-05,-41958.47,Debit,Vendor Payment,0112
TXN0000415,5226942005,2025-04-30,-28129.16,Debit,Vendor Payment,0389
TXN0000104,3667042458,2025-05-26,-23058.05,Debit,Outgoing Wire,0245
TXN0000270,2583508930,2025-06-25,2673.42,Credit,Check Deposit,0678
TXN0005839,6731814701,2025-01-10,35050.09,Credit,Check Deposit,0389
TXN0005846,7202361827,2025-06-06,-5435.20,Debit,POS Purchase,0678
TXN0001445,1907748975,2025-03-29,44173.99,Credit,Check Deposit,0112
TXN0001200,2772330859,2025-03-06,-43522.09,Debit,Vendor Payment,0112
TXN0002942,9664213891,2025-04-17,-13654.39,Debit,Incoming Wire,0501
TXN0001163,8034651730,2025-04-12,17858.71,Credit,Payroll Deposit,0389
TXN0003701,3204439524,2025-05-19,-33054.49,Debit,ATM Cash Withdrawal,0501
TXN0002295,1963172801,2025-03-23,-22190.78,Debit,POS Purchase,0245
TXN0005517,5790569869,2025-04-07,24664.61,Credit,Payroll Deposit,0245
TXN0005823,8258829859,2025-04-29,-11812.72,Debit,ATM Cash Withdrawal,0389
TXN0001973,9747215737,2025-01-22,38466.18,Credit,Payroll Deposit,0389
TXN0001466,6638437562,2025-06-27,31170.42,Credit,Payroll Deposit,0501
TXN0000695,1209498319,2025-03-04,-22652.34,Debit,Vendor Payment,0678
TXN0002490,2409478343,2025-06-27,-36709.09,Debit,POS Purchase,0112
TXN0002882,4036670801,2025-02-21,-43023.04,Debit,Incoming Wire,0501
TXN0005895,6241320822,2025-01-09,35275.56,Credit,Account Transfer,0501
TXN0005850,3192294788,2025-06-12,37578.23,Credit,Payroll Deposit,0501
TXN0003271,9477870997,2025-06-02,-30847.95,Debit,Account Transfer,0112
TXN0000735,6074893762,2025-01-18,15413.30,Credit,Payroll Deposit,0245
TXN0001136,5524918304,2025-01-03,-8664.81,Debit,POS Purchase,0678
TXN0004671,9644628517,2025-01-20,-1911.52,Debit,ATM Cash Withdrawal,0389
TXN0000849,7432715143,2025-01-19,-28471.86,Debit,Account Transfer,0678
TXN0002094,1837871786,2025-04-05,-4185.83,Debit,Incoming Wire,0245
TXN0000122,6127337308,2025-01-31,-44713.30,Debit,POS Purchase,0501
TXN0000046,9805362475,2025-04-20,-40752.15,Debit,POS Purchase,0501
TXN0003719,2861710394,2025-05-30,-17271.99,Debit,ATM Cash Withdrawal,0245
TXN0002388,8737526093,2025-02-05,43590.06,Credit,Check Deposit,0112
TXN0002737,2269372848,2025-03-14,24032.42,Credit,Payroll Deposit,0245
TXN0004787,2093587451,2025-03-26,-38279.95,Debit,ATM Cash Withdrawal,0112
TXN0002112,1099423371,2025-03-16,-1446.33,Debit,POS Purchase,0245
TXN0000476,1277079339,2025-03-10,11074.10,Credit,Account Transfer,0112
TXN0002100,9429510128,2025-03-17,-42844.52,Debit,Incoming Wire,0112
TXN0001892,8722697727,2025-06-25,-27950.89,Debit,Vendor Payment,0389
TXN0001055,4225887726,2025-01-11,36380.35,Credit,Check Deposit,0245
TXN0002520,1515843003,2025-06-12,-34385.38,Debit,ATM Cash Withdrawal,0389
TXN0002715,8395240991,2025-05-20,-33187.56,Debit,POS Purchase,0112
TXN0004313,6397526326,2025-03-04,13425.60,Credit,Check Deposit,0112
TXN0001890,7091201536,2025-05-14,-12235.35,Debit,Incoming Wire,0245
TXN0003708,4852432846,2025-03-24,-19705.79,Debit,Incoming Wire,0678
TXN0002988,1897329660,2025-03-10,13799.11,Credit,Payroll Deposit,0501
TXN0004534,7838462097,2025-03-06,-2281.54,Debit,POS Purchase,0112
TXN0005505,6330996847,2025-01-05,27759.15,Credit,Payroll Deposit,0501
TXN0000191,8401917317,2025-06-29,-18179.92,Debit,Incoming Wire,0389
TXN0002805,9609606984,2025-03-09,30435.11,Credit,Payroll Deposit,0501
TXN0004343,8578246603,2025-03-26,-26032.50,Debit,Incoming Wire,0501
TXN0001165,5765916255,2025-05-22,-32051.87,Debit,ATM Cash Withdrawal,0389
TXN0003485,7334053533,2025-04-16,-43282.09,Debit,Account Transfer,0501
TXN0001175,4980991326,2025-04-29,27451.12,Credit,Check Deposit,0112
TXN0001381,9637391320,2025-04-24,-22106.51,Debit,Account Transfer,0389
TXN0005075,6200947562,2025-01-13,-22143.13,Debit,POS Purchase,0112
TXN0005269,6071897555,2025-05-28,-4202.33,Debit,Outgoing Wire,0112
TXN0000054,4330760797,2025-06-04,-40983.01,Debit,Vendor Payment,0112
TXN0004976,8504355736,2025-05-17,-42697.78,Debit,Vendor Payment,0678
TXN0002591,5505523686,2025-02-24,-8183.89,Debit,ATM Cash Withdrawal,0112
TXN0000048,8224162155,2025-02-05,-23896.21,Debit,POS Purchase,0389
TXN0002465,8269924855,2025-06-14,42751.54,Credit,Payroll Deposit,0245
TXN0003031,5193885207,2025-04-29,-28185.66,Debit,Vendor Payment,0389
TXN0002894,6257588976,2025-06-15,38673.61,Credit,Account Transfer,0678
TXN0005587,1370125496,2025-06-16,38588.40,Credit,Check Deposit,0112
TXN0002345,8152783034,2025-01-11,12266.86,Credit,Account Transfer,0245
TXN0005099,2801171561,2025-03-10,-22063.33,Debit,Vendor Payment,0245
TXN0002853,1573997935,2025-02-20,22092.43,Credit,Payroll Deposit,0112
TXN0005554,6006533870,2025-04-26,20909.96,Credit,Payroll Deposit,0678
TXN0002509,8562441782,2025-04-10,-2980.03,Debit,ATM Cash Withdrawal,0501
TXN0004716,8862039432,2025-02-17,18433.64,Credit,Check Deposit,0501
TXN0003661,2859931244,2025-03-25,-14540.04,Debit,Outgoing Wire,0501
TXN0001487,9275712600,2025-03-22,-30297.41,Debit,Incoming Wire,0501
TXN0005002,1885161101,2025-05-07,37664.82,Credit,Account Transfer,0678
TXN0002854,4587609334,2025-06-07,-29632.39,Debit,Incoming Wire,0245
TXN0002611,7195893920,2025-05-20,-2724.70,Debit,Incoming Wire,0678
TXN0005244,7842212901,2025-05-31,11932.34,Credit,Payroll Deposit,0245
TXN0003307,2416855960,2025-05-26,-29664.16,Debit,Incoming Wire,0112
TXN0002446,9172490884,2025-03-26,32842.86,Credit,Payroll Deposit,0678
TXN0000707,4680868447,2025-06-02,-44913.64,Debit,Account Transfer,0678
TXN0004052,1469876953,2025-03-26,-27256.07,Debit,POS Purchase,0112
TXN0002954,8002933182,2025-06-11,-36235.04,Debit,Vendor Payment,0112
TXN0001239,9178300104,2025-04-17,-22677.15,Debit,POS Purchase,0245
TXN0004807,7360038477,2025-03-22,-18085.63,Debit,Incoming Wire,0245
TXN0001072,1105444089,2025-01-11,890.91,Credit,Incoming Wire,0112
TXN0004037,2834625544,2025-01-16,9580.53,Credit,Account Transfer,0245
TXN0001789,9198968191,2025-06-24,-4988.56,Debit,ATM Cash Withdrawal,0678
TXN0000119,5524497168,2025-06-27,22847.56,Credit,Check Deposit,0501
TXN0005149,1435627804,2025-02-04,-22491.46,Debit,Incoming Wire,0245
TXN0002508,9495126930,2025-05-22,-28460.74,Debit,Vendor Payment,0678
TXN0002891,8391385516,2025-06-24,39955.48,Credit,Check Deposit,0112
TXN0002187,1328297861,2025-01-06,-10559.89,Debit,ATM Cash Withdrawal,0245
TXN0005398,1435198039,2025-03-19,-36313.45,Debit,Incoming Wire,0501
TXN0003125,1297936930,2025-01-31,30326.34,Credit,Check Deposit,0245
TXN0002226,7312258023,2025-06-25,-44917.81,Debit,POS Purchase,0389
TXN0001478,5735399434,2025-01-05,19368.69,Credit,Check Deposit,0501
TXN0001129,3418191975,2025-06-25,-20118.64,Debit,Outgoing Wire,0245
TXN0002304,9786784957,2025-04-17,-19983.75,Debit,Incoming Wire,0245
TXN0003677,9391649609,2025-01-31,16064.68,Credit,Account Transfer,0389
TXN0002447,2270753212,2025-04-19,12976.46,Credit,Payroll Deposit,0389
TXN0001686,2316495094,2025-02-06,14097.35,Credit,Check Deposit,0678
TXN0001307,1189542071,2025-06-16,-36079.88,Debit,POS Purchase,0389
TXN0002276,7153112211,2025-06-23,-7938.12,Debit,Vendor Payment,0501
TXN0001421,2863026122,2025-05-28,-10023.67,Debit,Vendor Payment,0112
TXN0000171,2673591367,2025-02-11,-24481.88,Debit,Outgoing Wire,0678
TXN0001105,1941609773,2025-02-20,-13181.37,Debit,ATM Cash Withdrawal,0112
TXN0003418,7547198145,2025-02-13,-14482.88,Debit,Outgoing Wire,0112
TXN0003254,3037243539,2025-03-03,-15328.07,Debit,POS Purchase,0389
TXN0000866,8052886911,2025-03-23,-17267.43,Debit,POS Purchase,0389
TXN0001994,6226399303,2025-01-28,-33272.88,Debit,POS Purchase,0678
TXN0002491,6814630518,2025-01-01,-31802.15,Debit,Incoming Wire,0678
TXN0004304,1104681988,2025-06-18,-32139.07,Debit,ATM Cash Withdrawal,0112
TXN0003746,8351793692,2025-04-02,-17924.27,Debit,Outgoing Wire,0245
TXN0000667,5116110648,2025-05-14,-38753.62,Debit,Vendor Payment,0501
TXN0002811,4071502023,2025-04-25,20218.72,Credit,Check Deposit,0389
TXN0003181,8795649565,2025-05-12,-20736.96,Debit,Incoming Wire,0501
TXN0004492,1493124942,2025-01-01,-38369.77,Debit,Vendor Payment,0112
TXN0003423,7231966507,2025-06-28,15917.69,Credit,Payroll Deposit,0245
TXN0002831,8556027780,2025-03-14,6141.41,Credit,Payroll Deposit,0678
TXN0005763,3215224993,2025-03-25,39498.23,Credit,Check Deposit,0112
TXN0005762,5163774194,2025-05-13,44293.04,Credit,Check Deposit,0112
TXN0004769,8292861660,2025-06-26,28858.59,Credit,Account Transfer,0389
TXN0000384,3525404975,2025-03-21,-16262.93,Debit,ATM Cash Withdrawal,0112
TXN0003675,3433002210,2025-02-02,-9612.26,Debit,POS Purchase,0678
TXN0004213,7144275137,2025-06-29,6889.83,Credit,Check Deposit,0678
TXN0003246,8222197545,2025-06-25,-3813.59,Debit,ATM Cash Withdrawal,0389
TXN0005864,7003625421,2025-06-28,-37638.57,Debit,ATM Cash Withdrawal,0501
TXN0003289,4972351951,2025-02-07,28702.27,Credit,Payroll Deposit,0245
TXN0005092,7313701840,2025-02-05,-15739.13,Debit,Outgoing Wire,0678
TXN0005521,1490424980,2025-04-28,6915.15,Credit,Payroll Deposit,0678
TXN0004354,1056573151,2025-04-30,-37387.00,Debit,Account Transfer,0389
TXN0003862,7380236678,2025-03-24,7842.42,Credit,Payroll Deposit,0678
TXN0003744,4864018332,2025-03-10,-7496.34,Debit,Incoming Wire,0389
TXN0002791,2969746790,2025-03-02,17670.76,Credit,Account Transfer,0389
TXN0001712,8315743928,2025-02-17,8492.13,Credit,Check Deposit,0501
TXN0005922,4342233376,2025-03-19,30451.95,Credit,Check Deposit,0678
TXN0000082,6504288488,2025-01-31,37134.56,Credit,Account Transfer,0678
TXN0003567,4088001531,2025-03-08,-18507.46,Debit,Outgoing Wire,0501
TXN0005857,6592164352,2025-01-14,-26654.41,Debit,ATM Cash Withdrawal,0678
TXN0002556,3138701055,2025-05-05,24100.19,Credit,Payroll Deposit,0501
TXN0000980,8896508367,2025-05-04,-33192.68,Debit,Vendor Payment,0389
TXN0000434,2246628985,2025-05-06,20564.28,Credit,Account Transfer,0501
TXN0003821,9177131365,2025-06-05,-44187.48,Debit,Account Transfer,0389
TXN0000283,8572697976,2025-03-07,-6154.31,Debit,POS Purchase,0245
TXN0001268,1891481805,2025-03-11,-16687.45,Debit,Vendor Payment,0112
TXN0004265,6057118844,2025-06-20,1986.27,Credit,Account Transfer,0678
TXN0003043,9906496988,2025-01-01,-37797.01,Debit,Incoming Wire,0501
TXN0002830,8173003374,2025-02-04,-10239.62,Debit,Incoming Wire,0501
TXN0004650,1616889874,2025-02-11,7327.17,Credit,Account Transfer,0501
TXN0004569,7113609720,2025-04-27,-9592.21,Debit,Incoming Wire,0678
TXN0000464,2852187046,2025-05-18,-38636.76,Debit,Incoming Wire,0501
TXN0004541,5357489602,2025-03-29,-23183.39,Debit,Vendor Payment,0389
TXN0001482,9393890556,2025-03-20,11981.67,Credit,Payroll Deposit,0245
TXN0005174,5145411016,2025-04-10,-38446.89,Debit,ATM Cash Withdrawal,0501
TXN0001816,4096796205,2025-04-15,-37748.29,Debit,Account Transfer,0678
TXN0002285,8915200597,2025-03-14,-31095.33,Debit,Incoming Wire,0245
TXN0002133,6955749607,2025-04-01,21522.71,Credit,Payroll Deposit,0245
TXN0003315,3292606028,2025-05-06,41343.95,Credit,Payroll Deposit,0678
TXN0001540,7336407196,2025-02-09,-4477.03,Debit,Incoming Wire,0245
TXN0002044,3822522596,2025-02-05,2835.59,Credit,Payroll Deposit,0245
TXN0003603,1592137675,2025-03-29,17450.05,Credit,Payroll Deposit,0112
TXN0001602,8973468149,2025-05-17,4876.46,Credit,Payroll Deposit,0245
TXN0005796,1417709886,2025-01-23,-21396.07,Debit,POS Purchase,0245
TXN0001292,4113034355,2025-05-19,8631.95,Credit,Payroll Deposit,0501
TXN0001358,6398292553,2025-03-23,-42971.65,Debit,ATM Cash Withdrawal,0678
TXN0001083,1519970801,2025-02-20,28543.78,Credit,Check Deposit,0389
TXN0003151,3015836427,2025-01-30,-40651.82,Debit,Vendor Payment,0245
TXN0002996,9696843318,2025-05-07,30201.51,Credit,Account Transfer,0112
TXN0005979,5489588305,2025-04-18,-23078.68,Debit,ATM Cash Withdrawal,0501
TXN0004111,6704675095,2025-05-16,-24226.47,Debit,Outgoing Wire,0389
TXN0000243,8736562723,2025-06-22,-38554.29,Debit,Outgoing Wire,0501
TXN0000053,4954913395,2025-04-29,-26137.02,Debit,ATM Cash Withdrawal,0389
TXN0003606,1373685984,2025-04-27,-27411.39,Debit,Outgoing Wire,0678
TXN0002377,7393687060,2025-06-07,-5353.69,Debit,Vendor Payment,0112
TXN0004911,8654847987,2025-04-02,13498.18,Credit,Check Deposit,0245
TXN0004520,4997197534,2025-06-28,-41340.16,Debit,ATM Cash Withdrawal,0678
TXN0004193,8144916360,2025-02-06,-5846.14,Debit,Account Transfer,0389
TXN0004321,3343392084,2025-04-18,-35143.44,Debit,Incoming Wire,0678
TXN0004695,6492774444,2025-05-16,-34559.81,Debit,Incoming Wire,0112
TXN0001461,7694596703,2025-01-28,-39508.32,Debit,Account Transfer,0389
TXN0002866,5137060321,2025-04-20,27965.34,Credit,Payroll Deposit,0501
TXN0000584,3732098067,2025-02-04,-23891.19,Debit,Account Transfer,0112
TXN0003319,5879977958,2025-05-27,-19572.77,Debit,ATM Cash Withdrawal,0245
TXN0004237,6696167944,2025-06-21,-13195.26,Debit,Vendor Payment,0112
TXN0002223,7208535621,2025-03-07,-8323.37,Debit,Outgoing Wire,0501
TXN0003282,3103414956,2025-06-24,1114.93,Credit,Payroll Deposit,0245
TXN0005653,6659010132,2025-06-02,31955.36,Credit,Check Deposit,0245
TXN0002111,9611144139,2025-05-16,-9939.02,Debit,ATM Cash Withdrawal,0245
TXN0001908,1760636005,2025-04-05,17210.90,Credit,Check Deposit,0112
TXN0002749,9604882382,2025-04-22,-22722.60,Debit,Outgoing Wire,0112
TXN0004687,7850787253,2025-02-16,-35710.79,Debit,Account Transfer,0389
TXN0004445,8775012724,2025-01-13,-31673.13,Debit,Incoming Wire,0501
TXN0005556,8114588012,2025-02-07,14019.16,Credit,Payroll Deposit,0389
TXN0005087,8088488981,2025-05-09,-35505.92,Debit,Account Transfer,0389
TXN0005988,7326917367,2025-06-18,-3627.36,Debit,Vendor Payment,0501
TXN0004175,5773901246,2025-05-20,-16301.19,Debit,POS Purchase,0112
TXN0003947,4608036436,2025-05-06,30590.56,Credit,Check Deposit,0389
TXN0003544,4710016046,2025-05-13,-25366.52,Debit,Account Transfer,0501
TXN0000019,9764191878,2025-01-29,36988.05,Credit,Vendor Payment,0501
TXN0002144,8162631060,2025-04-25,-22579.01,Debit,Incoming Wire,0501
TXN0003686,7281024915,2025-03-13,12518.87,Credit,Check Deposit,0501
TXN0000727,2243916227,2025-02-12,17351.80,Credit,Account Transfer,0245
TXN0004391,9648260011,2025-02-09,-29691.62,Debit,Incoming Wire,0245
TXN0005847,9345172164,2025-02-06,-13288.34,Debit,POS Purchase,0678
TXN0004830,1162941223,2025-05-09,19755.09,Credit,Payroll Deposit,0501
TXN0005461,1685146748,2025-05-09,30887.74,Credit,Account Transfer,0245
TXN0001989,6961181501,2025-02-18,-35867.20,Debit,Outgoing Wire,0245
TXN0004140,9765353968,2025-02-21,-1610.54,Debit,ATM Cash Withdrawal,0245
TXN0003602,3063159011,2025-03-05,-17440.31,Debit,ATM Cash Withdrawal,0389
TXN0005773,4553002286,2025-04-20,-35450.80,Debit,Outgoing Wire,0245
TXN0005909,1456734481,2025-05-03,40254.96,Credit,Payroll Deposit,0501
TXN0004802,4893694016,2025-05-14,-9741.73,Debit,Vendor Payment,0245
TXN0002242,3523900437,2025-06-13,-7743.33,Debit,ATM Cash Withdrawal,0501
TXN0003814,2328825306,2025-01-26,4284.95,Credit,Payroll Deposit,0112
TXN0002026,9973240072,2025-04-29,12986.82,Credit,Check Deposit,0112
TXN0005051,3929487538,2025-04-18,-17750.87,Debit,Vendor Payment,0678
TXN0000301,7618886593,2025-02-25,38277.35,Credit,Payroll Deposit,0112
TXN0001707,4729566098,2025-03-17,39381.77,Credit,Check Deposit,0245
TXN0005303,7253609093,2025-04-13,-25846.82,Debit,Outgoing Wire,0678
TXN0003970,9615140180,2025-05-10,21607.21,Credit,Check Deposit,0245
TXN0005807,8442714855,2025-03-01,-32073.00,Debit,Vendor Payment,0245
TXN0001855,7480922423,2025-01-29,-7910.01,Debit,ATM Cash Withdrawal,0389
TXN0001568,9797439201,2025-04-08,-19347.59,Debit,Vendor Payment,0501
TXN0000580,1117118944,2025-02-16,19357.59,Credit,POS Purchase,0112
TXN0004707,2573252724,2025-03-21,-18644.14,Debit,POS Purchase,0389
TXN0003385,3734546317,2025-04-03,38483.38,Credit,Check Deposit,0112
TXN0004879,9687179866,2025-06-02,24083.79,Credit,Payroll Deposit,0245
TXN0002201,7889316033,2025-05-22,-16574.04,Debit,Account Transfer,0501
TXN0003335,9657710435,2025-06-03,-11882.45,Debit,Vendor Payment,0245
TXN0000357,3338119093,2025-02-13,21502.09,Credit,Check Deposit,0501
TXN0002697,5337109552,2025-01-03,-15434.76,Debit,Vendor Payment,0112
TXN0004809,2165045861,2025-04-18,-39262.93,Debit,ATM Cash Withdrawal,0678
TXN0000287,5248046090,2025-01-19,27289.48,Credit,Payroll Deposit,0501
TXN0005626,8289894877,2025-02-13,-19642.03,Debit,ATM Cash Withdrawal,0112
TXN0000639,4311844843,2025-06-12,-29322.90,Debit,Outgoing Wire,0501
TXN0000459,6855847625,2025-04-24,-12175.13,Debit,Account Transfer,0389
TXN0002449,3369488892,2025-05-09,-24971.78,Debit,Outgoing Wire,0389
TXN0000666,6416476335,2025-02-18,-14154.19,Debit,Account Transfer,0389
TXN0003490,4890558457,2025-01-10,-28501.96,Debit,Vendor Payment,0245
TXN0001895,3144550436,2025-02-14,-15146.86,Debit,Vendor Payment,0245
TXN0001317,5589340633,2025-04-24,-8604.94,Debit,Outgoing Wire,0678
TXN0002710,4254788358,2025-03-05,-17650.69,Debit,ATM Cash Withdrawal,0389
TXN0003702,2303112497,2025-05-20,15734.73,Credit,Payroll Deposit,0501
TXN0003364,8840279143,2025-04-18,-37516.48,Debit,Vendor Payment,0112
TXN0002921,8702350233,2025-01-30,-3434.07,Debit,Incoming Wire,0112
TXN0004772,3416384126,2025-04-20,-26191.87,Debit,ATM Cash Withdrawal,0245
TXN0000919,7268255239,2025-03-27,11241.29,Credit,Account Transfer,0678
TXN0000228,1076654250,2025-06-04,-41607.69,Debit,Incoming Wire,0112
TXN0004782,9347367040,2025-01-24,-16526.59,Debit,POS Purchase,0678
TXN0003894,6611081076,2025-04-24,-854.40,Debit,Vendor Payment,0245
TXN0001231,5593670631,2025-04-12,-30034.21,Debit,POS Purchase,0389
TXN0002138,3064251440,2025-01-28,-31959.77,Debit,Vendor Payment,0501
TXN0002802,3523108783,2025-05-26,-8513.16,Debit,Incoming Wire,0501
TXN0004699,7658640032,2025-02-10,2680.39,Credit,Payroll Deposit,0501
TXN0004646,5333210271,2025-04-25,773.57,Credit,Payroll Deposit,0678
TXN0001845,7416440800,2025-06-13,-1643.62,Debit,ATM Cash Withdrawal,0501
TXN0001164,9386352617,2025-01-19,16878.38,Credit,Check Deposit,0501
TXN0005363,1721001746,2025-02-25,-4872.60,Debit,POS Purchase,0245
TXN0003928,2212841585,2025-01-24,-18785.03,Debit,Vendor Payment,0389
TXN0003784,9454294290,2025-06-06,-18311.42,Debit,Incoming Wire,0245
TXN0004143,7943080888,2025-06-11,7327.79,Credit,Account Transfer,0389
TXN0004943,1819593614,2025-01-31,22162.26,Credit,Payroll Deposit,0245
TXN0001920,4857233664,2025-06-16,-2645.27,Debit,Vendor Payment,0501
TXN0004720,6965685380,2025-06-25,-25746.76,Debit,Outgoing Wire,0389
TXN0003728,3998981417,2025-06-17,-4298.62,Debit,ATM Cash Withdrawal,0112
TXN0000156,5507861159,2025-05-21,23766.08,Credit,Payroll Deposit,0389
TXN0003235,3003256758,2025-02-23,-4242.27,Debit,Incoming Wire,0501
TXN0004078,8550065729,2025-02-10,-5488.04,Debit,Incoming Wire,0112
TXN0002209,9215357790,2025-01-22,-2268.21,Debit,ATM Cash Withdrawal,0245
TXN0000193,2901535700,2025-05-30,-2298.57,Debit,Vendor Payment,0501
TXN0000302,1198996432,2025-02-27,-38394.10,Debit,ATM Cash Withdrawal,0112
TXN0004779,9108933452,2025-01-24,-7370.31,Debit,Account Transfer,0389
TXN0003666,1790152946,2025-01-03,-37148.36,Debit,POS Purchase,0112
TXN0001212,4547767635,2025-02-03,-12889.39,Debit,ATM Cash Withdrawal,0678
TXN0004085,6436622069,2025-06-17,-3212.16,Debit,Incoming Wire,0245
TXN0003453,9412891744,2025-03-27,-22069.12,Debit,ATM Cash Withdrawal,0112
TXN0001325,1321803742,2025-06-01,-12690.02,Debit,ATM Cash Withdrawal,0678
TXN0004020,2199110072,2025-05-17,-28629.47,Debit,Incoming Wire,0112
TXN0002896,9630070914,2025-03-15,29683.25,Credit,Payroll Deposit,0501
TXN0005486,4650563247,2025-06-29,-36782.75,Debit,Vendor Payment,0678
TXN0001147,6679598236,2025-03-27,-21041.79,Debit,ATM Cash Withdrawal,0389
TXN0001898,5321441089,2025-01-26,38881.73,Credit,Account Transfer,0389
TXN0005660,2081365767,2025-02-18,-39658.87,Debit,Vendor Payment,0112
TXN0002182,8931206740,2025-02-05,-47.39,Debit,POS Purchase,0501
TXN0000932,1961932569,2025-03-11,-39387.60,Debit,POS Purchase,0501
TXN0003792,8953843360,2025-05-30,-26643.48,Debit,Incoming Wire,0245
TXN0000972,2178250407,2025-06-17,-37056.12,Debit,Vendor Payment,0245
TXN0004706,7637579979,2025-04-05,-33757.87,Debit,POS Purchase,0112
TXN0003534,6175781397,2025-01-18,-2578.76,Debit,Outgoing Wire,0245
TXN0005682,2621749246,2025-04-07,-28269.20,Debit,POS Purchase,0245
TXN0002335,4310891927,2025-03-04,-18768.77,Debit,Incoming Wire,0389
TXN0001116,1028994884,2025-04-06,6253.89,Credit,Check Deposit,0501
TXN0001581,1927363077,2025-06-29,-12036.00,Debit,Vendor Payment,0678
TXN0005845,4071183380,2025-06-04,16985.90,Credit,Payroll Deposit,0389
TXN0005449,2621608693,2025-02-08,36728.98,Credit,Payroll Deposit,0245
TXN0001872,8079747251,2025-02-28,-7005.90,Debit,ATM Cash Withdrawal,0678
TXN0000894,1866452875,2025-01-24,-11398.97,Debit,Account Transfer,0389
TXN0005379,9731974832,2025-05-23,3370.84,Credit,Check Deposit,0245
TXN0000737,4030595211,2025-04-23,14879.04,Credit,Payroll Deposit,0389
TXN0003098,8025279747,2025-04-25,-13398.48,Debit,Incoming Wire,0389
TXN0000911,1451241003,2025-02-27,-32391.10,Debit,Vendor Payment,0501
TXN0001720,8849688858,2025-04-14,-38016.16,Debit,Account Transfer,0678
TXN0000874,6976218876,2025-05-20,22890.89,Credit,Check Deposit,0501
TXN0002099,6676926054,2025-03-27,-30551.30,Debit,Account Transfer,0245
TXN0000020,7978361273,2025-06-05,-1441.07,Debit,POS Purchase,0112
TXN0002766,1375853978,2025-06-21,-28978.18,Debit,Incoming Wire,0245
TXN0000948,7571256392,2025-01-12,16176.76,Credit,Account Transfer,0112
TXN0002062,6476474890,2025-03-24,36002.50,Credit,Payroll Deposit,0389
TXN0000942,4029885588,2025-06-10,-14461.76,Debit,Account Transfer,0389
TXN0000336,2680593283,2025-05-12,-21683.21,Debit,POS Purchase,0245
TXN0004066,4996821846,2025-04-23,-43331.47,Debit,POS Purchase,0389
TXN0002008,7612563887,2025-03-16,-20753.99,Debit,Incoming Wire,0678
TXN0005727,1615942807,2025-01-01,-30364.30,Debit,Outgoing Wire,0501
TXN0001053,3169647014,2025-01-12,39846.96,Credit,Payroll Deposit,0112
TXN0000026,1150771832,2025-05-01,-41222.42,Debit,POS Purchase,0245
TXN0001139,4610820995,2025-02-17,-9940.21,Debit,ATM Cash Withdrawal,0112
TXN0000247,8423929954,2025-01-14,-26203.05,Debit,ATM Cash Withdrawal,0678
TXN0002344,6189423650,2025-04-28,-3642.98,Debit,Account Transfer,0389
TXN0002572,3521198349,2025-04-13,-39106.74,Debit,POS Purchase,0112
TXN0005632,7986201716,2025-03-21,31412.31,Credit,Payroll Deposit,0678
TXN0004872,5911449613,2025-03-10,22329.85,Credit,Check Deposit,0245
TXN0000160,8574523973,2025-05-22,28120.97,Credit,Payroll Deposit,0245
TXN0003038,6306222401,2025-01-17,15180.21,Credit,Check Deposit,0112
TXN0000159,2727827825,2025-02-27,3868.69,Credit,Check Deposit,0389
TXN0003926,5154897676,2025-06-11,12910.22,Credit,Payroll Deposit,0501
TXN0001564,8026375182,2025-04-27,9087.72,Credit,Payroll Deposit,0389
TXN0003168,7245700096,2025-03-16,-30774.87,Debit,ATM Cash Withdrawal,0389
TXN0003148,7045075330,2025-06-20,17122.19,Credit,Check Deposit,0112
TXN0005749,7957329925,2025-03-06,-30683.23,Debit,Account Transfer,0245
TXN0004356,6841410573,2025-04-20,-35353.84,Debit,ATM Cash Withdrawal,0112
TXN0000331,5766948208,2025-05-06,-9030.48,Debit,ATM Cash Withdrawal,0501
TXN0004272,8571576505,2025-06-01,-10355.42,Debit,Vendor Payment,0501
TXN0002046,1521271742,2025-05-27,-3521.97,Debit,Incoming Wire,0501
TXN0001319,3337549553,2025-05-25,-23628.67,Debit,Outgoing Wire,0245
TXN0001657,1901245678,2025-03-05,-33837.03,Debit,Outgoing Wire,0245
TXN0004849,9926597845,2025-04-19,-33262.99,Debit,Vendor Payment,0389
TXN0005794,9330066917,2025-01-31,34902.56,Credit,Check Deposit,0112
TXN0003231,4081352774,2025-05-31,-25783.20,Debit,Incoming Wire,0245
TXN0004001,3030257682,2025-01-15,-14943.78,Debit,ATM Cash Withdrawal,0112
TXN0000199,5046774809,2025-01-07,-2466.76,Debit,POS Purchase,0389
TXN0003299,8959917218,2025-03-15,-37323.13,Debit,Outgoing Wire,0389
TXN0000891,3328035061,2025-06-29,4615.83,Credit,Check Deposit,0678
TXN0002457,7552086718,2025-04-17,32997.16,Credit,Payroll Deposit,0389
TXN0001457,2045440669,2025-06-14,28907.15,Credit,Payroll Deposit,0245
TXN0005347,9923904864,2025-06-20,-10322.52,Debit,Outgoing Wire,0501
TXN0001561,8023023207,2025-04-09,6215.16,Credit,Account Transfer,0245
TXN0003506,8669971134,2025-03-03,-12188.02,Debit,Incoming Wire,0389
TXN0005732,4527048292,2025-06-25,-18785.20,Debit,POS Purchase,0389
TXN0004833,6449128886,2025-06-19,-28878.03,Debit,Incoming Wire,0389
TXN0005557,5093782356,2025-06-17,32855.60,Credit,Account Transfer,0501
TXN0000249,7467074890,2025-06-25,43238.16,Credit,Check Deposit,0501
TXN0001896,2013837675,2025-05-16,-31271.13,Debit,Outgoing Wire,0245
TXN0001412,6547562096,2025-03-11,-3031.43,Debit,POS Purchase,0678
TXN0003801,1704808597,2025-01-08,-24573.84,Debit,Account Transfer,0112
TXN0005397,9240612270,2025-01-27,-30246.66,Debit,ATM Cash Withdrawal,0389
TXN0002599,6079072823,2025-06-09,21708.09,Credit,Payroll Deposit,0245
TXN0001967,2292928353,2025-05-14,-35947.66,Debit,ATM Cash Withdrawal,0245
TXN0001416,6818594943,2025-04-19,-34725.70,Debit,Vendor Payment,0678
TXN0005053,8586843046,2025-02-25,-41213.63,Debit,Incoming Wire,0501
TXN0003291,8479169220,2025-03-11,-1271.05,Debit,ATM Cash Withdrawal,0245
TXN0000233,7910976110,2025-06-14,-42431.87,Debit,POS Purchase,0678
TXN0004452,3691307563,2025-02-28,-6762.66,Debit,Incoming Wire,0389
TXN0001151,4261300555,2025-04-26,-15343.67,Debit,Outgoing Wire,0678
TXN0005870,5559899127,2025-06-05,-32963.88,Debit,Vendor Payment,0678
TXN0003189,4164293886,2025-04-01,-34446.97,Debit,Vendor Payment,0389
TXN0001765,3230842132,2025-04-19,-37810.29,Debit,Outgoing Wire,0678
TXN0003890,4857178722,2025-03-20,36326.46,Credit,Account Transfer,0501
TXN0002525,8249621271,2025-04-13,30847.90,Credit,Payroll Deposit,0245
TXN0000279,1330800960,2025-02-13,11209.52,Credit,Account Transfer,0112
TXN0005674,1461120602,2025-06-10,-21685.21,Debit,Vendor Payment,0389
TXN0001844,8054767899,2025-03-26,-44146.53,Debit,Incoming Wire,0501
TXN0001813,7702266200,2025-04-11,44266.80,Credit,Outgoing Wire,0112
TXN0003993,4401155006,2025-03-17,28555.65,Credit,Payroll Deposit,0112
TXN0003395,7770815703,2025-05-06,32280.03,Credit,ATM Cash Withdrawal,0389
TXN0005691,3905828245,2025-04-15,-26682.10,Debit,Outgoing Wire,0389
TXN0001901,3244290825,2025-05-17,-16087.55,Debit,Vendor Payment,0245
TXN0003824,7890489118,2025-02-28,24754.01,Credit,Check Deposit,0501
TXN0000409,3448352771,2025-01-23,6964.79,Credit,Check Deposit,0389
TXN0005230,3325475552,2025-04-28,35986.99,Credit,Payroll Deposit,0245
TXN0001044,9972246134,2025-06-21,-15165.87,Debit,Vendor Payment,0501
TXN0005419,1790800318,2025-02-12,-23760.06,Debit,Outgoing Wire,0112
TXN0003812,4329983342,2025-05-17,-17012.81,Debit,Outgoing Wire,0501
TXN0003265,5503368137,2025-04-10,-21273.45,Debit,POS Purchase,0389
TXN0000680,8666582402,2025-03-10,26093.48,Credit,Check Deposit,0678
TXN0004138,9538108054,2025-01-12,33018.98,Credit,Check Deposit,0112
TXN0001824,3650713549,2025-01-02,-12281.75,Debit,ATM Cash Withdrawal,0245
TXN0000067,1005864017,2025-03-11,-3732.13,Debit,Outgoing Wire,0678
TXN0004656,4179706099,2025-04-20,-9238.83,Debit,ATM Cash Withdrawal,0245
TXN0005816,3038910591,2025-02-17,-18197.39,Debit,POS Purchase,0389
TXN0000559,9850953561,2025-02-17,40339.63,Credit,Account Transfer,0501
TXN0005614,1185917746,2025-05-21,322.10,Credit,Account Transfer,0678
TXN0001360,9817355373,2025-04-10,22560.49,Credit,Check Deposit,0389
TXN0000292,2621211490,2025-05-17,-33661.31,Debit,POS Purchase,0678
TXN0002355,2577729511,2025-05-16,21890.64,Credit,Payroll Deposit,0501
TXN0002160,9635182434,2025-06-22,-18139.36,Debit,Outgoing Wire,0389
TXN0000939,6990688595,2025-03-02,-29992.21,Debit,Vendor Payment,0245
TXN0001420,8647633457,2025-04-08,-2165.83,Debit,Vendor Payment,0678
TXN0002360,2011233621,2025-06-22,-40125.26,Debit,Outgoing Wire,0112
TXN0003341,1829595237,2025-05-06,-13023.70,Debit,POS Purchase,0389
TXN0000062,4950210465,2025-05-04,797.22,Credit,Payroll Deposit,0112
TXN0001364,1326656136,2025-04-15,13308.74,Credit,Outgoing Wire,0678
TXN0000417,3268750783,2025-04-30,-41118.36,Debit,Outgoing Wire,0245
TXN0000794,5780322333,2025-02-15,-35492.77,Debit,Outgoing Wire,0112
TXN0005888,1050034064,2025-02-22,-11569.71,Debit,Incoming Wire,0501
TXN0002861,1354002961,2025-05-08,-23231.88,Debit,POS Purchase,0245
TXN0001548,3422757213,2025-05-10,-35909.24,Debit,Incoming Wire,0501
TXN0005234,2326348563,2025-05-29,-16673.81,Debit,POS Purchase,0678
TXN0004826,1385876529,2025-05-19,22038.17,Credit,Account Transfer,0678
TXN0004345,2481687665,2025-06-05,-38400.58,Debit,Vendor Payment,0678
TXN0005991,2857617460,2025-06-29,-8050.03,Debit,Incoming Wire,0389
TXN0003393,8112089027,2025-06-30,1768.88,Credit,Payroll Deposit,0245
TXN0002215,3005211553,2025-06-24,-30409.39,Debit,Incoming Wire,0678
TXN0003605,6416590485,2025-01-06,-25951.98,Debit,Incoming Wire,0501
TXN0004358,7283748879,2025-01-30,-24631.24,Debit,POS Purchase,0112
TXN0001141,4944161059,2025-01-09,40150.17,Credit,Check Deposit,0112
TXN0001485,7549726064,2025-05-10,-20136.11,Debit,Incoming Wire,0245
TXN0003191,5198383166,2025-04-14,-36883.21,Debit,Vendor Payment,0112
TXN0001659,2157707757,2025-03-28,-34130.29,Debit,Incoming Wire,0245
TXN0003008,3131605207,2025-02-14,-24472.41,Debit,ATM Cash Withdrawal,0112
TXN0000679,8093315361,2025-04-24,-6640.97,Debit,POS Purchase,0678
TXN0001534,6180603125,2025-06-06,18866.91,Credit,Account Transfer,0678
TXN0004636,4095159537,2025-02-28,-22758.53,Debit,ATM Cash Withdrawal,0112
TXN0003916,6142002655,2025-06-19,10499.46,Credit,Payroll Deposit,0501
TXN0003776,2348892450,2025-01-31,-15723.86,Debit,Incoming Wire,0112
TXN0003001,8632053818,2025-05-05,-1201.80,Debit,Outgoing Wire,0501
TXN0005062,4716767061,2025-06-13,-5630.72,Debit,POS Purchase,0245
TXN0002336,3501004772,2025-02-01,-39171.17,Debit,Outgoing Wire,0112
TXN0001270,5105827467,2025-03-26,7652.02,Credit,Check Deposit,0678
TXN0003599,7851990609,2025-04-15,-6773.11,Debit,ATM Cash Withdrawal,0389
TXN0004647,6606101883,2025-06-13,-29754.98,Debit,POS Purchase,0389
TXN0000827,7811841381,2025-03-08,-5400.37,Debit,POS Purchase,0501
TXN0001805,8907414814,2025-03-26,42840.15,Credit,Check Deposit,0389
TXN0004630,7963827641,2025-05-13,-15163.09,Debit,Vendor Payment,0501
TXN0004124,9142689825,2025-01-04,22413.39,Credit,Payroll Deposit,0245
TXN0005686,4596489792,2025-04-19,-40864.57,Debit,Vendor Payment,0678
TXN0004232,3887164959,2025-02-09,-24302.25,Debit,ATM Cash Withdrawal,0389
TXN0002487,1949499121,2025-05-09,-27917.88,Debit,Account Transfer,0389
TXN0003622,3422427269,2025-06-18,44538.09,Credit,Check Deposit,0389
TXN0001766,8909517868,2025-01-12,-43808.25,Debit,Account Transfer,0389
TXN0001936,9607386023,2025-01-08,-38399.10,Debit,Account Transfer,0245
TXN0001032,7091348606,2025-03-23,33039.93,Credit,Payroll Deposit,0112
TXN0004929,6680284851,2025-06-13,-44964.28,Debit,Account Transfer,0389
TXN0003770,9499765769,2025-02-20,17055.11,Credit,Check Deposit,0112
TXN0001583,5452507453,2025-05-19,13092.84,Credit,Account Transfer,0678
TXN0003546,1975549890,2025-04-27,-30987.21,Debit,Outgoing Wire,0112
TXN0001266,6736311262,2025-06-01,-38102.26,Debit,ATM Cash Withdrawal,0112
TXN0000826,8596913424,2025-05-29,26731.03,Credit,Check Deposit,0389
TXN0002381,2705149126,2025-05-02,-10433.95,Debit,Outgoing Wire,0389
TXN0003018,4252726083,2025-06-28,23828.12,Credit,Payroll Deposit,0112
TXN0001255,5048493778,2025-04-25,-19907.47,Debit,ATM Cash Withdrawal,0245
TXN0000610,5496520157,2025-01-27,-24886.81,Debit,ATM Cash Withdrawal,0112
TXN0002734,6823691821,2025-06-03,-1781.96,Debit,Outgoing Wire,0501
TXN0005160,3840252451,2025-01-17,-34515.81,Debit,ATM Cash Withdrawal,0245
TXN0000497,8620930587,2025-03-11,-29040.53,Debit,Account Transfer,0501
TXN0001569,5958565254,2025-05-20,-25755.79,Debit,POS Purchase,0245
TXN0000235,5516683152,2025-01-10,-7325.17,Debit,Vendor Payment,0112
TXN0001124,1829114917,2025-06-08,-27922.60,Debit,Vendor Payment,0245
TXN0002628,6058543130,2025-02-02,-34270.16,Debit,Vendor Payment,0245
TXN0000644,9062983375,2025-03-06,17411.01,Credit,Account Transfer,0245
TXN0000578,3025213954,2025-06-26,-35264.99,Debit,Incoming Wire,0245
TXN0001203,3743782487,2025-06-20,18997.90,Credit,Payroll Deposit,0245
TXN0005912,3867029476,2025-04-13,-7421.56,Debit,POS Purchase,0389
TXN0005545,5510932762,2025-06-14,39448.03,Credit,Check Deposit,0112
TXN0002777,8571224506,2025-02-02,-2668.74,Debit,POS Purchase,0389
TXN0001181,6051676035,2025-06-26,-26647.96,Debit,Incoming Wire,0245
TXN0003019,9824845519,2025-01-04,30600.03,Credit,Payroll Deposit,0389
TXN0005396,7300393837,2025-02-14,-15638.40,Debit,Incoming Wire,0678
TXN0002106,2894306307,2025-06-25,2335.88,Credit,Outgoing Wire,0501
TXN0003713,3035474459,2025-03-06,-13762.18,Debit,Account Transfer,0245
TXN0005265,7886111980,2025-04-12,-16551.10,Debit,POS Purchase,0678
TXN0002877,9376886253,2025-01-18,44778.77,Credit,Payroll Deposit,0501
TXN0005492,4644723877,2025-01-02,-4915.46,Debit,POS Purchase,0245
TXN0005954,9880372780,2025-06-20,-27512.34,Debit,Outgoing Wire,0389
TXN0001933,2663402255,2025-04-27,-14370.55,Debit,Vendor Payment,0501
TXN0002319,2998148614,2025-04-17,-1754.59,Debit,POS Purchase,0245
TXN0004818,4167901547,2025-03-16,585.88,Credit,ATM Cash Withdrawal,0389
TXN0005798,8346084678,2025-04-21,-33721.71,Debit,Incoming Wire,0245
TXN0004110,3025067164,2025-02-07,-18684.88,Debit,POS Purchase,0112
TXN0001509,2849125844,2025-06-14,12499.17,Credit,Payroll Deposit,0678
TXN0001663,8854103949,2025-01-29,-9575.96,Debit,Outgoing Wire,0501
TXN0004669,4171145325,2025-06-18,-31999.82,Debit,Vendor Payment,0678
TXN0003878,7231121814,2025-06-14,8572.26,Credit,Payroll Deposit,0389
TXN0005293,6774420601,2025-04-30,-42469.06,Debit,Incoming Wire,0245
TXN0004171,3852488310,2025-06-13,-7942.30,Debit,Incoming Wire,0112
TXN0003637,6013927027,2025-02-18,-16709.42,Debit,Vendor Payment,0112
TXN0005241,6405740930,2025-06-03,-41850.86,Debit,POS Purchase,0245
TXN0005381,6422049136,2025-02-28,17156.78,Credit,Check Deposit,0501
TXN0001085,2530592323,2025-06-29,-43509.88,Debit,ATM Cash Withdrawal,0112
TXN0005110,6694574805,2025-01-27,27764.27,Credit,Check Deposit,0501
TXN0001711,9282987725,2025-06-10,1310.52,Credit,Payroll Deposit,0245
TXN0005215,8681760165,2025-02-13,7748.15,Credit,Payroll Deposit,0112
TXN0003802,5900695170,2025-03-16,-24314.77,Debit,Incoming Wire,0245
TXN0005953,4655636924,2025-02-23,-22978.90,Debit,Vendor Payment,0245
TXN0005529,1037417276,2025-03-12,37114.37,Credit,Outgoing Wire,0245
TXN0000975,3612526541,2025-05-26,-33897.51,Debit,Incoming Wire,0245
TXN0005631,4701122193,2025-01-04,-1379.37,Debit,Incoming Wire,0389
TXN0000003,4618196973,2025-06-19,-22502.30,Debit,Incoming Wire,0112
TXN0004409,5124544403,2025-03-15,14795.93,Credit,Payroll Deposit,0245
TXN0004230,8575286471,2025-04-21,41507.04,Credit,Payroll Deposit,0678
TXN0005507,9339760733,2025-01-09,-13502.50,Debit,Outgoing Wire,0678
TXN0003338,7052202576,2025-04-10,3940.44,Credit,Payroll Deposit,0245
TXN0004033,5502085725,2025-03-26,-17467.40,Debit,POS Purchase,0678
TXN0000850,4720375593,2025-03-14,7795.74,Credit,Payroll Deposit,0389
TXN0000903,3945849376,2025-01-23,-10311.74,Debit,Vendor Payment,0501
TXN0004817,3028208186,2025-01-13,38212.33,Credit,Check Deposit,0389
TXN0004156,8488088993,2025-04-08,-6499.60,Debit,Account Transfer,0245
TXN0002665,9805516486,2025-02-08,-33524.52,Debit,POS Purchase,0245
TXN0001653,2192772423,2025-01-09,-39114.27,Debit,Account Transfer,0245
TXN0003553,6848691758,2025-03-03,-39593.91,Debit,POS Purchase,0678
TXN0000259,3704200443,2025-01-18,10184.09,Credit,Check Deposit,0389
TXN0005534,9384545041,2025-02-08,-35583.18,Debit,Outgoing Wire,0245
TXN0005294,9426756825,2025-02-28,-30943.54,Debit,Vendor Payment,0245
TXN0004901,4147508884,2025-03-08,-35494.56,Debit,Vendor Payment,0501
TXN0000065,8723551522,2025-03-02,29598.46,Credit,Check Deposit,0112
TXN0001286,2809989896,2025-03-06,-14976.47,Debit,Incoming Wire,0678
TXN0003833,2838907907,2025-04-11,-26421.69,Debit,Vendor Payment,0245
TXN0005475,1123552023,2025-04-25,6787.32,Credit,Account Transfer,0245
TXN0001716,4477295507,2025-05-08,19578.33,Credit,Payroll Deposit,0112
TXN0003045,1290506105,2025-03-21,-34324.59,Debit,POS Purchase,0678
TXN0003195,8155222177,2025-04-08,-15880.75,Debit,Vendor Payment,0389
TXN0003855,6808687844,2025-05-18,-73.46,Debit,POS Purchase,0245
TXN0005296,1225785514,2025-02-10,17982.77,Credit,Payroll Deposit,0112
TXN0001118,5047255669,2025-03-06,-36740.92,Debit,POS Purchase,0245
TXN0005221,7546772074,2025-04-15,-42831.69,Debit,Account Transfer,0112
TXN0000113,9150547904,2025-06-10,34721.99,Credit,Payroll Deposit,0112
TXN0002142,4732730148,2025-06-16,-39172.25,Debit,Vendor Payment,0389
TXN0002601,8752928694,2025-05-09,-5733.68,Debit,ATM Cash Withdrawal,0389
TXN0001674,6873824541,2025-03-03,-19718.62,Debit,Vendor Payment,0389
TXN0004291,4812900470,2025-01-17,-29464.89,Debit,Vendor Payment,0389
TXN0001220,7990303987,2025-04-06,-32886.54,Debit,Outgoing Wire,0678
TXN0004023,5460860677,2025-02-21,-2483.59,Debit,Vendor Payment,0678
TXN0005702,2432615146,2025-05-17,-12407.43,Debit,Account Transfer,0389
TXN0003473,6777022807,2025-06-10,-24551.03,Debit,ATM Cash Withdrawal,0501
TXN0002826,1821239979,2025-01-29,19635.08,Credit,Account Transfer,0678
TXN0002972,6784190075,2025-02-16,18987.07,Credit,Check Deposit,0678
TXN0002066,8135993628,2025-04-09,17441.25,Credit,Payroll Deposit,0112
TXN0001684,4293919409,2025-06-08,-30680.10,Debit,ATM Cash Withdrawal,0112
TXN0005209,8550229497,2025-03-03,5332.20,Credit,Payroll Deposit,0245
TXN0003110,8820399510,2025-06-24,23574.35,Credit,Incoming Wire,0501
TXN0001193,8557286145,2025-01-11,-11525.71,Debit,ATM Cash Withdrawal,0112
TXN0000621,6992544566,2025-01-17,-8451.13,Debit,ATM Cash Withdrawal,0501
TXN0003468,4115110384,2025-02-25,-19150.21,Debit,Vendor Payment,0501
TXN0005825,7344888604,2025-01-02,9514.37,Credit,Check Deposit,0389
TXN0004758,2788606423,2025-04-09,-40147.71,Debit,Outgoing Wire,0678
TXN0004742,1154978177,2025-01-17,-38092.93,Debit,ATM Cash Withdrawal,0112
TXN0000650,4287881268,2025-06-10,-2027.93,Debit,ATM Cash Withdrawal,0389
TXN0001214,3380997687,2025-02-20,11683.93,Credit,Vendor Payment,0112
TXN0002070,7177545297,2025-06-14,-18631.84,Debit,POS Purchase,0112
TXN0002585,2364848490,2025-01-24,-22388.50,Debit,Vendor Payment,0678
TXN0002613,7458842141,2025-06-15,-17342.25,Debit,Outgoing Wire,0112
TXN0000732,5125507394,2025-04-20,-38875.91,Debit,Incoming Wire,0389
TXN0004246,1392940394,2025-06-19,-34868.09,Debit,POS Purchase,0678
TXN0004398,7022385755,2025-06-23,-9957.89,Debit,POS Purchase,0678
TXN0003067,6933924617,2025-04-12,-42018.61,Debit,ATM Cash Withdrawal,0112
TXN0002750,2299595513,2025-03-25,-5132.35,Debit,Incoming Wire,0245
TXN0002881,2558843472,2025-06-01,-8408.71,Debit,Vendor Payment,0389
TXN0001616,3475698111,2025-05-15,-35039.29,Debit,ATM Cash Withdrawal,0245
TXN0005900,9157516681,2025-01-04,20389.70,Credit,Payroll Deposit,0245
TXN0002501,7338938624,2025-04-23,-17622.81,Debit,Account Transfer,0678
TXN0004778,5641216563,2025-05-06,-36296.99,Debit,Outgoing Wire,0112
TXN0000103,8557420993,2025-06-10,22072.43,Credit,Account Transfer,0245
TXN0004991,9251359840,2025-04-12,-11946.48,Debit,ATM Cash Withdrawal,0678
TXN0004820,2704952612,2025-04-12,-27696.82,Debit,POS Purchase,0389
TXN0004469,9030971744,2025-06-26,-32894.23,Debit,ATM Cash Withdrawal,0389
TXN0002405,6820793012,2025-06-11,14169.93,Credit,Check Deposit,0501
TXN0001588,2609519884,2025-06-16,-11620.02,Debit,Vendor Payment,0245
TXN0002164,7402474299,2025-02-03,24419.04,Credit,ATM Cash Withdrawal,0389
TXN0002248,6764104699,2025-06-27,-10614.13,Debit,Vendor Payment,0389
TXN0004554,5679239407,2025-06-21,-40039.68,Debit,Account Transfer,0501
TXN0002789,9018486497,2025-03-04,13408.17,Credit,Payroll Deposit,0245
TXN0003757,6723747055,2025-02-02,3796.67,Credit,Payroll Deposit,0245
TXN0003303,2882434387,2025-02-23,-14418.63,Debit,Incoming Wire,0389
TXN0005218,1861157683,2025-05-20,-479.94,Debit,ATM Cash Withdrawal,0245
TXN0004935,4847665685,2025-03-06,-27281.57,Debit,Account Transfer,0678
TXN0003144,6351020768,2025-05-28,-1683.82,Debit,Vendor Payment,0245
TXN0005121,7929424323,2025-04-13,-28078.14,Debit,Vendor Payment,0678
TXN0000514,8699386294,2025-02-23,-9491.22,Debit,ATM Cash Withdrawal,0501
TXN0003612,3769992422,2025-05-07,-26578.38,Debit,Vendor Payment,0389
TXN0004062,4634707197,2025-03-19,-8886.15,Debit,Outgoing Wire,0389
TXN0003196,4833961633,2025-06-25,38701.16,Credit,Check Deposit,0112
TXN0005171,7492222236,2025-04-14,34581.85,Credit,Payroll Deposit,0389
TXN0004223,1959938803,2025-01-15,-12685.82,Debit,Outgoing Wire,0389
TXN0001625,3110130878,2025-06-08,10054.08,Credit,Payroll Deposit,0501
TXN0001369,2683417615,2025-01-28,-38775.28,Debit,ATM Cash Withdrawal,0501
TXN0005245,5669987241,2025-04-22,-35020.83,Debit,POS Purchase,0112
TXN0005781,7958776864,2025-01-31,5651.25,Credit,Account Transfer,0245
TXN0003015,9492447268,2025-06-19,-28380.97,Debit,Account Transfer,0501
TXN0003297,6813415490,2025-02-01,-39905.95,Debit,Outgoing Wire,0389
TXN0003445,8278358576,2025-01-01,-2037.63,Debit,Outgoing Wire,0245
TXN0005664,4418295034,2025-03-17,-135.48,Debit,POS Purchase,0678
TXN0001303,2858237237,2025-04-18,14503.23,Credit,Payroll Deposit,0678
TXN0002496,9000046126,2025-05-22,33135.06,Credit,Check Deposit,0501
TXN0002723,7040375446,2025-05-03,-21400.21,Debit,ATM Cash Withdrawal,0501
TXN0005624,5629590928,2025-05-29,-6770.80,Debit,Vendor Payment,0501
TXN0004459,8583238532,2025-01-18,8284.43,Credit,Account Transfer,0678
TXN0005378,8625507200,2025-01-11,-7322.18,Debit,Vendor Payment,0112
TXN0004322,7498964867,2025-06-05,-20234.67,Debit,ATM Cash Withdrawal,0112
TXN0000393,9065026044,2025-01-16,-42326.23,Debit,Outgoing Wire,0678
TXN0002188,1921312465,2025-02-02,-1202.39,Debit,ATM Cash Withdrawal,0678
TXN0001486,2366840188,2025-06-05,-27030.65,Debit,Incoming Wire,0389
TXN0003165,8967767879,2025-04-29,-14470.05,Debit,Incoming Wire,0678
TXN0005547,7880259937,2025-02-27,-32619.51,Debit,Incoming Wire,0501
TXN0004925,1353724463,2025-01-18,-13188.32,Debit,POS Purchase,0389
TXN0001267,5608913396,2025-06-30,-31955.97,Debit,ATM Cash Withdrawal,0112
TXN0004168,3794297663,2025-06-17,-32399.29,Debit,ATM Cash Withdrawal,0112
TXN0000313,6182185207,2025-01-24,-18557.50,Debit,Incoming Wire,0501
TXN0004744,3446312239,2025-04-20,-20575.71,Debit,ATM Cash Withdrawal,0501
TXN0003667,6288810602,2025-05-13,14184.43,Credit,Check Deposit,0112
TXN0003629,7317839926,2025-02-19,-32596.72,Debit,Vendor Payment,0245
TXN0000542,4751431795,2025-01-07,-38304.09,Debit,Vendor Payment,0112
TXN0003365,9120537717,2025-01-07,-37947.77,Debit,ATM Cash Withdrawal,0112
TXN0003123,9516337045,2025-01-15,-14749.87,Debit,Vendor Payment,0501
TXN0004464,7279096834,2025-02-20,-43399.02,Debit,Incoming Wire,0678
TXN0005047,1084282438,2025-02-27,14536.86,Credit,Check Deposit,0112
TXN0000345,5089500205,2025-03-27,-10151.82,Debit,Vendor Payment,0389
TXN0002958,4835018428,2025-06-06,-5364.09,Debit,Vendor Payment,0389
TXN0002342,2143555058,2025-01-30,-31963.98,Debit,ATM Cash Withdrawal,0501
TXN0003313,8209616828,2025-05-27,-33467.46,Debit,Incoming Wire,0389
TXN0003738,7719764363,2025-05-03,-22354.36,Debit,Outgoing Wire,0501
TXN0005560,8766375222,2025-01-01,-42136.00,Debit,Incoming Wire,0112
TXN0000619,7684084591,2025-05-31,-11799.86,Debit,ATM Cash Withdrawal,0245
TXN0004063,9842210218,2025-01-23,-40303.39,Debit,ATM Cash Withdrawal,0678
TXN0004257,7215152313,2025-03-21,23850.94,Credit,Check Deposit,0112
TXN0004159,9109466847,2025-06-06,44942.46,Credit,Payroll Deposit,0678
TXN0000637,8178565894,2025-01-14,-42228.18,Debit,Incoming Wire,0501
TXN0004293,9015988294,2025-04-14,-22033.98,Debit,Outgoing Wire,0245
TXN0000222,6549809089,2025-03-21,754.96,Credit,Check Deposit,0501
TXN0004242,4258009890,2025-06-19,-21017.50,Debit,POS Purchase,0245
TXN0003649,4628548625,2025-02-08,-19059.00,Debit,Vendor Payment,0112
TXN0002873,6563225013,2025-06-15,-35268.04,Debit,Vendor Payment,0112
TXN0004209,4162905511,2025-06-30,2739.65,Credit,Check Deposit,0245
TXN0004951,2382966177,2025-01-08,-14756.25,Debit,POS Purchase,0678
TXN0000036,3067068633,2025-02-10,-9196.03,Debit,Incoming Wire,0389
TXN0002699,7760774457,2025-05-26,16340.72,Credit,Check Deposit,0112
TXN0003657,2474830844,2025-05-25,32004.73,Credit,Check Deposit,0501
TXN0002218,1074606573,2025-04-12,-21168.55,Debit,POS Purchase,0501
TXN0001849,3563517037,2025-05-12,10752.96,Credit,Payroll Deposit,0245
TXN0002761,1131612648,2025-02-05,-10210.62,Debit,Vendor Payment,0389
TXN0003070,2232523861,2025-05-01,-33629.33,Debit,Incoming Wire,0678
TXN0001042,1157718673,2025-04-17,-42747.18,Debit,POS Purchase,0501
TXN0001507,2964660580,2025-01-15,-18404.92,Debit,POS Purchase,0501
TXN0002459,9531425799,2025-04-05,32909.19,Credit,Outgoing Wire,0389
TXN0002502,2304675596,2025-05-22,-24327.34,Debit,Outgoing Wire,0501
TXN0002391,8380482625,2025-03-18,-31260.97,Debit,Outgoing Wire,0389
TXN0003152,2002054538,2025-05-29,28615.95,Credit,Check Deposit,0245
TXN0002512,3732996560,2025-03-05,26175.38,Credit,Check Deposit,0112
TXN0003127,5666424670,2025-06-22,-29807.30,Debit,POS Purchase,0501
TXN0001338,7308303712,2025-02-14,-26497.84,Debit,Incoming Wire,0678
TXN0003580,9676951183,2025-04-29,-33822.86,Debit,ATM Cash Withdrawal,0112
TXN0004700,4712017905,2025-05-04,-32314.83,Debit,ATM Cash Withdrawal,0678
TXN0001511,2098406715,2025-03-15,-14750.94,Debit,ATM Cash Withdrawal,0501
TXN0001604,3153830778,2025-03-23,-23071.09,Debit,POS Purchase,0245
TXN0002149,2200096278,2025-03-26,39724.34,Credit,Account Transfer,0501
TXN0002323,3584029068,2025-01-16,-22286.86,Debit,Account Transfer,0501
TXN0002930,3576447182,2025-03-22,-2586.79,Debit,Vendor Payment,0112
TXN0000706,8611974133,2025-05-09,-9091.67,Debit,ATM Cash Withdrawal,0112
TXN0004163,2145932237,2025-01-04,-39495.20,Debit,Incoming Wire,0389
TXN0003081,7180247909,2025-02-03,-24714.25,Debit,Incoming Wire,0678
TXN0001784,9055772154,2025-01-20,-43283.56,Debit,POS Purchase,0112
TXN0005150,3163799883,2025-05-30,34578.50,Credit,Payroll Deposit,0501
TXN0003167,3374003298,2025-06-13,37203.60,Credit,Account Transfer,0245
TXN0001271,6526558195,2025-02-28,23331.30,Credit,Check Deposit,0112
TXN0002484,5668167017,2025-04-07,8583.13,Credit,Check Deposit,0678
TXN0004609,4658684693,2025-04-05,-19579.73,Debit,Incoming Wire,0501
TXN0005428,3716673430,2025-06-19,-29600.07,Debit,Account Transfer,0501
TXN0001598,9921036738,2025-06-25,6279.96,Credit,Account Transfer,0245
TXN0002743,7042426039,2025-03-17,-12565.44,Debit,Outgoing Wire,0501
TXN0002152,6666759598,2025-01-27,-12628.62,Debit,Incoming Wire,0678
TXN0003182,6591283856,2025-04-10,-20273.07,Debit,Account Transfer,0112
TXN0005471,6155150168,2025-02-20,-6119.19,Debit,POS Purchase,0112
TXN0001891,8094040413,2025-01-03,-34054.23,Debit,Outgoing Wire,0501
TXN0005048,9400926342,2025-06-23,-25789.44,Debit,Incoming Wire,0678
TXN0001927,7505174480,2025-06-20,-12768.24,Debit,ATM Cash Withdrawal,0389
TXN0000505,4892083008,2025-06-15,36259.31,Credit,Check Deposit,0389
TXN0004454,8066460433,2025-01-26,-570.26,Debit,POS Purchase,0678
TXN0003457,1801974813,2025-01-17,-7292.22,Debit,Vendor Payment,0678
TXN0002091,8948616665,2025-06-09,-2689.82,Debit,POS Purchase,0678
TXN0004545,1433325542,2025-04-07,-33314.22,Debit,POS Purchase,0501
TXN0005362,6853709759,2025-01-13,-5283.43,Debit,POS Purchase,0245
TXN0004971,3440912729,2025-01-04,852.61,Credit,Check Deposit,0389
TXN0002305,2150306319,2025-04-27,-23935.90,Debit,ATM Cash Withdrawal,0501
TXN0002334,5025292712,2025-03-11,5669.73,Credit,Payroll Deposit,0112
TXN0003187,1528194245,2025-01-19,15223.95,Credit,Account Transfer,0245
TXN0000547,1517403015,2025-06-24,-11502.83,Debit,ATM Cash Withdrawal,0112
TXN0004121,2609231329,2025-04-22,-24407.97,Debit,ATM Cash Withdrawal,0112
TXN0001672,4038017814,2025-04-12,-17677.87,Debit,Incoming Wire,0501
TXN0001350,8243268072,2025-01-15,35519.94,Credit,Account Transfer,0389
TXN0005131,9730340963,2025-02-21,8992.65,Credit,Payroll Deposit,0389
TXN0005510,6132883658,2025-01-25,8392.09,Credit,ATM Cash Withdrawal,0678
TXN0002451,6461720863,2025-04-30,-15617.50,Debit,Outgoing Wire,0245
TXN0005605,9272380712,2025-06-21,-35153.55,Debit,ATM Cash Withdrawal,0245
TXN0005935,1656624757,2025-01-24,600.97,Credit,Account Transfer,0245
TXN0001594,8423811407,2025-06-29,-7960.24,Debit,Incoming Wire,0678
TXN0001189,3808220402,2025-01-22,-36374.74,Debit,POS Purchase,0112
TXN0000354,8645696919,2025-04-07,-28240.59,Debit,Vendor Payment,0389
TXN0003417,3768046703,2025-03-05,-8924.56,Debit,ATM Cash Withdrawal,0501
TXN0003872,8532837916,2025-04-15,-43402.34,Debit,Incoming Wire,0112
TXN0000321,6190640713,2025-05-07,34333.39,Credit,Check Deposit,0678
TXN0004297,1985068186,2025-04-03,-14854.69,Debit,Incoming Wire,0245
TXN0002977,6988050863,2025-04-23,-34575.06,Debit,POS Purchase,0678
TXN0002369,6265899238,2025-05-09,26159.99,Credit,Vendor Payment,0389
TXN0005403,2081904522,2025-02-10,36790.15,Credit,Check Deposit,0678
TXN0000238,6979351724,2025-04-06,7240.96,Credit,Check Deposit,0112
TXN0005465,1707374137,2025-03-28,-27446.81,Debit,Outgoing Wire,0389
TXN0003170,1877883897,2025-02-13,-38791.42,Debit,Vendor Payment,0112
TXN0001847,4043073340,2025-03-17,-27875.49,Debit,Incoming Wire,0389
TXN0004745,5356466031,2025-03-15,23878.56,Credit,Check Deposit,0245
TXN0004562,7184219028,2025-05-10,-23090.13,Debit,ATM Cash Withdrawal,0501
TXN0003293,6752373133,2025-05-21,35783.69,Credit,Payroll Deposit,0501
TXN0001549,4574556323,2025-06-12,35965.74,Credit,Payroll Deposit,0678
TXN0002286,1040942629,2025-03-15,-35421.48,Debit,ATM Cash Withdrawal,0112
TXN0002097,8163679205,2025-04-11,-15719.64,Debit,POS Purchase,0112
TXN0003908,8728063195,2025-01-18,-44061.16,Debit,Outgoing Wire,0112
TXN0003419,6874500263,2025-06-17,22293.30,Credit,Check Deposit,0245
TXN0005280,5808258775,2025-01-16,-28125.24,Debit,POS Purchase,0678
TXN0003065,8052351160,2025-05-26,-32642.92,Debit,ATM Cash Withdrawal,0112
TXN0005879,5152290983,2025-05-20,-6327.43,Debit,Incoming Wire,0501
TXN0004819,7521505277,2025-03-29,19425.97,Credit,Account Transfer,0501
TXN0002618,2307754281,2025-03-18,-2266.99,Debit,Outgoing Wire,0501
TXN0001591,8577548746,2025-01-31,27998.53,Credit,Check Deposit,0112
TXN0001715,8779484072,2025-03-26,14061.64,Credit,Payroll Deposit,0678
TXN0004407,5888867190,2025-01-20,-20920.08,Debit,Account Transfer,0389
TXN0002220,2746610768,2025-06-19,-16610.26,Debit,Account Transfer,0678
TXN0005712,7208329731,2025-02-02,15061.53,Credit,Payroll Deposit,0389
TXN0002955,8370587912,2025-03-16,-18053.42,Debit,POS Purchase,0112
TXN0002474,3742224805,2025-04-21,-19158.31,Debit,Outgoing Wire,0112
TXN0000977,3997884823,2025-01-14,-15084.04,Debit,POS Purchase,0678
TXN0002379,8705923151,2025-01-11,-42233.02,Debit,Outgoing Wire,0501
TXN0004596,3922304658,2025-03-26,-28556.98,Debit,Outgoing Wire,0112
TXN0003665,7107380935,2025-06-08,6143.08,Credit,Check Deposit,0389
TXN0004219,8372148762,2025-02-02,-10446.42,Debit,Outgoing Wire,0678
TXN0001444,1366442526,2025-05-24,-8053.62,Debit,Incoming Wire,0678
TXN0005273,8381188727,2025-06-09,-27093.54,Debit,Outgoing Wire,0678
TXN0004113,7920179714,2025-06-13,17567.70,Credit,Check Deposit,0678
TXN0003241,9918353266,2025-02-14,-4615.39,Debit,Outgoing Wire,0678
TXN0001219,1004413702,2025-03-22,-31891.08,Debit,POS Purchase,0389
TXN0002771,2744024216,2025-03-04,43676.74,Credit,Check Deposit,0389
TXN0000663,1432857003,2025-04-17,22230.28,Credit,Check Deposit,0678
TXN0005578,4233993754,2025-04-21,7856.55,Credit,Outgoing Wire,0389
TXN0004049,4688236047,2025-03-11,-38119.25,Debit,Incoming Wire,0678
TXN0000541,4330391121,2025-04-14,-7776.92,Debit,POS Purchase,0678
TXN0003292,4972325425,2025-01-26,38013.79,Credit,Incoming Wire,0678
TXN0001441,9358286886,2025-05-22,23454.89,Credit,Check Deposit,0501
TXN0001206,7237438824,2025-02-03,292.41,Credit,Check Deposit,0501
TXN0001530,7251878518,2025-03-23,24264.21,Credit,Account Transfer,0389
TXN0000217,8986623105,2025-03-24,-16320.07,Debit,Incoming Wire,0389
TXN0002213,9156791214,2025-04-20,-41376.75,Debit,Vendor Payment,0112
TXN0002632,9968609138,2025-02-13,-44648.82,Debit,Incoming Wire,0245
TXN0001077,1079011097,2025-06-07,-38435.47,Debit,ATM Cash Withdrawal,0245
TXN0003281,4370573886,2025-03-02,-23351.53,Debit,Outgoing Wire,0501
TXN0005118,3188972053,2025-05-04,-6064.36,Debit,Vendor Payment,0501
TXN0005715,9198538226,2025-03-23,-36971.80,Debit,Incoming Wire,0245
TXN0005283,6021118731,2025-03-22,-3462.96,Debit,Vendor Payment,0678
TXN0002266,8423062885,2025-06-28,-1293.00,Debit,POS Purchase,0245
TXN0002775,5704194461,2025-05-20,-962.72,Debit,POS Purchase,0678
TXN0000237,2759944840,2025-04-10,-22870.25,Debit,ATM Cash Withdrawal,0112
TXN0003487,8016987348,2025-03-04,-31305.50,Debit,Vendor Payment,0245
TXN0002444,4781985381,2025-06-09,29201.02,Credit,Payroll Deposit,0389
TXN0001678,2420142027,2025-04-11,-18228.65,Debit,ATM Cash Withdrawal,0245
TXN0001791,5716084758,2025-05-08,1519.72,Credit,Payroll Deposit,0112
TXN0004618,7344458783,2025-02-18,-27722.44,Debit,ATM Cash Withdrawal,0112
TXN0005934,6565857485,2025-01-05,-2884.75,Debit,ATM Cash Withdrawal,0501
TXN0004566,8887328452,2025-06-03,-14405.10,Debit,Outgoing Wire,0245
TXN0002176,1263604191,2025-05-10,-39118.63,Debit,Outgoing Wire,0389
TXN0005162,4265748794,2025-01-06,-42896.70,Debit,POS Purchase,0112
TXN0000797,1865432287,2025-02-04,41667.23,Credit,Payroll Deposit,0501
TXN0002915,6556361211,2025-03-06,-44927.98,Debit,POS Purchase,0112
TXN0005031,6536192125,2025-06-29,-35400.59,Debit,Outgoing Wire,0245
TXN0000289,4043248671,2025-04-12,-44655.07,Debit,POS Purchase,0389
TXN0004338,4614672677,2025-02-02,-31289.48,Debit,POS Purchase,0112
TXN0003500,6228853430,2025-06-15,1424.53,Credit,Payroll Deposit,0245
TXN0000274,7862904587,2025-01-14,-22507.23,Debit,Account Transfer,0389
TXN0005447,9958034273,2025-03-06,-39357.37,Debit,Account Transfer,0389
TXN0001108,3635805470,2025-02-10,-6769.36,Debit,POS Purchase,0501
TXN0001669,7651479454,2025-01-01,37827.21,Credit,Payroll Deposit,0245
TXN0002689,3622150729,2025-05-21,-23387.92,Debit,Account Transfer,0245
TXN0005656,8410910396,2025-06-12,-27650.07,Debit,ATM Cash Withdrawal,0501
TXN0003556,6444082894,2025-05-26,23925.43,Credit,Account Transfer,0501
TXN0000888,5063426161,2025-01-15,-28444.23,Debit,Outgoing Wire,0389
TXN0001963,9721163421,2025-04-19,-33199.07,Debit,POS Purchase,0112
TXN0004995,2829065719,2025-05-18,22416.50,Credit,Payroll Deposit,0389
TXN0000023,5978693294,2025-04-10,-41968.86,Debit,Incoming Wire,0245
TXN0004261,5398076815,2025-02-11,2568.01,Credit,ATM Cash Withdrawal,0389
TXN0003346,3230684904,2025-01-15,-44951.85,Debit,Incoming Wire,0678
TXN0001224,6499423327,2025-02-15,-11523.48,Debit,Incoming Wire,0678
TXN0004065,4440080672,2025-06-21,23299.82,Credit,Check Deposit,0678
TXN0001571,2190932040,2025-01-17,-33742.72,Debit,POS Purchase,0245
TXN0001208,8603720043,2025-02-10,-36784.47,Debit,Outgoing Wire,0389
TXN0003639,2806797802,2025-05-24,-9766.39,Debit,Account Transfer,0678
TXN0000705,6452018694,2025-01-07,-5095.58,Debit,POS Purchase,0501
TXN0000696,4310635332,2025-06-03,13782.89,Credit,Payroll Deposit,0389
TXN0004640,1410399302,2025-02-16,-28084.04,Debit,Account Transfer,0245
TXN0004634,8769502299,2025-03-31,-4963.69,Debit,POS Purchase,0501
TXN0000845,6995498354,2025-03-15,42831.72,Credit,Account Transfer,0112
TXN0001518,8308440721,2025-03-27,-14918.88,Debit,ATM Cash Withdrawal,0501
TXN0001919,4381379576,2025-05-28,-39949.74,Debit,POS Purchase,0389
TXN0002774,8034500228,2025-05-14,13690.89,Credit,Check Deposit,0501
TXN0005758,2103174030,2025-02-25,44799.65,Credit,Check Deposit,0678
TXN0001415,4325036665,2025-01-30,-38109.67,Debit,Outgoing Wire,0245
TXN0002036,9584971535,2025-02-06,30938.44,Credit,Check Deposit,0245
TXN0004199,6320714260,2025-06-23,10832.07,Credit,ATM Cash Withdrawal,0389
TXN0001599,3327936242,2025-01-26,3052.75,Credit,Check Deposit,0245
TXN0003211,2677882917,2025-03-23,43532.11,Credit,Check Deposit,0112
TXN0005231,1172762143,2025-02-22,-43577.98,Debit,ATM Cash Withdrawal,0245
TXN0002338,6235610916,2025-02-27,-9881.77,Debit,Outgoing Wire,0245
TXN0005513,4716984646,2025-06-30,14131.43,Credit,Check Deposit,0678
TXN0005820,1412876610,2025-03-10,11848.57,Credit,Check Deposit,0678
TXN0003158,8969151574,2025-02-22,-4558.72,Debit,Account Transfer,0245
TXN0002531,4204570965,2025-05-06,1723.66,Credit,Account Transfer,0112
TXN0000617,6870882425,2025-01-18,4823.58,Credit,Account Transfer,0112
TXN0001070,3063969546,2025-05-15,-29490.02,Debit,ATM Cash Withdrawal,0112
TXN0002082,3056518880,2025-01-05,5017.44,Credit,Check Deposit,0501
TXN0002790,3032575362,2025-04-17,37752.65,Credit,Account Transfer,0501
TXN0004915,5598165232,2025-01-01,-26081.52,Debit,Vendor Payment,0389
TXN0000077,5058273628,2025-05-03,-6153.99,Debit,Incoming Wire,0678
TXN0004379,2181358245,2025-06-21,-16178.94,Debit,POS Purchase,0112
TXN0002880,7352013668,2025-02-12,-11675.55,Debit,POS Purchase,0389
TXN0003016,1303206795,2025-04-28,-41319.32,Debit,Account Transfer,0389
TXN0003221,2375301371,2025-03-13,-36577.66,Debit,Incoming Wire,0501
TXN0004972,6088040176,2025-02-17,-21152.84,Debit,Vendor Payment,0112
TXN0002292,4127263411,2025-06-18,-10246.32,Debit,ATM Cash Withdrawal,0389
TXN0005187,5361272127,2025-01-01,-35500.62,Debit,Incoming Wire,0389
TXN0001056,7781714683,2025-06-12,29620.03,Credit,Payroll Deposit,0112
TXN0004514,9712307690,2025-05-14,-39857.24,Debit,Outgoing Wire,0501
TXN0001242,9624158706,2025-01-27,-40492.95,Debit,Account Transfer,0501
TXN0001376,7467901684,2025-04-26,-18776.04,Debit,POS Purchase,0501
TXN0005876,5379356518,2025-05-11,-25488.36,Debit,Incoming Wire,0501
TXN0004346,2226921510,2025-01-09,5386.74,Credit,Check Deposit,0112
TXN0004039,8255284190,2025-02-12,-20633.15,Debit,Vendor Payment,0389
TXN0004980,1324339829,2025-04-20,29185.09,Credit,Account Transfer,0678
TXN0002876,7709061911,2025-03-14,-32441.92,Debit,Incoming Wire,0112
TXN0003082,1081804837,2025-04-12,-25281.87,Debit,POS Purchase,0501
TXN0002505,7596048790,2025-03-10,44455.51,Credit,Payroll Deposit,0245
TXN0005073,7576249976,2025-02-09,40996.59,Credit,Payroll Deposit,0678
TXN0000831,2091551280,2025-04-15,-17641.10,Debit,Account Transfer,0389
TXN0002702,8141442147,2025-05-08,-12965.97,Debit,POS Purchase,0245
TXN0000862,3565522098,2025-06-17,-10692.19,Debit,ATM Cash Withdrawal,0245
TXN0000125,7663543560,2025-03-21,2920.35,Credit,Payroll Deposit,0112
TXN0001654,2700050749,2025-01-24,35707.83,Credit,Check Deposit,0389
TXN0002416,1883013966,2025-06-17,-1089.07,Debit,Incoming Wire,0112
TXN0000096,7458401271,2025-02-15,3287.30,Credit,Check Deposit,0678
TXN0000669,1936698441,2025-05-24,-13071.56,Debit,Incoming Wire,0112
TXN0005123,3642537891,2025-04-11,-24098.42,Debit,ATM Cash Withdrawal,0501
TXN0003503,7598762434,2025-01-25,-23116.87,Debit,Vendor Payment,0389
TXN0001094,5571517186,2025-06-22,-35627.43,Debit,Vendor Payment,0389
TXN0002836,6779843992,2025-06-30,34572.92,Credit,Payroll Deposit,0501
TXN0002674,4283037599,2025-01-16,-32934.64,Debit,POS Purchase,0678
TXN0004507,6797199696,2025-04-12,-40826.65,Debit,ATM Cash Withdrawal,0389
TXN0002573,5651365254,2025-05-24,-29198.55,Debit,ATM Cash Withdrawal,0112
TXN0001640,2988214674,2025-03-22,-9240.97,Debit,Outgoing Wire,0389
TXN0002241,4679237996,2025-06-25,18578.10,Credit,Account Transfer,0389
TXN0004885,4414220946,2025-05-24,13474.25,Credit,Account Transfer,0389
TXN0001761,1801732660,2025-02-06,30842.31,Credit,Payroll Deposit,0245
TXN0003768,2779367655,2025-01-04,-41255.22,Debit,ATM Cash Withdrawal,0678
TXN0000775,1489487421,2025-05-24,18846.01,Credit,Check Deposit,0501
TXN0003301,8220417151,2025-05-22,-25789.62,Debit,POS Purchase,0245
TXN0000190,7925066834,2025-03-27,-20728.81,Debit,ATM Cash Withdrawal,0501
TXN0001671,9958533208,2025-04-28,31653.28,Credit,Account Transfer,0245
TXN0003818,9123996524,2025-05-17,-1084.96,Debit,ATM Cash Withdrawal,0678
TXN0002803,7507959163,2025-03-28,-42141.34,Debit,Outgoing Wire,0245
TXN0005392,8227273417,2025-06-29,20256.59,Credit,Check Deposit,0678
TXN0005474,8538692657,2025-03-15,-38731.82,Debit,Incoming Wire,0678
TXN0001322,9025827248,2025-03-19,-10673.55,Debit,Outgoing Wire,0678
TXN0000998,8272198499,2025-04-28,-8177.18,Debit,Incoming Wire,0245
TXN0003184,9314583874,2025-04-16,-39100.32,Debit,Incoming Wire,0678
TXN0003401,8295283838,2025-03-21,-24522.64,Debit,Outgoing Wire,0501
TXN0003610,7198879889,2025-01-30,-9164.40,Debit,ATM Cash Withdrawal,0501
TXN0004628,3456091342,2025-01-20,-33705.19,Debit,Account Transfer,0389
TXN0002855,4467376665,2025-04-05,-3756.30,Debit,Outgoing Wire,0501
TXN0005298,3699363855,2025-03-24,-43863.59,Debit,Outgoing Wire,0501
TXN0000789,2396916775,2025-03-09,19555.93,Credit,Check Deposit,0501
TXN0002886,7243795532,2025-05-08,-9059.65,Debit,ATM Cash Withdrawal,0501
TXN0004350,9109339044,2025-06-14,-8368.31,Debit,Incoming Wire,0112
TXN0002169,4739128119,2025-05-15,-2378.83,Debit,Vendor Payment,0112
TXN0004958,7528480094,2025-02-25,-42400.91,Debit,ATM Cash Withdrawal,0389
TXN0004258,7511569550,2025-04-03,-21315.26,Debit,ATM Cash Withdrawal,0245
TXN0002117,9588545618,2025-01-28,17002.03,Credit,Payroll Deposit,0389
TXN0000337,7620013823,2025-05-06,-4747.42,Debit,POS Purchase,0678
TXN0005717,1513993909,2025-06-11,28225.75,Credit,Check Deposit,0112
TXN0002096,8373424654,2025-04-05,9000.41,Credit,Payroll Deposit,0501
TXN0002762,3948592007,2025-04-09,-1669.44,Debit,ATM Cash Withdrawal,0245
TXN0002110,2422988451,2025-05-02,30730.76,Credit,Payroll Deposit,0501
TXN0003687,5635675208,2025-05-25,31880.11,Credit,Payroll Deposit,0501
TXN0005458,5706858033,2025-01-17,36563.51,Credit,Account Transfer,0112
TXN0003800,6330472610,2025-01-20,15389.70,Credit,Payroll Deposit,0389
TXN0001144,9019808747,2025-04-30,2285.22,Credit,Outgoing Wire,0245
TXN0000904,6444256361,2025-03-14,-33182.01,Debit,Vendor Payment,0389
TXN0002564,4682544466,2025-06-16,16356.28,Credit,Account Transfer,0678
TXN0002159,7862405045,2025-06-15,-13415.58,Debit,Account Transfer,0245
TXN0000724,4414288768,2025-01-28,-547.24,Debit,Account Transfer,0245
TXN0000389,7161832140,2025-01-10,-44424.46,Debit,Account Transfer,0245
TXN0004393,5441741247,2025-03-07,28539.41,Credit,Check Deposit,0112
TXN0005454,7465800096,2025-04-08,-37897.17,Debit,Vendor Payment,0245
TXN0005928,7449816844,2025-01-10,15107.24,Credit,Payroll Deposit,0245
TXN0005466,6486647323,2025-02-04,17945.69,Credit,POS Purchase,0501
TXN0002617,7788910050,2025-06-20,-38564.67,Debit,Outgoing Wire,0501
TXN0004812,9635110218,2025-03-25,27656.08,Credit,Payroll Deposit,0501
TXN0000461,8629960597,2025-06-16,-24310.73,Debit,Vendor Payment,0245
TXN0000553,9517960238,2025-02-09,-380.12,Debit,Account Transfer,0245
TXN0002321,7006300921,2025-06-07,-1000.45,Debit,POS Purchase,0389
TXN0005514,9093576493,2025-04-08,27426.05,Credit,Check Deposit,0245
TXN0003952,4842490372,2025-04-22,14279.84,Credit,Check Deposit,0501
TXN0005793,8266546548,2025-05-30,-26403.44,Debit,Vendor Payment,0501
TXN0005595,9917427540,2025-01-27,3250.57,Credit,Check Deposit,0501
TXN0002002,8977927109,2025-02-11,19589.62,Credit,Account Transfer,0112
TXN0004278,9213092543,2025-01-24,-9108.54,Debit,Vendor Payment,0678
TXN0003477,8571082807,2025-06-20,-19966.11,Debit,Account Transfer,0501
TXN0002020,4318082863,2025-05-26,4832.01,Credit,Check Deposit,0678
TXN0005904,3856108785,2025-04-16,-4560.49,Debit,Incoming Wire,0678
TXN0002869,7088287336,2025-02-08,-16515.95,Debit,Incoming Wire,0112
TXN0001948,8314898657,2025-01-24,-9727.30,Debit,Account Transfer,0112
TXN0001668,7029078369,2025-04-27,-5016.09,Debit,ATM Cash Withdrawal,0112
TXN0001438,8699903430,2025-01-29,15610.77,Credit,Payroll Deposit,0245
TXN0003766,2536284807,2025-06-23,-6702.58,Debit,Outgoing Wire,0245
TXN0001902,3917840023,2025-03-18,-33370.02,Debit,POS Purchase,0389
TXN0002753,5132433739,2025-06-13,37905.57,Credit,Account Transfer,0501
TXN0004655,4476479966,2025-06-02,-23232.46,Debit,Outgoing Wire,0678
TXN0003074,6489234643,2025-06-02,38149.16,Credit,Check Deposit,0678
TXN0005938,4384835675,2025-01-28,35002.15,Credit,Check Deposit,0389
TXN0005335,9223256025,2025-05-23,14383.99,Credit,Outgoing Wire,0501
TXN0003286,5591586637,2025-03-07,-36329.09,Debit,Incoming Wire,0389
TXN0004679,2209847575,2025-01-22,-24033.25,Debit,Incoming Wire,0389
TXN0003967,3062978413,2025-03-12,-19344.30,Debit,Incoming Wire,0389
TXN0004348,2441033675,2025-04-20,23512.33,Credit,Outgoing Wire,0389
TXN0004432,9975463678,2025-03-10,36493.76,Credit,Payroll Deposit,0389
TXN0005332,5621215068,2025-05-04,42964.06,Credit,Payroll Deposit,0678
TXN0004228,9189915319,2025-03-26,39732.52,Credit,Payroll Deposit,0501
TXN0001698,3985627196,2025-02-20,14071.91,Credit,Check Deposit,0112
TXN0004470,7734400924,2025-05-02,-4134.22,Debit,POS Purchase,0501
TXN0004438,1734743838,2025-02-05,-40295.82,Debit,Incoming Wire,0245
TXN0000204,3039459795,2025-01-01,24778.69,Credit,Check Deposit,0389
TXN0002706,2522476704,2025-06-06,-9126.69,Debit,Vendor Payment,0112
TXN0000854,4631436934,2025-03-01,-22887.34,Debit,Incoming Wire,0678
TXN0005504,5494275066,2025-04-22,43911.53,Credit,Account Transfer,0112
TXN0004044,6534668842,2025-06-01,15092.57,Credit,Check Deposit,0501
TXN0003734,9711817383,2025-05-25,-1214.38,Debit,Incoming Wire,0678
TXN0004388,8850937096,2025-01-16,-7206.64,Debit,ATM Cash Withdrawal,0389
TXN0000655,6915230783,2025-06-29,-8830.91,Debit,Vendor Payment,0501
TXN0004034,3488152542,2025-03-09,-5835.76,Debit,Outgoing Wire,0245
TXN0004892,7845496335,2025-05-08,-29975.16,Debit,ATM Cash Withdrawal,0501
TXN0003124,9738856411,2025-05-14,-23879.72,Debit,ATM Cash Withdrawal,0112
TXN0001705,6860966265,2025-01-16,-37594.10,Debit,Outgoing Wire,0112
TXN0003201,9213436080,2025-05-31,14412.86,Credit,Account Transfer,0501
TXN0000146,3537073672,2025-04-04,-9435.36,Debit,Vendor Payment,0112
TXN0005635,2489045994,2025-04-02,-22134.53,Debit,POS Purchase,0678
TXN0003722,3908470872,2025-05-13,-25856.71,Debit,POS Purchase,0678
TXN0004077,8960314219,2025-02-18,-16258.99,Debit,Vendor Payment,0678
TXN0000025,6671052181,2025-01-10,22724.75,Credit,Payroll Deposit,0501
TXN0000444,7457168288,2025-01-21,5096.51,Credit,Check Deposit,0112
TXN0000195,4783816741,2025-03-04,-13665.86,Debit,Vendor Payment,0112
TXN0003851,2806522777,2025-01-28,-43370.38,Debit,Account Transfer,0112
TXN0004516,4582996042,2025-02-25,-6533.72,Debit,Account Transfer,0678
TXN0004923,3832703087,2025-01-16,16473.97,Credit,Account Transfer,0112
TXN0003511,6520184498,2025-01-14,-3390.99,Debit,Outgoing Wire,0678
TXN0002086,3433376796,2025-06-01,43009.45,Credit,Check Deposit,0501
TXN0002769,9116207641,2025-02-17,-5179.42,Debit,Outgoing Wire,0389
TXN0003357,1025086386,2025-03-12,-14108.70,Debit,Incoming Wire,0501
TXN0003583,6991161171,2025-02-18,44431.63,Credit,Payroll Deposit,0501
TXN0000774,8879338407,2025-02-20,-3816.04,Debit,Account Transfer,0389
TXN0004057,3369776401,2025-04-02,19335.86,Credit,Payroll Deposit,0112
TXN0001629,1367941091,2025-05-25,-21009.63,Debit,Incoming Wire,0389
TXN0003304,2437607648,2025-06-29,10380.46,Credit,Check Deposit,0501
TXN0002807,4446422195,2025-06-15,-38887.87,Debit,ATM Cash Withdrawal,0678
TXN0000830,9404789313,2025-05-25,5683.72,Credit,Check Deposit,0389
TXN0004845,6069403731,2025-03-04,-14913.07,Debit,ATM Cash Withdrawal,0112
TXN0005780,7315764037,2025-06-24,-16339.89,Debit,POS Purchase,0245
TXN0005438,1477545348,2025-03-07,5053.88,Credit,Payroll Deposit,0678
TXN0005262,5015891489,2025-01-30,6914.33,Credit,Check Deposit,0501
TXN0005748,9312919705,2025-03-30,6705.71,Credit,Account Transfer,0678
TXN0001159,3286166863,2025-05-20,-18764.76,Debit,Account Transfer,0245
TXN0005254,5820043854,2025-01-20,41539.79,Credit,Check Deposit,0245
TXN0002653,5590702208,2025-02-24,-16794.93,Debit,ATM Cash Withdrawal,0245
TXN0003835,4980908688,2025-05-26,-42727.69,Debit,Vendor Payment,0245
TXN0003316,4136470471,2025-06-14,-8500.89,Debit,Vendor Payment,0389
TXN0000906,9360049557,2025-05-31,-7630.69,Debit,Incoming Wire,0501
TXN0001308,3935852683,2025-06-27,14885.81,Credit,Check Deposit,0678
TXN0005853,9230443877,2025-05-30,-12532.30,Debit,Vendor Payment,0112
TXN0003747,1989165182,2025-04-24,-27558.04,Debit,Account Transfer,0112
TXN0004565,3793272331,2025-03-04,-7628.39,Debit,Account Transfer,0112
TXN0001562,7542779622,2025-04-29,42568.42,Credit,Check Deposit,0501
TXN0002557,1396429865,2025-03-31,12537.42,Credit,Incoming Wire,0501
TXN0001119,4565247390,2025-06-11,-29272.35,Debit,POS Purchase,0112
TXN0000127,4113709281,2025-05-18,-42512.88,Debit,Outgoing Wire,0112
TXN0005469,8650302463,2025-06-07,26088.93,Credit,Check Deposit,0678
TXN0004850,3228119902,2025-02-03,33861.86,Credit,Account Transfer,0245
TXN0001804,5377096411,2025-03-11,9320.72,Credit,Check Deposit,0389
TXN0001089,4998966114,2025-03-19,-27474.28,Debit,Outgoing Wire,0678
TXN0001809,5097459533,2025-03-04,18439.50,Credit,Check Deposit,0501
TXN0001508,8250347967,2025-01-10,-13517.61,Debit,Account Transfer,0389
TXN0005084,5576080307,2025-01-07,15703.60,Credit,Vendor Payment,0678
TXN0005115,2329016060,2025-03-13,-36268.61,Debit,ATM Cash Withdrawal,0678
TXN0005217,8061903857,2025-04-21,-1369.69,Debit,Vendor Payment,0245
TXN0004383,9559237035,2025-03-31,34183.67,Credit,Check Deposit,0112
TXN0003133,5001478240,2025-03-07,-32495.49,Debit,POS Purchase,0678
TXN0000750,1391245848,2025-06-07,143.89,Credit,Check Deposit,0245
TXN0005085,5265538415,2025-03-31,11478.41,Credit,Payroll Deposit,0678
TXN0003190,4087571374,2025-06-07,-11900.06,Debit,Vendor Payment,0389
TXN0001807,8980421533,2025-01-26,-6582.45,Debit,ATM Cash Withdrawal,0678
TXN0001748,3947593041,2025-02-18,-25734.08,Debit,Incoming Wire,0678
TXN0004410,8564667742,2025-06-02,-44439.50,Debit,Incoming Wire,0112
TXN0001757,7594246958,2025-04-10,-44458.62,Debit,Outgoing Wire,0112
TXN0003166,5568438068,2025-03-23,-34373.78,Debit,POS Purchase,0501
TXN0001425,3326689805,2025-05-23,-20642.51,Debit,ATM Cash Withdrawal,0501
TXN0003975,5467136794,2025-06-19,-44334.15,Debit,Incoming Wire,0501
TXN0005655,5051156901,2025-06-27,-2209.88,Debit,Outgoing Wire,0112
TXN0001814,5067144882,2025-06-23,36471.41,Credit,Check Deposit,0389
TXN0000241,2672203765,2025-01-08,30063.50,Credit,Check Deposit,0389
TXN0000895,4359076788,2025-01-29,-14312.46,Debit,POS Purchase,0112
TXN0003279,4923935398,2025-05-31,43232.83,Credit,Check Deposit,0501
TXN0005361,7079986542,2025-03-30,-33928.73,Debit,ATM Cash Withdrawal,0112
TXN0005889,3076767813,2025-01-29,12104.98,Credit,Payroll Deposit,0501
TXN0002006,4458349933,2025-02-18,-29637.02,Debit,Vendor Payment,0389
TXN0005339,1024018840,2025-01-28,29309.94,Credit,Payroll Deposit,0245
TXN0002243,8563473721,2025-01-07,-25102.33,Debit,ATM Cash Withdrawal,0678
TXN0000853,3512061834,2025-05-26,-34509.83,Debit,Incoming Wire,0389
TXN0003652,1853056662,2025-05-16,-42489.56,Debit,Incoming Wire,0678
TXN0003526,7547308119,2025-02-02,33772.87,Credit,Check Deposit,0389
TXN0002124,2286267426,2025-05-12,7183.75,Credit,Check Deposit,0389
TXN0003326,7603684636,2025-01-01,32083.55,Credit,Payroll Deposit,0501
TXN0002481,1883262217,2025-02-13,-20776.49,Debit,POS Purchase,0389
TXN0000618,1553951943,2025-06-17,-42358.17,Debit,Outgoing Wire,0678
TXN0001996,5972440944,2025-01-06,-8857.30,Debit,Vendor Payment,0678
TXN0004179,8212601301,2025-04-24,14636.41,Credit,Payroll Deposit,0678
TXN0005771,6366673410,2025-05-29,-38990.63,Debit,Vendor Payment,0678
TXN0004497,1176419094,2025-02-25,-12318.33,Debit,Incoming Wire,0245
TXN0005597,9094977536,2025-06-14,26451.98,Credit,Check Deposit,0678
TXN0001340,2060311198,2025-05-22,30967.80,Credit,Account Transfer,0245
TXN0004726,6389424914,2025-06-12,-24634.00,Debit,ATM Cash Withdrawal,0112
TXN0003595,6326070977,2025-05-23,-37035.17,Debit,Vendor Payment,0389
TXN0004008,8891758128,2025-05-23,-32807.11,Debit,Outgoing Wire,0678
TXN0000194,5062539694,2025-03-22,6837.74,Credit,Account Transfer,0678
TXN0002136,6842194789,2025-04-07,12191.75,Credit,Payroll Deposit,0678
TXN0001073,7867316976,2025-05-09,5308.48,Credit,ATM Cash Withdrawal,0112
TXN0000284,3922905846,2025-05-12,17710.88,Credit,Payroll Deposit,0501
TXN0005805,6246136829,2025-05-24,5435.74,Credit,Check Deposit,0501
TXN0000300,1871035146,2025-05-08,22657.68,Credit,Check Deposit,0112
TXN0004007,2201688799,2025-03-05,15196.70,Credit,Payroll Deposit,0678
TXN0001137,1421278299,2025-05-29,28617.33,Credit,Check Deposit,0389
TXN0005213,8735434070,2025-02-08,-9100.58,Debit,Account Transfer,0501
TXN0004771,9717249395,2025-05-02,-7661.46,Debit,Vendor Payment,0245
TXN0004740,5662777112,2025-02-15,-26487.15,Debit,Vendor Payment,0112
TXN0004244,7026295096,2025-05-08,-22986.73,Debit,Incoming Wire,0245
TXN0003912,3129656383,2025-03-22,21717.50,Credit,Check Deposit,0678
TXN0001403,3162205033,2025-06-23,-13888.09,Debit,ATM Cash Withdrawal,0501
TXN0002523,9325535721,2025-01-04,34118.13,Credit,Payroll Deposit,0112
TXN0005908,3320015942,2025-06-08,-9047.62,Debit,Vendor Payment,0245
TXN0001833,8708297741,2025-05-09,-37937.63,Debit,Incoming Wire,0501
TXN0000188,5517838114,2025-02-24,-18068.62,Debit,Outgoing Wire,0112
TXN0003957,3559168643,2025-02-25,33746.40,Credit,Payroll Deposit,0389
TXN0003055,6535826837,2025-05-28,6205.66,Credit,Check Deposit,0245
TXN0000347,3123106504,2025-05-13,-9270.28,Debit,POS Purchase,0245
TXN0001273,1671276112,2025-02-17,-10958.56,Debit,Vendor Payment,0245
TXN0002780,8275731080,2025-04-05,32839.38,Credit,Account Transfer,0389
TXN0003920,1686201552,2025-01-07,43783.35,Credit,Vendor Payment,0245
TXN0003489,8060826806,2025-05-25,16126.66,Credit,Payroll Deposit,0501
TXN0002500,9620218421,2025-02-11,6996.07,Credit,Payroll Deposit,0112
TXN0003771,2930950428,2025-05-10,6076.04,Credit,Account Transfer,0245
TXN0001567,5834247623,2025-05-14,-20148.49,Debit,Incoming Wire,0678
TXN0001323,2128356782,2025-04-06,23818.58,Credit,Check Deposit,0501
TXN0002792,1689059845,2025-01-16,-35914.77,Debit,Outgoing Wire,0245
TXN0005369,5839159861,2025-06-02,-15944.11,Debit,Outgoing Wire,0112
TXN0005242,6846433879,2025-06-16,-25832.51,Debit,Outgoing Wire,0501
TXN0002863,2290292997,2025-02-09,20724.01,Credit,Payroll Deposit,0245
TXN0001727,8004206764,2025-06-02,-14360.34,Debit,ATM Cash Withdrawal,0245
TXN0003533,2243945756,2025-04-21,44618.62,Credit,Account Transfer,0245
TXN0004148,9506946283,2025-02-15,39424.07,Credit,Account Transfer,0501
TXN0000787,4148442207,2025-03-13,-25483.03,Debit,Outgoing Wire,0501
TXN0004025,2144027071,2025-04-07,-1771.73,Debit,Account Transfer,0245
TXN0005737,8425460849,2025-01-19,-32819.90,Debit,Incoming Wire,0112
TXN0003631,9680725487,2025-06-28,-7796.31,Debit,POS Purchase,0245
TXN0002390,2962699371,2025-01-29,11504.41,Credit,Check Deposit,0389
TXN0004811,5730256681,2025-05-22,22304.48,Credit,Payroll Deposit,0501
TXN0001234,6044505332,2025-06-08,-43425.57,Debit,Outgoing Wire,0112
TXN0000950,7086287693,2025-05-27,11363.91,Credit,Check Deposit,0678
TXN0002367,8632729318,2025-02-05,-2314.34,Debit,Vendor Payment,0112
TXN0000896,3150087236,2025-03-19,42012.64,Credit,Payroll Deposit,0501
TXN0001161,8958516184,2025-01-16,-5452.99,Debit,Incoming Wire,0678
TXN0005697,1271892793,2025-02-06,-39947.89,Debit,Vendor Payment,0112
TXN0004109,7753468224,2025-03-29,-3903.67,Debit,ATM Cash Withdrawal,0678
TXN0004962,8848927358,2025-03-25,-42706.08,Debit,Vendor Payment,0245
TXN0000856,6396299651,2025-02-23,36972.68,Credit,Check Deposit,0245
TXN0000763,5909672769,2025-04-28,-41689.56,Debit,Outgoing Wire,0245
TXN0000986,6153526031,2025-03-09,-14984.80,Debit,Outgoing Wire,0389
TXN0001582,9099968683,2025-01-24,32504.98,Credit,Account Transfer,0678
TXN0001362,8767275124,2025-05-30,35336.16,Credit,Account Transfer,0501
TXN0001223,7518403763,2025-03-22,-44628.89,Debit,Vendor Payment,0245
TXN0002969,7621115022,2025-02-18,40160.93,Credit,Payroll Deposit,0112
TXN0004613,7963306149,2025-06-11,35298.64,Credit,Payroll Deposit,0389
TXN0001632,7339581358,2025-04-06,31978.79,Credit,Account Transfer,0389
TXN0001061,6171546195,2025-06-02,25847.25,Credit,Check Deposit,0501
TXN0000516,3264613983,2025-04-23,-40991.86,Debit,Outgoing Wire,0245
TXN0000185,6872730758,2025-01-19,-42251.09,Debit,Vendor Payment,0245
TXN0002387,3666998697,2025-06-03,-23815.15,Debit,POS Purchase,0678
TXN0000748,8093149764,2025-01-09,-9277.35,Debit,Outgoing Wire,0389
TXN0004674,1771640107,2025-01-01,24942.68,Credit,Check Deposit,0501
TXN0003455,4971869202,2025-06-04,-44556.56,Debit,POS Purchase,0112
TXN0004446,8116764602,2025-03-18,23931.21,Credit,Payroll Deposit,0112
TXN0003416,6858853028,2025-01-09,-25927.25,Debit,Incoming Wire,0112
TXN0001269,1010197809,2025-05-08,-39195.65,Debit,Vendor Payment,0501
TXN0005067,9734792355,2025-06-17,4393.05,Credit,Account Transfer,0501
TXN0005267,3888562164,2025-03-10,-1254.90,Debit,Outgoing Wire,0389
TXN0005127,5620152543,2025-04-26,6416.12,Credit,Payroll Deposit,0678
TXN0003805,7141139692,2025-01-08,-35207.77,Debit,Outgoing Wire,0112
TXN0000970,1683877757,2025-02-20,-7005.27,Debit,Incoming Wire,0678
TXN0005785,1647063878,2025-06-13,11625.56,Credit,Account Transfer,0245
TXN0004667,9715940775,2025-02-23,32688.13,Credit,Account Transfer,0389
TXN0000988,1094694424,2025-02-18,-7889.92,Debit,Vendor Payment,0678
TXN0005489,8190341044,2025-06-12,-6006.19,Debit,Vendor Payment,0245
TXN0002442,7480779386,2025-01-05,15438.96,Credit,Check Deposit,0389
TXN0000755,2969400292,2025-03-05,-24552.30,Debit,Incoming Wire,0112
TXN0004442,7735434342,2025-06-21,37696.03,Credit,Check Deposit,0678
TXN0003671,8093202665,2025-02-04,-13576.73,Debit,Outgoing Wire,0678
TXN0005195,2553848235,2025-05-09,7383.32,Credit,Check Deposit,0678
TXN0000848,8449304714,2025-05-26,6444.79,Credit,Check Deposit,0245
TXN0004255,6784149689,2025-03-28,-21253.98,Debit,Vendor Payment,0112
TXN0001302,9591895778,2025-02-27,19453.87,Credit,Payroll Deposit,0678
TXN0003541,8044949009,2025-06-13,-36456.60,Debit,POS Purchase,0112
TXN0003041,9838017653,2025-04-08,-23798.93,Debit,ATM Cash Withdrawal,0389
TXN0001140,5375415819,2025-01-22,15805.65,Credit,Outgoing Wire,0112
TXN0003861,2182945960,2025-03-07,-14679.96,Debit,Vendor Payment,0501
TXN0005309,6534991839,2025-04-18,-11671.36,Debit,POS Purchase,0112
TXN0002663,1066276590,2025-05-03,44478.59,Credit,Payroll Deposit,0245
TXN0004104,4545266495,2025-05-25,27308.09,Credit,Check Deposit,0389
TXN0002744,4016210271,2025-04-18,2017.76,Credit,Check Deposit,0678
TXN0001027,1765306509,2025-01-12,401.79,Credit,Outgoing Wire,0389
TXN0003932,5932322771,2025-06-19,-18452.60,Debit,ATM Cash Withdrawal,0112
TXN0005408,4088870019,2025-01-26,-42215.73,Debit,Outgoing Wire,0245
TXN0005057,6329712410,2025-02-22,36407.81,Credit,Check Deposit,0245
TXN0005194,2680416402,2025-06-02,-1049.09,Debit,ATM Cash Withdrawal,0245
TXN0005943,2873754374,2025-02-04,11049.45,Credit,Check Deposit,0245
TXN0005740,3728017422,2025-06-09,-35321.54,Debit,Vendor Payment,0501
TXN0000989,9177367893,2025-05-17,-33130.86,Debit,ATM Cash Withdrawal,0501
TXN0003668,8575041806,2025-05-17,-15099.05,Debit,ATM Cash Withdrawal,0112
TXN0003979,3368170247,2025-01-25,-12161.23,Debit,ATM Cash Withdrawal,0501
TXN0005028,5573455690,2025-05-05,3947.01,Credit,Check Deposit,0112
TXN0002230,2057884354,2025-02-11,1145.22,Credit,Account Transfer,0678
TXN0003731,2950671890,2025-01-20,-5131.20,Debit,Account Transfer,0678
TXN0003087,1497739668,2025-02-08,-34141.03,Debit,Outgoing Wire,0389
TXN0003202,7572842063,2025-03-30,36769.18,Credit,Payroll Deposit,0501
TXN0004767,5925053011,2025-01-06,-31950.54,Debit,ATM Cash Withdrawal,0501
TXN0000997,2605507297,2025-04-18,-2994.57,Debit,Vendor Payment,0389
TXN0005766,8154989541,2025-06-18,24166.44,Credit,Payroll Deposit,0501
TXN0001279,6487796173,2025-04-03,-30092.17,Debit,ATM Cash Withdrawal,0501
TXN0001058,6264310691,2025-02-21,-17306.72,Debit,Outgoing Wire,0112
TXN0004774,1230197991,2025-04-17,-42110.26,Debit,POS Purchase,0112
TXN0001956,1376421069,2025-03-05,-35516.71,Debit,Vendor Payment,0389
TXN0000182,4359966875,2025-03-15,-17091.82,Debit,POS Purchase,0678
TXN0001810,6362531960,2025-01-13,-40249.05,Debit,POS Purchase,0245
TXN0002168,8389734805,2025-01-24,-38930.75,Debit,Outgoing Wire,0112
TXN0003464,4255315375,2025-04-30,-3073.30,Debit,Vendor Payment,0389
TXN0001697,6455636637,2025-01-27,31858.74,Credit,Payroll Deposit,0245
TXN0001226,5990096390,2025-05-20,-35547.46,Debit,POS Purchase,0389
TXN0001096,6517536603,2025-06-06,-3305.20,Debit,ATM Cash Withdrawal,0245
TXN0000519,8748084493,2025-06-17,20277.16,Credit,Check Deposit,0245
TXN0002928,8668886204,2025-06-26,-6431.13,Debit,ATM Cash Withdrawal,0678
TXN0001763,6439853472,2025-02-15,-8153.64,Debit,Account Transfer,0501
TXN0001006,7639205953,2025-05-05,-26928.94,Debit,POS Purchase,0112
TXN0001724,1600516989,2025-02-09,-10661.16,Debit,Outgoing Wire,0245
TXN0003028,1531357894,2025-04-01,-25401.59,Debit,Outgoing Wire,0245
TXN0004993,1249168319,2025-03-10,-4066.80,Debit,Outgoing Wire,0678
TXN0002113,2881699060,2025-05-02,-22431.11,Debit,Vendor Payment,0112
TXN0002540,9397990974,2025-01-10,-38814.41,Debit,Vendor Payment,0389
TXN0000881,6685543176,2025-01-21,-6518.61,Debit,Vendor Payment,0678
TXN0002235,6497802686,2025-03-07,-1051.27,Debit,POS Purchase,0501
TXN0002101,2145042949,2025-06-16,27645.47,Credit,Check Deposit,0389
TXN0002431,5447507233,2025-06-02,38195.04,Credit,Payroll Deposit,0245
TXN0000747,6921927334,2025-05-27,-9647.63,Debit,POS Purchase,0112
TXN0002547,1351569578,2025-06-28,-16790.25,Debit,Vendor Payment,0678
TXN0003482,4789132898,2025-04-06,-2766.47,Debit,Vendor Payment,0389
TXN0005606,6300155573,2025-03-25,5527.84,Credit,Check Deposit,0389
TXN0002448,3289794141,2025-04-26,-8976.21,Debit,ATM Cash Withdrawal,0112
TXN0000200,9554249874,2025-05-18,-38816.38,Debit,Vendor Payment,0112
TXN0005552,5369526523,2025-03-26,17369.02,Credit,Check Deposit,0389
TXN0001692,2305111752,2025-02-13,29571.23,Credit,Check Deposit,0678
TXN0002574,1726246020,2025-06-03,-16026.32,Debit,Incoming Wire,0245
TXN0004211,2894953260,2025-01-05,-20949.77,Debit,Incoming Wire,0678
TXN0003498,8990666315,2025-02-04,-35938.55,Debit,Outgoing Wire,0389
TXN0000570,1070705160,2025-04-18,-1059.14,Debit,Vendor Payment,0501
TXN0004698,4233398376,2025-01-01,-12991.61,Debit,Account Transfer,0501
TXN0002468,1762769501,2025-01-05,8841.08,Credit,Payroll Deposit,0678
TXN0001725,4035299082,2025-02-18,-11504.57,Debit,ATM Cash Withdrawal,0501
TXN0005299,6120652206,2025-06-17,-6099.91,Debit,Vendor Payment,0112
TXN0002519,4074340434,2025-05-04,19260.49,Credit,Payroll Deposit,0678
TXN0002982,3241136017,2025-02-12,2028.05,Credit,Vendor Payment,0501
TXN0000627,3511709702,2025-02-12,-29439.62,Debit,POS Purchase,0501
TXN0004058,5607154436,2025-03-09,-36921.26,Debit,Incoming Wire,0678
TXN0000121,4983659281,2025-06-11,18883.18,Credit,Check Deposit,0501
TXN0004764,6393338303,2025-06-01,-33882.26,Debit,Outgoing Wire,0389
TXN0003901,5701551994,2025-05-16,-18982.95,Debit,Outgoing Wire,0501
TXN0003032,5612763436,2025-03-27,-1423.47,Debit,ATM Cash Withdrawal,0501
TXN0004544,3061921459,2025-02-07,22490.28,Credit,Payroll Deposit,0678
TXN0002984,1009128474,2025-06-19,4832.69,Credit,Account Transfer,0501
TXN0000958,5163848250,2025-03-29,-35873.36,Debit,Incoming Wire,0389
TXN0000488,4435209526,2025-01-23,-15620.45,Debit,Incoming Wire,0501
TXN0002368,8790577839,2025-03-22,20911.76,Credit,Payroll Deposit,0245
TXN0001952,4002790142,2025-05-07,2866.96,Credit,Payroll Deposit,0112
TXN0000391,7985244492,2025-02-14,13536.78,Credit,Check Deposit,0389
TXN0003051,1754340200,2025-06-07,44261.07,Credit,Account Transfer,0501
TXN0001195,3858485797,2025-06-04,43812.07,Credit,Payroll Deposit,0501
TXN0000420,2412198776,2025-05-08,-39936.69,Debit,Account Transfer,0678
TXN0004426,7059175389,2025-04-14,-27376.47,Debit,Account Transfer,0112
TXN0004697,1440608057,2025-04-01,-42517.49,Debit,Outgoing Wire,0112
TXN0001064,4992395373,2025-03-10,21942.43,Credit,Check Deposit,0112
TXN0004668,8068874343,2025-03-21,-42.25,Debit,ATM Cash Withdrawal,0389
TXN0003402,6797356141,2025-05-26,37560.88,Credit,Account Transfer,0389
TXN0005096,9693251574,2025-03-15,-9937.22,Debit,Incoming Wire,0112
TXN0003680,7854429500,2025-04-03,7842.29,Credit,Check Deposit,0112
TXN0000328,7968928807,2025-04-13,-19745.07,Debit,ATM Cash Withdrawal,0501
TXN0000752,5454669226,2025-05-11,5301.38,Credit,POS Purchase,0678
TXN0000802,8554225509,2025-01-18,41591.68,Credit,POS Purchase,0678
TXN0003573,4282928657,2025-03-22,-32845.20,Debit,Vendor Payment,0389
TXN0000743,3153820227,2025-06-14,43156.08,Credit,Check Deposit,0678
TXN0003230,5120345636,2025-03-04,-26180.65,Debit,Account Transfer,0678
TXN0004576,5422462088,2025-05-09,-12444.72,Debit,Incoming Wire,0245
TXN0003441,6941957997,2025-03-17,7798.07,Credit,Account Transfer,0245
TXN0001393,1052324525,2025-05-20,-41075.80,Debit,Incoming Wire,0678
TXN0002216,7443248837,2025-05-09,-6106.88,Debit,Outgoing Wire,0245
TXN0001179,1204295844,2025-03-04,32567.95,Credit,Payroll Deposit,0245
TXN0005972,8140323916,2025-02-22,-43304.35,Debit,Outgoing Wire,0389
TXN0002534,8833672364,2025-06-15,-29552.16,Debit,POS Purchase,0389
TXN0001665,4545072757,2025-05-06,-11341.83,Debit,ATM Cash Withdrawal,0245
TXN0002589,3551955578,2025-03-11,-5381.10,Debit,ATM Cash Withdrawal,0112
TXN0004197,2887659247,2025-01-20,3615.83,Credit,Check Deposit,0389
TXN0001778,7640188280,2025-03-26,10700.92,Credit,Check Deposit,0245
TXN0003431,8313310760,2025-03-09,-4644.72,Debit,Incoming Wire,0501
TXN0003998,1350085548,2025-02-13,-44701.93,Debit,POS Purchase,0112
TXN0003789,4617914726,2025-03-15,29046.47,Credit,Payroll Deposit,0678
TXN0000001,7294919105,2025-06-11,-23048.09,Debit,Incoming Wire,0678
TXN0002543,8678408882,2025-03-26,27171.99,Credit,Check Deposit,0245
TXN0003673,3643673425,2025-01-03,-26035.82,Debit,ATM Cash Withdrawal,0245
TXN0002267,4585922808,2025-05-11,-2315.84,Debit,Incoming Wire,0678
TXN0001846,7892345490,2025-01-09,36532.81,Credit,Check Deposit,0678
TXN0002495,8916421251,2025-02-14,-4956.04,Debit,Vendor Payment,0389
TXN0003529,8689859945,2025-02-27,-30987.99,Debit,Incoming Wire,0501
TXN0004801,8604692597,2025-04-25,-39677.92,Debit,Vendor Payment,0112
TXN0000956,4730183001,2025-06-04,22630.94,Credit,Check Deposit,0678
TXN0005784,2864610025,2025-06-23,-32794.10,Debit,Incoming Wire,0112
TXN0002648,4591848244,2025-04-28,-38234.00,Debit,POS Purchase,0389
TXN0005145,7996512602,2025-05-08,6406.26,Credit,Payroll Deposit,0389
TXN0004088,8575727706,2025-01-08,-27553.04,Debit,ATM Cash Withdrawal,0501
TXN0002709,6716884892,2025-02-01,-8226.68,Debit,ATM Cash Withdrawal,0245
TXN0000572,2207021957,2025-04-29,-4122.83,Debit,Incoming Wire,0245
TXN0003691,8532913383,2025-01-31,-35394.02,Debit,Incoming Wire,0389
TXN0005665,5890181013,2025-01-27,-145.39,Debit,Account Transfer,0678
TXN0002602,3922094181,2025-02-25,-36817.86,Debit,Account Transfer,0389
TXN0005384,8029476522,2025-01-13,-13559.77,Debit,ATM Cash Withdrawal,0112
TXN0001396,2801080166,2025-03-21,-39016.26,Debit,Account Transfer,0678
TXN0000022,9924806288,2025-02-15,-21394.53,Debit,Incoming Wire,0112
TXN0000333,1149383702,2025-03-09,-1350.18,Debit,Vendor Payment,0678
TXN0001357,3950748667,2025-02-11,-8652.72,Debit,POS Purchase,0501
TXN0001821,2569165049,2025-05-12,-27775.84,Debit,POS Purchase,0245
TXN0003176,1093476379,2025-05-04,11675.40,Credit,Account Transfer,0245
TXN0005054,8856800078,2025-06-10,-33026.03,Debit,POS Purchase,0678
TXN0004522,3817385353,2025-06-30,-6657.50,Debit,ATM Cash Withdrawal,0501
TXN0001474,6606577201,2025-01-18,-19046.11,Debit,POS Purchase,0389
TXN0002139,3184790362,2025-03-14,-17750.78,Debit,Vendor Payment,0389
TXN0004587,9849709834,2025-01-13,32217.08,Credit,Check Deposit,0112
TXN0004552,3369541717,2025-03-13,3266.69,Credit,Payroll Deposit,0389
TXN0005202,8250237745,2025-02-10,-12454.37,Debit,Outgoing Wire,0112
TXN0000658,1964430739,2025-03-19,-10313.51,Debit,Vendor Payment,0678
TXN0005893,1289255389,2025-04-03,29824.10,Credit,Check Deposit,0501
TXN0002105,5176480682,2025-02-10,-9812.36,Debit,Incoming Wire,0245
TXN0000058,2815676086,2025-03-12,15070.09,Credit,Check Deposit,0112
TXN0001909,4058378595,2025-01-03,-651.60,Debit,Incoming Wire,0389
TXN0005226,8720149514,2025-01-25,-42823.60,Debit,ATM Cash Withdrawal,0501
TXN0003374,1742673077,2025-02-28,7461.99,Credit,Payroll Deposit,0501
TXN0001893,9997363328,2025-03-26,-32384.76,Debit,Account Transfer,0245
TXN0000430,1688618759,2025-04-09,-17015.03,Debit,POS Purchase,0678
TXN0001342,4407469042,2025-01-16,-20951.62,Debit,ATM Cash Withdrawal,0245
TXN0001196,8642090239,2025-06-29,-10752.70,Debit,POS Purchase,0678
TXN0002650,6812149457,2025-03-11,39524.17,Credit,Payroll Deposit,0678
TXN0000545,7781015976,2025-06-01,24652.24,Credit,Check Deposit,0389
TXN0001703,4041403801,2025-02-08,-25946.66,Debit,Vendor Payment,0112
TXN0002578,9777106285,2025-01-09,37943.08,Credit,Check Deposit,0501
TXN0002185,1606654842,2025-04-24,-42977.61,Debit,ATM Cash Withdrawal,0112
TXN0001199,5757235150,2025-06-19,-32503.75,Debit,Vendor Payment,0678
TXN0001086,3860067371,2025-06-09,3675.68,Credit,Check Deposit,0501
TXN0004843,9619277845,2025-03-30,-35679.96,Debit,Incoming Wire,0245
TXN0001093,1569552493,2025-06-29,-44202.15,Debit,POS Purchase,0678
TXN0002583,3913419011,2025-04-11,-14126.56,Debit,Account Transfer,0678
TXN0001128,1998812303,2025-03-18,10025.62,Credit,Payroll Deposit,0678
TXN0004218,9445617989,2025-02-25,-11048.74,Debit,POS Purchase,0678
TXN0002333,9537220428,2025-01-11,-18543.12,Debit,POS Purchase,0678
TXN0001111,7027406240,2025-04-30,-8601.88,Debit,Incoming Wire,0501
TXN0002720,6699689696,2025-02-24,-39251.67,Debit,Outgoing Wire,0389
TXN0001113,7873819927,2025-04-14,-17269.65,Debit,ATM Cash Withdrawal,0678
TXN0004572,3971463618,2025-02-18,-10180.18,Debit,ATM Cash Withdrawal,0245
TXN0003514,8186315066,2025-06-22,5078.63,Credit,Payroll Deposit,0245
TXN0000715,3658096049,2025-02-24,15646.03,Credit,Account Transfer,0112
TXN0000603,4411085199,2025-01-04,-24753.25,Debit,Incoming Wire,0501
TXN0005304,5463336395,2025-06-08,-10613.00,Debit,POS Purchase,0112
TXN0003656,3762604885,2025-06-17,-14547.14,Debit,Incoming Wire,0389
TXN0002693,6158329598,2025-06-15,2854.05,Credit,Account Transfer,0389
TXN0003858,5594596318,2025-05-26,-24966.70,Debit,Incoming Wire,0112
TXN0002703,6985662839,2025-05-29,-22255.76,Debit,Outgoing Wire,0389
TXN0000210,2868775197,2025-01-22,27042.53,Credit,Check Deposit,0678
TXN0001520,8322650994,2025-04-12,2921.80,Credit,Payroll Deposit,0245
TXN0000955,8219779323,2025-05-29,1819.34,Credit,Account Transfer,0678
TXN0001037,2406014957,2025-04-14,-32485.29,Debit,Incoming Wire,0245
TXN0004789,6515444947,2025-02-17,-21947.04,Debit,Account Transfer,0245
TXN0002299,1849770467,2025-02-18,-8825.22,Debit,Outgoing Wire,0112
TXN0001447,5494850506,2025-03-23,-35801.50,Debit,Incoming Wire,0678
TXN0004060,6335241734,2025-05-09,-39701.78,Debit,Outgoing Wire,0678
TXN0003589,8753467402,2025-02-11,-25162.10,Debit,Vendor Payment,0389
TXN0003010,8726005289,2025-06-06,37248.83,Credit,Payroll Deposit,0245
TXN0003403,2415728799,2025-05-21,23912.90,Credit,Payroll Deposit,0112
TXN0000960,9175622880,2025-04-25,-7390.27,Debit,Incoming Wire,0389
TXN0003968,5933298360,2025-05-25,-28023.01,Debit,ATM Cash Withdrawal,0389
TXN0005562,1763325616,2025-06-21,-39680.21,Debit,Account Transfer,0245
TXN0004207,1507256216,2025-01-18,-39965.35,Debit,Incoming Wire,0389
TXN0005337,9715617135,2025-02-18,-17270.03,Debit,POS Purchase,0389
TXN0001314,9335697681,2025-05-21,28811.22,Credit,Check Deposit,0678
TXN0005741,2963997280,2025-01-19,-21225.67,Debit,POS Purchase,0501
TXN0004762,5916887432,2025-02-19,-34543.89,Debit,Outgoing Wire,0112
TXN0003950,6299776783,2025-06-18,-33756.96,Debit,Outgoing Wire,0112
TXN0005098,3283199517,2025-06-23,3877.66,Credit,Payroll Deposit,0501
TXN0005555,8596930354,2025-05-12,32279.15,Credit,Payroll Deposit,0389
TXN0002076,8964895934,2025-03-07,-35474.97,Debit,Vendor Payment,0501
TXN0002179,9403272998,2025-01-01,40763.68,Credit,Account Transfer,0389
TXN0005211,2146877988,2025-04-24,15517.74,Credit,Check Deposit,0678
TXN0005286,4593356508,2025-01-16,-35050.95,Debit,POS Purchase,0112
TXN0005144,8729615709,2025-02-01,-19756.55,Debit,Incoming Wire,0678
TXN0001971,3637278425,2025-05-17,-17745.33,Debit,Incoming Wire,0389
TXN0002435,2695238342,2025-03-21,-28147.84,Debit,ATM Cash Withdrawal,0245
TXN0000720,5312779701,2025-03-09,4466.74,Credit,Account Transfer,0112
TXN0003737,4150589878,2025-03-12,-38195.36,Debit,POS Purchase,0678
TXN0003129,9789174528,2025-03-19,28974.07,Credit,Payroll Deposit,0245
TXN0001874,3046134575,2025-06-13,39287.68,Credit,Check Deposit,0501
TXN0002161,9530753544,2025-01-21,-37998.86,Debit,Incoming Wire,0678
TXN0000612,1691064227,2025-03-24,16945.19,Credit,Outgoing Wire,0112
TXN0000840,8892461356,2025-05-20,-7482.25,Debit,POS Purchase,0112
TXN0001829,5941653325,2025-05-10,-29048.73,Debit,ATM Cash Withdrawal,0501
TXN0002024,4577769368,2025-03-21,-40447.21,Debit,POS Purchase,0245
TXN0003435,3710367832,2025-01-23,2890.97,Credit,Payroll Deposit,0501
TXN0004673,8116321446,2025-06-10,16895.35,Credit,Check Deposit,0245
TXN0002668,3914402434,2025-06-24,2342.83,Credit,Incoming Wire,0501
TXN0000681,8899963358,2025-04-21,-19190.60,Debit,Incoming Wire,0112
TXN0002004,5457107748,2025-02-26,-23311.54,Debit,ATM Cash Withdrawal,0389
TXN0002370,1755748543,2025-01-18,-3537.63,Debit,ATM Cash Withdrawal,0389
TXN0000386,4084106586,2025-01-11,22404.58,Credit,Check Deposit,0678
TXN0001000,2171529359,2025-02-12,-12501.28,Debit,Vendor Payment,0678
TXN0001142,7328972890,2025-02-26,-16716.14,Debit,Outgoing Wire,0389
TXN0001502,9129620986,2025-05-24,-31264.18,Debit,Outgoing Wire,0678
TXN0002154,9328620883,2025-03-21,-40995.06,Debit,Incoming Wire,0112
TXN0004286,3365680674,2025-02-11,-41630.82,Debit,Outgoing Wire,0112
TXN0000445,5169605796,2025-05-22,-36255.29,Debit,Outgoing Wire,0389
TXN0002271,7829135862,2025-02-20,-31010.09,Debit,POS Purchase,0678
TXN0002156,7795370041,2025-01-15,-19802.20,Debit,POS Purchase,0501
TXN0004860,4609802143,2025-01-21,7096.97,Credit,Payroll Deposit,0389
TXN0004851,3273111618,2025-05-08,-24357.22,Debit,Vendor Payment,0501
TXN0003634,8623654548,2025-04-10,-43005.81,Debit,ATM Cash Withdrawal,0245
TXN0002366,1260724171,2025-06-26,14486.07,Credit,Check Deposit,0112
TXN0001249,9880942518,2025-04-23,21885.46,Credit,Account Transfer,0678
TXN0000290,7111568410,2025-06-25,27984.26,Credit,Payroll Deposit,0245
TXN0000140,3100957297,2025-03-22,-23962.77,Debit,Vendor Payment,0245
TXN0005143,9791878926,2025-05-08,-42264.55,Debit,Outgoing Wire,0245
TXN0002423,5588994830,2025-05-11,-21481.90,Debit,Outgoing Wire,0389
TXN0003555,1109962147,2025-02-04,9352.35,Credit,Payroll Deposit,0678
TXN0003237,4611904725,2025-06-15,19864.83,Credit,Payroll Deposit,0112
TXN0002329,3363462694,2025-03-12,31538.42,Credit,Payroll Deposit,0678
TXN0003787,5054001154,2025-06-25,-23575.40,Debit,Account Transfer,0501
TXN0000690,3196649758,2025-01-22,-15878.02,Debit,Vendor Payment,0501
TXN0005882,6228759116,2025-05-07,-7003.07,Debit,ATM Cash Withdrawal,0112
TXN0005345,8750007234,2025-01-15,8069.25,Credit,Payroll Deposit,0678
TXN0003959,2843930571,2025-01-07,-33842.67,Debit,Vendor Payment,0112
TXN0003501,5002643958,2025-03-28,-20834.95,Debit,Account Transfer,0112
TXN0001209,6153941052,2025-06-03,-39993.87,Debit,Vendor Payment,0678
TXN0002433,3125621038,2025-06-15,-41393.60,Debit,ATM Cash Withdrawal,0245
TXN0005615,6424434647,2025-03-21,-41551.54,Debit,Vendor Payment,0501
TXN0003334,2322776222,2025-03-21,-30532.42,Debit,POS Purchase,0501
TXN0002421,7179425519,2025-05-25,-28027.11,Debit,Vendor Payment,0245
TXN0001819,8731449753,2025-04-25,-13655.41,Debit,POS Purchase,0245
TXN0000686,2325172993,2025-04-21,20495.57,Credit,Payroll Deposit,0389
TXN0001578,1878575283,2025-03-06,-39598.60,Debit,Account Transfer,0678
TXN0003232,5610388917,2025-06-10,-26167.83,Debit,POS Purchase,0112
TXN0002892,2478309813,2025-04-16,-10395.12,Debit,ATM Cash Withdrawal,0389
TXN0003830,5753992501,2025-04-15,-6337.40,Debit,Outgoing Wire,0678
TXN0005532,7296108288,2025-03-12,11348.64,Credit,Account Transfer,0245
TXN0003886,7455116747,2025-05-19,-41375.21,Debit,Vendor Payment,0678
TXN0003226,1589194705,2025-05-01,-12813.61,Debit,Outgoing Wire,0112
TXN0002964,3702394338,2025-05-30,-20699.86,Debit,Outgoing Wire,0501
TXN0004847,6357790570,2025-06-03,-1252.90,Debit,Account Transfer,0678
TXN0001828,3706483630,2025-02-04,-23653.42,Debit,Outgoing Wire,0389
TXN0000107,6413339495,2025-02-22,6644.92,Credit,Account Transfer,0389
TXN0001166,4280326134,2025-06-05,22276.66,Credit,Check Deposit,0389
TXN0005117,9434935974,2025-05-08,6456.45,Credit,Payroll Deposit,0245
TXN0005962,4770994956,2025-01-11,-34785.21,Debit,Outgoing Wire,0389
TXN0003703,8817375381,2025-03-19,-41066.02,Debit,Vendor Payment,0389
TXN0001407,8464772192,2025-03-21,28400.23,Credit,Account Transfer,0389
TXN0000138,2833260914,2025-03-03,43278.97,Credit,Account Transfer,0112
TXN0003053,9687303476,2025-01-23,-36043.53,Debit,POS Purchase,0678
TXN0005920,9075490926,2025-01-22,-40281.21,Debit,Incoming Wire,0112
TXN0002870,1089533066,2025-06-29,-6932.50,Debit,Incoming Wire,0245
TXN0000954,7576267931,2025-06-28,-7618.37,Debit,Vendor Payment,0389
TXN0004570,5020218935,2025-02-27,41567.43,Credit,Check Deposit,0678
TXN0001285,1277174456,2025-04-22,-33878.98,Debit,Outgoing Wire,0245
TXN0001305,3893724714,2025-05-20,-6591.97,Debit,ATM Cash Withdrawal,0112
TXN0002262,9310355759,2025-06-25,-18381.86,Debit,Outgoing Wire,0245
TXN0000513,8939688593,2025-02-16,-3462.64,Debit,ATM Cash Withdrawal,0389
TXN0001536,1763952390,2025-05-08,4784.62,Credit,Account Transfer,0678
TXN0001088,4018225907,2025-03-23,18633.66,Credit,Account Transfer,0678
TXN0004397,2976516815,2025-05-04,3903.60,Credit,Payroll Deposit,0245
TXN0005956,6847209605,2025-06-16,-10420.77,Debit,Outgoing Wire,0389
TXN0005940,3199433543,2025-04-24,15154.92,Credit,Payroll Deposit,0245
TXN0003257,5870589758,2025-05-02,-25997.04,Debit,POS Purchase,0501
TXN0000380,9652500503,2025-05-11,-6230.58,Debit,POS Purchase,0678
TXN0002084,1578927902,2025-05-10,4437.76,Credit,Payroll Deposit,0245
TXN0000574,1987850460,2025-04-16,-35164.98,Debit,POS Purchase,0678
TXN0003659,6760774460,2025-04-28,-21594.33,Debit,Account Transfer,0678
TXN0001469,3109865427,2025-03-17,-22821.25,Debit,Incoming Wire,0112
TXN0005108,3370578863,2025-02-01,27994.66,Credit,Payroll Deposit,0501
TXN0002300,3966415850,2025-04-19,-11383.91,Debit,ATM Cash Withdrawal,0389
TXN0000504,6684991869,2025-06-22,-27487.04,Debit,Outgoing Wire,0245
TXN0004793,6997553897,2025-02-12,21636.99,Credit,Outgoing Wire,0678
TXN0001677,4145112261,2025-03-02,-1057.34,Debit,Outgoing Wire,0245
TXN0004021,5390997919,2025-06-08,-25109.86,Debit,Outgoing Wire,0389
TXN0000622,7700410414,2025-06-09,-34443.71,Debit,ATM Cash Withdrawal,0501
TXN0003463,2977594871,2025-02-20,-5028.39,Debit,Incoming Wire,0112
TXN0004711,5980660500,2025-03-07,-5601.13,Debit,Vendor Payment,0678
TXN0005185,2018949557,2025-03-12,-19026.41,Debit,Outgoing Wire,0245
TXN0004016,5776888599,2025-04-06,-39662.92,Debit,Outgoing Wire,0112
TXN0005710,8800603547,2025-06-05,-40803.00,Debit,POS Purchase,0678
TXN0002301,7729805862,2025-05-25,-21751.41,Debit,Incoming Wire,0678
TXN0001760,7049533963,2025-06-05,-21338.80,Debit,Incoming Wire,0389
TXN0005863,7140559917,2025-05-24,23594.18,Credit,Check Deposit,0389
TXN0005313,7556248525,2025-02-08,-38042.91,Debit,ATM Cash Withdrawal,0245
TXN0005826,9499610196,2025-06-19,-19556.68,Debit,POS Purchase,0112
TXN0003892,5905973688,2025-01-08,20186.11,Credit,Payroll Deposit,0501
TXN0001882,4251544058,2025-04-20,-29466.84,Debit,ATM Cash Withdrawal,0245
TXN0004224,5176532438,2025-05-31,-14430.64,Debit,ATM Cash Withdrawal,0501
TXN0004239,1722313254,2025-03-13,-31750.81,Debit,ATM Cash Withdrawal,0112
TXN0005607,7978321782,2025-04-06,35347.43,Credit,Payroll Deposit,0678
TXN0001580,8725128542,2025-04-17,-39203.13,Debit,ATM Cash Withdrawal,0112
TXN0002590,5319584830,2025-03-22,-22738.56,Debit,ATM Cash Withdrawal,0245
TXN0003960,5162464558,2025-06-19,43409.71,Credit,Incoming Wire,0389
TXN0002153,1414377607,2025-05-20,-9744.82,Debit,Outgoing Wire,0678
TXN0001605,2680542483,2025-06-13,-9019.50,Debit,POS Purchase,0678
TXN0000027,3959503530,2025-05-24,-25155.90,Debit,Incoming Wire,0245
TXN0005855,8871338062,2025-02-10,-21198.30,Debit,POS Purchase,0678
TXN0003558,5916703413,2025-06-08,-35895.52,Debit,Account Transfer,0678
TXN0000017,5779804413,2025-04-05,40341.42,Credit,Account Transfer,0389
TXN0002991,1365457911,2025-01-01,18604.09,Credit,Check Deposit,0112
TXN0001284,5185535312,2025-02-19,18527.10,Credit,Payroll Deposit,0678
TXN0003638,3688254184,2025-02-18,22179.52,Credit,Payroll Deposit,0678
TXN0004177,8480965139,2025-05-28,-5569.65,Debit,Vendor Payment,0678
TXN0003137,1635523774,2025-05-20,-9578.16,Debit,Vendor Payment,0678
TXN0000594,2900391039,2025-02-19,-31837.77,Debit,ATM Cash Withdrawal,0501
TXN0003624,5185689818,2025-06-27,18671.26,Credit,Check Deposit,0678
TXN0003754,1903133301,2025-06-11,-17425.52,Debit,ATM Cash Withdrawal,0245
TXN0000677,6175210419,2025-01-27,7023.33,Credit,Payroll Deposit,0245
TXN0004170,5791186411,2025-04-08,-42060.68,Debit,Vendor Payment,0112
TXN0001988,8838176887,2025-05-04,-34830.11,Debit,ATM Cash Withdrawal,0389
TXN0005745,9007113588,2025-04-16,-27128.70,Debit,Incoming Wire,0112
TXN0003522,7864534552,2025-01-10,42678.40,Credit,Check Deposit,0245
TXN0004382,5998163440,2025-01-07,-33689.17,Debit,Incoming Wire,0245
TXN0002654,9236808379,2025-05-21,-4867.77,Debit,Outgoing Wire,0501
TXN0002268,1540274903,2025-04-19,1327.37,Credit,Payroll Deposit,0678
TXN0005891,6793257827,2025-04-16,-42235.25,Debit,Outgoing Wire,0245
TXN0004364,3700914101,2025-05-28,21796.57,Credit,Account Transfer,0245
TXN0004117,4426065749,2025-04-13,-26681.56,Debit,Outgoing Wire,0389
TXN0004361,2945274692,2025-01-29,40709.96,Credit,Check Deposit,0501
TXN0000078,4134388896,2025-03-09,-25226.67,Debit,Incoming Wire,0245
TXN0002192,8793139563,2025-04-28,27579.48,Credit,Check Deposit,0678
TXN0001392,3646674389,2025-01-08,-4884.18,Debit,Outgoing Wire,0245
TXN0005553,4561566815,2025-01-10,-2732.99,Debit,Outgoing Wire,0389
TXN0003465,8813404192,2025-03-13,-41840.13,Debit,Incoming Wire,0112
TXN0001180,4079138667,2025-04-02,33821.72,Credit,Check Deposit,0678
TXN0004292,7692625680,2025-06-02,39835.54,Credit,Account Transfer,0678
TXN0000074,4293644668,2025-06-09,-41461.58,Debit,ATM Cash Withdrawal,0112
TXN0004122,2855449732,2025-01-02,-1639.57,Debit,Outgoing Wire,0501
TXN0004282,1055116543,2025-04-09,-5344.19,Debit,Vendor Payment,0678
TXN0005707,2336724115,2025-05-23,28015.05,Credit,Payroll Deposit,0112
TXN0004553,3503539242,2025-04-09,18061.50,Credit,Payroll Deposit,0112
TXN0003727,6874405711,2025-06-03,-41642.08,Debit,Vendor Payment,0245
TXN0000209,7658931286,2025-04-13,-22715.98,Debit,ATM Cash Withdrawal,0112
TXN0000922,9129567774,2025-01-27,-30304.58,Debit,ATM Cash Withdrawal,0112
TXN0005542,6706771420,2025-03-20,34783.15,Credit,Payroll Deposit,0678
TXN0004414,8331508430,2025-03-07,-29295.39,Debit,ATM Cash Withdrawal,0245
TXN0000565,8562025571,2025-02-14,34121.22,Credit,Check Deposit,0245
TXN0004998,8703548996,2025-03-02,-3757.57,Debit,Vendor Payment,0112
TXN0000852,5541336950,2025-04-24,-408.53,Debit,Vendor Payment,0501
TXN0005651,2785786863,2025-05-13,-38530.70,Debit,Vendor Payment,0678
TXN0000034,2027989582,2025-04-18,-4388.29,Debit,Vendor Payment,0678
TXN0000766,7324905489,2025-06-30,-39134.82,Debit,Outgoing Wire,0245
TXN0005046,1418921665,2025-01-09,-11759.27,Debit,Outgoing Wire,0112
TXN0001048,3287162516,2025-01-26,-11500.24,Debit,Incoming Wire,0389
TXN0004465,6342959104,2025-02-13,-13832.75,Debit,Vendor Payment,0501
TXN0004215,6029338793,2025-02-25,-11227.11,Debit,ATM Cash Withdrawal,0245
TXN0004939,3062947744,2025-03-10,-38651.76,Debit,Outgoing Wire,0245
TXN0001005,4543788675,2025-01-31,-32742.31,Debit,ATM Cash Withdrawal,0501
TXN0004284,9818856508,2025-03-09,-33617.70,Debit,Outgoing Wire,0112
TXN0002361,7289521622,2025-06-21,-25071.56,Debit,ATM Cash Withdrawal,0112
TXN0000961,2307070719,2025-04-07,-10551.83,Debit,Incoming Wire,0501
TXN0004692,1204913585,2025-05-03,21075.59,Credit,Check Deposit,0112
TXN0000664,1123638497,2025-05-09,-19128.92,Debit,POS Purchase,0245
TXN0002616,6476494629,2025-05-09,5206.67,Credit,Account Transfer,0112
TXN0005414,2249278689,2025-03-24,15856.00,Credit,Check Deposit,0501
TXN0005050,5663822375,2025-06-02,-30962.93,Debit,ATM Cash Withdrawal,0501
TXN0002664,6728580779,2025-06-09,-278.11,Debit,POS Purchase,0389
TXN0001354,5026425333,2025-05-13,-14200.54,Debit,Account Transfer,0112
TXN0001636,1932314469,2025-06-22,-17552.34,Debit,ATM Cash Withdrawal,0245
TXN0000092,1374372171,2025-03-13,11084.29,Credit,Check Deposit,0678
TXN0004320,1493878062,2025-06-23,22620.84,Credit,Payroll Deposit,0245
TXN0001455,7281999310,2025-02-06,-28070.46,Debit,Incoming Wire,0389
TXN0002809,5468744242,2025-04-10,5624.10,Credit,Incoming Wire,0501
TXN0001068,7254906394,2025-05-25,-37257.61,Debit,ATM Cash Withdrawal,0245
TXN0002434,7394888833,2025-06-01,-19343.77,Debit,Account Transfer,0112
TXN0000609,9296801330,2025-03-01,33427.19,Credit,Account Transfer,0678
TXN0000685,4893587592,2025-01-01,-8334.08,Debit,Outgoing Wire,0501
TXN0002927,1536846334,2025-02-11,-29834.13,Debit,Vendor Payment,0389
TXN0002203,8392266773,2025-01-03,-6997.77,Debit,POS Purchase,0678
TXN0003847,5355863988,2025-05-22,3293.81,Credit,Payroll Deposit,0678
TXN0004690,3154455573,2025-02-26,-6497.39,Debit,Vendor Payment,0501
TXN0004476,3395642856,2025-02-18,35633.80,Credit,Check Deposit,0501
TXN0002122,8262380409,2025-06-06,34003.79,Credit,Payroll Deposit,0501
TXN0000105,4895839885,2025-04-26,37750.94,Credit,Payroll Deposit,0112
TXN0004332,9965095972,2025-04-23,36949.60,Credit,Check Deposit,0501
TXN0000225,9349988755,2025-05-29,-24890.32,Debit,Vendor Payment,0245
TXN0001999,9164737671,2025-06-05,-16504.07,Debit,Outgoing Wire,0501
TXN0001402,6096264696,2025-06-11,-39041.55,Debit,Outgoing Wire,0112
TXN0002947,8413569035,2025-06-14,-2835.10,Debit,POS Purchase,0501
TXN0005329,7589460373,2025-04-01,15066.12,Credit,Payroll Deposit,0112
TXN0003459,3735134815,2025-03-21,25006.32,Credit,POS Purchase,0501
TXN0003893,1586632002,2025-06-19,-35809.57,Debit,Vendor Payment,0501
TXN0002200,2181926235,2025-06-29,12101.94,Credit,Payroll Deposit,0678
TXN0003318,2070035963,2025-01-21,-41985.77,Debit,Outgoing Wire,0112
TXN0004942,6623402012,2025-04-20,-7581.27,Debit,ATM Cash Withdrawal,0501
TXN0003085,2084338813,2025-03-11,21688.59,Credit,Payroll Deposit,0245
TXN0002728,7990467486,2025-01-03,36255.73,Credit,Payroll Deposit,0245
TXN0004135,2898749263,2025-04-17,-11414.04,Debit,POS Purchase,0389
TXN0005735,2616041293,2025-01-02,-32120.55,Debit,ATM Cash Withdrawal,0678
TXN0004508,1149538125,2025-03-20,-29633.95,Debit,ATM Cash Withdrawal,0501
TXN0002722,7823547384,2025-06-23,20457.71,Credit,Check Deposit,0112
TXN0001979,8005415754,2025-01-02,-143.86,Debit,Incoming Wire,0112
TXN0005610,8363473929,2025-02-07,16198.61,Credit,Payroll Deposit,0245
TXN0005701,6663451835,2025-06-22,-33019.92,Debit,Vendor Payment,0678
TXN0002925,6096502919,2025-05-14,10913.53,Credit,Payroll Deposit,0678
TXN0000823,3523737817,2025-02-03,-2690.28,Debit,Vendor Payment,0389
TXN0000346,7820761919,2025-05-26,32518.28,Credit,Account Transfer,0678
TXN0004184,5299247333,2025-01-03,-43310.64,Debit,Incoming Wire,0389
TXN0005652,9130683399,2025-04-18,-13947.83,Debit,Incoming Wire,0678
TXN0005835,5661386216,2025-06-11,-14392.58,Debit,Account Transfer,0245
TXN0000388,7311452953,2025-01-24,43809.03,Credit,Vendor Payment,0678
TXN0001676,7133138620,2025-01-30,-8325.40,Debit,Account Transfer,0678
TXN0004222,9768117938,2025-04-15,-7387.19,Debit,ATM Cash Withdrawal,0501
TXN0000959,4830508938,2025-01-13,-31560.87,Debit,Vendor Payment,0678
TXN0005411,6485899596,2025-03-29,-21584.27,Debit,ATM Cash Withdrawal,0678
TXN0004014,9685225810,2025-04-06,-8128.80,Debit,Incoming Wire,0112
TXN0003428,4697275776,2025-06-15,-16405.98,Debit,ATM Cash Withdrawal,0389
TXN0000351,9218771484,2025-04-28,7604.89,Credit,Account Transfer,0112
TXN0005494,1851808351,2025-06-27,23901.13,Credit,Payroll Deposit,0678
TXN0004776,9573120629,2025-06-18,-43988.71,Debit,ATM Cash Withdrawal,0245
TXN0003601,6405123704,2025-01-01,-30880.15,Debit,Vendor Payment,0245
TXN0000043,9184675510,2025-06-15,-28719.62,Debit,ATM Cash Withdrawal,0112
TXN0001024,5228789846,2025-06-04,41904.28,Credit,ATM Cash Withdrawal,0678
TXN0002409,4328504386,2025-06-16,-44406.05,Debit,Vendor Payment,0678
TXN0001960,4415713821,2025-04-08,-37148.81,Debit,Incoming Wire,0389
TXN0000403,5778380212,2025-03-05,9942.09,Credit,Account Transfer,0112
TXN0001756,1672027880,2025-02-23,-20245.52,Debit,Vendor Payment,0501
TXN0000925,8558010205,2025-03-01,-7188.91,Debit,Outgoing Wire,0112
TXN0003662,6956818018,2025-06-26,-33779.25,Debit,Incoming Wire,0501
TXN0000037,9999014859,2025-04-29,42818.48,Credit,Payroll Deposit,0112
TXN0004248,6116802496,2025-01-03,-22089.80,Debit,POS Purchase,0245
TXN0005177,1112983950,2025-04-21,-35802.68,Debit,Outgoing Wire,0389
TXN0003339,3121116274,2025-04-14,-30627.24,Debit,Vendor Payment,0389
TXN0004425,1515015067,2025-04-19,15247.71,Credit,Account Transfer,0245
TXN0004525,2404401219,2025-01-21,8571.31,Credit,Payroll Deposit,0678
TXN0001871,5294598773,2025-05-31,-40110.74,Debit,Incoming Wire,0389
TXN0003156,6989101340,2025-01-07,-37373.18,Debit,Outgoing Wire,0389
TXN0005064,6583264808,2025-03-19,-28683.93,Debit,Account Transfer,0389
TXN0004661,9861328187,2025-02-03,-24210.75,Debit,POS Purchase,0112
TXN0000442,4271021048,2025-01-23,-35259.25,Debit,ATM Cash Withdrawal,0245
TXN0001575,7030146791,2025-03-26,35182.19,Credit,Account Transfer,0245
TXN0002183,5815530592,2025-01-14,2104.44,Credit,Account Transfer,0112
TXN0003976,5061694969,2025-06-14,-17607.06,Debit,Incoming Wire,0389
TXN0005473,6878208759,2025-03-10,40371.90,Credit,Check Deposit,0501
TXN0002681,5168563910,2025-06-14,-4118.87,Debit,ATM Cash Withdrawal,0389
TXN0003444,4282219249,2025-02-22,-1425.25,Debit,Incoming Wire,0501
TXN0001735,6725261464,2025-03-12,-28421.39,Debit,Incoming Wire,0112
TXN0001014,1300402494,2025-03-29,33291.94,Credit,Payroll Deposit,0389
TXN0004519,9658369100,2025-01-29,-35066.40,Debit,Vendor Payment,0245
TXN0005253,4225571523,2025-01-05,9217.67,Credit,Payroll Deposit,0389
TXN0003717,1134128894,2025-05-09,-17761.76,Debit,Incoming Wire,0389
TXN0003785,7390403263,2025-01-16,-10380.46,Debit,Account Transfer,0501
TXN0004727,2372016232,2025-06-21,-19696.25,Debit,Vendor Payment,0245
TXN0005813,6188739777,2025-05-10,-35003.03,Debit,Vendor Payment,0112
TXN0001783,8829303165,2025-01-07,38696.92,Credit,Payroll Deposit,0501
TXN0004309,1888724677,2025-04-24,31551.36,Credit,Check Deposit,0678
TXN0005550,8775128050,2025-01-11,-851.43,Debit,Vendor Payment,0389
TXN0000832,4396795321,2025-03-15,-754.52,Debit,ATM Cash Withdrawal,0501
TXN0002079,3436823842,2025-05-18,-16282.78,Debit,Incoming Wire,0501
TXN0002025,5413794218,2025-04-26,-33788.47,Debit,Outgoing Wire,0112
TXN0000024,6768560195,2025-06-14,-9240.12,Debit,POS Purchase,0112
TXN0003626,5630409430,2025-01-26,-42975.87,Debit,Account Transfer,0112
TXN0001774,6291915238,2025-06-21,-41847.45,Debit,Outgoing Wire,0501
TXN0003497,6933140625,2025-05-07,-32610.23,Debit,POS Purchase,0389
TXN0003225,6021239929,2025-01-23,-29673.26,Debit,Account Transfer,0112
TXN0003376,4211718024,2025-04-24,29953.99,Credit,Payroll Deposit,0678
TXN0000286,1973885519,2025-01-06,-30458.87,Debit,Incoming Wire,0678
TXN0001002,4064880455,2025-03-22,22040.50,Credit,Check Deposit,0245
TXN0000780,2961678255,2025-06-16,25578.82,Credit,Payroll Deposit,0112
TXN0005089,8767007821,2025-04-14,13826.11,Credit,Check Deposit,0245
TXN0002724,3977295214,2025-06-14,-41868.04,Debit,Outgoing Wire,0245
TXN0001315,5984460724,2025-06-19,-5697.28,Debit,POS Purchase,0501
TXN0005963,3373336273,2025-06-09,36678.78,Credit,Check Deposit,0678
TXN0002631,7241945193,2025-05-06,27953.98,Credit,Payroll Deposit,0389
TXN0005824,6475575146,2025-01-18,-20922.68,Debit,POS Purchase,0245
TXN0002605,4595781433,2025-04-20,-25272.89,Debit,Vendor Payment,0389
TXN0003406,6009533356,2025-04-30,-38075.48,Debit,Account Transfer,0389
TXN0000072,7712210597,2025-01-27,-17225.15,Debit,POS Purchase,0245
TXN0003598,7580874804,2025-03-18,-2992.40,Debit,Incoming Wire,0112
TXN0005971,5428669366,2025-02-07,-8361.80,Debit,Vendor Payment,0245
TXN0003842,1495737559,2025-01-10,-41889.21,Debit,Outgoing Wire,0112
TXN0001740,4957863749,2025-01-22,4556.45,Credit,Check Deposit,0501
TXN0004018,6045626034,2025-06-02,7201.78,Credit,Account Transfer,0112
TXN0000180,7761398905,2025-01-17,14005.10,Credit,Payroll Deposit,0389
TXN0002175,3501464267,2025-02-08,-40526.38,Debit,Vendor Payment,0678
TXN0003762,4888754389,2025-01-01,-1207.47,Debit,POS Purchase,0678
TXN0001355,3400910897,2025-03-08,-25935.90,Debit,POS Purchase,0112
TXN0001169,5142760635,2025-06-05,-21010.13,Debit,Vendor Payment,0501
TXN0002045,2405328742,2025-02-28,-30808.15,Debit,Incoming Wire,0245
TXN0005440,9060973417,2025-02-24,44634.85,Credit,Account Transfer,0678
TXN0001903,1205002651,2025-03-13,-32338.49,Debit,ATM Cash Withdrawal,0112
TXN0002346,2333914947,2025-02-06,-11494.03,Debit,Outgoing Wire,0678
TXN0002994,6163255160,2025-04-12,3950.53,Credit,Vendor Payment,0501
TXN0001244,7648094774,2025-01-03,-39127.77,Debit,ATM Cash Withdrawal,0112
TXN0005619,3025963675,2025-03-16,-9491.43,Debit,POS Purchase,0678
TXN0003571,6908927687,2025-04-28,-34458.38,Debit,Outgoing Wire,0245
TXN0002565,1258029314,2025-06-11,-24029.51,Debit,Vendor Payment,0112
TXN0003336,1725995306,2025-01-18,7273.04,Credit,Account Transfer,0501
TXN0002210,7856377895,2025-04-24,-12086.03,Debit,POS Purchase,0389
TXN0004351,1509792268,2025-05-14,29673.98,Credit,Account Transfer,0112
TXN0000693,6838552407,2025-02-13,43465.63,Credit,Account Transfer,0678
TXN0001188,4670527848,2025-03-19,-7263.65,Debit,Vendor Payment,0112
TXN0001310,8974401986,2025-01-30,15850.19,Credit,Incoming Wire,0501
TXN0004471,6393649293,2025-05-14,-31765.19,Debit,Outgoing Wire,0245
TXN0000428,5686928544,2025-01-28,-41644.00,Debit,ATM Cash Withdrawal,0389
TXN0000983,7107080843,2025-02-20,-15326.35,Debit,POS Purchase,0501
TXN0005400,8550021894,2025-06-21,-31809.38,Debit,POS Purchase,0501
TXN0001918,2796134904,2025-02-21,22355.35,Credit,Account Transfer,0112
TXN0003076,4059252825,2025-02-17,-37304.14,Debit,Vendor Payment,0389
TXN0002521,3717380504,2025-04-27,-38523.25,Debit,ATM Cash Withdrawal,0245
TXN0004372,6005406180,2025-06-14,31868.58,Credit,Payroll Deposit,0678
TXN0003120,5660048620,2025-02-04,-23366.51,Debit,Outgoing Wire,0678
TXN0000824,9655920433,2025-06-04,-1664.60,Debit,Incoming Wire,0245
TXN0005982,6517687523,2025-05-08,34004.52,Credit,Payroll Deposit,0389
TXN0000422,3371648496,2025-02-08,722.43,Credit,Payroll Deposit,0501
TXN0000952,7808457468,2025-05-18,5558.65,Credit,Outgoing Wire,0501
TXN0001559,1621027923,2025-05-19,-20641.06,Debit,Vendor Payment,0112
TXN0003620,7244264601,2025-03-26,-34743.23,Debit,POS Purchase,0678
TXN0000079,7758493526,2025-01-20,-24664.86,Debit,Outgoing Wire,0501
TXN0001572,9752951153,2025-06-10,123.48,Credit,Payroll Deposit,0245
TXN0004973,1535387055,2025-06-28,9092.04,Credit,Payroll Deposit,0245
TXN0003312,8432434502,2025-01-27,-6408.46,Debit,Incoming Wire,0678
TXN0001460,1164246346,2025-02-07,-41826.04,Debit,Outgoing Wire,0112
TXN0000900,2983372046,2025-05-12,5576.62,Credit,Check Deposit,0245
TXN0002735,3630345927,2025-02-16,14949.88,Credit,Check Deposit,0389
TXN0004102,3179323098,2025-01-03,12948.40,Credit,Payroll Deposit,0678
TXN0001462,1506829593,2025-01-10,43015.24,Credit,Payroll Deposit,0389
TXN0005795,8557938667,2025-02-02,31200.29,Credit,Account Transfer,0245
TXN0001626,8589318825,2025-03-09,-35542.88,Debit,Account Transfer,0389
TXN0000814,2020821600,2025-06-09,-9776.52,Debit,Account Transfer,0501
TXN0004766,3956689744,2025-04-30,-26968.47,Debit,Outgoing Wire,0389
TXN0001084,5115745654,2025-01-30,-33433.96,Debit,Incoming Wire,0245
TXN0000381,7856620167,2025-06-10,-13109.36,Debit,Outgoing Wire,0112
TXN0003379,7556738517,2025-02-28,34084.12,Credit,Payroll Deposit,0389
TXN0001126,2954112246,2025-02-08,-44388.52,Debit,Account Transfer,0112
TXN0004319,9630704925,2025-03-31,7730.26,Credit,Check Deposit,0501
TXN0000013,9506154484,2025-05-02,-41563.34,Debit,Outgoing Wire,0389
TXN0004791,1876666753,2025-06-14,-34919.56,Debit,Vendor Payment,0112
TXN0000248,6426186351,2025-02-03,-2668.09,Debit,Outgoing Wire,0389
TXN0003349,1465270500,2025-03-06,-39813.42,Debit,Outgoing Wire,0245
TXN0003149,5358758098,2025-04-27,-39825.88,Debit,Incoming Wire,0245
TXN0003915,9189872960,2025-05-19,-44830.44,Debit,Account Transfer,0678
TXN0003972,3023918044,2025-01-28,-38900.21,Debit,Outgoing Wire,0245
TXN0001153,7309666692,2025-01-22,5832.09,Credit,Payroll Deposit,0678
TXN0000586,7877893885,2025-05-22,6252.42,Credit,Check Deposit,0389
TXN0003600,7239839350,2025-04-20,-34246.62,Debit,Vendor Payment,0501
TXN0002339,5474221081,2025-03-06,7025.71,Credit,Account Transfer,0501
TXN0001938,8191226997,2025-02-25,-16724.14,Debit,Vendor Payment,0678
TXN0003347,5333777087,2025-02-16,28537.83,Credit,Check Deposit,0245
TXN0003207,2766995737,2025-02-26,-21600.95,Debit,POS Purchase,0678
TXN0001851,8608379128,2025-04-08,-40160.24,Debit,Vendor Payment,0389
TXN0002211,5173438684,2025-01-16,3795.12,Credit,Payroll Deposit,0245
TXN0000590,5846620229,2025-05-19,34764.45,Credit,Check Deposit,0245
TXN0003330,9000858821,2025-01-29,-17011.22,Debit,POS Purchase,0501
TXN0003083,6919926079,2025-04-30,-15345.41,Debit,Outgoing Wire,0245
TXN0005657,1171949063,2025-03-08,-15948.49,Debit,ATM Cash Withdrawal,0678
TXN0002017,1858920069,2025-06-09,-38027.69,Debit,POS Purchase,0112
TXN0001785,4016371339,2025-05-12,-9778.82,Debit,Incoming Wire,0678
TXN0000968,7092060693,2025-05-14,-44802.07,Debit,Vendor Payment,0678
TXN0000951,1959491984,2025-03-11,42014.18,Credit,Check Deposit,0501
TXN0005220,5982214668,2025-01-18,-17579.41,Debit,Outgoing Wire,0501
TXN0001321,6478177572,2025-05-06,-16813.64,Debit,ATM Cash Withdrawal,0678
TXN0004581,1929056975,2025-06-28,-28499.75,Debit,ATM Cash Withdrawal,0245
TXN0004955,2790204255,2025-04-28,-31838.45,Debit,Incoming Wire,0245
TXN0000531,7436442944,2025-04-10,41233.49,Credit,Payroll Deposit,0389
TXN0003408,3665433401,2025-05-22,-39073.24,Debit,Incoming Wire,0245
TXN0004082,7664876684,2025-05-10,-21369.44,Debit,Outgoing Wire,0501
TXN0002104,3920334698,2025-05-18,-35132.40,Debit,Incoming Wire,0389
TXN0005292,3060459152,2025-05-25,-5674.26,Debit,Incoming Wire,0112
TXN0005232,5348178209,2025-04-28,-38761.52,Debit,ATM Cash Withdrawal,0245
TXN0005010,6154590656,2025-01-03,-35029.34,Debit,Account Transfer,0501
TXN0001995,6194791557,2025-06-22,-30953.35,Debit,Vendor Payment,0112
TXN0004252,8508515663,2025-05-05,-1491.23,Debit,POS Purchase,0501
TXN0001464,5411233290,2025-01-09,-664.39,Debit,Incoming Wire,0678
TXN0002399,8797110455,2025-02-01,-32180.50,Debit,ATM Cash Withdrawal,0501
TXN0005371,5284618155,2025-03-25,-21811.06,Debit,Vendor Payment,0501
TXN0000598,3671823991,2025-05-01,16249.17,Credit,POS Purchase,0501
TXN0001274,8034144091,2025-02-25,44665.00,Credit,Check Deposit,0501
TXN0001885,4560473945,2025-06-26,-18090.31,Debit,Outgoing Wire,0678
TXN0003295,6420591152,2025-04-10,-16228.33,Debit,POS Purchase,0112
TXN0004126,7388382575,2025-04-23,-32904.01,Debit,Incoming Wire,0112
TXN0003895,2065875649,2025-04-09,-34463.46,Debit,ATM Cash Withdrawal,0501
TXN0000698,8999271788,2025-03-02,-4351.16,Debit,POS Purchase,0678
TXN0003177,4149336726,2025-01-12,28761.85,Credit,Payroll Deposit,0678
TXN0005875,6616098162,2025-05-29,-23470.80,Debit,Vendor Payment,0678
TXN0005349,3733506590,2025-05-12,-22118.79,Debit,Incoming Wire,0389
TXN0004708,4730756593,2025-01-14,-38445.18,Debit,Account Transfer,0245
TXN0000820,6145973983,2025-06-29,36176.23,Credit,Check Deposit,0501
TXN0004546,5235085847,2025-04-10,-5809.19,Debit,Outgoing Wire,0678
TXN0003512,2894577142,2025-04-11,7002.37,Credit,Check Deposit,0389
TXN0000534,3554176434,2025-01-01,12779.22,Credit,Payroll Deposit,0501
TXN0002116,2263115278,2025-01-29,-28360.76,Debit,POS Purchase,0678
TXN0005650,8340567033,2025-04-30,22318.50,Credit,Check Deposit,0678
TXN0001290,5533049036,2025-03-28,20989.84,Credit,Account Transfer,0245
TXN0004756,4005463955,2025-05-31,-40945.27,Debit,POS Purchase,0389
TXN0005967,4475048554,2025-03-30,-5104.27,Debit,Vendor Payment,0389
TXN0002515,5833845110,2025-06-05,27719.28,Credit,Check Deposit,0112
TXN0003682,8888738301,2025-03-06,27335.17,Credit,Payroll Deposit,0112
TXN0003981,1097126575,2025-02-03,-44792.39,Debit,Account Transfer,0501
TXN0005817,7898686907,2025-02-22,-16635.38,Debit,Outgoing Wire,0245
TXN0003690,5291707795,2025-05-19,-31271.72,Debit,Outgoing Wire,0389
TXN0000821,7761063599,2025-01-15,-2248.47,Debit,ATM Cash Withdrawal,0112
TXN0005685,3386438764,2025-06-23,24291.43,Credit,Payroll Deposit,0501
TXN0003944,9071645975,2025-05-23,-31938.02,Debit,Incoming Wire,0245
TXN0003174,5692388731,2025-02-18,37805.40,Credit,Payroll Deposit,0112
TXN0000785,5402282339,2025-01-18,-5321.13,Debit,POS Purchase,0389
TXN0004575,6939212033,2025-03-25,24590.16,Credit,Payroll Deposit,0389
TXN0001700,9601574231,2025-06-08,-38342.86,Debit,Account Transfer,0501
TXN0003112,7045508870,2025-05-01,-32691.08,Debit,Vendor Payment,0389
TXN0004427,8687373899,2025-02-01,25309.64,Credit,Payroll Deposit,0112
TXN0004342,2987972409,2025-03-07,-22617.65,Debit,Outgoing Wire,0678
TXN0005927,1059128229,2025-01-22,24793.59,Credit,Check Deposit,0112
TXN0000100,3630465066,2025-03-03,5370.04,Credit,Check Deposit,0501
TXN0000405,8475342053,2025-05-19,14193.14,Credit,Payroll Deposit,0501
TXN0000031,9640755789,2025-03-04,32569.03,Credit,Check Deposit,0678
TXN0004172,1884447455,2025-06-29,12935.91,Credit,Account Transfer,0112
TXN0003751,8381556487,2025-02-17,-32902.89,Debit,Vendor Payment,0112
TXN0002453,6239653821,2025-05-14,3443.96,Credit,Check Deposit,0245
TXN0004986,7729855583,2025-05-09,18701.27,Credit,Payroll Deposit,0389
TXN0005485,3933067531,2025-03-21,6038.95,Credit,Check Deposit,0678
TXN0001368,5792566996,2025-05-23,38892.70,Credit,Check Deposit,0112
TXN0001406,4081214662,2025-02-28,40846.94,Credit,Payroll Deposit,0245
TXN0001947,3252819921,2025-06-10,-23466.22,Debit,Vendor Payment,0501
TXN0003353,7057019371,2025-03-23,-12407.70,Debit,ATM Cash Withdrawal,0389
TXN0001944,7474146742,2025-03-10,32778.46,Credit,Check Deposit,0678
TXN0005014,4110566731,2025-02-17,38975.28,Credit,Outgoing Wire,0112
TXN0004874,4408949045,2025-06-07,-7396.70,Debit,Outgoing Wire,0245
TXN0001970,6788943147,2025-03-17,-32773.43,Debit,Outgoing Wire,0245
TXN0001431,5512721877,2025-04-27,-23823.66,Debit,Outgoing Wire,0245
TXN0000883,3552495268,2025-03-04,-11677.95,Debit,Account Transfer,0501
TXN0001225,3462471715,2025-04-16,-22866.92,Debit,Vendor Payment,0501
TXN0000875,3526382482,2025-03-09,12408.59,Credit,Payroll Deposit,0501
TXN0003832,1216768758,2025-04-23,14900.88,Credit,Payroll Deposit,0112
TXN0005074,3785281413,2025-02-26,15912.21,Credit,Check Deposit,0678
TXN0001422,6460908068,2025-06-29,-31571.57,Debit,ATM Cash Withdrawal,0112
TXN0000818,4982907261,2025-05-09,20540.98,Credit,Account Transfer,0112
TXN0004204,9526653304,2025-06-05,-699.14,Debit,POS Purchase,0501
TXN0000966,1084256862,2025-05-29,-32082.59,Debit,Incoming Wire,0501
TXN0003078,6134506538,2025-05-27,7565.80,Credit,Payroll Deposit,0678
TXN0002141,6274325136,2025-05-13,-42646.09,Debit,Vendor Payment,0389
TXN0002727,1828563105,2025-02-16,39315.55,Credit,POS Purchase,0501
TXN0002173,1893778431,2025-01-07,5976.63,Credit,Account Transfer,0678
TXN0004271,3909510163,2025-02-27,7847.43,Credit,Payroll Deposit,0389
TXN0002545,1368453342,2025-03-21,-16542.28,Debit,Incoming Wire,0389
TXN0005775,6776610805,2025-05-26,-9029.15,Debit,ATM Cash Withdrawal,0389
TXN0003200,3210915235,2025-02-17,-18289.73,Debit,Vendor Payment,0501
TXN0003672,8564013424,2025-02-13,-28189.32,Debit,Incoming Wire,0245
TXN0000587,7075307854,2025-05-02,-33821.31,Debit,Incoming Wire,0501
TXN0004097,6166668291,2025-03-14,-11789.44,Debit,Incoming Wire,0389
TXN0004198,6466773148,2025-03-15,34508.60,Credit,ATM Cash Withdrawal,0501
TXN0001914,3227689725,2025-04-22,-44672.57,Debit,Account Transfer,0389
TXN0005106,2256987140,2025-05-11,-4903.02,Debit,Outgoing Wire,0389
TXN0001745,5351431595,2025-02-23,-36502.82,Debit,Incoming Wire,0245
TXN0002899,7687532064,2025-02-17,38754.79,Credit,Check Deposit,0678
TXN0002028,2564712837,2025-03-13,14012.75,Credit,Payroll Deposit,0501
TXN0001633,9999704870,2025-06-10,-44467.88,Debit,Incoming Wire,0678
TXN0000478,2094704314,2025-04-22,22482.96,Credit,Check Deposit,0112
TXN0005157,9374464523,2025-01-22,32147.38,Credit,Account Transfer,0501
TXN0005524,7380136712,2025-05-18,-14859.31,Debit,POS Purchase,0389
TXN0001186,4328936113,2025-02-05,-3157.67,Debit,POS Purchase,0678
TXN0002450,3002434346,2025-03-12,-3838.78,Debit,Vendor Payment,0501
TXN0002533,5681684148,2025-01-12,9477.85,Credit,Check Deposit,0678
TXN0000733,5366102907,2025-01-06,6036.22,Credit,Payroll Deposit,0389
TXN0002842,3019939508,2025-03-03,-3145.14,Debit,Vendor Payment,0678
TXN0004582,9215899033,2025-05-05,-9034.59,Debit,POS Purchase,0389
TXN0001371,4152525309,2025-04-12,30449.18,Credit,Payroll Deposit,0389
TXN0005393,4165357154,2025-03-11,25629.11,Credit,Check Deposit,0389
TXN0004071,2518588462,2025-01-27,41316.69,Credit,Payroll Deposit,0501
TXN0000855,7747914756,2025-03-16,-8577.32,Debit,Vendor Payment,0501
TXN0003251,9696497525,2025-06-26,21171.96,Credit,POS Purchase,0112
TXN0001739,8430492355,2025-04-18,-25546.08,Debit,Account Transfer,0245
TXN0001293,2878526108,2025-01-23,-32608.14,Debit,Incoming Wire,0501
TXN0002518,6492362151,2025-06-19,-35017.34,Debit,Outgoing Wire,0389
TXN0005224,5153280522,2025-02-01,4633.15,Credit,Payroll Deposit,0389
TXN0003305,5070021557,2025-01-23,4301.07,Credit,Payroll Deposit,0389
TXN0002893,8716133322,2025-01-07,-34351.63,Debit,ATM Cash Withdrawal,0501
TXN0005640,7929196458,2025-01-09,-11541.42,Debit,Account Transfer,0245
TXN0002950,4340688179,2025-05-20,-18213.44,Debit,Outgoing Wire,0389
TXN0003527,4648062862,2025-01-25,-2644.07,Debit,POS Purchase,0501
TXN0002072,2261792617,2025-05-16,17412.30,Credit,Check Deposit,0112
TXN0004920,9300213725,2025-02-13,-19307.80,Debit,Vendor Payment,0245
TXN0003475,1643074180,2025-05-06,9438.75,Credit,Payroll Deposit,0501
TXN0005097,4670237008,2025-05-29,-27853.42,Debit,Incoming Wire,0501
TXN0005354,5439037574,2025-02-06,-21445.80,Debit,POS Purchase,0501
TXN0000395,3467812742,2025-06-12,-3057.94,Debit,Vendor Payment,0678
TXN0004294,3365306906,2025-06-20,-13379.93,Debit,Vendor Payment,0245
TXN0003114,1289115644,2025-04-13,-24157.91,Debit,POS Purchase,0112
TXN0003591,7511402627,2025-05-08,32771.85,Credit,Check Deposit,0678
TXN0000809,6148267747,2025-03-16,-40317.49,Debit,Account Transfer,0245
TXN0004013,5488331519,2025-06-29,-31904.01,Debit,Incoming Wire,0678
TXN0003425,3562976622,2025-04-05,-38599.61,Debit,Vendor Payment,0501
TXN0004556,8844755219,2025-06-16,12698.85,Credit,Check Deposit,0245
TXN0005563,5371754816,2025-04-07,44463.48,Credit,Account Transfer,0112
TXN0003849,3614652346,2025-01-04,25748.64,Credit,Check Deposit,0245
TXN0000901,1213309440,2025-05-27,-33181.69,Debit,Outgoing Wire,0501
TXN0000764,1549010529,2025-04-28,-7658.91,Debit,ATM Cash Withdrawal,0245
TXN0001531,4219928472,2025-02-19,-8627.13,Debit,Account Transfer,0245
TXN0005611,5753407040,2025-05-12,41545.42,Credit,Check Deposit,0678
TXN0002670,7633838953,2025-01-10,-20288.60,Debit,POS Purchase,0112
TXN0001595,1105239620,2025-03-06,-32240.36,Debit,ATM Cash Withdrawal,0389
TXN0001826,5179571707,2025-03-23,-18071.65,Debit,Account Transfer,0245
TXN0004683,2734533164,2025-05-09,-24315.43,Debit,Outgoing Wire,0245
TXN0005382,1142197410,2025-06-23,-11928.61,Debit,Vendor Payment,0112
TXN0002137,6625062479,2025-01-07,-17011.79,Debit,ATM Cash Withdrawal,0112
TXN0002695,7369368469,2025-02-28,-16551.59,Debit,POS Purchase,0245
TXN0004026,2913229957,2025-05-03,-8036.49,Debit,Vendor Payment,0245
TXN0002413,4652276437,2025-03-09,4461.00,Credit,Payroll Deposit,0678
TXN0000404,5504114850,2025-06-11,-38828.57,Debit,Vendor Payment,0678
TXN0002858,6823868088,2025-04-08,-16733.58,Debit,ATM Cash Withdrawal,0245
TXN0002349,2549932233,2025-01-10,-18553.49,Debit,Incoming Wire,0245
TXN0004031,5116127981,2025-05-01,-13022.70,Debit,POS Purchase,0501
TXN0000912,6704095954,2025-01-13,-39216.64,Debit,ATM Cash Withdrawal,0389
TXN0003368,9591794825,2025-04-07,-5351.26,Debit,ATM Cash Withdrawal,0389
TXN0005969,3785638437,2025-02-28,-27682.08,Debit,ATM Cash Withdrawal,0678
TXN0004500,2582474435,2025-04-06,-16130.45,Debit,Incoming Wire,0389
TXN0003108,9608886678,2025-06-26,-39568.35,Debit,POS Purchase,0112
TXN0001746,6098018232,2025-06-18,1570.95,Credit,Payroll Deposit,0678
TXN0000165,7811056430,2025-06-16,-37050.56,Debit,Incoming Wire,0389
TXN0001213,9477042978,2025-05-09,-20065.48,Debit,Vendor Payment,0112
TXN0005666,3827785173,2025-01-24,-16673.00,Debit,ATM Cash Withdrawal,0112
TXN0001713,2655193953,2025-04-09,-39911.12,Debit,Incoming Wire,0112
TXN0000167,6211291940,2025-05-16,-43909.09,Debit,Vendor Payment,0501
TXN0004713,1340271975,2025-03-10,-9795.24,Debit,Incoming Wire,0112
TXN0001423,6860140015,2025-02-10,26711.87,Credit,Check Deposit,0245
TXN0004032,6643676141,2025-01-09,-3933.95,Debit,ATM Cash Withdrawal,0678
TXN0002438,8762046918,2025-02-09,-30276.95,Debit,Vendor Payment,0389
TXN0005501,9595608881,2025-02-08,42450.81,Credit,Check Deposit,0389
TXN0005508,4423629656,2025-05-13,-34906.50,Debit,ATM Cash Withdrawal,0501
TXN0004422,7224692160,2025-03-20,28867.28,Credit,Payroll Deposit,0678
TXN0002815,4231203236,2025-05-17,29282.31,Credit,Check Deposit,0112
TXN0002140,5031970550,2025-02-27,-24408.89,Debit,Incoming Wire,0389
TXN0003760,5316813632,2025-02-24,-24143.54,Debit,POS Purchase,0501
TXN0005946,5160282087,2025-03-02,15213.75,Credit,Check Deposit,0389
TXN0000729,7286701967,2025-05-07,23386.61,Credit,Account Transfer,0245
TXN0002834,2782172100,2025-04-22,-10848.88,Debit,Outgoing Wire,0678
TXN0002247,3354407847,2025-04-19,-3893.99,Debit,Vendor Payment,0678
TXN0001246,9067927065,2025-01-11,-42047.24,Debit,Outgoing Wire,0245
TXN0005436,3108635402,2025-05-21,16764.48,Credit,Check Deposit,0389
TXN0005333,2365185236,2025-03-21,22117.98,Credit,Payroll Deposit,0501
TXN0003252,6206784692,2025-06-11,-25799.09,Debit,POS Purchase,0112
TXN0004543,7398695092,2025-04-03,-22872.20,Debit,POS Purchase,0112
TXN0003940,3681892453,2025-04-26,43360.45,Credit,Payroll Deposit,0389
TXN0005039,4784806890,2025-02-04,-15821.87,Debit,Vendor Payment,0678
TXN0002371,7114625306,2025-05-20,-15410.78,Debit,Vendor Payment,0112
TXN0003426,3662755863,2025-03-10,-29892.98,Debit,Incoming Wire,0389
TXN0002489,8834415913,2025-05-06,-29295.07,Debit,ATM Cash Withdrawal,0678
TXN0005647,1778817915,2025-03-07,-12127.85,Debit,Incoming Wire,0245
TXN0002419,4868544667,2025-04-12,30399.68,Credit,Check Deposit,0678
TXN0005404,2811176987,2025-06-25,16820.18,Credit,Vendor Payment,0678
TXN0001831,7653510819,2025-01-10,-20333.04,Debit,POS Purchase,0389
TXN0000721,9311420949,2025-02-03,-19104.79,Debit,ATM Cash Withdrawal,0389
TXN0004858,7245991797,2025-02-23,35298.29,Credit,Check Deposit,0245
TXN0001736,3060674007,2025-01-13,-1643.06,Debit,POS Purchase,0678
TXN0003867,6634348391,2025-03-29,-8701.89,Debit,Incoming Wire,0112
TXN0002990,6255833953,2025-06-28,24967.43,Credit,Payroll Deposit,0112
TXN0003749,8397315983,2025-01-27,-5052.96,Debit,Vendor Payment,0678
TXN0004790,3289465400,2025-05-29,-11501.57,Debit,Vendor Payment,0678
TXN0004418,1024167967,2025-01-30,-39862.16,Debit,POS Purchase,0112
TXN0002056,5266768367,2025-04-04,13602.23,Credit,Payroll Deposit,0389
TXN0002785,7503598069,2025-05-19,-8572.15,Debit,POS Purchase,0112
TXN0001959,2257186934,2025-06-27,32613.76,Credit,Outgoing Wire,0389
TXN0003042,7438833572,2025-03-07,-15231.24,Debit,Vendor Payment,0245
TXN0004285,4423685192,2025-05-03,-30246.45,Debit,Incoming Wire,0389
TXN0003172,4911196200,2025-01-12,18798.47,Credit,Incoming Wire,0245
TXN0000148,6992079729,2025-01-15,-31554.50,Debit,Incoming Wire,0112
TXN0005297,5453421689,2025-05-19,-44737.52,Debit,ATM Cash Withdrawal,0245
TXN0000536,6736004119,2025-03-28,-27090.96,Debit,Account Transfer,0245
TXN0002871,5080579412,2025-02-14,44883.17,Credit,Payroll Deposit,0501
TXN0001907,9863775733,2025-03-03,42788.38,Credit,Check Deposit,0389
TXN0002001,2299394194,2025-05-18,4652.47,Credit,Payroll Deposit,0501
TXN0005155,5134647785,2025-06-21,-4530.16,Debit,Vendor Payment,0501
TXN0005468,7933734461,2025-05-12,26137.91,Credit,Payroll Deposit,0678
TXN0004765,8775518600,2025-06-25,-18836.26,Debit,POS Purchase,0389
TXN0002351,6406004184,2025-04-14,-29164.79,Debit,POS Purchase,0501
TXN0005757,4086010558,2025-05-09,-6149.54,Debit,Account Transfer,0389
TXN0000087,6642664297,2025-05-01,-42028.78,Debit,POS Purchase,0245
TXN0002303,7378510707,2025-02-23,-17101.41,Debit,ATM Cash Withdrawal,0678
TXN0005649,1545758105,2025-04-28,26693.35,Credit,Check Deposit,0389
TXN0001090,9375210730,2025-02-22,-26206.04,Debit,Incoming Wire,0678
TXN0005851,2262948717,2025-03-20,-26607.24,Debit,Incoming Wire,0501
TXN0005076,4841220595,2025-03-30,-21158.45,Debit,POS Purchase,0678
TXN0000844,1957596327,2025-04-10,-3722.77,Debit,POS Purchase,0389
TXN0005044,6467971736,2025-03-22,13766.78,Credit,Check Deposit,0678
TXN0005999,7607364614,2025-02-22,22606.49,Credit,Check Deposit,0112
TXN0001841,8801031816,2025-03-07,-3976.40,Debit,POS Purchase,0678
TXN0004477,5209801900,2025-05-18,-28957.77,Debit,Account Transfer,0678
TXN0002528,9872798268,2025-03-18,6230.52,Credit,Account Transfer,0678
TXN0004916,7316580191,2025-05-22,15612.88,Credit,Check Deposit,0245
TXN0000288,2560564818,2025-05-05,28120.71,Credit,Payroll Deposit,0678
TXN0003116,8247304716,2025-02-01,-43507.09,Debit,Outgoing Wire,0501
TXN0004216,8096503538,2025-03-03,-37569.09,Debit,POS Purchase,0389
TXN0005637,1346845233,2025-05-28,-36347.33,Debit,POS Purchase,0678
TXN0003997,6797473046,2025-06-17,25123.48,Credit,Check Deposit,0389
TXN0000227,9830150556,2025-03-04,-33512.61,Debit,Outgoing Wire,0501
TXN0000108,6886095863,2025-06-11,-38173.22,Debit,Incoming Wire,0501
TXN0005445,4797127328,2025-05-31,-2542.06,Debit,Outgoing Wire,0389
TXN0002976,5899831531,2025-06-06,-3261.88,Debit,ATM Cash Withdrawal,0501
TXN0003212,4598303623,2025-01-27,-38419.38,Debit,Outgoing Wire,0245
TXN0000416,8047276839,2025-01-17,-43166.22,Debit,POS Purchase,0245
TXN0002641,9782604101,2025-04-29,-10137.61,Debit,POS Purchase,0389
TXN0005119,4820356371,2025-04-21,-6191.53,Debit,ATM Cash Withdrawal,0501
TXN0001558,9369749508,2025-03-31,-25925.27,Debit,ATM Cash Withdrawal,0389
TXN0001837,3434380721,2025-05-26,23022.75,Credit,Payroll Deposit,0678
TXN0002677,2583917287,2025-03-08,-28100.15,Debit,Vendor Payment,0389
TXN0004220,1554597583,2025-01-16,-17922.42,Debit,Account Transfer,0112
TXN0002252,2712199985,2025-01-22,-25003.72,Debit,POS Purchase,0678
TXN0003255,6526267181,2025-05-12,-15562.27,Debit,ATM Cash Withdrawal,0112
TXN0002974,2565943210,2025-02-09,-1718.10,Debit,Outgoing Wire,0501
TXN0001092,1486618691,2025-03-20,-18908.31,Debit,ATM Cash Withdrawal,0112
TXN0004185,5340457015,2025-01-14,-147.50,Debit,POS Purchase,0245
TXN0005585,4904459440,2025-06-10,35438.08,Credit,Account Transfer,0501
TXN0003204,7696374751,2025-01-28,-30360.72,Debit,Vendor Payment,0678
TXN0003592,7182871563,2025-03-03,28620.89,Credit,Account Transfer,0389
TXN0000359,9800485063,2025-06-10,-35806.05,Debit,Vendor Payment,0501
TXN0002849,6523088746,2025-06-25,-4472.87,Debit,ATM Cash Withdrawal,0501
TXN0003261,8873267000,2025-04-18,-19345.51,Debit,Account Transfer,0678
TXN0002517,5677186616,2025-03-08,-43796.13,Debit,Incoming Wire,0112
TXN0004738,8130175885,2025-03-05,16515.33,Credit,Account Transfer,0389
TXN0001177,7117790805,2025-01-25,-13054.33,Debit,ATM Cash Withdrawal,0389
TXN0001097,4764707759,2025-04-27,25581.55,Credit,Payroll Deposit,0501
TXN0004517,1806117549,2025-05-04,-16896.91,Debit,Vendor Payment,0501
TXN0003311,3985774424,2025-03-21,-13180.94,Debit,Incoming Wire,0112
TXN0003641,1418744212,2025-02-26,-33240.07,Debit,Account Transfer,0389
TXN0001410,4218592208,2025-06-20,-17134.09,Debit,POS Purchase,0501
TXN0001238,6049950976,2025-04-30,11453.25,Credit,Check Deposit,0501
TXN0000560,9461377731,2025-01-09,33235.19,Credit,POS Purchase,0501
TXN0001859,2262481296,2025-06-19,15328.31,Credit,Payroll Deposit,0112
TXN0004466,1593420774,2025-03-28,-31397.43,Debit,Incoming Wire,0678
TXN0003040,2794752604,2025-04-26,37462.70,Credit,Check Deposit,0112
TXN0002716,6167647750,2025-01-07,-4859.08,Debit,Outgoing Wire,0389
TXN0002918,4690622024,2025-03-25,-23955.38,Debit,Account Transfer,0678
TXN0004865,6407555988,2025-01-29,-40693.16,Debit,Incoming Wire,0389
TXN0004539,7336104718,2025-05-13,-21395.58,Debit,ATM Cash Withdrawal,0112
TXN0002900,6000471823,2025-02-09,-18449.20,Debit,POS Purchase,0112
TXN0004221,9562718246,2025-04-18,-26824.30,Debit,Outgoing Wire,0501
TXN0001065,1875865888,2025-05-26,-35108.94,Debit,Incoming Wire,0678
TXN0001386,5506823444,2025-06-01,27207.63,Credit,Check Deposit,0389
TXN0004157,4917085037,2025-06-15,-5950.04,Debit,Outgoing Wire,0501
TXN0004048,5187686774,2025-06-05,25276.06,Credit,Payroll Deposit,0678
TXN0003692,2025831633,2025-01-10,11065.32,Credit,Check Deposit,0678
TXN0000708,4409108260,2025-03-08,-20385.25,Debit,ATM Cash Withdrawal,0678
TXN0001264,1280377530,2025-03-28,-15221.35,Debit,Account Transfer,0678
TXN0000128,4807334871,2025-03-09,-34514.51,Debit,Vendor Payment,0245
TXN0000297,6994638775,2025-01-24,-88.02,Debit,Incoming Wire,0678
TXN0003941,5590909541,2025-02-10,39784.39,Credit,Check Deposit,0501
TXN0005591,4467078952,2025-01-27,-2146.86,Debit,Outgoing Wire,0112
TXN0003119,7010404553,2025-03-08,39998.38,Credit,Check Deposit,0389
TXN0000918,7584006220,2025-05-13,4876.04,Credit,Payroll Deposit,0501
TXN0004125,3178670398,2025-02-25,24529.88,Credit,Account Transfer,0501
TXN0004526,7654313197,2025-06-08,-28591.98,Debit,POS Purchase,0245
TXN0002707,2782160504,2025-01-07,-12795.89,Debit,Outgoing Wire,0678
TXN0003007,5830808425,2025-01-28,44210.97,Credit,Check Deposit,0678
TXN0002796,3459665591,2025-04-01,-44751.18,Debit,Incoming Wire,0112
TXN0005430,5550098544,2025-06-09,-10474.56,Debit,ATM Cash Withdrawal,0112
TXN0003509,2812370698,2025-04-17,-10448.27,Debit,ATM Cash Withdrawal,0501
TXN0000779,9418655521,2025-04-18,-2376.78,Debit,ATM Cash Withdrawal,0245
TXN0001596,5288620289,2025-02-23,-514.38,Debit,Outgoing Wire,0501
TXN0003951,4829983671,2025-04-09,-9952.16,Debit,Vendor Payment,0678
TXN0004829,5881916593,2025-02-16,25003.78,Credit,Check Deposit,0112
TXN0002571,5663673220,2025-01-08,-15811.32,Debit,Account Transfer,0678
TXN0003429,3213413303,2025-05-19,-3844.08,Debit,POS Purchase,0245
TXN0003834,7571868991,2025-06-20,-33184.32,Debit,ATM Cash Withdrawal,0389
TXN0002643,9772534799,2025-06-08,-29278.63,Debit,Vendor Payment,0389
TXN0000166,5929909663,2025-03-01,-31391.67,Debit,ATM Cash Withdrawal,0389
TXN0003276,5122726010,2025-01-03,-7656.66,Debit,Account Transfer,0245
TXN0000475,9714160083,2025-02-11,-41130.93,Debit,Vendor Payment,0245
TXN0002678,5830154588,2025-03-17,-44255.16,Debit,ATM Cash Withdrawal,0501
TXN0005170,2200806929,2025-03-18,-4183.29,Debit,Vendor Payment,0112
TXN0002422,5433130514,2025-06-14,-2540.47,Debit,POS Purchase,0501
TXN0001726,9265188480,2025-06-10,36570.51,Credit,Payroll Deposit,0245
TXN0002205,5364993807,2025-03-08,-36898.89,Debit,Account Transfer,0389
TXN0002669,2061950282,2025-02-08,-4338.45,Debit,Outgoing Wire,0678
TXN0005694,1164851884,2025-03-27,28707.89,Credit,Check Deposit,0389
TXN0005581,2555093703,2025-01-26,-22717.66,Debit,Vendor Payment,0389
TXN0004042,6440153931,2025-03-13,17349.59,Credit,Payroll Deposit,0678
TXN0005061,8622998316,2025-01-08,-11739.88,Debit,Account Transfer,0245
TXN0000886,7856413514,2025-02-21,-27490.53,Debit,Account Transfer,0245
TXN0004755,1315936658,2025-02-01,-35880.26,Debit,ATM Cash Withdrawal,0501
TXN0000762,5009985551,2025-01-14,-8984.00,Debit,POS Purchase,0501
TXN0001066,3606920396,2025-03-25,-32944.67,Debit,Vendor Payment,0501
TXN0003988,1641154081,2025-03-15,18386.26,Credit,Check Deposit,0389
TXN0002827,6011094089,2025-04-28,-18250.30,Debit,Incoming Wire,0678
TXN0003980,7463201405,2025-01-16,-10801.28,Debit,ATM Cash Withdrawal,0678
TXN0001385,6596126755,2025-04-25,-9154.83,Debit,Account Transfer,0389
TXN0001976,8613336419,2025-06-19,-39005.02,Debit,Outgoing Wire,0501
TXN0002064,6193674300,2025-02-21,-40494.51,Debit,Vendor Payment,0501
TXN0003681,5027770587,2025-04-07,-32920.05,Debit,Incoming Wire,0501
TXN0001251,7591750877,2025-04-29,41159.02,Credit,Check Deposit,0501
TXN0004608,1465591159,2025-03-02,3097.98,Credit,Payroll Deposit,0245
TXN0004183,1921027802,2025-01-19,-11354.91,Debit,Account Transfer,0389
TXN0003481,8183002432,2025-02-24,-42756.13,Debit,Vendor Payment,0678
TXN0003323,9077708189,2025-02-19,35145.74,Credit,Account Transfer,0678
TXN0005996,6850608478,2025-03-22,-39010.96,Debit,Account Transfer,0678
TXN0001075,7101395276,2025-05-14,-28787.12,Debit,POS Purchase,0389
TXN0005102,3242094402,2025-06-19,-7138.34,Debit,ATM Cash Withdrawal,0112
TXN0001642,2180710638,2025-01-20,-17495.37,Debit,Vendor Payment,0678
TXN0004861,8321984309,2025-03-25,-22219.31,Debit,ATM Cash Withdrawal,0678
TXN0004888,8651007495,2025-04-21,-1190.89,Debit,POS Purchase,0245
TXN0001601,6898644020,2025-05-13,-37133.53,Debit,Vendor Payment,0245
TXN0000674,3714692475,2025-01-19,-1247.08,Debit,Outgoing Wire,0678
TXN0005767,2096996244,2025-05-28,-10618.61,Debit,ATM Cash Withdrawal,0678
TXN0002661,2000428152,2025-01-17,-4543.82,Debit,Incoming Wire,0501
TXN0004831,8213906079,2025-03-06,-3152.69,Debit,Account Transfer,0389
TXN0003596,5960561400,2025-04-16,24780.44,Credit,Payroll Deposit,0678
TXN0004326,4383570066,2025-01-31,-5114.35,Debit,Incoming Wire,0501
TXN0001771,2401157719,2025-06-17,-39790.67,Debit,ATM Cash Withdrawal,0112
TXN0003132,5054783925,2025-01-14,-20704.75,Debit,ATM Cash Withdrawal,0678
TXN0002957,7128376192,2025-05-29,-24243.62,Debit,Vendor Payment,0501
TXN0004518,5815784661,2025-05-03,-38812.95,Debit,Outgoing Wire,0112
TXN0003560,1798462764,2025-03-29,-24201.17,Debit,POS Purchase,0389
TXN0000525,5485544363,2025-05-08,44906.16,Credit,Payroll Deposit,0389
TXN0000378,5504672151,2025-04-18,-4667.83,Debit,Vendor Payment,0245
TXN0003274,6607076949,2025-05-14,-1121.39,Debit,ATM Cash Withdrawal,0501
TXN0003664,1840555337,2025-05-17,-7441.31,Debit,POS Purchase,0245
TXN0002411,9895447872,2025-04-02,38961.46,Credit,Account Transfer,0245
TXN0000682,2952631517,2025-01-18,19882.34,Credit,Check Deposit,0678
TXN0002118,2908781372,2025-01-29,-42577.11,Debit,Outgoing Wire,0678
TXN0001294,1553731733,2025-02-28,4118.66,Credit,Check Deposit,0112
TXN0001906,1247552305,2025-01-11,24210.56,Credit,Check Deposit,0245
TXN0000554,1384096976,2025-06-28,-34751.25,Debit,Account Transfer,0389
TXN0001500,7086762538,2025-02-05,-23221.12,Debit,ATM Cash Withdrawal,0501
TXN0001613,1505890194,2025-05-17,-17399.76,Debit,POS Purchase,0501
TXN0003714,3965801609,2025-01-09,9643.04,Credit,Payroll Deposit,0678
TXN0001719,4649028280,2025-01-24,-29863.87,Debit,Outgoing Wire,0678
TXN0004353,5793116289,2025-04-07,-23796.33,Debit,POS Purchase,0245
TXN0004068,8094377527,2025-02-09,-18625.62,Debit,Incoming Wire,0678
TXN0000477,6272164654,2025-06-24,-834.07,Debit,POS Purchase,0245
TXN0005801,2300575261,2025-03-05,-25893.36,Debit,Incoming Wire,0389
TXN0002923,7541405059,2025-01-23,-43586.52,Debit,Outgoing Wire,0389
TXN0003079,1889813171,2025-01-04,22031.57,Credit,Account Transfer,0112
TXN0004002,2792481830,2025-02-08,29664.06,Credit,Check Deposit,0112
TXN0001868,4254005848,2025-02-11,-18671.40,Debit,Vendor Payment,0245
TXN0001022,4390557419,2025-03-24,7164.65,Credit,Account Transfer,0112
TXN0005312,2215887023,2025-01-20,-153.74,Debit,POS Purchase,0245
TXN0002275,8910422169,2025-02-22,26804.88,Credit,Payroll Deposit,0112
TXN0003214,2306789454,2025-02-28,-20342.25,Debit,Incoming Wire,0245
TXN0001554,5569404113,2025-04-25,-6061.73,Debit,Vendor Payment,0389
TXN0001647,9074524728,2025-01-20,-15061.01,Debit,Vendor Payment,0245
TXN0001620,5461044988,2025-05-16,-41219.72,Debit,Incoming Wire,0501
TXN0004578,4361589160,2025-03-03,-27438.44,Debit,ATM Cash Withdrawal,0112
TXN0004749,3645650238,2025-03-31,-36558.05,Debit,Vendor Payment,0245
TXN0001377,3522890846,2025-03-04,35421.59,Credit,Account Transfer,0245
TXN0002539,8105167861,2025-06-14,39980.20,Credit,Check Deposit,0501
TXN0003198,9459337576,2025-04-27,31570.40,Credit,Check Deposit,0112
TXN0004461,1757768271,2025-03-18,-43631.88,Debit,Vendor Payment,0501
TXN0001095,1123324857,2025-03-28,-10306.51,Debit,Account Transfer,0389
TXN0000469,6548035525,2025-06-04,-39744.73,Debit,ATM Cash Withdrawal,0245
TXN0003006,6799772874,2025-01-20,-27001.07,Debit,Vendor Payment,0501
TXN0000916,9137292111,2025-02-26,24013.34,Credit,Check Deposit,0389
TXN0004595,6526530390,2025-01-23,28709.37,Credit,Check Deposit,0501
TXN0005716,1243283104,2025-06-28,-43688.42,Debit,ATM Cash Withdrawal,0678
TXN0003037,8368178024,2025-03-06,-38155.60,Debit,ATM Cash Withdrawal,0389
TXN0001965,2835046850,2025-06-18,-28821.14,Debit,Account Transfer,0678
TXN0001931,7356762104,2025-01-17,-3387.45,Debit,Incoming Wire,0678
TXN0001341,1484018964,2025-03-24,-30098.98,Debit,Incoming Wire,0112
TXN0004996,5018278489,2025-06-10,6802.96,Credit,Check Deposit,0245
TXN0004381,6725295354,2025-06-26,2786.28,Credit,Check Deposit,0245
TXN0002933,5493313762,2025-05-29,-15937.72,Debit,POS Purchase,0245
TXN0005015,2141214351,2025-03-24,20120.54,Credit,Check Deposit,0245
TXN0003685,4959955237,2025-05-23,14305.34,Credit,Account Transfer,0389
TXN0004963,7951333109,2025-04-24,-5304.83,Debit,Vendor Payment,0678
TXN0005248,4789987477,2025-01-18,40144.19,Credit,Payroll Deposit,0245
TXN0005490,4011083696,2025-03-20,7515.59,Credit,Check Deposit,0112
TXN0003259,5878445519,2025-06-01,-11799.29,Debit,POS Purchase,0501
TXN0001383,2584188354,2025-05-24,21499.08,Credit,Check Deposit,0678
TXN0003130,9993758752,2025-02-08,10055.66,Credit,Account Transfer,0678
TXN0002781,5024502960,2025-06-11,-37617.70,Debit,Vendor Payment,0678
TXN0000181,3163114583,2025-05-23,-2045.30,Debit,Account Transfer,0245
TXN0001007,1125786469,2025-04-15,-2277.07,Debit,Outgoing Wire,0389
TXN0002733,4019877943,2025-02-23,-15840.07,Debit,Outgoing Wire,0389
TXN0000260,3060091930,2025-03-25,-36120.33,Debit,Incoming Wire,0501
TXN0005182,4925920011,2025-01-10,-2231.17,Debit,Vendor Payment,0389
TXN0000851,5004601042,2025-02-06,-17271.51,Debit,Incoming Wire,0112
TXN0002348,8818086294,2025-05-12,-18414.31,Debit,ATM Cash Withdrawal,0245
TXN0005992,3181185642,2025-03-01,-8782.60,Debit,Vendor Payment,0112
TXN0000261,7241856502,2025-05-13,14354.41,Credit,Account Transfer,0501
TXN0005464,1730738738,2025-05-13,-34059.53,Debit,ATM Cash Withdrawal,0245
TXN0004295,2787409822,2025-05-19,-21857.69,Debit,Vendor Payment,0112
TXN0001281,4419717173,2025-02-27,-4470.43,Debit,Outgoing Wire,0112
TXN0004722,9574190266,2025-03-11,-6800.58,Debit,Incoming Wire,0501
TXN0000126,5432909126,2025-01-15,-17832.31,Debit,POS Purchase,0245
TXN0000437,7411793174,2025-04-23,-26600.57,Debit,Outgoing Wire,0112
TXN0001023,3491259034,2025-06-27,-847.06,Debit,POS Purchase,0678
TXN0002812,6101121173,2025-03-09,-25458.73,Debit,ATM Cash Withdrawal,0501
TXN0005380,6177485162,2025-06-22,-21849.67,Debit,Vendor Payment,0678
TXN0004994,6424806816,2025-03-09,-36320.93,Debit,Vendor Payment,0245
TXN0001992,6322243187,2025-04-09,-14619.19,Debit,Vendor Payment,0501
TXN0003761,2196263296,2025-03-21,23141.75,Credit,Outgoing Wire,0112
TXN0001867,2372252111,2025-06-03,31589.56,Credit,Check Deposit,0112
TXN0002965,1058614938,2025-02-10,-28629.44,Debit,POS Purchase,0678
TXN0005886,5058217687,2025-06-25,-11334.52,Debit,Account Transfer,0501
TXN0003854,8259772215,2025-05-22,-17212.72,Debit,POS Purchase,0112
TXN0001848,5279376344,2025-02-12,4466.29,Credit,Check Deposit,0245
TXN0003963,3049156198,2025-03-12,-29942.99,Debit,Outgoing Wire,0501
TXN0003220,8162086467,2025-02-19,23142.73,Credit,Check Deposit,0501
TXN0003097,8507570633,2025-03-03,-42584.86,Debit,ATM Cash Withdrawal,0245
TXN0003486,6084555519,2025-05-24,16598.28,Credit,Payroll Deposit,0112
TXN0005040,8960250580,2025-02-08,-35056.30,Debit,Outgoing Wire,0389
TXN0004513,7302354883,2025-04-18,2339.22,Credit,Check Deposit,0112
TXN0005214,1417241129,2025-06-05,11335.41,Credit,Payroll Deposit,0501
TXN0005432,8139460187,2025-04-07,19687.65,Credit,Payroll Deposit,0389
TXN0005183,5342262371,2025-02-11,-44469.10,Debit,Vendor Payment,0501
TXN0001603,4022690168,2025-05-09,10418.83,Credit,Payroll Deposit,0501
TXN0004631,2186087980,2025-02-23,41831.62,Credit,Payroll Deposit,0112
TXN0005811,1435040587,2025-04-29,-15993.91,Debit,Incoming Wire,0245
TXN0005949,2487379680,2025-05-14,-44191.09,Debit,Outgoing Wire,0389
TXN0000899,7795278739,2025-04-10,35253.70,Credit,Payroll Deposit,0678
TXN0000482,7601496839,2025-05-27,-34636.48,Debit,Vendor Payment,0112
TXN0005166,4818087356,2025-04-02,-12239.24,Debit,Vendor Payment,0678
TXN0000508,3993927352,2025-01-23,-1197.35,Debit,Outgoing Wire,0389
TXN0003922,2003479835,2025-04-04,-6772.74,Debit,Outgoing Wire,0245
TXN0003793,2719865399,2025-05-18,-36033.54,Debit,Vendor Payment,0112
TXN0004757,9700754936,2025-03-17,-20933.25,Debit,Incoming Wire,0245
TXN0004594,5867997951,2025-01-13,-26613.35,Debit,Outgoing Wire,0501
TXN0005580,2258290284,2025-02-14,-35568.98,Debit,Account Transfer,0112
TXN0000275,3896437649,2025-01-24,-35842.56,Debit,POS Purchase,0389
TXN0002029,9986262675,2025-03-10,31878.35,Credit,Payroll Deposit,0678
TXN0003317,4156953921,2025-02-10,-21184.23,Debit,ATM Cash Withdrawal,0678
TXN0004898,1862651208,2025-04-24,14311.30,Credit,Account Transfer,0501
TXN0001326,8414677296,2025-05-31,-23277.42,Debit,POS Purchase,0245
TXN0005112,2731676905,2025-04-16,-39724.96,Debit,Outgoing Wire,0245
TXN0004174,6597775253,2025-05-20,12188.85,Credit,Account Transfer,0112
TXN0005975,1274087081,2025-03-10,-28540.98,Debit,Incoming Wire,0389
TXN0004359,7128250783,2025-03-05,-36852.69,Debit,ATM Cash Withdrawal,0501
TXN0002756,4045686266,2025-02-13,-18174.41,Debit,Account Transfer,0245
TXN0000934,8297536870,2025-01-20,12833.75,Credit,Payroll Deposit,0678
TXN0002841,2817917561,2025-01-12,22345.58,Credit,POS Purchase,0245
TXN0001216,1704039075,2025-05-14,-16386.85,Debit,Vendor Payment,0112
TXN0001465,9038289167,2025-01-22,29874.23,Credit,Account Transfer,0112
TXN0004456,1876876354,2025-03-10,25106.50,Credit,Payroll Deposit,0678
TXN0002973,4905913857,2025-06-15,-28802.21,Debit,ATM Cash Withdrawal,0678
TXN0004521,2585838151,2025-05-14,-6880.85,Debit,Outgoing Wire,0501
TXN0004472,5716378526,2025-01-18,-22494.68,Debit,ATM Cash Withdrawal,0112
TXN0002120,4560605140,2025-05-17,-12467.79,Debit,Vendor Payment,0678
TXN0001835,8626742409,2025-02-21,-38484.42,Debit,Outgoing Wire,0245
TXN0000007,2648201399,2025-03-11,-9598.63,Debit,ATM Cash Withdrawal,0678
TXN0002822,1378508086,2025-03-05,-10021.18,Debit,POS Purchase,0501
TXN0004487,1703382792,2025-01-25,-645.32,Debit,POS Purchase,0112
TXN0002558,5550331363,2025-06-22,-18706.62,Debit,Outgoing Wire,0501
TXN0001150,2106252515,2025-01-16,-3494.96,Debit,ATM Cash Withdrawal,0389
TXN0002098,8528542995,2025-06-14,-14554.43,Debit,Outgoing Wire,0501
TXN0004000,1951852877,2025-06-16,23150.14,Credit,Account Transfer,0112
TXN0000758,8960964195,2025-05-10,-15020.13,Debit,Outgoing Wire,0112
TXN0002365,4647007715,2025-05-02,-3191.12,Debit,Account Transfer,0245
TXN0002908,1437895722,2025-01-08,-43884.89,Debit,ATM Cash Withdrawal,0112
TXN0001749,1828416882,2025-01-24,-243.76,Debit,Incoming Wire,0389
TXN0002359,6958397358,2025-03-07,35252.35,Credit,Check Deposit,0501
TXN0001728,9360839589,2025-03-06,1698.19,Credit,Payroll Deposit,0112
TXN0005874,7705463382,2025-02-06,-1233.28,Debit,Account Transfer,0389
TXN0004260,5205172696,2025-02-04,-42080.84,Debit,POS Purchase,0245
TXN0005348,7008115182,2025-06-22,-6060.85,Debit,Vendor Payment,0245
TXN0000749,5704454235,2025-02-10,4813.62,Credit,Check Deposit,0245
TXN0005186,2415229966,2025-04-02,-1625.25,Debit,POS Purchase,0112
TXN0001172,1057618068,2025-01-27,-5671.49,Debit,Vendor Payment,0245
TXN0002824,8858128932,2025-01-13,34582.06,Credit,Account Transfer,0389
TXN0003147,9332021608,2025-05-11,-12332.77,Debit,Outgoing Wire,0112
TXN0004277,9581008253,2025-02-06,-14660.40,Debit,Outgoing Wire,0389
TXN0003224,5493896308,2025-01-17,36059.94,Credit,Payroll Deposit,0501
TXN0000455,8106901099,2025-03-13,-21337.15,Debit,Account Transfer,0112
TXN0000926,4141473952,2025-03-31,-31604.82,Debit,POS Purchase,0501
TXN0000219,7326989940,2025-02-27,-39724.24,Debit,POS Purchase,0501
TXN0005342,1158277434,2025-05-02,7346.40,Credit,Payroll Deposit,0389
TXN0001016,2542776190,2025-06-05,-11111.10,Debit,Incoming Wire,0678
TXN0005539,5504746171,2025-04-11,4937.00,Credit,Check Deposit,0389
TXN0002129,6911574736,2025-06-24,-43433.82,Debit,Vendor Payment,0112
TXN0004129,8699186965,2025-04-03,19520.71,Credit,Check Deposit,0389
TXN0001913,9105173355,2025-03-10,-43485.34,Debit,ATM Cash Withdrawal,0389
TXN0002290,4603599080,2025-05-20,-39630.76,Debit,Account Transfer,0245
TXN0003803,4947465483,2025-02-15,34747.68,Credit,Account Transfer,0389
TXN0002492,9877925634,2025-04-12,-10900.35,Debit,Incoming Wire,0245
TXN0000931,1863844914,2025-01-06,-30233.35,Debit,Vendor Payment,0678
TXN0002058,8768511941,2025-03-06,28957.63,Credit,Account Transfer,0501
TXN0004420,5545856677,2025-01-30,-38425.06,Debit,Outgoing Wire,0245
TXN0000656,2021229804,2025-03-25,-24518.97,Debit,POS Purchase,0678
TXN0000512,6851441478,2025-03-01,-44966.62,Debit,ATM Cash Withdrawal,0245
TXN0000815,4405197521,2025-03-23,31840.36,Credit,Payroll Deposit,0112
TXN0003491,5243283863,2025-01-10,-18246.33,Debit,ATM Cash Withdrawal,0501
TXN0005814,6035604974,2025-01-02,12404.48,Credit,Check Deposit,0245
TXN0004840,4511268586,2025-01-08,-32679.09,Debit,Vendor Payment,0678
TXN0000544,2272637408,2025-03-14,3251.23,Credit,Check Deposit,0501
TXN0005056,8850576470,2025-06-11,-13469.46,Debit,Incoming Wire,0501
TXN0000834,4303619170,2025-05-24,-11845.54,Debit,Outgoing Wire,0678
TXN0001550,9383962184,2025-06-26,-39107.54,Debit,ATM Cash Withdrawal,0112
TXN0004775,9572794797,2025-02-19,-1224.38,Debit,Incoming Wire,0245
TXN0004012,4440206018,2025-05-01,-22613.64,Debit,Outgoing Wire,0678
TXN0004648,4211329850,2025-02-04,-33811.82,Debit,Incoming Wire,0501
TXN0001615,4508178009,2025-02-23,-594.61,Debit,Account Transfer,0112
TXN0001658,4529209912,2025-02-08,-33601.66,Debit,Vendor Payment,0501
TXN0003462,8223914086,2025-03-10,-21714.24,Debit,Incoming Wire,0389
TXN0004448,6762698691,2025-05-22,-13986.50,Debit,Vendor Payment,0389
TXN0004635,1435439697,2025-01-25,-18515.17,Debit,Vendor Payment,0501
TXN0001411,5484033026,2025-05-02,44759.07,Credit,Payroll Deposit,0112
TXN0003138,5436675441,2025-02-09,27037.43,Credit,Check Deposit,0501
TXN0002078,7587653832,2025-05-18,32517.67,Credit,Check Deposit,0245
TXN0001076,8698600484,2025-03-20,23413.73,Credit,Payroll Deposit,0112
TXN0005021,9000075627,2025-04-26,-29233.81,Debit,Outgoing Wire,0112
TXN0002432,9990646016,2025-03-24,-24895.88,Debit,Incoming Wire,0245
TXN0004731,8265270196,2025-06-01,-20698.53,Debit,Vendor Payment,0501
TXN0001004,6020482290,2025-02-02,-36408.70,Debit,Vendor Payment,0112
TXN0000214,1623673207,2025-05-23,20840.99,Credit,Payroll Deposit,0501
TXN0005395,6695857388,2025-01-28,-19992.64,Debit,Incoming Wire,0112
TXN0003813,4631050264,2025-03-22,-10125.17,Debit,Outgoing Wire,0389
TXN0004365,2766655982,2025-01-06,-15292.71,Debit,Incoming Wire,0501
TXN0003528,1641952334,2025-03-05,-9775.17,Debit,ATM Cash Withdrawal,0389
TXN0000632,8346340764,2025-01-28,30584.13,Credit,Check Deposit,0501
TXN0005646,4191229676,2025-05-23,-26613.59,Debit,Outgoing Wire,0501
TXN0004303,2906687233,2025-06-02,-19495.21,Debit,POS Purchase,0112
TXN0000335,8209569981,2025-04-13,22163.28,Credit,Check Deposit,0389
TXN0004828,9881277791,2025-02-14,-20141.05,Debit,ATM Cash Withdrawal,0678
TXN0004212,1759067482,2025-06-24,-34308.24,Debit,Account Transfer,0389
TXN0004788,9423588079,2025-02-09,-16181.86,Debit,Vendor Payment,0501
TXN0004059,8411834055,2025-03-12,-23791.12,Debit,ATM Cash Withdrawal,0245
TXN0003593,9587559590,2025-02-26,-4046.72,Debit,POS Purchase,0245
TXN0002207,2618417778,2025-03-20,17236.42,Credit,Payroll Deposit,0112
TXN0000739,8836370618,2025-01-05,-14075.38,Debit,Account Transfer,0245
TXN0005163,9049041799,2025-06-30,23532.33,Credit,Account Transfer,0678
TXN0004949,6899616217,2025-01-07,42052.11,Credit,Payroll Deposit,0245
TXN0005365,6025211153,2025-04-25,-14250.53,Debit,Vendor Payment,0389
TXN0000819,5754190613,2025-05-01,41860.18,Credit,Check Deposit,0389
TXN0004274,8548572629,2025-03-30,21251.38,Credit,Check Deposit,0501
TXN0005308,9469401206,2025-02-14,-34769.86,Debit,ATM Cash Withdrawal,0501
TXN0005906,8671069321,2025-06-20,39792.00,Credit,Account Transfer,0112
TXN0003094,9444298203,2025-06-09,-26457.54,Debit,Incoming Wire,0112
TXN0002682,5276198318,2025-06-26,-10884.99,Debit,Vendor Payment,0245
TXN0001263,4487041639,2025-02-06,-15993.76,Debit,Vendor Payment,0678
TXN0000703,4245284970,2025-06-09,-19033.42,Debit,ATM Cash Withdrawal,0678
TXN0005263,6009708404,2025-05-24,17109.44,Credit,Payroll Deposit,0389
TXN0002047,8550606018,2025-03-23,-30176.68,Debit,Outgoing Wire,0678
TXN0005340,2405891906,2025-03-02,-4389.10,Debit,Vendor Payment,0678
TXN0002951,6498611637,2025-05-23,-9471.16,Debit,POS Purchase,0678
TXN0000898,2246762873,2025-03-01,-21428.03,Debit,Vendor Payment,0112
TXN0002919,4469116696,2025-03-19,-12833.05,Debit,Account Transfer,0678
TXN0003989,7615500413,2025-05-12,-41243.45,Debit,Vendor Payment,0678
TXN0004368,8295707221,2025-03-12,-12281.69,Debit,ATM Cash Withdrawal,0501
TXN0003180,5474022286,2025-03-22,9702.62,Credit,Payroll Deposit,0245
TXN0001925,5923817497,2025-03-24,-2514.81,Debit,Incoming Wire,0678
TXN0004290,6976366123,2025-05-26,-35836.70,Debit,Account Transfer,0245
TXN0003203,2622575813,2025-06-25,-43520.87,Debit,Account Transfer,0501
TXN0005776,9491633334,2025-06-06,40119.73,Credit,Payroll Deposit,0112
TXN0000768,6369475067,2025-02-03,-9320.47,Debit,Outgoing Wire,0501
TXN0005916,4998849980,2025-02-11,-17034.89,Debit,Outgoing Wire,0245
TXN0000575,6120739192,2025-02-09,-44574.39,Debit,Outgoing Wire,0389
TXN0004999,9526795316,2025-04-29,36889.80,Credit,Payroll Deposit,0501
TXN0000421,5791172021,2025-01-20,-32960.01,Debit,Vendor Payment,0245
TXN0004773,4069799545,2025-04-26,11555.57,Credit,Check Deposit,0389
TXN0004579,7403130630,2025-06-01,44800.68,Credit,Check Deposit,0678
TXN0004245,8888100000,2025-06-30,21136.00,Credit,Payroll Deposit,0112
TXN0005434,5976932616,2025-03-29,-41709.27,Debit,ATM Cash Withdrawal,0112
TXN0001875,7240310969,2025-03-01,-24920.25,Debit,POS Purchase,0678
TXN0002552,5514802954,2025-06-03,-20407.72,Debit,Vendor Payment,0678
TXN0000555,5170829519,2025-01-03,-8876.51,Debit,Account Transfer,0245
TXN0001059,7589465283,2025-01-09,-10866.15,Debit,Incoming Wire,0112
TXN0004827,6260341997,2025-03-23,-7669.11,Debit,Vendor Payment,0245
TXN0004178,7259076030,2025-06-22,-5714.95,Debit,Incoming Wire,0245
TXN0000863,3625722974,2025-06-24,-10567.70,Debit,Vendor Payment,0245
TXN0000994,3180987857,2025-06-07,10447.41,Credit,Outgoing Wire,0245
TXN0004844,1123836232,2025-05-01,-44186.85,Debit,ATM Cash Withdrawal,0112
TXN0005622,6165067838,2025-04-14,-27924.12,Debit,POS Purchase,0501
TXN0004663,8346624263,2025-01-04,-22848.69,Debit,Outgoing Wire,0678
TXN0002963,3318923885,2025-04-15,-42373.24,Debit,ATM Cash Withdrawal,0389
TXN0002725,2945218890,2025-05-10,-41115.26,Debit,Vendor Payment,0112
TXN0001889,6608949353,2025-05-14,-10377.48,Debit,Outgoing Wire,0389
TXN0003380,5381442337,2025-06-15,37587.76,Credit,Check Deposit,0678
TXN0004233,9474303087,2025-01-03,-10235.30,Debit,POS Purchase,0678
TXN0001248,4159424340,2025-05-12,9151.53,Credit,Check Deposit,0245
TXN0004504,3472601076,2025-04-13,-14472.04,Debit,Incoming Wire,0245
TXN0004236,4936724744,2025-06-13,34687.92,Credit,Check Deposit,0112
TXN0000073,4023384852,2025-02-01,-7089.93,Debit,Vendor Payment,0501
TXN0002608,3189618947,2025-02-13,38888.09,Credit,Check Deposit,0501
TXN0000106,6318459013,2025-06-02,6810.34,Credit,Payroll Deposit,0245
TXN0005498,6088956360,2025-02-08,-1816.10,Debit,Account Transfer,0501
TXN0005559,8822212146,2025-01-31,-34629.02,Debit,Account Transfer,0112
TXN0000044,5166418641,2025-05-07,-19345.28,Debit,Account Transfer,0501
TXN0003853,1388055018,2025-03-22,-31902.61,Debit,Account Transfer,0501
TXN0004164,6613464399,2025-05-17,-11862.47,Debit,Account Transfer,0678
TXN0001459,8980850083,2025-01-24,-27780.51,Debit,POS Purchase,0501
TXN0003136,5748278580,2025-04-03,-8537.75,Debit,Outgoing Wire,0112
TXN0001639,8578797212,2025-01-20,13589.41,Credit,Check Deposit,0389
TXN0005141,3221565263,2025-03-06,-2519.61,Debit,ATM Cash Withdrawal,0389
TXN0001780,1871404519,2025-06-23,-35283.74,Debit,Account Transfer,0245
TXN0000731,5738425089,2025-01-16,-29848.68,Debit,POS Purchase,0501
TXN0002875,4045824209,2025-01-22,14808.61,Credit,ATM Cash Withdrawal,0389
TXN0003321,9074044404,2025-02-13,-15295.20,Debit,Vendor Payment,0245
TXN0005258,5771917249,2025-02-27,4874.80,Credit,Payroll Deposit,0389
TXN0002148,3411457508,2025-03-31,-39369.77,Debit,POS Purchase,0245
TXN0000206,1453598737,2025-05-31,-21912.14,Debit,Incoming Wire,0389
TXN0005499,3562563801,2025-02-08,-20464.73,Debit,ATM Cash Withdrawal,0678
TXN0004314,4975715352,2025-03-06,-15675.03,Debit,Outgoing Wire,0112
TXN0004401,6133775137,2025-06-24,13782.22,Credit,Account Transfer,0112
TXN0003449,7286453961,2025-01-09,-691.64,Debit,Account Transfer,0501
TXN0000460,6574622167,2025-01-09,12995.01,Credit,Check Deposit,0389
TXN0004617,4806686598,2025-05-08,10384.64,Credit,Account Transfer,0678
TXN0004821,9144691814,2025-04-26,18143.37,Credit,Payroll Deposit,0389
TXN0003907,8312112094,2025-03-30,-23682.05,Debit,Outgoing Wire,0389
TXN0000751,6932723418,2025-05-01,40524.18,Credit,Check Deposit,0678
TXN0000250,8224974965,2025-06-29,-5319.12,Debit,POS Purchase,0501
TXN0004434,9462833564,2025-01-22,-23540.44,Debit,POS Purchase,0389
TXN0005616,8255915749,2025-03-08,9225.86,Credit,Payroll Deposit,0245
TXN0002645,4746495400,2025-06-21,-23108.86,Debit,Outgoing Wire,0389
TXN0002093,9783593680,2025-03-14,31132.98,Credit,Check Deposit,0245
TXN0004927,3720150460,2025-05-26,-801.03,Debit,Outgoing Wire,0112
TXN0002623,4488942842,2025-05-19,-22005.89,Debit,Vendor Payment,0389
TXN0004549,9232237737,2025-05-29,-25534.72,Debit,Incoming Wire,0501
TXN0001881,7618960616,2025-02-25,11212.86,Credit,Check Deposit,0389
TXN0005142,9704028895,2025-04-22,26805.19,Credit,Payroll Deposit,0112
TXN0005978,9307296053,2025-03-26,3807.30,Credit,POS Purchase,0112
TXN0003625,5240583478,2025-04-23,15123.95,Credit,Payroll Deposit,0112
TXN0003519,9552925212,2025-03-01,-23844.85,Debit,Outgoing Wire,0678
TXN0003390,8741750849,2025-04-18,-31572.07,Debit,Account Transfer,0112
TXN0000999,6709453514,2025-01-31,22504.98,Credit,Check Deposit,0678
TXN0001080,7649374904,2025-01-23,-20579.71,Debit,ATM Cash Withdrawal,0112
TXN0004741,6283830837,2025-05-16,-24194.06,Debit,POS Purchase,0245
TXN0002022,6471985630,2025-06-20,9688.32,Credit,Check Deposit,0501
TXN0002497,5187633737,2025-04-16,-28847.59,Debit,POS Purchase,0245
TXN0000075,3275869324,2025-03-20,8514.48,Credit,Check Deposit,0501
TXN0002016,3435108819,2025-04-28,21899.07,Credit,Payroll Deposit,0112
TXN0000928,3699189009,2025-04-17,-10115.66,Debit,ATM Cash Withdrawal,0245
TXN0004283,1379460069,2025-04-07,-16159.52,Debit,Outgoing Wire,0245
TXN0004605,2863965947,2025-06-15,-40647.10,Debit,ATM Cash Withdrawal,0501
TXN0000623,8283845167,2025-03-17,-4781.44,Debit,Incoming Wire,0678
TXN0002764,1403291293,2025-04-30,-23062.57,Debit,Account Transfer,0501
TXN0000207,3740425102,2025-05-11,-9962.02,Debit,POS Purchase,0678
TXN0000716,3107510397,2025-02-22,-29192.71,Debit,Incoming Wire,0501
TXN0002473,2620405517,2025-04-04,-21535.95,Debit,ATM Cash Withdrawal,0245
TXN0005368,6773946763,2025-03-20,5796.87,Credit,POS Purchase,0112
TXN0000090,4092996547,2025-06-19,16778.90,Credit,Check Deposit,0678
TXN0000327,6456172493,2025-06-24,-10691.53,Debit,Account Transfer,0678
TXN0002128,2576801626,2025-04-01,32571.07,Credit,Check Deposit,0112
TXN0003906,3041759661,2025-01-03,29160.85,Credit,Payroll Deposit,0501
TXN0004161,1214787880,2025-03-03,-43932.77,Debit,Outgoing Wire,0678
TXN0001132,8024877642,2025-04-06,-13374.69,Debit,Incoming Wire,0389
TXN0003118,3269508553,2025-01-19,-1671.05,Debit,POS Purchase,0678
TXN0003644,7645322026,2025-02-07,-10424.13,Debit,Account Transfer,0501
TXN0005284,9924887330,2025-06-16,-9855.54,Debit,POS Purchase,0678
TXN0003654,6758115491,2025-01-12,35806.43,Credit,Check Deposit,0678
TXN0000192,9597005553,2025-05-27,12126.72,Credit,Account Transfer,0678
TXN0001886,7048279651,2025-06-18,-43675.10,Debit,POS Purchase,0678
TXN0000392,4499268229,2025-03-11,-1536.81,Debit,Vendor Payment,0389
TXN0001217,4679520854,2025-03-15,-29913.21,Debit,Account Transfer,0245
TXN0005417,7730074303,2025-02-04,-27938.42,Debit,ATM Cash Withdrawal,0389
TXN0004878,2795303324,2025-05-24,-37096.43,Debit,Incoming Wire,0501
TXN0003655,3917423044,2025-01-12,-862.51,Debit,Outgoing Wire,0501
TXN0000581,9922099312,2025-03-06,-35084.24,Debit,ATM Cash Withdrawal,0245
TXN0004907,2780814202,2025-02-06,20435.38,Credit,Payroll Deposit,0501
TXN0001253,5516823809,2025-02-08,-7586.18,Debit,Incoming Wire,0112
TXN0003958,2472865151,2025-04-06,-15899.89,Debit,Vendor Payment,0112
TXN0001429,3308288179,2025-05-07,-16843.33,Debit,ATM Cash Withdrawal,0678
TXN0000436,1584541161,2025-04-16,-31735.97,Debit,Account Transfer,0678
TXN0003033,6309135507,2025-05-16,-21607.96,Debit,Account Transfer,0112
TXN0000042,3469233215,2025-03-07,-33252.30,Debit,Vendor Payment,0501
TXN0001414,1167027640,2025-02-06,-17476.44,Debit,Outgoing Wire,0389
TXN0001523,4398363186,2025-05-21,-41966.98,Debit,POS Purchase,0389
TXN0005570,5944677291,2025-05-10,10369.79,Credit,Account Transfer,0112
TXN0005617,5422033857,2025-05-19,-36520.60,Debit,Outgoing Wire,0112
TXN0005769,7851205464,2025-05-03,-27570.59,Debit,Incoming Wire,0501
TXN0005477,2719738801,2025-04-06,-22007.61,Debit,ATM Cash Withdrawal,0245
TXN0004912,3585213812,2025-06-11,-33726.89,Debit,Incoming Wire,0678
TXN0003258,5668816894,2025-06-01,-16646.18,Debit,POS Purchase,0501
TXN0005136,6959389967,2025-05-21,-33402.59,Debit,Vendor Payment,0389
TXN0002418,3416481890,2025-02-01,-30641.97,Debit,ATM Cash Withdrawal,0112
TXN0003996,2405469192,2025-02-14,-5659.38,Debit,POS Purchase,0501
TXN0003864,6021815121,2025-06-30,-17315.78,Debit,Vendor Payment,0501
TXN0000232,6931201782,2025-03-23,42082.05,Credit,Vendor Payment,0501
TXN0002537,9692777654,2025-01-27,5878.06,Credit,Check Deposit,0389
TXN0004226,6674960148,2025-03-04,13524.81,Credit,Payroll Deposit,0389
TXN0003517,6758627121,2025-01-03,29719.58,Credit,Check Deposit,0389
TXN0003354,2307621425,2025-06-05,-18052.02,Debit,Outgoing Wire,0389
TXN0004666,6862983857,2025-04-24,2586.75,Credit,Account Transfer,0112
TXN0002479,4049044358,2025-06-05,38976.03,Credit,Check Deposit,0501
TXN0000265,2798548228,2025-02-24,4211.74,Credit,Account Transfer,0112
TXN0002980,6640576005,2025-06-24,-26086.38,Debit,Vendor Payment,0389
TXN0004558,9800753181,2025-03-31,2895.93,Credit,Check Deposit,0245
TXN0001435,2713466332,2025-06-08,-27424.64,Debit,Outgoing Wire,0389
TXN0005103,3605878498,2025-06-10,-7384.14,Debit,ATM Cash Withdrawal,0245
TXN0005925,6171453156,2025-06-15,-37561.47,Debit,ATM Cash Withdrawal,0501
TXN0001806,3994404752,2025-02-12,41394.31,Credit,Payroll Deposit,0112
TXN0000352,8709358998,2025-01-14,32623.46,Credit,Payroll Deposit,0112
TXN0001981,5421790137,2025-06-05,-37826.04,Debit,POS Purchase,0389
TXN0002783,9415637449,2025-05-20,34089.81,Credit,Check Deposit,0245
TXN0000221,7673168973,2025-03-24,31305.06,Credit,Payroll Deposit,0112
TXN0001036,2690318093,2025-02-21,-40570.61,Debit,ATM Cash Withdrawal,0389
TXN0005478,7613594749,2025-02-16,39914.19,Credit,Check Deposit,0112
TXN0000176,4410479879,2025-01-23,41997.93,Credit,Account Transfer,0678
TXN0004024,3382227008,2025-05-18,-39876.25,Debit,ATM Cash Withdrawal,0245
TXN0000016,8422592892,2025-05-19,19837.50,Credit,ATM Cash Withdrawal,0112
TXN0003984,3043225798,2025-04-04,-23103.22,Debit,Outgoing Wire,0389
TXN0000458,7866518163,2025-05-04,40708.30,Credit,Check Deposit,0245
TXN0001361,9199542532,2025-04-21,1726.22,Credit,Check Deposit,0501
TXN0002231,6264709279,2025-03-07,7564.26,Credit,Account Transfer,0112
TXN0002041,3108354367,2025-02-15,-17229.02,Debit,ATM Cash Withdrawal,0112
TXN0003117,4580918684,2025-04-22,-16946.08,Debit,POS Purchase,0501
TXN0000929,3693436596,2025-01-01,-9525.03,Debit,Vendor Payment,0245
TXN0001245,2942374848,2025-05-15,-8263.93,Debit,Vendor Payment,0501
TXN0004583,4751558965,2025-01-16,5263.95,Credit,Incoming Wire,0245
TXN0000472,7452031946,2025-04-08,-29390.11,Debit,ATM Cash Withdrawal,0245
TXN0003024,2739584296,2025-01-02,-43290.42,Debit,Outgoing Wire,0245
TXN0001808,5804495060,2025-03-16,-44623.46,Debit,Account Transfer,0112
TXN0002993,4004675426,2025-05-01,21117.55,Credit,Payroll Deposit,0678
TXN0001608,1900996832,2025-01-08,-13430.98,Debit,ATM Cash Withdrawal,0501
TXN0001679,8832479636,2025-04-06,33559.40,Credit,Payroll Deposit,0389
TXN0001730,9389083182,2025-02-12,18133.84,Credit,Account Transfer,0678
TXN0004403,7600286510,2025-02-07,-1862.02,Debit,ATM Cash Withdrawal,0245
TXN0001864,7545169187,2025-04-13,-33422.30,Debit,Vendor Payment,0112
TXN0000635,1900080915,2025-02-03,-16972.57,Debit,Account Transfer,0501
TXN0003059,3189991760,2025-02-23,-34897.43,Debit,Outgoing Wire,0112
TXN0005315,7598419997,2025-06-06,-6792.29,Debit,Vendor Payment,0501
TXN0004478,4910869754,2025-05-25,37582.86,Credit,Account Transfer,0112
TXN0002887,5285004867,2025-02-20,-42093.86,Debit,Vendor Payment,0389
TXN0000201,6701578071,2025-03-17,-43142.01,Debit,Vendor Payment,0678
TXN0005642,5565193463,2025-02-27,25106.73,Credit,ATM Cash Withdrawal,0501
TXN0002864,4249345449,2025-05-07,41309.49,Credit,Account Transfer,0245
TXN0003034,5732915287,2025-04-08,18157.78,Credit,Account Transfer,0112
TXN0000615,3274844462,2025-05-01,5408.78,Credit,Check Deposit,0245
TXN0001475,4840328629,2025-01-03,-29818.08,Debit,Outgoing Wire,0678
TXN0001869,3903888028,2025-04-04,-20657.28,Debit,Vendor Payment,0112
TXN0002315,3038932482,2025-04-21,10471.16,Credit,Check Deposit,0389
TXN0002627,9559433124,2025-06-14,11262.61,Credit,Vendor Payment,0245
TXN0000131,1884698158,2025-03-31,-6453.76,Debit,POS Purchase,0245
TXN0005859,3608377662,2025-06-15,-7601.75,Debit,ATM Cash Withdrawal,0112
TXN0001795,4182154628,2025-01-28,-29731.90,Debit,Incoming Wire,0245
TXN0001717,6538545037,2025-03-29,35967.48,Credit,Check Deposit,0245
TXN0002799,2800837783,2025-05-19,-25010.48,Debit,POS Purchase,0678
TXN0002535,8744178688,2025-03-19,-21962.48,Debit,ATM Cash Withdrawal,0389
TXN0005133,2216340670,2025-02-17,-6046.12,Debit,Incoming Wire,0501
TXN0000532,9516602342,2025-03-06,-25400.61,Debit,Vendor Payment,0245
TXN0003839,1444541567,2025-03-24,-18007.22,Debit,Outgoing Wire,0245
TXN0000139,5044393084,2025-03-30,-15035.37,Debit,POS Purchase,0245
TXN0000858,1546763730,2025-04-24,-36075.49,Debit,POS Purchase,0678
TXN0004040,8286687051,2025-04-18,34468.78,Credit,Check Deposit,0501
TXN0005344,9216825034,2025-05-19,-40900.33,Debit,Incoming Wire,0389
TXN0000719,7750190408,2025-06-02,-1866.59,Debit,POS Purchase,0678
TXN0000742,4192509470,2025-06-14,24568.71,Credit,Account Transfer,0112
TXN0005986,5011715880,2025-03-26,-31055.37,Debit,ATM Cash Withdrawal,0245
TXN0005105,8038557806,2025-03-03,1582.60,Credit,Check Deposit,0112
TXN0005146,2140289248,2025-04-30,-21874.86,Debit,ATM Cash Withdrawal,0112
TXN0005351,1376736377,2025-06-26,-31901.18,Debit,Vendor Payment,0245
TXN0002901,9430469347,2025-05-22,-40401.24,Debit,ATM Cash Withdrawal,0678
TXN0002441,9058872661,2025-04-15,-24264.99,Debit,POS Purchase,0245
TXN0002562,4626356889,2025-06-07,-41530.78,Debit,POS Purchase,0112
TXN0004621,8517275508,2025-02-16,-32956.55,Debit,Outgoing Wire,0501
TXN0003478,6127424980,2025-02-01,10840.84,Credit,Payroll Deposit,0678
TXN0000370,1942177509,2025-04-03,-38363.95,Debit,Account Transfer,0389
TXN0001900,3862413008,2025-04-12,-18282.26,Debit,POS Purchase,0678
TXN0001370,3312608775,2025-04-25,-38302.51,Debit,ATM Cash Withdrawal,0389
TXN0002700,1869570565,2025-03-03,-40119.84,Debit,Incoming Wire,0501
TXN0000264,8839225191,2025-02-11,-33553.65,Debit,Vendor Payment,0389
TXN0001079,9741250701,2025-02-27,-18868.15,Debit,ATM Cash Withdrawal,0245
TXN0004535,6641024650,2025-01-27,-35874.17,Debit,ATM Cash Withdrawal,0501
TXN0001911,9091856796,2025-03-31,24615.24,Credit,Payroll Deposit,0245
TXN0003845,9728840480,2025-05-01,2444.72,Credit,Payroll Deposit,0389
TXN0000963,7317123471,2025-04-28,-4323.46,Debit,POS Purchase,0678
TXN0003773,6892898208,2025-01-14,-6324.37,Debit,ATM Cash Withdrawal,0501
TXN0003142,4473927164,2025-05-05,-31146.87,Debit,ATM Cash Withdrawal,0245
TXN0005838,4046151093,2025-06-11,-20932.11,Debit,Incoming Wire,0389
TXN0001983,2435083378,2025-05-11,-34255.64,Debit,Outgoing Wire,0112
TXN0000816,7398917312,2025-02-05,-27368.63,Debit,Incoming Wire,0112
TXN0005675,2053627159,2025-06-08,-29741.84,Debit,Vendor Payment,0112
TXN0004253,5237253262,2025-03-29,-34117.75,Debit,ATM Cash Withdrawal,0501
TXN0004936,3072451306,2025-05-30,-8263.28,Debit,Outgoing Wire,0678
TXN0001823,2856359774,2025-03-08,-26964.88,Debit,Vendor Payment,0501
TXN0004004,7809126825,2025-01-29,-13009.15,Debit,POS Purchase,0678
TXN0003012,9373504551,2025-03-25,-34979.43,Debit,POS Purchase,0389
TXN0001850,8370647811,2025-06-15,-14719.85,Debit,Outgoing Wire,0501
TXN0005750,3008468947,2025-04-12,-12128.31,Debit,Vendor Payment,0678
TXN0005004,7674405362,2025-04-26,-18743.92,Debit,Vendor Payment,0245
TXN0001577,8708584927,2025-03-21,-35581.96,Debit,Outgoing Wire,0501
TXN0002698,7473286705,2025-01-29,-26279.62,Debit,Incoming Wire,0389
TXN0004139,2702478301,2025-02-25,18702.24,Credit,Account Transfer,0501
TXN0001905,1394920309,2025-02-20,-3621.29,Debit,Outgoing Wire,0245
TXN0001556,6456323652,2025-06-29,-2128.49,Debit,Incoming Wire,0112
TXN0001232,2342414250,2025-04-11,-22266.03,Debit,POS Purchase,0501
TXN0000262,1530119624,2025-05-23,-4080.01,Debit,POS Purchase,0112
TXN0003609,1032042109,2025-03-01,-10984.08,Debit,POS Purchase,0501
TXN0000777,6677007534,2025-02-05,-43560.98,Debit,Vendor Payment,0389
TXN0004189,3071044214,2025-04-01,11884.50,Credit,Check Deposit,0245
TXN0000134,7941829992,2025-05-26,22730.62,Credit,Account Transfer,0112
TXN0001939,4154565607,2025-04-08,-33775.32,Debit,Outgoing Wire,0501
TXN0002660,5548670409,2025-05-05,37320.79,Credit,Check Deposit,0501
TXN0001801,7823656224,2025-01-30,-5106.72,Debit,Vendor Payment,0501
TXN0005387,8262703397,2025-02-11,-13003.63,Debit,POS Purchase,0389
TXN0003545,2470402123,2025-04-03,10609.65,Credit,Payroll Deposit,0245
TXN0005688,9924248871,2025-01-23,-6490.72,Debit,ATM Cash Withdrawal,0245
TXN0005818,8307942112,2025-03-02,-38531.07,Debit,Vendor Payment,0245
TXN0000060,8158578455,2025-04-29,37526.40,Credit,Payroll Deposit,0678
TXN0001732,3552444962,2025-02-15,10907.49,Credit,Check Deposit,0112
TXN0002808,8377239212,2025-06-08,43868.15,Credit,Account Transfer,0112
TXN0002229,1227365878,2025-06-19,-37348.64,Debit,Account Transfer,0112
TXN0005819,5124653045,2025-06-25,21859.54,Credit,Payroll Deposit,0501
TXN0004263,6605266371,2025-04-17,33916.87,Credit,Check Deposit,0112
TXN0005810,8768704459,2025-06-20,-15193.96,Debit,Vendor Payment,0112
TXN0001753,3802099512,2025-06-22,-26257.31,Debit,POS Purchase,0501
TXN0003826,3958894983,2025-01-07,22655.85,Credit,Check Deposit,0112
TXN0000643,9959925071,2025-06-05,38644.19,Credit,Check Deposit,0245
TXN0000453,6416865095,2025-01-02,23337.40,Credit,Check Deposit,0678
TXN0005295,1638941173,2025-02-20,16382.56,Credit,Payroll Deposit,0501
TXN0002701,2945805452,2025-04-12,-23475.70,Debit,ATM Cash Withdrawal,0389
TXN0003351,9496911787,2025-02-20,-2374.94,Debit,Vendor Payment,0678
TXN0001304,8377879704,2025-05-31,11331.76,Credit,Vendor Payment,0112
TXN0001112,9657237341,2025-04-28,35037.44,Credit,Payroll Deposit,0389
TXN0003815,9333891738,2025-02-21,30042.13,Credit,Check Deposit,0678
TXN0003590,7582886849,2025-04-27,-44140.67,Debit,Vendor Payment,0245
TXN0002635,5969863000,2025-01-17,-19344.16,Debit,Outgoing Wire,0245
TXN0001336,5413234420,2025-03-02,18996.99,Credit,Check Deposit,0112
TXN0004551,7616312669,2025-02-09,-32964.26,Debit,Account Transfer,0678
TXN0003986,9605720255,2025-01-02,-31293.47,Debit,Outgoing Wire,0112
TXN0002191,2821442020,2025-01-12,-24793.76,Debit,Incoming Wire,0501
TXN0002278,2601280801,2025-01-17,43081.00,Credit,Payroll Deposit,0112
TXN0002619,1398932538,2025-06-17,42513.52,Credit,Check Deposit,0245
TXN0002567,9163952471,2025-02-23,42211.20,Credit,Payroll Deposit,0501
TXN0000348,2797695751,2025-01-07,5352.80,Credit,Check Deposit,0678
TXN0003361,6001982133,2025-02-06,-27172.22,Debit,Outgoing Wire,0501
TXN0000039,4836200377,2025-05-30,-8612.88,Debit,ATM Cash Withdrawal,0389
TXN0005575,5639676330,2025-05-30,23489.47,Credit,Payroll Deposit,0112
TXN0000520,9635492146,2025-01-18,33782.91,Credit,Check Deposit,0112
TXN0000538,5929517587,2025-02-25,44047.88,Credit,Check Deposit,0389
TXN0005165,4502112418,2025-05-06,-25551.61,Debit,Account Transfer,0112
TXN0003735,9350007943,2025-02-22,-42253.28,Debit,Vendor Payment,0678
TXN0000329,5691622383,2025-03-12,-2396.79,Debit,Vendor Payment,0112
TXN0004909,1521854996,2025-06-17,41525.28,Credit,Payroll Deposit,0678
TXN0001427,1185967124,2025-06-09,-36133.29,Debit,Incoming Wire,0501
TXN0004235,5552147598,2025-04-28,-26174.16,Debit,POS Purchase,0389
TXN0004601,6709365049,2025-01-22,-34394.98,Debit,Outgoing Wire,0678
TXN0001176,3226937179,2025-03-12,1265.37,Credit,Check Deposit,0112
TXN0002384,8248041516,2025-05-24,41340.86,Credit,Check Deposit,0112
TXN0003215,1148405076,2025-04-29,42446.55,Credit,Payroll Deposit,0112
TXN0004808,2288204410,2025-02-21,-28558.98,Debit,Incoming Wire,0389
TXN0002277,3145772375,2025-01-19,21998.38,Credit,Account Transfer,0245
TXN0005032,3071848669,2025-04-27,4687.60,Credit,Check Deposit,0112
TXN0001011,6225304547,2025-03-17,28168.51,Credit,Account Transfer,0678
TXN0004406,7252161309,2025-02-20,24749.20,Credit,Check Deposit,0112
TXN0000595,5982769533,2025-04-25,-26254.70,Debit,Incoming Wire,0501
TXN0004678,9021828864,2025-04-19,-5159.22,Debit,Incoming Wire,0389
TXN0002269,6448687310,2025-02-28,38513.67,Credit,Incoming Wire,0245
TXN0000371,9861542643,2025-05-03,1105.38,Credit,Check Deposit,0245
TXN0001367,3984304137,2025-04-26,-40768.22,Debit,POS Purchase,0245
TXN0005913,3401175678,2025-02-23,-34346.73,Debit,Outgoing Wire,0112
TXN0000407,7451920086,2025-03-07,-18335.49,Debit,POS Purchase,0678
TXN0003774,3772556738,2025-06-06,41505.58,Credit,Payroll Deposit,0245
TXN0000170,2136965812,2025-03-06,-7782.91,Debit,Incoming Wire,0389
TXN0004249,2187893067,2025-02-18,-27254.79,Debit,Incoming Wire,0678
TXN0005193,9429232733,2025-01-31,18521.53,Credit,Outgoing Wire,0389
TXN0000315,4312388824,2025-06-22,-4525.17,Debit,Incoming Wire,0245
TXN0002358,1525081989,2025-04-16,23744.29,Credit,Check Deposit,0112
TXN0000558,2384498966,2025-06-08,-33477.51,Debit,Vendor Payment,0389
TXN0001800,2590710370,2025-01-21,-26151.43,Debit,Outgoing Wire,0389
TXN0004654,7991177364,2025-01-01,-27965.77,Debit,Outgoing Wire,0112
TXN0001866,4037402049,2025-04-23,-10594.60,Debit,Vendor Payment,0501
TXN0003375,1339412022,2025-02-07,-26784.01,Debit,Outgoing Wire,0389
TXN0004496,7495618478,2025-03-09,-41874.26,Debit,ATM Cash Withdrawal,0245
TXN0004600,2327719318,2025-03-13,36916.36,Credit,Account Transfer,0678
TXN0003548,2290228734,2025-06-30,-4037.91,Debit,Vendor Payment,0389
TXN0002782,6443601303,2025-06-02,30622.98,Credit,Payroll Deposit,0245
TXN0000423,9317866222,2025-05-27,19044.32,Credit,Payroll Deposit,0501
TXN0003090,1016711384,2025-01-30,-10210.91,Debit,POS Purchase,0389
TXN0001215,8941438197,2025-05-26,-27022.86,Debit,Outgoing Wire,0678
TXN0003705,3618886386,2025-03-17,-35905.65,Debit,ATM Cash Withdrawal,0245
TXN0003306,6355305434,2025-02-18,-29382.70,Debit,Incoming Wire,0245
TXN0002095,1996988653,2025-02-17,-14047.31,Debit,Incoming Wire,0501
TXN0000486,4051874932,2025-05-03,-16193.96,Debit,Incoming Wire,0112
TXN0000717,8043572512,2025-03-17,-31750.11,Debit,ATM Cash Withdrawal,0678
TXN0003698,8830689019,2025-04-27,-281.42,Debit,Outgoing Wire,0678
TXN0001904,2011211263,2025-04-19,3295.72,Credit,Payroll Deposit,0112
TXN0005944,3594365245,2025-02-02,-8882.52,Debit,Incoming Wire,0112
TXN0001551,3657440532,2025-03-12,-8097.08,Debit,Vendor Payment,0678
TXN0004627,7245842299,2025-01-07,-16806.35,Debit,Outgoing Wire,0245
TXN0003194,7497828212,2025-02-20,31430.96,Credit,Payroll Deposit,0389
TXN0004250,5150259423,2025-05-12,-40837.45,Debit,POS Purchase,0245
TXN0005723,1051934457,2025-06-01,-43436.29,Debit,Vendor Payment,0501
TXN0003062,2330182839,2025-03-09,-19041.61,Debit,Outgoing Wire,0501
TXN0005237,2787538263,2025-06-22,-16840.31,Debit,ATM Cash Withdrawal,0501
TXN0003508,2020586956,2025-05-07,-19414.97,Debit,ATM Cash Withdrawal,0245
TXN0004768,5515897935,2025-02-21,-33987.46,Debit,ATM Cash Withdrawal,0678
TXN0000865,2576329028,2025-03-17,-15161.56,Debit,ATM Cash Withdrawal,0389
TXN0001198,6853413751,2025-04-18,-31225.43,Debit,Outgoing Wire,0501
TXN0001941,6823951496,2025-04-02,-21421.71,Debit,Outgoing Wire,0389
TXN0004592,5713654951,2025-04-19,-36862.52,Debit,ATM Cash Withdrawal,0389
TXN0003494,1601786277,2025-04-11,-31010.51,Debit,Outgoing Wire,0501
TXN0004632,6237019611,2025-06-11,25784.04,Credit,Account Transfer,0245
TXN0001057,5447242626,2025-05-06,37821.70,Credit,Payroll Deposit,0501
TXN0001731,2530360080,2025-01-12,-20744.02,Debit,Outgoing Wire,0245
TXN0001078,7142961244,2025-05-06,-31799.95,Debit,ATM Cash Withdrawal,0112
TXN0002624,8206349207,2025-05-18,-24504.81,Debit,POS Purchase,0112
TXN0004721,9731299367,2025-05-07,-27317.90,Debit,ATM Cash Withdrawal,0389
TXN0004196,6945477977,2025-04-28,4245.40,Credit,Payroll Deposit,0678
TXN0005275,7193509833,2025-02-06,2449.63,Credit,Check Deposit,0389
TXN0000506,4026461165,2025-06-16,-34844.52,Debit,POS Purchase,0245
TXN0003955,9587363163,2025-02-18,-39492.32,Debit,POS Purchase,0245
TXN0005742,6771578769,2025-04-11,3593.61,Credit,POS Purchase,0501
TXN0005730,6279089448,2025-02-23,-4348.53,Debit,Vendor Payment,0389
TXN0002684,7070195292,2025-03-07,-43146.68,Debit,Outgoing Wire,0112
TXN0002238,5663441812,2025-03-31,10453.67,Credit,Payroll Deposit,0678
TXN0004385,7513127967,2025-03-29,6348.22,Credit,Account Transfer,0678
TXN0002997,8912163293,2025-02-18,23501.74,Credit,Payroll Deposit,0501
TXN0002023,8395011709,2025-01-16,-17476.95,Debit,Vendor Payment,0678
TXN0004429,9676237765,2025-02-07,21009.91,Credit,Payroll Deposit,0112
TXN0001109,9221848674,2025-01-11,19907.58,Credit,Payroll Deposit,0501
TXN0005671,8592083258,2025-01-04,-23946.22,Debit,Outgoing Wire,0389
TXN0003020,6888462886,2025-02-06,3303.12,Credit,Check Deposit,0678
TXN0001334,7285623999,2025-04-01,-24671.56,Debit,POS Purchase,0112
TXN0005800,6124086663,2025-03-15,-734.62,Debit,ATM Cash Withdrawal,0112
TXN0000005,7313547272,2025-02-20,-25491.72,Debit,ATM Cash Withdrawal,0389
TXN0005527,3279824501,2025-06-28,31456.65,Credit,Check Deposit,0678
TXN0001043,4500388109,2025-05-17,-42450.30,Debit,Outgoing Wire,0389
TXN0005739,3216129467,2025-01-28,14599.49,Credit,Account Transfer,0389
TXN0002132,8285469359,2025-06-20,-15794.04,Debit,Outgoing Wire,0389
TXN0004149,6651374545,2025-06-19,-28608.62,Debit,POS Purchase,0678
TXN0000282,9769224496,2025-01-21,-5348.16,Debit,Incoming Wire,0389
TXN0005802,5558330619,2025-04-27,-23044.13,Debit,Outgoing Wire,0678
TXN0000829,7665079258,2025-06-14,26913.03,Credit,Check Deposit,0678
TXN0000446,2292713570,2025-03-01,-11089.35,Debit,Vendor Payment,0501
TXN0002125,1900394906,2025-06-28,6293.44,Credit,Check Deposit,0678
TXN0000589,1561400446,2025-03-05,-37712.50,Debit,Account Transfer,0112
TXN0000812,2771931587,2025-01-08,-32305.41,Debit,Account Transfer,0112
TXN0004591,4427303401,2025-03-27,14512.63,Credit,Payroll Deposit,0245
TXN0001860,1214367887,2025-05-28,35021.96,Credit,Check Deposit,0112
TXN0001339,5501637645,2025-05-20,10476.08,Credit,Check Deposit,0245
TXN0002353,4192663146,2025-02-22,6705.97,Credit,Check Deposit,0245
TXN0003962,6989102828,2025-05-24,35345.74,Credit,Check Deposit,0389
TXN0005024,7470235260,2025-02-09,-25028.57,Debit,ATM Cash Withdrawal,0112
TXN0004969,5741605559,2025-01-12,-15993.13,Debit,Vendor Payment,0678
TXN0001579,9884471032,2025-01-15,-26289.56,Debit,POS Purchase,0501
TXN0000507,5294783503,2025-03-26,-38765.84,Debit,Vendor Payment,0245
TXN0000114,9201724189,2025-03-11,30762.07,Credit,Payroll Deposit,0389
TXN0003314,9691343448,2025-06-22,27530.27,Credit,Payroll Deposit,0501
TXN0004498,1016579131,2025-03-31,-6412.34,Debit,Vendor Payment,0678
TXN0003743,8712445570,2025-02-05,-3461.93,Debit,Vendor Payment,0678
TXN0005350,7244713428,2025-01-07,-16813.43,Debit,Incoming Wire,0678
TXN0000462,7558344534,2025-05-29,-43605.26,Debit,Vendor Payment,0678
TXN0004413,8301735868,2025-02-08,-12799.56,Debit,Vendor Payment,0245
TXN0003863,6147402856,2025-02-24,-14233.38,Debit,POS Purchase,0501
TXN0004415,5440638990,2025-02-12,-42764.51,Debit,Outgoing Wire,0389
TXN0003905,1677160676,2025-06-21,-28179.83,Debit,ATM Cash Withdrawal,0112
TXN0002922,5203195384,2025-03-31,-24615.29,Debit,Outgoing Wire,0678
TXN0003263,4491167213,2025-03-19,30115.87,Credit,Payroll Deposit,0501
TXN0004763,5843015602,2025-03-17,-7762.14,Debit,Outgoing Wire,0678
TXN0000945,8486756410,2025-04-25,40908.68,Credit,Incoming Wire,0112
TXN0003645,7687681385,2025-06-06,-39644.58,Debit,Vendor Payment,0112
TXN0001617,4084122900,2025-01-16,-1583.56,Debit,POS Purchase,0112
TXN0004485,9533755904,2025-03-15,-4867.01,Debit,POS Purchase,0678
TXN0003866,4947163850,2025-01-30,-6512.00,Debit,ATM Cash Withdrawal,0389
TXN0000647,4351323948,2025-01-05,38425.35,Credit,Payroll Deposit,0389
TXN0001962,3326663971,2025-05-06,32836.67,Credit,Payroll Deposit,0245
TXN0002420,5089593433,2025-06-20,-11976.61,Debit,Outgoing Wire,0678
TXN0004010,3471541799,2025-06-25,26740.03,Credit,Payroll Deposit,0389
TXN0003134,5644260100,2025-05-18,27159.88,Credit,Payroll Deposit,0389
TXN0000038,9646825746,2025-04-27,8177.58,Credit,Payroll Deposit,0389
TXN0002961,7241655833,2025-02-04,-2516.15,Debit,Vendor Payment,0112
TXN0001434,3007691916,2025-04-09,12725.09,Credit,Payroll Deposit,0389
TXN0000700,5963764787,2025-06-05,-34365.08,Debit,POS Purchase,0389
TXN0004084,8946398339,2025-04-27,37166.69,Credit,ATM Cash Withdrawal,0389
TXN0002272,9981754611,2025-03-24,38006.32,Credit,Payroll Deposit,0501
TXN0005405,2972152564,2025-06-01,-39112.35,Debit,Vendor Payment,0501
TXN0002042,6417208248,2025-02-02,34089.34,Credit,Payroll Deposit,0389
TXN0000654,8018179024,2025-02-28,38408.40,Credit,Check Deposit,0112
TXN0000765,7854381656,2025-05-02,-16702.27,Debit,POS Purchase,0245
TXN0003484,7185530916,2025-01-07,-34252.16,Debit,Vendor Payment,0501
TXN0003496,5828262628,2025-02-17,-13285.34,Debit,Incoming Wire,0112
TXN0002119,3508505369,2025-05-11,27607.62,Credit,Check Deposit,0112
TXN0001375,5678133096,2025-04-09,44403.65,Credit,Account Transfer,0678
TXN0002561,5828217560,2025-01-13,-5121.89,Debit,Vendor Payment,0389
TXN0003755,9191888322,2025-02-28,44802.06,Credit,Check Deposit,0678
TXN0004127,3943485949,2025-02-28,-15559.57,Debit,Outgoing Wire,0245
TXN0000236,4450398819,2025-04-26,-8117.97,Debit,Vendor Payment,0112
TXN0003206,1317816786,2025-05-04,-9931.92,Debit,Outgoing Wire,0389
TXN0004505,1621925405,2025-06-09,-8696.92,Debit,ATM Cash Withdrawal,0389
TXN0004832,8107959944,2025-02-13,-14782.23,Debit,Incoming Wire,0678
TXN0000479,1711690773,2025-05-14,33381.05,Credit,Incoming Wire,0112
TXN0003264,8010709149,2025-05-18,-3606.17,Debit,Outgoing Wire,0112
TXN0002330,6866360953,2025-01-28,-236.66,Debit,ATM Cash Withdrawal,0389
TXN0001365,8358756673,2025-05-31,-30510.44,Debit,Outgoing Wire,0501
TXN0004946,6700005151,2025-05-31,6477.80,Credit,Account Transfer,0501
TXN0001337,4668432966,2025-03-27,5625.67,Credit,Check Deposit,0112
TXN0003614,1051659055,2025-04-11,-34612.73,Debit,Vendor Payment,0245
TXN0000811,5353384818,2025-03-04,30475.41,Credit,Payroll Deposit,0501
TXN0005755,6238203533,2025-06-22,-26009.13,Debit,Vendor Payment,0112
TXN0004815,4136510542,2025-01-02,-21633.68,Debit,Incoming Wire,0245
TXN0001135,2637790520,2025-04-17,-22885.09,Debit,Vendor Payment,0389
TXN0003394,2235168001,2025-05-01,26130.67,Credit,Vendor Payment,0112
TXN0004412,5553386614,2025-03-17,-16554.15,Debit,Outgoing Wire,0112
TXN0005418,2888764120,2025-04-08,7127.55,Credit,Payroll Deposit,0678
TXN0005708,4165280287,2025-02-18,-42725.18,Debit,ATM Cash Withdrawal,0112
TXN0001443,8644332775,2025-03-29,13041.80,Credit,Check Deposit,0501
TXN0000400,2950241516,2025-03-28,13103.21,Credit,Check Deposit,0112
TXN0003238,8661824627,2025-05-15,-12820.60,Debit,Incoming Wire,0112
TXN0003848,4195819963,2025-05-14,32291.57,Credit,Payroll Deposit,0112
TXN0005705,5772981968,2025-02-16,-20505.48,Debit,Outgoing Wire,0501
TXN0002282,5610893128,2025-05-13,-42322.83,Debit,ATM Cash Withdrawal,0245
TXN0004717,9976454359,2025-01-10,-13673.62,Debit,ATM Cash Withdrawal,0112
TXN0000557,7301717844,2025-06-13,-11496.90,Debit,ATM Cash Withdrawal,0501
TXN0000857,5127221266,2025-04-08,-22403.12,Debit,Outgoing Wire,0501
TXN0005540,4396173085,2025-05-05,-27890.01,Debit,ATM Cash Withdrawal,0245
TXN0004206,6871485691,2025-04-28,26976.14,Credit,Check Deposit,0112
TXN0000414,1439646647,2025-04-29,-17182.90,Debit,POS Purchase,0112
TXN0003280,4286190777,2025-06-27,-21663.73,Debit,Outgoing Wire,0245
TXN0002560,6918091388,2025-03-02,-14194.64,Debit,POS Purchase,0389
TXN0001781,5747988977,2025-06-16,-16363.22,Debit,Vendor Payment,0501
TXN0001291,7873213922,2025-02-24,-9362.26,Debit,Vendor Payment,0501
TXN0004387,9980113351,2025-01-22,-7234.25,Debit,Vendor Payment,0112
TXN0005049,4851518260,2025-01-27,-24893.66,Debit,ATM Cash Withdrawal,0389
TXN0005336,6985916885,2025-06-23,-10695.89,Debit,ATM Cash Withdrawal,0112
TXN0000323,7700231727,2025-01-13,-24683.83,Debit,Vendor Payment,0501
TXN0001961,3036559366,2025-02-12,-14065.89,Debit,Vendor Payment,0678
TXN0002673,4421764445,2025-01-17,-2290.00,Debit,Account Transfer,0112
TXN0000722,2703678898,2025-02-28,-27080.59,Debit,POS Purchase,0112
TXN0001345,7910257759,2025-02-28,40846.08,Credit,Payroll Deposit,0501
TXN0004100,7736629856,2025-03-04,-3567.75,Debit,Account Transfer,0112
TXN0002227,3742147781,2025-02-11,-9052.90,Debit,Incoming Wire,0389
TXN0004128,2190054297,2025-02-22,-39120.62,Debit,ATM Cash Withdrawal,0245
TXN0005301,3876177193,2025-05-15,-29940.03,Debit,Incoming Wire,0389
TXN0005519,1203547032,2025-01-26,-37207.96,Debit,POS Purchase,0501
TXN0005699,7711245691,2025-05-18,-24925.02,Debit,Vendor Payment,0678
TXN0004896,2493074759,2025-04-05,-18013.36,Debit,POS Purchase,0389
TXN0005463,9851860707,2025-05-02,-27721.78,Debit,Account Transfer,0501
TXN0005966,7746380923,2025-01-03,12837.59,Credit,Payroll Deposit,0678
TXN0001155,1373255978,2025-02-22,38630.14,Credit,Check Deposit,0678
TXN0000556,9529831125,2025-01-08,-43589.98,Debit,Account Transfer,0112
TXN0002765,5101337512,2025-04-15,-44088.46,Debit,ATM Cash Withdrawal,0245
TXN0005483,3932437105,2025-04-09,-42853.24,Debit,Vendor Payment,0501
TXN0003102,7821860818,2025-04-08,-33991.23,Debit,Vendor Payment,0678
TXN0002837,1840919374,2025-01-22,1593.92,Credit,Check Deposit,0501
TXN0001597,5674322521,2025-03-11,-17682.12,Debit,POS Purchase,0389
TXN0003456,4762453368,2025-05-16,-25535.42,Debit,Outgoing Wire,0112
TXN0001946,2581256864,2025-05-26,-12475.56,Debit,POS Purchase,0678
TXN0003325,3802009415,2025-04-06,40422.14,Credit,Account Transfer,0389
TXN0001635,8592183828,2025-01-25,-18721.41,Debit,Vendor Payment,0678
TXN0000864,4162994490,2025-05-23,26547.26,Credit,Payroll Deposit,0112
TXN0003122,8097681890,2025-05-17,-11401.69,Debit,Vendor Payment,0245
TXN0003499,3561856688,2025-01-13,16503.83,Credit,Payroll Deposit,0678
TXN0000915,7247540770,2025-04-04,-32505.55,Debit,ATM Cash Withdrawal,0245
TXN0001021,4163112498,2025-04-24,-16933.63,Debit,Incoming Wire,0678
TXN0002178,9653311576,2025-06-29,-44880.63,Debit,POS Purchase,0245
TXN0002671,6529216122,2025-02-15,-1206.17,Debit,Outgoing Wire,0389
TXN0002897,1043848729,2025-01-25,-39693.99,Debit,ATM Cash Withdrawal,0245
TXN0004729,3293828008,2025-05-26,6741.40,Credit,Payroll Deposit,0112
TXN0001067,9033195362,2025-01-13,-9671.67,Debit,ATM Cash Withdrawal,0389
TXN0004107,7549930107,2025-04-04,-25083.49,Debit,ATM Cash Withdrawal,0112
TXN0000631,9831160729,2025-05-07,-29245.28,Debit,ATM Cash Withdrawal,0112
TXN0000257,9459715756,2025-04-16,-44075.07,Debit,ATM Cash Withdrawal,0389
TXN0003725,4313319517,2025-05-10,-1273.72,Debit,Account Transfer,0245
TXN0000070,4563711754,2025-05-02,-38868.96,Debit,Account Transfer,0245
TXN0005788,9867905069,2025-04-01,11529.84,Credit,Account Transfer,0112
TXN0001436,1951438444,2025-04-03,8493.11,Credit,Check Deposit,0389
TXN0002905,2768763162,2025-01-18,-199.42,Debit,POS Purchase,0112
TXN0002471,4324739781,2025-04-07,-40487.94,Debit,POS Purchase,0112
TXN0003095,8458832531,2025-02-01,-42295.61,Debit,POS Purchase,0501
TXN0005027,4819297281,2025-06-06,11460.13,Credit,Payroll Deposit,0678
TXN0001257,1983311706,2025-02-27,-28098.39,Debit,Account Transfer,0678
TXN0002480,3974602272,2025-04-30,20154.04,Credit,Payroll Deposit,0501
TXN0003696,3303907744,2025-01-04,15804.28,Credit,Payroll Deposit,0389
TXN0004325,9842279717,2025-03-13,-42973.17,Debit,Vendor Payment,0245
TXN0004612,7814452981,2025-04-17,-38462.59,Debit,Account Transfer,0389
TXN0004857,1067636278,2025-02-12,-37964.39,Debit,Vendor Payment,0112
TXN0000902,6867583384,2025-04-07,-2535.19,Debit,Vendor Payment,0389
TXN0001379,7865985720,2025-06-05,-19793.43,Debit,Outgoing Wire,0245
TXN0004564,7752456296,2025-03-08,11657.51,Credit,Outgoing Wire,0112
TXN0000683,1068910439,2025-02-02,44817.57,Credit,Account Transfer,0501
TXN0005500,9276483714,2025-01-29,-19657.79,Debit,ATM Cash Withdrawal,0389
TXN0000293,2154379386,2025-06-21,36995.81,Credit,Account Transfer,0112
TXN0000933,4086291783,2025-03-23,20893.15,Credit,Check Deposit,0112
TXN0004158,6917004963,2025-06-02,-26583.74,Debit,POS Purchase,0245
TXN0003492,2406190660,2025-04-15,-5665.30,Debit,Vendor Payment,0678
TXN0001667,4868403433,2025-05-13,37061.77,Credit,Check Deposit,0678
TXN0002949,5008278820,2025-02-11,42251.98,Credit,Payroll Deposit,0245
TXN0001230,5088800185,2025-01-29,22076.20,Credit,Outgoing Wire,0245
TXN0001382,2858463879,2025-06-13,-12271.28,Debit,POS Purchase,0245
TXN0000149,7431043759,2025-01-22,-4338.87,Debit,Outgoing Wire,0112
TXN0004435,3217310735,2025-05-09,-1442.69,Debit,Incoming Wire,0112
TXN0005321,4185648181,2025-01-09,4549.91,Credit,Check Deposit,0112
TXN0000255,8489295161,2025-06-28,-18923.96,Debit,Incoming Wire,0245
TXN0005083,5061553140,2025-03-01,-14309.34,Debit,POS Purchase,0501
TXN0000010,3379116370,2025-04-18,-27168.95,Debit,ATM Cash Withdrawal,0112
TXN0000068,2303926814,2025-01-24,-41256.20,Debit,Incoming Wire,0501
TXN0001796,3666339211,2025-04-06,-4506.44,Debit,Incoming Wire,0501
TXN0000529,1481331997,2025-05-22,35022.91,Credit,Payroll Deposit,0245
TXN0005431,5597846239,2025-03-20,-25084.08,Debit,Account Transfer,0678
TXN0002244,6790342215,2025-06-15,9202.03,Credit,Payroll Deposit,0112
TXN0003332,2718114492,2025-01-27,42041.94,Credit,Check Deposit,0389
TXN0004028,8802192255,2025-06-13,-21373.85,Debit,Outgoing Wire,0389
TXN0002437,2097717516,2025-05-23,35478.29,Credit,Check Deposit,0389
TXN0000877,1072580310,2025-04-22,-23101.58,Debit,ATM Cash Withdrawal,0389
TXN0000334,3311537663,2025-01-27,-11189.21,Debit,ATM Cash Withdrawal,0245
TXN0003275,2506871451,2025-01-31,-42660.94,Debit,Vendor Payment,0678
TXN0004394,8337452996,2025-06-18,26304.66,Credit,Check Deposit,0245
TXN0003807,4167914820,2025-06-19,-14887.66,Debit,ATM Cash Withdrawal,0112
TXN0005535,2261520719,2025-04-11,17755.83,Credit,Payroll Deposit,0112
TXN0000358,7352678864,2025-05-14,35171.11,Credit,Check Deposit,0389
TXN0002655,3125898644,2025-06-28,-41996.70,Debit,Incoming Wire,0245
TXN0005191,3011605514,2025-03-12,24184.72,Credit,Payroll Deposit,0678
TXN0000652,5062429536,2025-05-23,-5970.74,Debit,Outgoing Wire,0112
TXN0005958,7712461080,2025-04-03,14233.05,Credit,Check Deposit,0678
TXN0003005,4740825308,2025-06-21,-4949.28,Debit,POS Purchase,0389
TXN0004559,5978692160,2025-05-21,15058.78,Credit,Payroll Deposit,0112
TXN0000494,4346433478,2025-05-15,17313.47,Credit,Payroll Deposit,0389
TXN0000992,8222141278,2025-03-01,-15434.07,Debit,ATM Cash Withdrawal,0245
TXN0001681,2757045079,2025-06-09,-9937.56,Debit,Outgoing Wire,0389
TXN0000499,5748134603,2025-02-15,-9544.83,Debit,Outgoing Wire,0112
TXN0000688,8272742503,2025-05-14,-3030.06,Debit,POS Purchase,0112
TXN0000098,6651302886,2025-06-30,31446.90,Credit,Account Transfer,0112
TXN0002014,2961080423,2025-02-11,38194.82,Credit,Payroll Deposit,0501
TXN0004897,4016174968,2025-01-25,-19455.62,Debit,POS Purchase,0245
TXN0004363,7880114625,2025-04-23,-2232.75,Debit,Account Transfer,0389
TXN0000562,9214161467,2025-01-19,-26132.51,Debit,Vendor Payment,0501
TXN0004913,7226815042,2025-02-21,29041.33,Credit,Payroll Deposit,0678
TXN0001744,6497352381,2025-05-23,39907.95,Credit,Check Deposit,0112
TXN0000490,5784272870,2025-04-25,-44045.98,Debit,Outgoing Wire,0501
TXN0004931,4758186292,2025-02-22,-30592.57,Debit,POS Purchase,0501
TXN0005376,3240728687,2025-06-02,20087.17,Credit,Payroll Deposit,0389
TXN0005173,2415616846,2025-01-07,-39543.66,Debit,Outgoing Wire,0678
TXN0002362,4813919979,2025-01-12,-29049.95,Debit,Account Transfer,0389
TXN0004481,5745107994,2025-01-22,-26563.41,Debit,ATM Cash Withdrawal,0112
TXN0004992,3489684808,2025-03-08,23823.12,Credit,Payroll Deposit,0389
TXN0005872,9306251864,2025-01-29,-31757.17,Debit,Vendor Payment,0245
TXN0004083,4405618757,2025-01-07,17694.15,Credit,Payroll Deposit,0501
TXN0002463,1553059852,2025-01-25,-8399.43,Debit,POS Purchase,0678
TXN0000002,9769809255,2025-05-16,-28050.20,Debit,ATM Cash Withdrawal,0112
TXN0003724,8359197591,2025-02-05,-39208.17,Debit,POS Purchase,0245
TXN0003608,2044262789,2025-05-23,8889.53,Credit,Check Deposit,0501
TXN0000646,9948775432,2025-04-29,-36578.17,Debit,Vendor Payment,0678
TXN0004041,5249490821,2025-03-16,-23646.24,Debit,Vendor Payment,0245
TXN0005235,6616544781,2025-06-16,-27692.07,Debit,Account Transfer,0389
TXN0005484,6715408416,2025-03-05,43590.49,Credit,Payroll Deposit,0245
TXN0002232,4475657263,2025-01-07,25400.60,Credit,Account Transfer,0245
TXN0004167,1040935060,2025-01-29,20812.80,Credit,Payroll Deposit,0245
TXN0000905,2541015399,2025-01-10,2024.91,Credit,Payroll Deposit,0501
TXN0004910,5446362479,2025-03-13,-35842.60,Debit,Vendor Payment,0112
TXN0001306,3056789529,2025-03-25,2248.88,Credit,Account Transfer,0245
TXN0005573,2652091467,2025-01-05,-34288.41,Debit,ATM Cash Withdrawal,0389
TXN0002688,5663908501,2025-04-13,27898.38,Credit,Payroll Deposit,0389
TXN0003790,7386035791,2025-01-05,-7786.96,Debit,Incoming Wire,0245
TXN0000361,2933536729,2025-05-23,-12234.95,Debit,Account Transfer,0245
TXN0001156,1591375981,2025-04-18,-44608.43,Debit,ATM Cash Withdrawal,0245
TXN0003797,9641246923,2025-04-22,-14738.42,Debit,Vendor Payment,0112
TXN0003340,1606597397,2025-04-04,-18974.50,Debit,Vendor Payment,0501
TXN0005152,3310553625,2025-05-31,38989.76,Credit,Check Deposit,0245
TXN0002713,7441789278,2025-05-17,-38719.96,Debit,POS Purchase,0389
TXN0001178,4723917492,2025-02-10,-22961.24,Debit,Vendor Payment,0389
TXN0003578,7079622779,2025-01-12,11818.12,Credit,Payroll Deposit,0245
TXN0002816,6935989504,2025-06-18,-44050.89,Debit,Outgoing Wire,0501
TXN0003549,7209426895,2025-01-26,21856.06,Credit,Payroll Deposit,0678
TXN0002828,2596936961,2025-05-05,16717.28,Credit,Check Deposit,0678
TXN0000483,7068849964,2025-06-23,-1876.14,Debit,Vendor Payment,0678
TXN0005225,3885532298,2025-03-17,-17330.39,Debit,Vendor Payment,0501
TXN0002708,1060930751,2025-03-16,39331.92,Credit,Account Transfer,0389
TXN0005901,2119909896,2025-05-26,-17747.79,Debit,Incoming Wire,0501
TXN0000517,6533340472,2025-06-30,20503.90,Credit,Account Transfer,0678
TXN0004685,7314100692,2025-02-08,-1780.49,Debit,ATM Cash Withdrawal,0678
TXN0003272,3428335865,2025-05-14,-18432.86,Debit,Outgoing Wire,0245
TXN0005078,6647296830,2025-05-04,-1629.68,Debit,ATM Cash Withdrawal,0245
TXN0002007,1670742004,2025-06-04,15447.97,Credit,Payroll Deposit,0678
TXN0005516,8214933173,2025-01-22,-27228.38,Debit,POS Purchase,0678
TXN0005068,7249271224,2025-05-02,-20231.11,Debit,POS Purchase,0501
TXN0003104,3101739383,2025-02-10,-39896.57,Debit,POS Purchase,0245
TXN0000308,5536769590,2025-02-04,19780.53,Credit,Account Transfer,0389
TXN0003404,1862137478,2025-03-02,-24740.33,Debit,ATM Cash Withdrawal,0501
TXN0002057,8203221712,2025-03-07,-32295.07,Debit,ATM Cash Withdrawal,0678
TXN0000492,7985720971,2025-02-14,29966.72,Credit,Check Deposit,0112
TXN0000982,5348410751,2025-01-22,-2031.56,Debit,Outgoing Wire,0245
TXN0002778,4743590397,2025-04-25,-21552.90,Debit,POS Purchase,0678
TXN0005338,2828838387,2025-06-24,22094.75,Credit,Check Deposit,0112
TXN0004948,3630912847,2025-04-08,-34968.80,Debit,Outgoing Wire,0389
TXN0000344,4375505266,2025-03-13,-35606.33,Debit,Vendor Payment,0112
TXN0002488,4763024059,2025-06-12,25997.73,Credit,Check Deposit,0678
TXN0001399,9871528022,2025-05-31,-40095.93,Debit,Incoming Wire,0245
TXN0004886,2561240173,2025-04-20,21680.92,Credit,Account Transfer,0678
TXN0001513,8266807849,2025-06-23,-43123.19,Debit,Outgoing Wire,0678
TXN0001346,8141201990,2025-05-11,7533.47,Credit,Payroll Deposit,0389
TXN0001330,3287010953,2025-05-10,-43048.94,Debit,Vendor Payment,0678
TXN0003392,3213740227,2025-05-29,-37049.45,Debit,Incoming Wire,0501
TXN0001969,4970797851,2025-02-04,-21189.69,Debit,ATM Cash Withdrawal,0678
TXN0004598,9235184104,2025-04-13,-18325.39,Debit,POS Purchase,0501
TXN0001884,4724838996,2025-04-15,9371.37,Credit,Check Deposit,0678
TXN0000412,5842589214,2025-03-27,-3591.18,Debit,Outgoing Wire,0678
TXN0002075,9778136292,2025-05-09,-10257.25,Debit,ATM Cash Withdrawal,0678
TXN0004191,2821262209,2025-04-06,-40241.52,Debit,Outgoing Wire,0389
TXN0005052,1226645815,2025-01-05,-39598.56,Debit,Incoming Wire,0245
TXN0004502,2303532671,2025-01-23,-5632.97,Debit,POS Purchase,0245
TXN0001945,1407409716,2025-05-28,-11184.99,Debit,Account Transfer,0112
TXN0002714,5250223952,2025-04-26,-28765.33,Debit,Outgoing Wire,0245
TXN0004490,1212503812,2025-02-02,17819.10,Credit,Payroll Deposit,0245
TXN0000976,3342878325,2025-06-13,-25868.60,Debit,Outgoing Wire,0678
TXN0001496,1711772707,2025-03-24,1373.50,Credit,Check Deposit,0245
TXN0000387,7561345754,2025-03-21,-22562.37,Debit,Incoming Wire,0245
TXN0003969,4718958880,2025-02-25,37166.67,Credit,Payroll Deposit,0245
TXN0003689,7855353587,2025-03-01,-2652.12,Debit,Outgoing Wire,0112
TXN0000509,4826792596,2025-02-08,15980.82,Credit,Payroll Deposit,0389
TXN0004979,5060244870,2025-04-12,44868.74,Credit,Check Deposit,0245
TXN0001775,6540814548,2025-01-31,-44543.31,Debit,Outgoing Wire,0389
TXN0001182,4661016373,2025-05-08,-26133.58,Debit,Vendor Payment,0112
TXN0003310,7489068362,2025-06-28,-42458.28,Debit,ATM Cash Withdrawal,0112
TXN0001815,1651751427,2025-06-08,29830.28,Credit,Account Transfer,0389
TXN0005322,1294940190,2025-04-15,-22248.56,Debit,ATM Cash Withdrawal,0112
TXN0004940,6880719985,2025-05-30,-33516.02,Debit,POS Purchase,0678
TXN0005865,7406499539,2025-05-10,-19166.84,Debit,Outgoing Wire,0245
TXN0003227,4201386967,2025-01-23,-37452.36,Debit,Account Transfer,0678
TXN0002745,4211603435,2025-01-04,-24167.41,Debit,Vendor Payment,0678
TXN0001515,5381870932,2025-03-21,-32780.83,Debit,POS Purchase,0678
TXN0003358,7735194726,2025-03-10,-40931.87,Debit,POS Purchase,0389
TXN0001134,3508225169,2025-01-31,-38273.50,Debit,Outgoing Wire,0245
TXN0004511,5895735532,2025-02-23,-27904.94,Debit,ATM Cash Withdrawal,0501
TXN0002514,1770287784,2025-05-19,-26084.49,Debit,Outgoing Wire,0245
TXN0000267,5239760414,2025-06-19,-21436.66,Debit,ATM Cash Withdrawal,0501
TXN0005210,3643888902,2025-02-02,-19999.47,Debit,ATM Cash Withdrawal,0501
TXN0004479,6964974307,2025-03-06,42836.15,Credit,Payroll Deposit,0112
TXN0005778,3233949397,2025-01-21,41097.49,Credit,Payroll Deposit,0678
TXN0004620,8027870275,2025-03-18,-21747.55,Debit,Outgoing Wire,0501
TXN0001191,4841782732,2025-04-28,-30508.91,Debit,Outgoing Wire,0501
TXN0002493,2546170034,2025-05-10,-43588.76,Debit,Outgoing Wire,0245
TXN0005179,9620513940,2025-03-08,-27665.13,Debit,Outgoing Wire,0245
TXN0002114,9711075781,2025-06-13,-27737.95,Debit,POS Purchase,0389
TXN0002071,8949533962,2025-02-08,15291.32,Credit,Check Deposit,0112
TXN0003421,3440333161,2025-04-28,-44624.07,Debit,ATM Cash Withdrawal,0112
TXN0002356,9453746487,2025-01-19,-27323.74,Debit,POS Purchase,0245
TXN0002940,3220636777,2025-06-25,18516.70,Credit,Payroll Deposit,0389
TXN0001343,4380508599,2025-01-24,-35925.19,Debit,Account Transfer,0678
TXN0002325,7092777852,2025-06-05,-27490.15,Debit,ATM Cash Withdrawal,0245
TXN0005526,4395313132,2025-03-01,-35658.17,Debit,POS Purchase,0245
TXN0004804,4783676211,2025-06-08,23461.69,Credit,ATM Cash Withdrawal,0389
TXN0001130,3545967347,2025-03-31,-28233.61,Debit,Outgoing Wire,0501
TXN0003935,5048120331,2025-05-15,14821.63,Credit,Check Deposit,0389
TXN0003658,4127018213,2025-04-27,-23670.92,Debit,Incoming Wire,0112
TXN0001888,4808552217,2025-06-07,-4364.14,Debit,Vendor Payment,0112
TXN0005316,7361674511,2025-02-19,10656.10,Credit,Check Deposit,0245
TXN0000111,7797376948,2025-01-31,40616.35,Credit,Check Deposit,0389
TXN0003693,6644206382,2025-05-06,11302.79,Credit,Check Deposit,0501
TXN0002884,1063929959,2025-06-05,2029.47,Credit,Payroll Deposit,0389
TXN0005311,2800507089,2025-03-04,36473.71,Credit,Payroll Deposit,0501
TXN0004146,6364395517,2025-06-24,-5781.81,Debit,POS Purchase,0501
TXN0001538,2507504717,2025-03-14,28953.05,Credit,Check Deposit,0501
TXN0005201,8658184968,2025-02-18,22653.82,Credit,Account Transfer,0678
TXN0004467,8836651619,2025-05-04,-43617.77,Debit,Vendor Payment,0112
TXN0005060,5124250249,2025-04-24,-24845.48,Debit,Outgoing Wire,0112
TXN0004672,7362734959,2025-02-07,663.89,Credit,Payroll Deposit,0112
TXN0003163,9303252586,2025-01-29,-29803.86,Debit,Vendor Payment,0112
TXN0002309,9867407646,2025-01-22,-37949.09,Debit,Outgoing Wire,0245
TXN0000117,7716536547,2025-06-21,-16524.08,Debit,POS Purchase,0678
TXN0002264,2470377510,2025-03-27,-638.44,Debit,Account Transfer,0501
TXN0002443,5094510882,2025-04-24,-20449.58,Debit,POS Purchase,0245
TXN0000537,1001364696,2025-03-10,-7678.43,Debit,Vendor Payment,0112
TXN0003942,6964741609,2025-01-23,30394.41,Credit,Payroll Deposit,0245
TXN0004335,5531296060,2025-04-21,-20948.24,Debit,Outgoing Wire,0245
TXN0005860,8685621892,2025-06-20,-2259.54,Debit,ATM Cash Withdrawal,0389
TXN0004330,6944132947,2025-04-17,-17871.06,Debit,Outgoing Wire,0501
TXN0003707,6476352300,2025-03-25,-2435.76,Debit,POS Purchase,0245
TXN0003391,9645286336,2025-01-14,16988.24,Credit,Check Deposit,0678
TXN0005147,9033011673,2025-01-24,2254.90,Credit,Check Deposit,0112
TXN0004495,8703204038,2025-06-17,-2156.16,Debit,Incoming Wire,0678
TXN0002926,6739613375,2025-05-21,39649.26,Credit,Account Transfer,0501
TXN0002151,8027681506,2025-03-29,-20286.01,Debit,ATM Cash Withdrawal,0112
TXN0004567,6226033819,2025-02-04,-21616.08,Debit,Incoming Wire,0112
TXN0004423,8929006544,2025-03-17,-15276.92,Debit,Incoming Wire,0501
TXN0004240,8994072472,2025-04-12,-35223.28,Debit,Incoming Wire,0245
TXN0002787,6807032395,2025-05-31,-16662.03,Debit,POS Purchase,0678
TXN0005450,1283375293,2025-04-28,-44543.82,Debit,Outgoing Wire,0245
TXN0005523,3604470681,2025-05-30,-31602.22,Debit,Incoming Wire,0245
TXN0000838,2688798197,2025-01-29,-19296.88,Debit,POS Purchase,0501
TXN0002194,7463005976,2025-01-12,10836.62,Credit,Check Deposit,0501
TXN0005164,2528224544,2025-06-29,-34703.01,Debit,Vendor Payment,0389
TXN0002935,4244514165,2025-02-03,-44198.35,Debit,ATM Cash Withdrawal,0112
TXN0004652,9520338559,2025-03-05,-4976.07,Debit,Outgoing Wire,0245
TXN0002313,7320837863,2025-01-15,41794.76,Credit,Check Deposit,0112
TXN0001202,2439248514,2025-06-02,-7092.87,Debit,Vendor Payment,0245
TXN0002878,5962058675,2025-06-08,-713.08,Debit,Vendor Payment,0112
TXN0004937,6493051602,2025-06-17,-15040.33,Debit,ATM Cash Withdrawal,0389
TXN0002941,6296207178,2025-04-26,16421.03,Credit,Payroll Deposit,0678
TXN0004276,7705800797,2025-06-16,28601.29,Credit,Check Deposit,0389
TXN0003559,4288562014,2025-06-10,-42134.00,Debit,Outgoing Wire,0389
TXN0005497,6173496659,2025-05-07,40436.05,Credit,Check Deposit,0501
TXN0000546,1169307209,2025-05-01,18783.88,Credit,Payroll Deposit,0678
TXN0003253,3155563568,2025-04-20,37020.24,Credit,Payroll Deposit,0245
TXN0001494,9599651758,2025-04-08,14075.55,Credit,Payroll Deposit,0678
TXN0004120,2913151018,2025-05-23,-14121.81,Debit,Incoming Wire,0678
TXN0003540,5208384116,2025-06-27,30273.67,Credit,Account Transfer,0245
TXN0005035,8932213335,2025-04-11,-10268.23,Debit,Outgoing Wire,0245
TXN0001655,3435237021,2025-06-14,28344.45,Credit,Check Deposit,0389
TXN0003881,1187658710,2025-04-15,-24291.81,Debit,Vendor Payment,0245
TXN0004108,1326950999,2025-03-11,-43841.21,Debit,Vendor Payment,0678
TXN0005834,6388318541,2025-05-26,25245.72,Credit,Payroll Deposit,0501
TXN0001769,5645400246,2025-04-21,34834.49,Credit,Check Deposit,0501
TXN0003846,3533827816,2025-06-18,-38364.67,Debit,POS Purchase,0389
TXN0002126,3187677117,2025-02-24,-32615.19,Debit,Outgoing Wire,0112
TXN0000625,3356302170,2025-06-18,-43607.42,Debit,Account Transfer,0501
TXN0000064,9320862043,2025-04-14,21827.09,Credit,Account Transfer,0389
TXN0003284,1514316406,2025-04-04,-18329.37,Debit,ATM Cash Withdrawal,0678
TXN0005289,2272918723,2025-01-03,-10468.32,Debit,ATM Cash Withdrawal,0245
TXN0001910,3542421993,2025-06-22,-44663.08,Debit,ATM Cash Withdrawal,0678
TXN0004173,8678174877,2025-02-09,-9303.63,Debit,POS Purchase,0245
TXN0004759,4280690768,2025-01-11,3741.93,Credit,Account Transfer,0389
TXN0001643,5595974430,2025-06-22,6944.39,Credit,Account Transfer,0389
TXN0002013,3261301588,2025-02-01,42042.33,Credit,Check Deposit,0245
TXN0001863,1407571024,2025-01-16,11376.33,Credit,Account Transfer,0678
TXN0004130,1647918264,2025-03-29,32766.67,Credit,Payroll Deposit,0678
TXN0004341,3140691554,2025-03-04,5864.56,Credit,Payroll Deposit,0678
TXN0001453,1701832310,2025-04-23,-34839.07,Debit,Outgoing Wire,0389
TXN0004677,9067243303,2025-05-04,-32735.02,Debit,ATM Cash Withdrawal,0112
TXN0005148,7355181674,2025-05-30,-17759.10,Debit,POS Purchase,0678
TXN0005205,5716648433,2025-01-30,-25706.08,Debit,Outgoing Wire,0245
TXN0001190,3949486155,2025-03-16,-27153.87,Debit,ATM Cash Withdrawal,0678
TXN0004340,6077805986,2025-01-23,-7816.52,Debit,Account Transfer,0112
TXN0000343,7043456429,2025-03-10,14141.77,Credit,Account Transfer,0501
TXN0001570,1115804907,2025-03-25,24735.22,Credit,Account Transfer,0678
TXN0003309,9525449374,2025-03-24,-38938.38,Debit,POS Purchase,0112
TXN0005525,8841212719,2025-05-20,24640.55,Credit,Check Deposit,0389
TXN0002208,9486356300,2025-04-21,-21026.10,Debit,Vendor Payment,0112
TXN0005815,7027740662,2025-03-03,-2432.20,Debit,POS Purchase,0678
TXN0003398,3945089619,2025-06-29,-38795.44,Debit,Vendor Payment,0389
TXN0000466,6739565685,2025-05-10,-28115.75,Debit,Outgoing Wire,0245
TXN0004399,1070086464,2025-05-15,-27798.05,Debit,Incoming Wire,0501
TXN0004870,4849645677,2025-02-20,-7731.15,Debit,Outgoing Wire,0678
TXN0003233,7304218881,2025-04-28,13165.47,Credit,Check Deposit,0245
TXN0000189,2468956225,2025-03-08,-1893.46,Debit,Outgoing Wire,0678
TXN0003542,9219121085,2025-05-04,-29323.97,Debit,ATM Cash Withdrawal,0501
TXN0003903,4297353127,2025-01-10,-20938.29,Debit,Incoming Wire,0389
TXN0001277,2756037922,2025-06-07,-2659.58,Debit,Vendor Payment,0112
TXN0002995,8323179273,2025-05-10,-13025.79,Debit,Outgoing Wire,0389
TXN0004101,9370930250,2025-01-08,-6933.97,Debit,Account Transfer,0389
TXN0001873,2965265251,2025-04-11,1872.82,Credit,Check Deposit,0112
TXN0003348,3790727054,2025-02-15,-2599.25,Debit,ATM Cash Withdrawal,0678
TXN0004547,7530029329,2025-02-11,27558.98,Credit,Account Transfer,0678
TXN0001451,9376163890,2025-02-07,-1872.67,Debit,Outgoing Wire,0501
TXN0002712,2859825025,2025-06-21,1991.03,Credit,Incoming Wire,0112
TXN0005129,5167134434,2025-06-19,-11124.93,Debit,POS Purchase,0245
TXN0004201,9635275448,2025-01-10,16536.02,Credit,Check Deposit,0112
TXN0005167,3389285674,2025-03-21,-23427.54,Debit,ATM Cash Withdrawal,0678
TXN0004187,1691852183,2025-06-26,24559.18,Credit,Payroll Deposit,0245
TXN0004462,1308801419,2025-04-11,40717.96,Credit,Payroll Deposit,0389
TXN0005518,3966801820,2025-02-10,-4718.36,Debit,Incoming Wire,0112
TXN0002193,4890453097,2025-02-10,-43657.32,Debit,Account Transfer,0389
TXN0001373,4360863981,2025-06-30,-43307.30,Debit,Account Transfer,0112
TXN0000030,6753885253,2025-04-18,4909.90,Credit,Account Transfer,0678
TXN0002522,1506623897,2025-03-26,-9471.98,Debit,ATM Cash Withdrawal,0678
TXN0005654,4932831076,2025-05-02,14998.54,Credit,Check Deposit,0245
TXN0002408,9320484554,2025-02-10,-18205.74,Debit,ATM Cash Withdrawal,0245
TXN0001143,2177667591,2025-02-12,-40304.55,Debit,Incoming Wire,0245
TXN0004619,9772830738,2025-03-07,-43371.60,Debit,Incoming Wire,0501
TXN0003995,2753403925,2025-06-23,-550.19,Debit,Outgoing Wire,0112
TXN0005443,3632970057,2025-03-04,-4511.50,Debit,Incoming Wire,0678
TXN0004590,5544608617,2025-04-10,-32887.31,Debit,POS Purchase,0112
TXN0000770,7286027893,2025-03-12,-13529.10,Debit,Outgoing Wire,0389
TXN0002233,5203568978,2025-01-13,-23365.46,Debit,Outgoing Wire,0678
TXN0002430,9075292576,2025-01-05,-40951.25,Debit,Outgoing Wire,0245
TXN0004975,2295524771,2025-02-01,44253.52,Credit,Outgoing Wire,0245
TXN0002089,1966625106,2025-01-15,-28891.72,Debit,Outgoing Wire,0501
TXN0005718,8255444629,2025-02-21,31756.10,Credit,Payroll Deposit,0389
TXN0005861,8773431417,2025-01-25,-17347.69,Debit,Account Transfer,0245
TXN0001272,1524321380,2025-05-26,-36551.46,Debit,Incoming Wire,0389
TXN0003990,7425026344,2025-01-29,-5879.54,Debit,Incoming Wire,0389
TXN0000059,7266658364,2025-06-22,-43573.01,Debit,POS Purchase,0245
TXN0005388,7392842908,2025-01-31,20695.61,Credit,Check Deposit,0112
TXN0000052,4302563702,2025-04-10,33635.75,Credit,Account Transfer,0245
TXN0004165,1822137343,2025-02-12,-2495.13,Debit,Vendor Payment,0678
TXN0002739,1673329158,2025-05-19,-39877.09,Debit,Account Transfer,0112
TXN0002240,8846646664,2025-02-07,31984.97,Credit,Payroll Deposit,0389
TXN0000443,4000120562,2025-01-21,13122.46,Credit,Account Transfer,0678
TXN0005033,3689595758,2025-04-23,41522.71,Credit,Account Transfer,0245
TXN0003308,7843521059,2025-03-29,-30733.00,Debit,Outgoing Wire,0678
TXN0005905,9226935699,2025-06-20,-18490.36,Debit,Outgoing Wire,0501
TXN0005243,6658201507,2025-01-06,615.71,Credit,Payroll Deposit,0245
TXN0001493,5914450257,2025-02-11,-26572.38,Debit,Vendor Payment,0245
TXN0000397,3472297223,2025-01-15,-23418.62,Debit,Vendor Payment,0112
TXN0002729,4150146178,2025-01-06,-23261.28,Debit,POS Purchase,0245
TXN0003819,9611888419,2025-02-17,-480.15,Debit,Incoming Wire,0245
TXN0002219,1221624687,2025-02-14,-32415.80,Debit,Account Transfer,0112
TXN0004473,8000909541,2025-05-20,9597.85,Credit,Check Deposit,0678
TXN0005124,3727286172,2025-03-15,-25213.97,Debit,Incoming Wire,0501
TXN0003899,3625586640,2025-01-13,-34721.63,Debit,Incoming Wire,0112
TXN0005192,7759550175,2025-02-13,-36254.32,Debit,Incoming Wire,0112
TXN0004961,3922850888,2025-01-05,41764.77,Credit,Payroll Deposit,0501
TXN0004657,3144860917,2025-01-23,5702.85,Credit,Account Transfer,0245
TXN0002821,3978815518,2025-01-17,-20767.78,Debit,POS Purchase,0245
TXN0001316,8241322313,2025-03-17,-3982.16,Debit,ATM Cash Withdrawal,0501
TXN0003262,9758644669,2025-01-12,12378.54,Credit,Payroll Deposit,0678
TXN0003436,9275486371,2025-06-01,-39418.05,Debit,Vendor Payment,0678
TXN0003350,5951079512,2025-04-16,-29795.16,Debit,ATM Cash Withdrawal,0245
TXN0004814,7209745753,2025-05-20,-26030.72,Debit,ATM Cash Withdrawal,0245
TXN0001446,9353136008,2025-03-30,-37853.52,Debit,Incoming Wire,0501
TXN0003294,3562040386,2025-01-19,21739.26,Credit,Check Deposit,0501
TXN0000783,1125521145,2025-06-03,18803.46,Credit,Check Deposit,0389
TXN0000481,4943283687,2025-06-02,19969.02,Credit,Account Transfer,0389
TXN0002031,6991631598,2025-01-19,3684.39,Credit,Check Deposit,0501
TXN0004357,8863150494,2025-05-31,10019.90,Credit,Check Deposit,0245
TXN0001701,6139262910,2025-01-06,-6144.14,Debit,Account Transfer,0112
TXN0005829,4774762840,2025-02-23,-41462.95,Debit,Incoming Wire,0112
TXN0003927,3729389512,2025-04-07,-6977.54,Debit,Incoming Wire,0112
TXN0003943,9536426117,2025-04-23,23844.10,Credit,Check Deposit,0245
TXN0004503,5746775787,2025-06-12,-28332.24,Debit,POS Purchase,0678
TXN0000979,1050917646,2025-06-04,43876.47,Credit,Payroll Deposit,0501
TXN0000549,4917324244,2025-02-13,-4200.21,Debit,Vendor Payment,0245
TXN0003636,7387319762,2025-02-04,-13310.69,Debit,Incoming Wire,0245
TXN0005600,8786314750,2025-02-10,-14812.85,Debit,Outgoing Wire,0678
TXN0002747,6756046074,2025-05-21,29160.66,Credit,Payroll Deposit,0112
TXN0001699,4330710204,2025-04-15,38018.13,Credit,Payroll Deposit,0112
TXN0004273,5599732307,2025-06-04,-27782.01,Debit,Account Transfer,0389
TXN0001879,3193106356,2025-01-16,3554.15,Credit,Account Transfer,0245
TXN0002916,2816088392,2025-01-03,-19852.79,Debit,Vendor Payment,0678
TXN0001553,1320913309,2025-05-26,-11145.68,Debit,Outgoing Wire,0389
TXN0003520,3890560188,2025-06-11,33421.17,Credit,Account Transfer,0112
TXN0003764,3454770411,2025-04-18,9981.18,Credit,Payroll Deposit,0678
TXN0000367,3065455755,2025-04-07,-33270.74,Debit,Outgoing Wire,0245
TXN0002195,4899746474,2025-06-07,-31182.97,Debit,Account Transfer,0501
TXN0005071,6697058939,2025-06-22,-40682.18,Debit,POS Purchase,0112
TXN0002859,1831486065,2025-04-25,-41427.58,Debit,POS Purchase,0389
TXN0003268,5002111015,2025-04-06,-19082.31,Debit,Vendor Payment,0389
TXN0003994,5205167738,2025-06-07,-21377.60,Debit,Incoming Wire,0501
TXN0003414,4963357721,2025-02-21,-27345.54,Debit,Incoming Wire,0678
TXN0002506,5573016047,2025-01-14,-40053.80,Debit,ATM Cash Withdrawal,0389
TXN0004047,9314184637,2025-04-04,-17814.00,Debit,ATM Cash Withdrawal,0389
TXN0000174,5422407131,2025-06-23,-19668.95,Debit,Outgoing Wire,0245
TXN0002251,8550446786,2025-05-20,34774.64,Credit,Payroll Deposit,0501
TXN0001033,1805551323,2025-06-10,14894.52,Credit,Check Deposit,0678
TXN0000937,4083898282,2025-01-05,18948.76,Credit,Account Transfer,0678
TXN0001759,9262072171,2025-03-08,-1431.17,Debit,ATM Cash Withdrawal,0501
TXN0002145,1137367896,2025-05-17,42948.24,Credit,Account Transfer,0245
TXN0002263,4834352429,2025-01-07,18133.66,Credit,Payroll Deposit,0678
TXN0001241,4254190460,2025-02-18,23786.46,Credit,Payroll Deposit,0501
TXN0002121,2419215154,2025-06-20,-41469.44,Debit,POS Purchase,0245
TXN0004523,2435086113,2025-03-24,-23504.82,Debit,Outgoing Wire,0389
TXN0004536,8927594725,2025-02-09,-14660.50,Debit,Vendor Payment,0501
TXN0003653,5951679389,2025-04-09,33657.86,Credit,Payroll Deposit,0501
TXN0003057,2243635813,2025-02-23,21619.30,Credit,Check Deposit,0112
TXN0000949,6552647609,2025-03-11,8026.26,Credit,Payroll Deposit,0389
TXN0002937,5237858653,2025-05-01,-6516.09,Debit,POS Purchase,0112
TXN0002383,8723011516,2025-05-21,33531.14,Credit,Account Transfer,0245
TXN0000500,3968424277,2025-05-22,-10401.44,Debit,Outgoing Wire,0245
TXN0001149,6037942642,2025-05-01,-41431.30,Debit,POS Purchase,0112
TXN0005858,7793555789,2025-04-10,-33222.13,Debit,POS Purchase,0501
TXN0005941,8427188734,2025-05-08,-9218.22,Debit,POS Purchase,0245
TXN0004528,3491876039,2025-06-05,-21014.50,Debit,Vendor Payment,0501
TXN0004719,2256141065,2025-03-11,-12617.39,Debit,Incoming Wire,0112
TXN0000869,6125535591,2025-04-13,-8301.31,Debit,ATM Cash Withdrawal,0245
TXN0005250,4280676082,2025-01-29,-16715.01,Debit,ATM Cash Withdrawal,0245
TXN0000155,5712277527,2025-03-08,33276.18,Credit,Check Deposit,0245
TXN0003427,8308355086,2025-02-17,41362.03,Credit,Account Transfer,0389
TXN0004614,1488992418,2025-06-28,-32749.83,Debit,Vendor Payment,0112
TXN0004952,3730508339,2025-01-21,-6215.05,Debit,Vendor Payment,0245
TXN0002380,2751220327,2025-01-16,37369.78,Credit,Payroll Deposit,0112
TXN0000991,3377967038,2025-04-07,-18094.39,Debit,Outgoing Wire,0389
TXN0004376,3605953817,2025-06-16,-12103.48,Debit,Incoming Wire,0245
TXN0004770,3319222292,2025-01-06,-1225.24,Debit,Outgoing Wire,0389
TXN0005544,2453588457,2025-06-14,9664.06,Credit,Check Deposit,0112
TXN0004577,5501069106,2025-06-20,27086.85,Credit,Payroll Deposit,0389
TXN0002839,4498305154,2025-04-14,-5115.68,Debit,Account Transfer,0389
TXN0004439,2590599972,2025-02-28,-32088.80,Debit,Incoming Wire,0678
TXN0005120,1734427245,2025-02-26,2281.03,Credit,Check Deposit,0245
TXN0003745,9274361779,2025-02-26,-13559.38,Debit,Vendor Payment,0112
TXN0004395,9970464701,2025-04-23,-12519.14,Debit,Vendor Payment,0389
TXN0004761,4761907381,2025-03-13,-10521.53,Debit,Vendor Payment,0245
TXN0005530,2199958465,2025-04-23,-3446.89,Debit,ATM Cash Withdrawal,0112
TXN0001261,6771409397,2025-05-07,-26878.59,Debit,Incoming Wire,0389
TXN0001378,5495192442,2025-05-09,11264.38,Credit,Check Deposit,0678
TXN0003193,3641860754,2025-05-08,-26295.17,Debit,Vendor Payment,0389
TXN0005620,5895412119,2025-04-20,35128.07,Credit,Payroll Deposit,0245
TXN0004855,9550008024,2025-05-14,-31580.25,Debit,POS Purchase,0112
TXN0004386,9255724058,2025-03-29,3395.98,Credit,Check Deposit,0501
TXN0003525,8871879055,2025-01-20,30759.72,Credit,Check Deposit,0678
TXN0001589,5423198339,2025-04-28,-18430.98,Debit,POS Purchase,0245
TXN0003811,3820862048,2025-06-22,1495.09,Credit,Check Deposit,0389
TXN0005790,1599946723,2025-04-24,-10505.37,Debit,POS Purchase,0389
TXN0000846,3218576931,2025-02-23,-310.55,Debit,Incoming Wire,0389
TXN0004978,7586866351,2025-04-26,-31173.20,Debit,Account Transfer,0678
TXN0002788,4305538309,2025-03-21,-34094.16,Debit,ATM Cash Withdrawal,0678
TXN0000985,9084679996,2025-03-13,-6640.82,Debit,Incoming Wire,0501
TXN0001916,7842717461,2025-06-06,11696.29,Credit,Check Deposit,0245
TXN0002786,7661262324,2025-01-09,-42755.73,Debit,ATM Cash Withdrawal,0501
TXN0001853,3187030584,2025-01-20,-20326.68,Debit,POS Purchase,0678
TXN0002838,4651492863,2025-06-24,-27572.29,Debit,Incoming Wire,0678
TXN0001557,1208647883,2025-02-08,-19248.63,Debit,POS Purchase,0678
TXN0002059,6704204095,2025-03-15,-41747.34,Debit,ATM Cash Withdrawal,0245
TXN0005844,5409398474,2025-03-29,-10603.76,Debit,Incoming Wire,0112
TXN0003817,8903671388,2025-03-18,-41917.93,Debit,Outgoing Wire,0678
TXN0002741,4712600840,2025-05-20,41118.79,Credit,Check Deposit,0112
TXN0005676,2651252570,2025-06-23,-13881.74,Debit,POS Purchase,0501
TXN0004660,9326485900,2025-06-15,25719.26,Credit,Payroll Deposit,0245
TXN0000772,3301700553,2025-06-22,9792.48,Credit,Check Deposit,0501
