txn_ref,account_number,ledger_amount,bank_amount,ledger_date,bank_date,category,note
TXN0000642,5685743966,-15143.45,-15143.45,2025-03-28,2025-03-28,Reconciled,
TXN0004589,9704522693,-31465.50,-31465.50,2025-03-04,2025-03-04,Reconciled,
TXN0005752,4865423132,6954.41,6954.41,2025-01-05,2025-01-05,Reconciled,
TXN0004147,6405166068,-38354.27,-38354.27,2025-04-28,2025-04-28,Reconciled,
TXN0004531,5799726034,-26143.06,-26143.06,2025-05-08,2025-05-08,Reconciled,
TXN0001499,2705209487,-39876.32,-39876.32,2025-02-27,2025-02-27,Reconciled,
TXN0000398,1400996651,23647.59,23647.59,2025-04-25,2025-04-25,Reconciled,
TXN0001439,5036041500,-22110.24,-22110.24,2025-05-28,2025-05-28,Reconciled,
TXN0003467,7441981456,-26014.87,-26081.93,2025-05-01,2025-05-01,Amount Discrepancy (Investigate),"Ledger -26014.87 vs bank -26081.93, diff 67.06."
TXN0002904,8301331812,-7577.17,-7577.17,2025-06-25,2025-06-25,Reconciled,
TXN0005479,5674711289,-36207.95,-36207.95,2025-01-12,2025-01-12,Reconciled,
TXN0004959,4594991701,9057.19,9057.19,2025-01-14,2025-01-14,Reconciled,
TXN0001235,3966274029,-35962.18,-35962.18,2025-02-08,2025-02-10,Reconciled (Timing Difference),"Posted 2 day(s) apart -- in-transit item, not an error."
TXN0002989,1775194277,-7042.24,-7042.24,2025-06-18,2025-06-18,Reconciled,
TXN0004091,5203126296,-25039.65,-25039.65,2025-03-07,2025-03-09,Reconciled (Timing Difference),"Posted 2 day(s) apart -- in-transit item, not an error."
TXN0004311,6988985181,-7874.32,-7874.32,2025-05-22,2025-05-22,Reconciled,
TXN0005572,1240253244,43118.14,43315.41,2025-06-19,2025-06-19,Amount Discrepancy (Investigate),"Ledger 43118.14 vs bank 43315.41, diff -197.27."
TXN0005546,2352882009,-25337.69,-25337.69,2025-04-12,2025-04-14,Reconciled (Timing Difference),"Posted 2 day(s) apart -- in-transit item, not an error."
TXN0004693,2835971286,-44415.68,-44415.68,2025-01-28,2025-01-28,Reconciled,
TXN0002400,7320711941,34608.80,34608.80,2025-06-07,2025-06-07,Reconciled,
TXN0005981,5253199815,-5432.45,-5432.45,2025-05-16,2025-05-16,Reconciled,
TXN0001297,8875288218,17802.17,17802.17,2025-02-17,2025-02-17,Reconciled,
TXN0002284,2927109280,-15032.72,-15032.72,2025-06-08,2025-06-08,Reconciled,
TXN0000448,3463347492,-9603.75,-9603.75,2025-01-31,2025-01-31,Reconciled,
TXN0004488,4416182406,-23173.76,-23173.76,2025-03-09,2025-03-09,Reconciled,
TXN0001282,7308432672,-12341.58,-12341.58,2025-02-15,2025-02-15,Reconciled,
TXN0000099,5233292436,18458.29,18458.29,2025-05-15,2025-05-15,Reconciled,
TXN0003025,8520026308,-35619.44,-35619.44,2025-05-14,2025-05-14,Reconciled,
TXN0001440,2186443848,-32570.26,-32570.26,2025-05-02,2025-05-02,Reconciled,
TXN0002485,3933275757,-41046.65,-41046.65,2025-02-06,2025-02-06,Reconciled,
TXN0004455,2317270855,4566.79,4566.79,2025-01-19,2025-01-19,Reconciled,
TXN0000908,1927138391,43309.58,43309.58,2025-04-02,2025-04-02,Reconciled,
TXN0002364,4759876088,-36634.52,-36634.52,2025-05-15,2025-05-15,Reconciled,
TXN0000011,7856770577,41817.40,41817.40,2025-01-18,2025-01-18,Reconciled,
TXN0004081,1533719845,15698.66,15698.66,2025-01-19,2025-01-19,Reconciled,
TXN0002297,5852155116,-22020.18,-22020.18,2025-03-09,2025-03-09,Reconciled,
TXN0000498,5492022473,-134.41,-134.41,2025-06-16,2025-06-18,Reconciled (Timing Difference),"Posted 2 day(s) apart -- in-transit item, not an error."
TXN0002293,7136801114,33550.99,33550.99,2025-04-20,2025-04-20,Reconciled,
TXN0002375,8185589096,-4724.57,-4724.57,2025-04-09,2025-04-10,Reconciled (Timing Difference),"Posted 1 day(s) apart -- in-transit item, not an error."
TXN0001822,2692481286,-29868.57,-29868.57,2025-01-22,2025-01-22,Reconciled,
TXN0003017,7143055804,-44353.07,-44353.07,2025-03-17,2025-03-17,Reconciled,
TXN0000263,5448736408,-30129.82,-30129.82,2025-02-10,2025-02-10,Reconciled,
TXN0005706,1582477663,-32944.34,-32944.34,2025-05-13,2025-05-13,Reconciled,
TXN0005086,4188877338,11642.41,11642.41,2025-05-29,2025-05-29,Reconciled,
TXN0004561,7790930898,-4202.92,-4202.92,2025-04-16,2025-04-17,Reconciled (Timing Difference),"Posted 1 day(s) apart -- in-transit item, not an error."
TXN0001532,2921181337,-19849.72,-19849.72,2025-02-07,2025-02-07,Reconciled,
TXN0005197,7436863408,-17103.82,-17103.82,2025-04-30,2025-04-30,Reconciled,
TXN0005645,2092811446,13325.73,13325.73,2025-06-18,2025-06-18,Reconciled,
TXN0002784,2721225272,-39873.20,,2025-04-01,,Ledger-Only (Investigate),No matching bank record found for this ledger entry.
TXN0003633,4835949168,-35479.04,-35479.04,2025-01-05,2025-01-05,Reconciled,
TXN0004374,9447616798,21028.37,21028.37,2025-02-06,2025-02-06,Reconciled,
TXN0000861,3603090195,-5136.72,-5136.72,2025-06-12,2025-06-12,Reconciled,
TXN0005661,3098665538,14456.21,14456.21,2025-03-11,2025-03-11,Reconciled,
TXN0004616,2044780625,-33720.73,-33720.73,2025-04-08,2025-04-08,Reconciled,
TXN0004866,9941958903,-8134.14,-8134.14,2025-06-07,2025-06-07,Reconciled,
TXN0003877,2010265668,11422.71,11422.71,2025-02-17,2025-02-17,Reconciled,
TXN0001747,2284481324,-16620.19,-16620.19,2025-04-20,2025-04-20,Reconciled,
TXN0002486,3179124949,2107.89,2107.89,2025-03-06,2025-03-06,Reconciled,
TXN0000576,6298745701,-40120.08,-40120.08,2025-05-12,2025-05-12,Reconciled,
TXN0005848,7837871094,33104.12,33104.12,2025-04-21,2025-04-21,Reconciled,
TXN0003405,3256035335,-9667.08,-9667.08,2025-01-28,2025-01-28,Reconciled,
TXN0003266,5075916997,3950.65,3950.65,2025-02-03,2025-02-03,Reconciled,
TXN0002738,6060080626,-7479.89,-7479.89,2025-01-29,2025-01-29,Reconciled,
TXN0001862,6089884957,-13793.60,-13793.60,2025-06-23,2025-06-26,Reconciled (Timing Difference),"Posted 3 day(s) apart -- in-transit item, not an error."
TXN0000355,4944917833,3596.35,3596.35,2025-02-05,2025-02-05,Reconciled,
TXN0000607,5533944366,-13375.16,-13375.16,2025-01-12,2025-01-12,Reconciled,
TXN0003128,9439837853,41211.63,41211.63,2025-06-25,2025-06-25,Reconciled,
TXN0000713,6035851729,-11310.32,-11310.32,2025-05-28,2025-05-31,Reconciled (Timing Difference),"Posted 3 day(s) apart -- in-transit item, not an error."
TXN0001039,5103371211,-41526.21,-41526.21,2025-06-22,2025-06-22,Reconciled,
TXN0004960,7155604711,13206.72,13436.45,2025-06-19,2025-06-19,Amount Discrepancy (Investigate),"Ledger 13206.72 vs bank 13436.45, diff -229.73."
TXN0004997,3386210163,12873.00,12873.00,2025-06-10,2025-06-13,Reconciled (Timing Difference),"Posted 3 day(s) apart -- in-transit item, not an error."
TXN0004447,5959537635,25156.22,25156.22,2025-03-22,2025-03-22,Reconciled,
TXN0003923,4711923322,32051.29,32051.29,2025-05-26,2025-05-26,Reconciled,
TXN0004924,3439853040,-9969.57,-9969.57,2025-06-25,2025-06-25,Reconciled,
TXN0002307,1540656574,-18943.17,-18943.17,2025-03-22,2025-03-22,Reconciled,
TXN0000339,8587548482,-910.77,-910.77,2025-05-10,2025-05-10,Reconciled,
TXN0002642,1413881887,11494.56,11494.56,2025-06-16,2025-06-16,Reconciled,
TXN0005427,8048298784,-12803.57,-12803.57,2025-01-27,2025-01-27,Reconciled,
TXN0003185,7180428369,35390.88,35390.88,2025-01-20,2025-01-20,Reconciled,
TXN0002885,7188317186,-12547.41,-12547.41,2025-04-19,2025-04-19,Reconciled,
TXN0003618,7056654032,-30967.39,-30967.39,2025-06-20,2025-06-20,Reconciled,
TXN0000451,2774830523,-20109.81,-20109.81,2025-01-04,2025-01-04,Reconciled,
TXN0000879,3785875720,-19565.77,-19565.77,2025-01-05,2025-01-08,Reconciled (Timing Difference),"Posted 3 day(s) apart -- in-transit item, not an error."
TXN0005377,9301862598,31265.56,31265.56,2025-01-26,2025-01-26,Reconciled,
TXN0002167,2273506327,20870.20,20870.20,2025-03-02,2025-03-02,Reconciled,
TXN0004431,7283061438,-19384.21,-19384.21,2025-03-03,2025-03-03,Reconciled,
TXN0002798,1648060591,29175.15,29175.15,2025-05-26,2025-05-26,Reconciled,
TXN0003699,9175969950,-6257.02,-6257.02,2025-05-04,2025-05-04,Reconciled,
TXN0004384,3350347340,-9921.95,-9921.95,2025-05-31,2025-05-31,Reconciled,
TXN0000406,9599191007,-21579.72,-21579.72,2025-01-16,2025-01-16,Reconciled,
TXN0005868,7559707238,-11122.23,-11122.23,2025-05-06,2025-05-06,Reconciled,
TXN0002337,3523247355,-4904.54,-4904.54,2025-02-01,2025-02-01,Reconciled,
TXN0004846,7946546169,-5218.68,-5218.68,2025-01-18,2025-01-18,Reconciled,
TXN0002289,8831096060,33014.43,33014.43,2025-03-12,2025-03-12,Reconciled,
TXN0002851,8875073269,-11522.17,-11522.17,2025-03-19,2025-03-19,Reconciled,
TXN0000439,5620035584,-24942.48,-24942.48,2025-05-20,2025-05-20,Reconciled,
TXN0005190,8251980460,-15976.25,-15976.25,2025-05-26,2025-05-26,Reconciled,
TXN0001387,3047644165,4091.95,4091.95,2025-02-09,2025-02-09,Reconciled,
TXN0004822,4914517114,43612.37,43612.37,2025-05-22,2025-05-22,Reconciled,
TXN0003277,3213277314,6516.40,6516.40,2025-03-21,2025-03-21,Reconciled,
TXN0001353,4195160340,437.60,437.60,2025-05-01,2025-05-01,Reconciled,
TXN0001278,1286813457,-35298.12,-35298.12,2025-02-19,2025-02-19,Reconciled,
TXN0002146,8652406636,-20702.10,-20702.10,2025-02-18,2025-02-18,Reconciled,
TXN0001298,4274225629,6340.13,6340.13,2025-05-25,2025-05-27,Reconciled (Timing Difference),"Posted 2 day(s) apart -- in-transit item, not an error."
TXN0005358,4363969488,-18888.03,-18888.03,2025-03-21,2025-03-22,Reconciled (Timing Difference),"Posted 1 day(s) apart -- in-transit item, not an error."
TXN0005460,7848958178,-146.81,-146.81,2025-03-10,2025-03-10,Reconciled,
TXN0003823,7214251682,31558.62,31558.62,2025-01-08,2025-01-08,Reconciled,
TXN0004760,6652648123,-8516.98,-8516.98,2025-03-20,2025-03-20,Reconciled,
TXN0001734,6032254145,-30000.69,-30000.69,2025-02-08,2025-02-08,Reconciled,
TXN0003588,5073216984,-35829.68,-35829.68,2025-01-08,2025-01-08,Reconciled,
TXN0002595,5930565713,-22698.05,-22698.05,2025-02-02,2025-02-02,Reconciled,
TXN0002649,1312400081,-30231.95,-30231.95,2025-02-06,2025-02-06,Reconciled,
TXN0004133,6763529857,-13355.69,-13355.69,2025-02-13,2025-02-13,Reconciled,
TXN0005451,4132258934,-33537.63,-33537.63,2025-06-30,2025-06-30,Reconciled,
TXN0001560,3107220349,36772.38,36772.38,2025-05-24,2025-05-24,Reconciled,
TXN0005945,1675160099,12619.26,12619.26,2025-06-04,2025-06-04,Reconciled,
TXN0004208,8370600462,-7870.64,-7870.64,2025-03-20,2025-03-20,Reconciled,
TXN0003759,3419664521,-28713.02,-28713.02,2025-02-11,2025-02-11,Reconciled,
TXN0002639,9515806205,-14771.43,-14771.43,2025-05-05,2025-05-05,Reconciled,
TXN0005764,9302338555,-37955.18,-37955.18,2025-05-18,2025-05-18,Reconciled,
TXN0005613,1294862985,-4044.73,-4044.73,2025-06-25,2025-06-25,Reconciled,
TXN0005467,7601939349,18927.80,18927.80,2025-04-18,2025-04-18,Reconciled,
TXN0004030,8386475725,14029.23,14029.23,2025-01-24,2025-01-24,Reconciled,
TXN0002466,4565089875,40421.21,40421.21,2025-06-08,2025-06-08,Reconciled,
TXN0000452,5734051500,-12521.54,-12521.54,2025-02-20,2025-02-20,Reconciled,
TXN0004515,8399040854,41737.60,41737.60,2025-05-05,2025-05-08,Reconciled (Timing Difference),"Posted 3 day(s) apart -- in-transit item, not an error."
TXN0000141,9357710042,-8150.79,-8150.79,2025-02-02,2025-02-02,Reconciled,
TXN0003566,3360818602,11240.23,11240.23,2025-04-05,2025-04-05,Reconciled,
TXN0005700,9006219198,-18030.72,-18030.72,2025-01-24,2025-01-24,Reconciled,
TXN0005109,2698841183,-24129.86,-24129.86,2025-01-20,2025-01-20,Reconciled,
TXN0004022,4093144851,-13016.19,-13016.19,2025-01-01,2025-01-01,Reconciled,
TXN0004919,3800932720,-37569.85,-37569.85,2025-02-26,2025-02-26,Reconciled,
TXN0003302,9476483331,4511.37,4511.37,2025-03-08,2025-03-08,Reconciled,
TXN0001772,2611167089,9113.03,9113.03,2025-03-21,2025-03-23,Reconciled (Timing Difference),"Posted 2 day(s) apart -- in-transit item, not an error."
TXN0001974,5851441102,-31046.30,-31046.30,2025-06-29,2025-06-29,Reconciled,
TXN0002544,4700739247,-33156.07,-33156.07,2025-02-04,2025-02-04,Reconciled,
TXN0003697,2689187012,-44271.73,,2025-06-13,,Ledger-Only (Investigate),No matching bank record found for this ledger entry.
TXN0005936,7318503723,-1734.99,-1734.99,2025-05-14,2025-05-14,Reconciled,
TXN0002867,1840032439,8272.95,8272.95,2025-01-02,2025-01-03,Reconciled (Timing Difference),"Posted 1 day(s) apart -- in-transit item, not an error."
TXN0005375,1255027829,-28670.76,-28670.76,2025-04-20,2025-04-20,Reconciled,
TXN0004137,9134463463,-29699.96,-29699.96,2025-04-07,2025-04-07,Reconciled,
TXN0000215,3971796731,-17123.29,-17123.29,2025-03-12,2025-03-12,Reconciled,
TXN0005413,8137088568,-2422.10,-2422.10,2025-01-11,2025-01-11,Reconciled,
TXN0004974,2036862966,-18428.77,-18428.77,2025-02-11,2025-02-11,Reconciled,
TXN0005973,2355432224,36209.40,36209.40,2025-05-25,2025-05-25,Reconciled,
TXN0001857,1247593284,-21334.60,-21334.60,2025-02-22,2025-02-22,Reconciled,
TXN0001498,5235288495,4566.91,4566.91,2025-01-17,2025-01-20,Reconciled (Timing Difference),"Posted 3 day(s) apart -- in-transit item, not an error."
TXN0000697,8718433845,-23835.53,-23835.53,2025-04-09,2025-04-09,Reconciled,
TXN0000295,1563945320,22303.54,22303.54,2025-04-25,2025-04-25,Reconciled,
TXN0002234,8081860979,-25334.56,-25334.56,2025-03-08,2025-03-10,Reconciled (Timing Difference),"Posted 2 day(s) apart -- in-transit item, not an error."
TXN0002979,6928389910,-17248.77,-17248.77,2025-01-29,2025-01-29,Reconciled,
TXN0004710,5179139387,-4236.64,-4236.64,2025-03-14,2025-03-14,Reconciled,
TXN0004241,7878410459,-28424.39,-28424.39,2025-06-20,2025-06-20,Reconciled,
TXN0000817,4669429746,-27553.72,-27553.72,2025-01-15,2025-01-15,Reconciled,
TXN0004557,1869489555,-11986.26,-11986.26,2025-05-02,2025-05-02,Reconciled,
TXN0005420,3982756765,28368.66,28368.66,2025-04-08,2025-04-08,Reconciled,
TXN0005871,6225026093,-27243.16,-27243.16,2025-01-28,2025-01-28,Reconciled,
TXN0004714,3720287567,-32927.25,-32927.25,2025-06-27,2025-06-27,Reconciled,
TXN0000602,2948287932,39420.03,39420.03,2025-04-13,2025-04-13,Reconciled,
TXN0003322,4532483206,-32719.34,-32719.34,2025-06-22,2025-06-22,Reconciled,
TXN0005693,7969268204,-19233.70,-19233.70,2025-03-03,2025-03-04,Reconciled (Timing Difference),"Posted 1 day(s) apart -- in-transit item, not an error."
TXN0001240,2786485108,-24334.38,-24334.38,2025-04-11,2025-04-11,Reconciled,
TXN0002934,1155072459,25006.92,25006.92,2025-04-19,2025-04-19,Reconciled,
TXN0000736,1375889495,-10091.78,-10091.78,2025-01-12,2025-01-14,Reconciled (Timing Difference),"Posted 2 day(s) apart -- in-transit item, not an error."
TXN0004689,1180299355,14945.69,14945.69,2025-01-09,2025-01-09,Reconciled,
TXN0002427,2218819507,-12765.94,-12765.94,2025-02-15,2025-02-15,Reconciled,
TXN0001380,1494481952,18448.09,18448.09,2025-06-12,2025-06-12,Reconciled,
TXN0003875,3092224319,11567.64,11567.64,2025-03-28,2025-03-28,Reconciled,
TXN0001951,6901538761,-809.65,-809.65,2025-03-21,2025-03-21,Reconciled,
TXN0001162,3872963787,-5442.28,-5442.28,2025-04-23,2025-04-23,Reconciled,
TXN0000726,4528031502,-3280.34,-3280.34,2025-05-31,2025-05-31,Reconciled,
TXN0005161,3734510891,-8242.16,-8242.16,2025-05-16,2025-05-16,Reconciled,
TXN0004633,1343199049,13833.26,13833.26,2025-05-18,2025-05-18,Reconciled,
TXN0000563,2077674123,728.88,728.88,2025-01-30,2025-01-30,Reconciled,
TXN0002462,8621478088,34174.41,34174.41,2025-04-04,2025-04-07,Reconciled (Timing Difference),"Posted 3 day(s) apart -- in-transit item, not an error."
TXN0004316,4601165095,-36746.91,-36746.91,2025-05-19,2025-05-19,Reconciled,
TXN0004649,3260945112,-28353.43,-28353.43,2025-06-26,2025-06-28,Reconciled (Timing Difference),"Posted 2 day(s) apart -- in-transit item, not an error."
TXN0003632,4966723835,-2792.65,-2792.65,2025-03-06,2025-03-06,Reconciled,
TXN0002404,7193604606,-21989.46,,2025-04-05,,Ledger-Only (Investigate),No matching bank record found for this ledger entry.
TXN0000050,5335665480,1235.00,1235.00,2025-01-10,2025-01-10,Reconciled,
TXN0001400,9058110635,-12505.97,-12505.97,2025-04-22,2025-04-22,Reconciled,
TXN0002009,1105702808,-3154.35,-3154.35,2025-01-13,2025-01-13,Reconciled,
TXN0001622,4360165104,15058.04,15058.04,2025-02-05,2025-02-07,Reconciled (Timing Difference),"Posted 2 day(s) apart -- in-transit item, not an error."
TXN0000489,8769036542,-25307.39,-25307.39,2025-06-25,2025-06-25,Reconciled,
TXN0000271,1358297428,-21166.74,-21166.74,2025-01-24,2025-01-24,Reconciled,
TXN0000253,6722240668,-37287.15,-37287.15,2025-06-04,2025-06-04,Reconciled,
TXN0004336,7760295967,-34740.64,-34740.64,2025-04-13,2025-04-13,Reconciled,
TXN0004043,4798116452,-19753.75,-19753.75,2025-02-22,2025-02-22,Reconciled,
TXN0002721,4973991102,-36152.51,-36152.51,2025-05-19,2025-05-19,Reconciled,
TXN0002429,8402070969,23632.46,23632.46,2025-05-04,2025-05-04,Reconciled,
TXN0000314,6538548253,-39126.71,-39173.04,2025-06-23,2025-06-23,Amount Discrepancy (Investigate),"Ledger -39126.71 vs bank -39173.04, diff 46.33."
TXN0005072,7192565149,-39444.82,-39444.82,2025-05-03,2025-05-05,Reconciled (Timing Difference),"Posted 2 day(s) apart -- in-transit item, not an error."
TXN0004254,2867187517,21933.28,21933.28,2025-02-16,2025-02-16,Reconciled,
TXN0005852,6923747815,-27718.49,-27718.49,2025-03-24,2025-03-24,Reconciled,
TXN0005207,9130846071,-34693.91,-34693.91,2025-06-25,2025-06-26,Reconciled (Timing Difference),"Posted 1 day(s) apart -- in-transit item, not an error."
TXN0000326,8227474536,-39034.40,-39034.40,2025-01-12,2025-01-12,Reconciled,
TXN0002626,2644598591,11161.70,11161.70,2025-02-09,2025-02-09,Reconciled,
TXN0005327,3747730922,-43862.54,-43862.54,2025-02-08,2025-02-08,Reconciled,
TXN0004629,1482853064,41129.87,41129.87,2025-04-10,2025-04-12,Reconciled (Timing Difference),"Posted 2 day(s) apart -- in-transit item, not an error."
TXN0002939,5158422617,-43144.18,-43144.18,2025-02-13,2025-02-13,Reconciled,
TXN0003783,7707080882,29689.77,29689.77,2025-05-10,2025-05-10,Reconciled,
TXN0000876,9316669975,-3834.38,-3834.38,2025-06-02,2025-06-02,Reconciled,
TXN0000081,9819599565,18157.92,18157.92,2025-05-08,2025-05-08,Reconciled,
TXN0000242,7905164576,70.71,70.71,2025-01-01,2025-01-01,Reconciled,
TXN0005429,4374980039,-2842.30,-2842.30,2025-03-06,2025-03-06,Reconciled,
TXN0003023,5155663724,-25839.48,-25839.48,2025-01-07,2025-01-07,Reconciled,
TXN0004262,5791877747,44663.39,44663.39,2025-05-05,2025-05-05,Reconciled,
TXN0002373,2231735539,-25006.44,-25006.44,2025-06-18,2025-06-18,Reconciled,
TXN0003930,7996001978,-9428.20,-9428.20,2025-04-23,2025-04-23,Reconciled,
TXN0004259,3572580085,-2258.20,-2258.20,2025-02-12,2025-02-12,Reconciled,
TXN0005543,3829177894,-8555.28,-8555.28,2025-01-21,2025-01-21,Reconciled,
TXN0000319,3980485990,360.35,360.35,2025-06-19,2025-06-19,Reconciled,
TXN0002034,2646864156,-12128.37,-12128.37,2025-03-14,2025-03-16,Reconciled (Timing Difference),"Posted 2 day(s) apart -- in-transit item, not an error."
TXN0003080,9241996776,44944.29,44944.29,2025-06-27,2025-06-27,Reconciled,
TXN0004038,1648105189,-18425.31,-18425.31,2025-05-14,2025-05-14,Reconciled,
TXN0000921,7072088816,-33972.73,-33972.73,2025-01-23,2025-01-23,Reconciled,
TXN0004664,5499644825,-2767.14,-2767.14,2025-02-16,2025-02-16,Reconciled,
TXN0000032,9069090607,28494.47,28494.47,2025-05-16,2025-05-16,Reconciled,
TXN0000502,2372942242,-4324.06,-4324.06,2025-03-18,2025-03-18,Reconciled,
TXN0000383,7983989796,-21855.69,-21855.69,2025-03-07,2025-03-07,Reconciled,
TXN0001768,5527089665,-27378.19,-27378.19,2025-05-25,2025-05-25,Reconciled,
TXN0002372,3339892837,-34338.80,-34338.80,2025-06-28,2025-06-28,Reconciled,
TXN0000369,9145031133,-13402.50,,2025-04-29,,Ledger-Only (Investigate),No matching bank record found for this ledger entry.
TXN0005325,4511847825,4193.55,4193.55,2025-04-04,2025-04-04,Reconciled,
TXN0000543,5615463340,4600.16,4600.16,2025-06-28,2025-06-28,Reconciled,
TXN0002852,8639909970,-32734.39,-32734.39,2025-01-20,2025-01-23,Reconciled (Timing Difference),"Posted 3 day(s) apart -- in-transit item, not an error."
TXN0001576,7596215058,-13062.76,-13062.76,2025-01-27,2025-01-27,Reconciled,
TXN0000841,6565045070,-15916.51,-15916.51,2025-06-10,2025-06-10,Reconciled,
TXN0001483,5803465489,-16059.97,-16059.97,2025-05-03,2025-05-03,Reconciled,
TXN0002898,1973046709,-32943.93,-32943.93,2025-03-19,2025-03-19,Reconciled,
TXN0005374,1765305524,-22923.95,-22923.95,2025-03-22,2025-03-22,Reconciled,
TXN0002971,3224211687,40308.30,40308.30,2025-04-22,2025-04-22,Reconciled,
TXN0005233,3581122078,-24947.68,,2025-06-25,,Ledger-Only (Investigate),No matching bank record found for this ledger entry.
TXN0000061,1627878853,30790.97,30790.97,2025-03-24,2025-03-24,Reconciled,
TXN0001722,7540646635,-6052.06,-6052.06,2025-02-27,2025-03-02,Reconciled (Timing Difference),"Posted 3 day(s) apart -- in-transit item, not an error."
TXN0001236,5011812849,-26215.55,-26215.55,2025-03-12,2025-03-12,Reconciled,
TXN0002759,6885851098,-38742.46,-38742.46,2025-05-27,2025-05-27,Reconciled,
TXN0004182,2241581621,-39969.18,-39969.18,2025-05-13,2025-05-13,Reconciled,
TXN0002081,5762987692,-41061.62,-41061.62,2025-01-13,2025-01-13,Reconciled,
TXN0002376,3901790210,-41428.92,-41428.92,2025-06-06,2025-06-06,Reconciled,
TXN0003036,2781870366,-17146.29,-17146.29,2025-03-04,2025-03-04,Reconciled,
TXN0000245,3775655864,-1633.35,-1633.35,2025-04-28,2025-04-28,Reconciled,
TXN0004247,9805064040,22743.16,22743.16,2025-05-23,2025-05-23,Reconciled,
TXN0001741,2750621148,-27454.89,-27454.89,2025-03-04,2025-03-04,Reconciled,
TXN0000634,6894905599,18327.65,18327.65,2025-01-31,2025-01-31,Reconciled,
TXN0002302,7794371289,17047.62,17047.62,2025-06-02,2025-06-02,Reconciled,
TXN0001103,7573580910,-21682.33,-21682.33,2025-06-26,2025-06-26,Reconciled,
TXN0003750,3770439110,35896.00,35896.00,2025-03-17,2025-03-19,Reconciled (Timing Difference),"Posted 2 day(s) apart -- in-transit item, not an error."
TXN0003883,1991617425,12740.95,12740.95,2025-01-20,2025-01-20,Reconciled,
TXN0004813,9544099184,-22888.21,-22888.21,2025-05-15,2025-05-15,Reconciled,
TXN0001646,1505996805,-6610.31,-6610.31,2025-01-02,2025-01-02,Reconciled,
TXN0004480,5204825663,-24287.60,-24287.60,2025-05-18,2025-05-18,Reconciled,
TXN0000620,5650062200,-7315.54,-7315.54,2025-05-08,2025-05-09,Reconciled (Timing Difference),"Posted 1 day(s) apart -- in-transit item, not an error."
TXN0004968,1490474824,-22718.38,-22718.38,2025-03-16,2025-03-16,Reconciled,
TXN0005898,9936695337,-7718.81,-7718.81,2025-06-17,2025-06-17,Reconciled,
TXN0004854,8665762771,-37582.94,-37582.94,2025-05-08,2025-05-08,Reconciled,
TXN0003837,2325784887,-18176.78,-18176.78,2025-03-20,2025-03-20,Reconciled,
TXN0000583,8586843107,15161.06,15161.06,2025-06-21,2025-06-21,Reconciled,
TXN0000810,9230831102,-19726.79,-19726.79,2025-06-04,2025-06-04,Reconciled,
TXN0005355,5468415257,-19326.12,-19326.12,2025-05-16,2025-05-16,Reconciled,
TXN0003139,6897455406,34849.48,34849.48,2025-04-29,2025-04-29,Reconciled,
TXN0005878,7449756859,-13847.72,-13847.72,2025-04-10,2025-04-10,Reconciled,
TXN0005302,2968072700,-8292.47,,2025-02-18,,Ledger-Only (Investigate),No matching bank record found for this ledger entry.
TXN0001767,2635509958,-44921.79,-44921.79,2025-01-08,2025-01-08,Reconciled,
TXN0001670,2375285540,-32683.17,-32683.17,2025-03-15,2025-03-15,Reconciled,
TXN0000349,9549236801,-19501.53,-19501.53,2025-04-13,2025-04-13,Reconciled,
TXN0000709,7048515725,-1027.47,-1027.47,2025-02-11,2025-02-11,Reconciled,
TXN0003742,7016097729,-4413.89,-4413.89,2025-05-13,2025-05-13,Reconciled,
TXN0001351,6149185776,-40939.25,-40939.25,2025-02-10,2025-02-10,Reconciled,
TXN0001050,5521559141,27790.39,27790.39,2025-02-13,2025-02-13,Reconciled,
TXN0004803,9089288613,-40066.53,-40066.53,2025-04-19,2025-04-19,Reconciled,
TXN0003836,3251607425,-36204.35,-36204.35,2025-03-26,2025-03-26,Reconciled,
TXN0002865,7610289269,21351.49,21351.49,2025-03-24,2025-03-24,Reconciled,
TXN0002467,9880789309,-29300.45,-29300.45,2025-04-15,2025-04-15,Reconciled,
TXN0000953,2078562829,-36312.23,-36312.23,2025-03-28,2025-03-28,Reconciled,
TXN0002748,3439225034,31302.80,31302.80,2025-04-13,2025-04-13,Reconciled,
TXN0001706,3168756002,-13976.54,-13976.54,2025-02-15,2025-02-15,Reconciled,
TXN0004703,9490450656,35047.34,35047.34,2025-06-08,2025-06-08,Reconciled,
TXN0005249,9114156312,-40685.23,-40685.23,2025-03-11,2025-03-11,Reconciled,
TXN0003806,9053812908,-23719.20,-23719.20,2025-05-29,2025-05-29,Reconciled,
TXN0001574,1079092097,-43669.66,-43669.66,2025-03-10,2025-03-10,Reconciled,
TXN0002320,9656208308,-18646.09,-18646.09,2025-03-25,2025-03-25,Reconciled,
TXN0005734,8511339234,-18644.85,-18644.85,2025-01-01,2025-01-01,Reconciled,
TXN0002310,3679296845,-163.67,-163.67,2025-01-29,2025-01-29,Reconciled,
TXN0004305,3105135703,41607.35,41838.17,2025-01-11,2025-01-11,Amount Discrepancy (Investigate),"Ledger 41607.35 vs bank 41838.17, diff -230.82."
TXN0005792,1782710399,26607.23,26607.23,2025-01-15,2025-01-18,Reconciled (Timing Difference),"Posted 3 day(s) apart -- in-transit item, not an error."
TXN0000672,6426826395,-43512.42,-43512.42,2025-06-27,2025-06-27,Reconciled,
TXN0002258,6487070831,-17968.63,-17968.63,2025-04-27,2025-04-27,Reconciled,
TXN0002956,7040016590,-18903.40,-18903.40,2025-01-05,2025-01-05,Reconciled,
TXN0000868,9269972503,39055.02,38826.12,2025-03-28,2025-03-28,Amount Discrepancy (Investigate),"Ledger 39055.02 vs bank 38826.12, diff 228.90."
TXN0001662,3416491807,15392.96,15392.96,2025-05-22,2025-05-22,Reconciled,
TXN0005679,1497725768,-37700.66,-37700.66,2025-03-23,2025-03-23,Reconciled,
TXN0000728,2769943364,-28826.14,-28826.14,2025-01-20,2025-01-21,Reconciled (Timing Difference),"Posted 1 day(s) apart -- in-transit item, not an error."
TXN0004449,5183396437,-34279.48,-34279.48,2025-05-31,2025-05-31,Reconciled,
TXN0001964,4772130097,37193.59,37193.59,2025-06-01,2025-06-01,Reconciled,
TXN0001009,1860438730,-25681.25,-25681.25,2025-03-01,2025-03-01,Reconciled,
TXN0004344,4453777298,11368.24,11368.24,2025-01-14,2025-01-14,Reconciled,
TXN0004964,1150786761,14813.57,14813.57,2025-01-13,2025-01-13,Reconciled,
TXN0004754,5197038631,41739.82,41739.82,2025-02-19,2025-02-19,Reconciled,
TXN0001069,7948478070,-15874.78,-15874.78,2025-06-27,2025-06-27,Reconciled,
TXN0000675,5232599576,-44939.27,-44939.27,2025-02-04,2025-02-04,Reconciled,
TXN0000076,5975041015,15881.43,15881.43,2025-05-09,2025-05-09,Reconciled,
TXN0000613,6115874553,-41076.31,-41076.31,2025-05-24,2025-05-24,Reconciled,
TXN0000740,6875475089,13563.18,13563.18,2025-04-28,2025-04-29,Reconciled (Timing Difference),"Posted 1 day(s) apart -- in-transit item, not an error."
TXN0004154,7557298443,-32865.92,-32865.92,2025-03-10,2025-03-10,Reconciled,
TXN0000759,3349531661,-15037.43,-15037.43,2025-06-23,2025-06-23,Reconciled,
TXN0004092,9829377769,36557.49,,2025-02-27,,Ledger-Only (Investigate),No matching bank record found for this ledger entry.
TXN0002804,3664911441,5145.51,5145.51,2025-03-26,2025-03-26,Reconciled,
TXN0002069,1115494538,8838.06,8838.06,2025-01-23,2025-01-23,Reconciled,
TXN0000837,2481532633,-38820.22,-38820.22,2025-01-29,2025-01-29,Reconciled,
TXN0003030,7043716166,-20208.86,-20208.86,2025-03-08,2025-03-08,Reconciled,
TXN0005914,9796947823,26478.18,26478.18,2025-01-17,2025-01-17,Reconciled,
TXN0002819,5214431497,-1956.19,-1956.19,2025-02-18,2025-02-18,Reconciled,
TXN0003945,2008474571,-8806.39,-8806.39,2025-01-01,2025-01-01,Reconciled,
TXN0005319,8282682410,41774.88,41774.88,2025-03-03,2025-03-04,Reconciled (Timing Difference),"Posted 1 day(s) apart -- in-transit item, not an error."
TXN0002647,9215890578,-7381.02,,2025-03-03,,Ledger-Only (Investigate),No matching bank record found for this ledger entry.
TXN0003469,8402412474,-35737.48,-35737.48,2025-02-01,2025-02-01,Reconciled,
TXN0000638,7901619068,-9302.93,-9302.93,2025-05-11,2025-05-11,Reconciled,
TXN0000211,7127363129,-9960.14,-9960.14,2025-04-12,2025-04-12,Reconciled,
TXN0001254,8986359484,-28320.81,-28320.81,2025-04-27,2025-04-27,Reconciled,
TXN0005955,4528784155,34910.77,34910.77,2025-05-29,2025-05-29,Reconciled,
TXN0003772,9299426028,-16135.77,-16135.77,2025-03-21,2025-03-23,Reconciled (Timing Difference),"Posted 2 day(s) apart -- in-transit item, not an error."
TXN0002410,9347241347,-4882.41,-4882.41,2025-02-17,2025-02-19,Reconciled (Timing Difference),"Posted 2 day(s) apart -- in-transit item, not an error."
TXN0003472,9893749227,-8346.34,-8346.34,2025-04-14,2025-04-14,Reconciled,
TXN0002644,3469714075,44105.32,44105.32,2025-04-20,2025-04-20,Reconciled,
TXN0002357,4481634327,-6573.24,-6573.24,2025-01-02,2025-01-02,Reconciled,
TXN0002051,8860647395,-11284.48,-11284.48,2025-06-09,2025-06-09,Reconciled,
TXN0000604,4685163964,-24220.18,-24220.18,2025-05-13,2025-05-13,Reconciled,
TXN0004816,1731727668,15014.92,15014.92,2025-02-08,2025-02-08,Reconciled,
TXN0000196,6768778413,-43935.63,-43935.63,2025-02-10,2025-02-10,Reconciled,
TXN0003355,4467721378,-35364.58,-35364.58,2025-05-22,2025-05-22,Reconciled,
TXN0004192,4505802832,-16935.71,-16935.71,2025-04-07,2025-04-07,Reconciled,
TXN0002569,4748578177,-28751.60,-28751.60,2025-03-19,2025-03-19,Reconciled,
TXN0003700,2020995019,-28949.59,-28949.59,2025-02-19,2025-02-19,Reconciled,
TXN0003669,3127846667,-31090.57,-31090.57,2025-01-25,2025-01-25,Reconciled,
TXN0000503,1164694217,12031.16,12031.16,2025-01-20,2025-01-20,Reconciled,
TXN0001737,5083195603,33145.61,33145.61,2025-02-22,2025-02-22,Reconciled,
TXN0005128,1405017968,-41740.98,-41740.98,2025-06-12,2025-06-13,Reconciled (Timing Difference),"Posted 1 day(s) apart -- in-transit item, not an error."
TXN0000394,4388701992,26956.41,26956.41,2025-01-21,2025-01-21,Reconciled,
TXN0001237,1571604999,-12035.82,-12035.82,2025-01-01,2025-01-01,Reconciled,
TXN0004369,2445909134,-28506.17,-28506.17,2025-03-01,2025-03-01,Reconciled,
TXN0005219,5281232557,-34119.44,-34119.44,2025-03-16,2025-03-16,Reconciled,
TXN0005566,9544493685,-10573.40,-10573.40,2025-02-24,2025-02-24,Reconciled,
TXN0001565,3110686140,34290.33,34290.33,2025-06-14,2025-06-14,Reconciled,
TXN0003816,1565869040,28341.31,,2025-05-26,,Ledger-Only (Investigate),No matching bank record found for this ledger entry.
TXN0004371,1097215394,-5395.16,-5395.16,2025-04-23,2025-04-23,Reconciled,
TXN0001673,1381893711,12207.14,12207.14,2025-04-28,2025-04-28,Reconciled,
TXN0004932,8496931907,-33466.97,-33466.97,2025-03-19,2025-03-19,Reconciled,
TXN0002424,9396896939,-21664.68,-21664.68,2025-03-10,2025-03-10,Reconciled,
TXN0001283,4221232235,-30570.61,-30570.61,2025-02-21,2025-02-23,Reconciled (Timing Difference),"Posted 2 day(s) apart -- in-transit item, not an error."
TXN0004880,3199758186,33003.69,33003.69,2025-01-26,2025-01-26,Reconciled,
TXN0005252,1642345839,-39064.44,-39064.44,2025-02-02,2025-02-03,Reconciled (Timing Difference),"Posted 1 day(s) apart -- in-transit item, not an error."
TXN0004400,9212087679,-31012.62,-31012.62,2025-06-22,2025-06-22,Reconciled,
TXN0001437,8755239799,21387.55,21387.55,2025-04-14,2025-04-14,Reconciled,
TXN0002040,3342975282,-2398.70,,2025-03-15,,Ledger-Only (Investigate),No matching bank record found for this ledger entry.
TXN0001505,6563800193,-10936.73,-10936.73,2025-03-16,2025-03-16,Reconciled,
TXN0002936,7996470949,-42087.57,-42087.57,2025-02-23,2025-02-23,Reconciled,
TXN0002889,5718523535,33469.80,33469.80,2025-03-31,2025-03-31,Reconciled,
TXN0000362,8665843329,18545.66,18545.66,2025-02-15,2025-02-15,Reconciled,
TXN0005433,9673178083,-18387.19,-18387.19,2025-02-02,2025-02-02,Reconciled,
TXN0004509,9504943025,-30142.16,-30142.16,2025-03-15,2025-03-15,Reconciled,
TXN0001524,3746376292,13231.45,13231.45,2025-03-06,2025-03-06,Reconciled,
TXN0003324,6590502238,18499.15,18499.15,2025-01-14,2025-01-14,Reconciled,
TXN0001544,1564157587,-21754.70,-21754.70,2025-02-28,2025-02-28,Reconciled,
TXN0005842,6505342457,-8392.39,-8392.39,2025-03-23,2025-03-23,Reconciled,
TXN0003161,5861391157,32709.74,32709.74,2025-02-28,2025-02-28,Reconciled,
TXN0003105,7259735253,-34417.94,-34417.94,2025-01-10,2025-01-10,Reconciled,
TXN0000425,2854834388,-14412.42,-14412.42,2025-03-19,2025-03-19,Reconciled,
TXN0005789,7108954269,31891.48,31891.48,2025-04-01,2025-04-01,Reconciled,
TXN0000066,8610390309,-39119.32,-39119.32,2025-05-13,2025-05-13,Reconciled,
TXN0005594,8558863185,5565.71,5565.71,2025-01-03,2025-01-03,Reconciled,
TXN0000527,6865682801,12237.74,12237.74,2025-02-28,2025-02-28,Reconciled,
TXN0005240,5577334186,-17317.02,,2025-03-31,,Ledger-Only (Investigate),No matching bank record found for this ledger entry.
TXN0000771,1703397324,5488.98,5488.98,2025-03-20,2025-03-20,Reconciled,
TXN0002586,2661257310,-37880.09,-37880.09,2025-05-20,2025-05-20,Reconciled,
TXN0005849,4411754150,-20252.20,-20252.20,2025-04-18,2025-04-21,Reconciled (Timing Difference),"Posted 3 day(s) apart -- in-transit item, not an error."
TXN0005018,8295409859,-26126.03,-26126.03,2025-02-09,2025-02-09,Reconciled,
TXN0001062,5509250320,-31550.27,-31550.27,2025-02-28,2025-02-28,Reconciled,
TXN0005994,8862080299,-463.29,-463.29,2025-06-06,2025-06-06,Reconciled,
TXN0002065,3013759416,24979.11,24979.11,2025-04-17,2025-04-17,Reconciled,
TXN0005266,8623493652,-3668.52,-3668.52,2025-04-11,2025-04-11,Reconciled,
TXN0002593,7025854620,-9318.65,-9318.65,2025-03-19,2025-03-19,Reconciled,
TXN0002279,4279245848,-26541.01,-26541.01,2025-04-03,2025-04-03,Reconciled,
TXN0001160,9155157025,-387.03,-387.03,2025-03-17,2025-03-17,Reconciled,
TXN0004075,8647718552,-35846.89,-35846.89,2025-02-04,2025-02-04,Reconciled,
TXN0002579,1408943672,-31218.44,-31218.44,2025-04-12,2025-04-13,Reconciled (Timing Difference),"Posted 1 day(s) apart -- in-transit item, not an error."
TXN0002482,2042817325,24224.22,24224.22,2025-06-02,2025-06-02,Reconciled,
TXN0005169,1407672109,-29304.07,-29304.07,2025-05-29,2025-05-29,Reconciled,
TXN0001288,4254150965,-35430.54,-35430.54,2025-05-13,2025-05-13,Reconciled,
TXN0000965,7727583342,-4506.09,-4506.09,2025-04-11,2025-04-11,Reconciled,
TXN0000040,6074716658,-3198.06,-3198.06,2025-03-29,2025-03-29,Reconciled,
TXN0003577,6483401968,27103.72,27103.72,2025-06-17,2025-06-17,Reconciled,
TXN0004086,2240890305,-38730.88,-38730.88,2025-06-08,2025-06-08,Reconciled,
TXN0004153,2648134595,-895.04,-895.04,2025-01-04,2025-01-04,Reconciled,
TXN0002542,7468301760,-9319.19,-9319.19,2025-06-06,2025-06-06,Reconciled,
TXN0002757,6443057355,-13127.60,-13127.60,2025-05-09,2025-05-09,Reconciled,
TXN0003352,8287291586,18298.93,18298.93,2025-05-11,2025-05-11,Reconciled,
TXN0000021,7035241032,-37339.34,-37339.34,2025-03-02,2025-03-02,Reconciled,
TXN0004494,9441735035,-14384.49,-14384.49,2025-02-19,2025-02-19,Reconciled,
TXN0001133,9023920851,-18864.36,-18864.36,2025-05-18,2025-05-18,Reconciled,
TXN0002314,3306039830,-35245.07,-35245.07,2025-03-08,2025-03-11,Reconciled (Timing Difference),"Posted 3 day(s) apart -- in-transit item, not an error."
TXN0003829,7508630265,-12766.71,-12766.71,2025-03-09,2025-03-09,Reconciled,
TXN0004217,4806112094,-5795.41,-5795.41,2025-02-19,2025-02-19,Reconciled,
TXN0001723,8716566211,20306.57,20306.57,2025-05-18,2025-05-18,Reconciled,
TXN0004893,6903208751,-43524.22,-43524.22,2025-06-18,2025-06-19,Reconciled (Timing Difference),"Posted 1 day(s) apart -- in-transit item, not an error."
TXN0003433,9567963926,33055.51,33055.51,2025-03-05,2025-03-05,Reconciled,
TXN0003026,9812823105,-3444.09,-3444.09,2025-03-23,2025-03-23,Reconciled,
TXN0004061,5365342694,-5207.59,-5207.59,2025-02-05,2025-02-05,Reconciled,
TXN0000521,6584278212,-8397.67,-8397.67,2025-01-28,2025-01-28,Reconciled,
TXN0003415,2339478295,-24634.06,-24634.06,2025-06-02,2025-06-02,Reconciled,
TXN0002953,8836281443,27940.98,27723.11,2025-04-22,2025-04-22,Amount Discrepancy (Investigate),"Ledger 27940.98 vs bank 27723.11, diff 217.87."
TXN0003451,9248043058,21211.86,21211.86,2025-01-09,2025-01-09,Reconciled,
TXN0001691,4589560050,-4219.66,-4219.66,2025-01-31,2025-01-31,Reconciled,
TXN0004875,6927681642,5793.14,5793.14,2025-04-17,2025-04-17,Reconciled,
TXN0005568,4430863157,-5779.97,-5779.97,2025-01-03,2025-01-03,Reconciled,
TXN0003718,7936818921,24201.79,24201.79,2025-04-07,2025-04-10,Reconciled (Timing Difference),"Posted 3 day(s) apart -- in-transit item, not an error."
TXN0004622,5128192421,-22213.83,-22213.83,2025-06-23,2025-06-23,Reconciled,
TXN0000133,2174104726,39668.88,39668.88,2025-04-02,2025-04-02,Reconciled,
TXN0005116,3066157249,-17624.08,-17624.08,2025-03-04,2025-03-04,Reconciled,
TXN0003536,6901969329,-8343.75,-8343.75,2025-01-02,2025-01-02,Reconciled,
TXN0005065,6978507608,-33232.09,-33232.09,2025-04-18,2025-04-18,Reconciled,
TXN0001329,1651380363,-34225.75,-34225.75,2025-02-06,2025-02-06,Reconciled,
TXN0005681,6714529599,3606.15,3606.15,2025-05-03,2025-05-05,Reconciled (Timing Difference),"Posted 2 day(s) apart -- in-transit item, not an error."
TXN0003343,7535814289,-30111.26,-30111.26,2025-06-23,2025-06-23,Reconciled,
TXN0000094,3283551461,-19614.71,-19614.71,2025-06-21,2025-06-21,Reconciled,
TXN0001915,4945405406,-26007.31,-26007.31,2025-02-21,2025-02-21,Reconciled,
TXN0002577,1062842983,3078.14,3078.14,2025-05-31,2025-05-31,Reconciled,
TXN0005386,7254341807,6494.95,6494.95,2025-03-13,2025-03-13,Reconciled,
TXN0005571,9647705438,12384.40,12384.40,2025-06-02,2025-06-05,Reconciled (Timing Difference),"Posted 3 day(s) apart -- in-transit item, not an error."
TXN0000633,4373719257,-8504.69,-8504.69,2025-05-31,2025-05-31,Reconciled,
TXN0004054,1443363821,-44068.13,-44068.13,2025-01-04,2025-01-05,Reconciled (Timing Difference),"Posted 1 day(s) apart -- in-transit item, not an error."
TXN0002401,4413979728,-1664.86,-1664.86,2025-05-29,2025-05-29,Reconciled,
TXN0000501,3547834877,-9264.05,-9264.05,2025-03-29,2025-03-29,Reconciled,
TXN0000725,6895732590,6161.28,6161.28,2025-04-02,2025-04-02,Reconciled,
TXN0002679,9324651570,539.66,539.66,2025-02-02,2025-02-02,Reconciled,
TXN0004753,7482421891,-9339.29,-9339.29,2025-06-06,2025-06-06,Reconciled,
TXN0003367,3373573523,37505.31,37505.31,2025-01-20,2025-01-20,Reconciled,
TXN0004486,5422844462,-40919.37,-40919.37,2025-05-16,2025-05-16,Reconciled,
TXN0002983,3725612998,-39199.90,-39199.90,2025-02-18,2025-02-21,Reconciled (Timing Difference),"Posted 3 day(s) apart -- in-transit item, not an error."
TXN0000463,4145448588,-33129.36,-33129.36,2025-01-28,2025-01-28,Reconciled,
TXN0003014,6366855956,25618.19,,2025-03-12,,Ledger-Only (Investigate),No matching bank record found for this ledger entry.
TXN0004823,5362257250,-6101.50,-6101.50,2025-01-31,2025-01-31,Reconciled,
TXN0000438,5616851079,27490.13,,2025-05-11,,Ledger-Only (Investigate),No matching bank record found for this ledger entry.
TXN0002944,9626385533,21420.30,21420.30,2025-03-25,2025-03-25,Reconciled,
TXN0001522,4447116598,-2795.90,-2795.90,2025-03-23,2025-03-23,Reconciled,
TXN0001101,3011603976,-17661.71,-17661.71,2025-04-22,2025-04-22,Reconciled,
TXN0005885,2305504087,-44516.32,-44516.32,2025-05-17,2025-05-19,Reconciled (Timing Difference),"Posted 2 day(s) apart -- in-transit item, not an error."
TXN0004966,6358222952,-31578.42,-31578.42,2025-02-06,2025-02-06,Reconciled,
TXN0003919,4050178638,13105.61,13105.61,2025-06-02,2025-06-02,Reconciled,
TXN0001295,2720430422,37514.30,37514.30,2025-02-02,2025-02-02,Reconciled,
TXN0002250,1019733137,20588.69,20588.69,2025-03-23,2025-03-23,Reconciled,
TXN0004093,2367345957,-17623.93,-17623.93,2025-04-02,2025-04-02,Reconciled,
TXN0002630,2907949110,29239.60,29239.60,2025-05-04,2025-05-04,Reconciled,
TXN0000239,3761101149,-15395.79,-15395.79,2025-03-06,2025-03-06,Reconciled,
TXN0000808,2991982566,-28945.87,-28945.87,2025-01-06,2025-01-06,Reconciled,
TXN0000045,9287033584,655.21,655.21,2025-03-04,2025-03-04,Reconciled,
TXN0004586,7602183913,12003.03,12003.03,2025-03-29,2025-03-29,Reconciled,
TXN0003948,3310250634,29273.41,29273.41,2025-04-13,2025-04-14,Reconciled (Timing Difference),"Posted 1 day(s) apart -- in-transit item, not an error."
TXN0005391,4917786356,5108.27,5108.27,2025-03-30,2025-03-30,Reconciled,
TXN0002052,2017434840,34561.92,34561.92,2025-04-28,2025-04-28,Reconciled,
TXN0003781,5373584186,-11534.00,-11534.00,2025-04-25,2025-04-25,Reconciled,
TXN0002911,6950149144,-8486.38,-8486.38,2025-04-26,2025-04-26,Reconciled,
TXN0005919,3918216033,-43694.40,-43694.40,2025-04-20,2025-04-20,Reconciled,
TXN0000833,6019382137,13167.77,13167.77,2025-02-17,2025-02-17,Reconciled,
TXN0000629,7380897422,-15706.77,-15706.77,2025-05-27,2025-05-27,Reconciled,
TXN0004056,5735365429,-44125.68,-44125.68,2025-05-08,2025-05-08,Reconciled,
TXN0000804,1105498714,-28913.54,-28913.54,2025-01-25,2025-01-25,Reconciled,
TXN0001012,3481112314,37740.91,37740.91,2025-04-03,2025-04-03,Reconciled,
TXN0004360,1489101335,-44734.14,-44734.14,2025-04-13,2025-04-13,Reconciled,
TXN0002683,7618550437,4696.34,4696.34,2025-01-13,2025-01-13,Reconciled,
TXN0004555,9914455894,-28806.16,-28806.16,2025-01-15,2025-01-15,Reconciled,
TXN0001689,4145980119,-22274.71,-22274.71,2025-05-21,2025-05-21,Reconciled,
TXN0002249,6694727831,2016.25,2016.25,2025-02-26,2025-02-26,Reconciled,
TXN0000872,3516522100,-39241.58,-39241.58,2025-02-03,2025-02-05,Reconciled (Timing Difference),"Posted 2 day(s) apart -- in-transit item, not an error."
TXN0005558,7787726926,31520.65,31520.65,2025-03-14,2025-03-14,Reconciled,
TXN0000741,6260764046,-42699.95,-42724.41,2025-05-06,2025-05-06,Amount Discrepancy (Investigate),"Ledger -42699.95 vs bank -42724.41, diff 24.46."
TXN0003617,1303433475,-24464.97,-24464.97,2025-01-04,2025-01-04,Reconciled,
TXN0000996,5409721767,-44532.03,-44532.03,2025-02-23,2025-02-23,Reconciled,
TXN0000526,1272732666,3207.00,3207.00,2025-04-16,2025-04-16,Reconciled,
TXN0000701,4930938878,-32319.75,-32319.75,2025-03-06,2025-03-08,Reconciled (Timing Difference),"Posted 2 day(s) apart -- in-transit item, not an error."
TXN0001227,2922896539,20474.84,20474.84,2025-05-07,2025-05-07,Reconciled,
TXN0005372,5293329415,4643.26,4643.26,2025-05-17,2025-05-17,Reconciled,
TXN0002929,4467784468,29734.60,29734.60,2025-02-05,2025-02-05,Reconciled,
TXN0002794,8467770607,-34606.39,-34606.39,2025-03-31,2025-03-31,Reconciled,
TXN0004670,5902443926,7168.69,7168.69,2025-02-27,2025-02-27,Reconciled,
TXN0001656,2492826269,-14318.81,-14318.81,2025-05-22,2025-05-22,Reconciled,
TXN0002130,9599562872,-8539.52,,2025-03-11,,Ledger-Only (Investigate),No matching bank record found for this ledger entry.
TXN0003434,4740365522,38002.21,38002.21,2025-04-27,2025-04-27,Reconciled,
TXN0005625,5376916750,-2605.66,-2605.66,2025-01-17,2025-01-17,Reconciled,
TXN0005487,6644275699,-22350.56,-22350.56,2025-01-04,2025-01-04,Reconciled,
TXN0003535,4200000895,-23414.04,-23414.04,2025-02-14,2025-02-14,Reconciled,
TXN0001398,3327372890,-12467.02,-12467.02,2025-04-03,2025-04-03,Reconciled,
TXN0005907,8533719417,30638.88,30638.88,2025-04-09,2025-04-09,Reconciled,
TXN0000316,5016842765,-14590.18,-14590.18,2025-04-08,2025-04-08,Reconciled,
TXN0005509,5519004546,-756.88,-756.88,2025-05-04,2025-05-04,Reconciled,
TXN0005960,1793156494,41497.59,41497.59,2025-06-11,2025-06-11,Reconciled,
TXN0003389,8267439918,-25194.16,-25194.16,2025-04-05,2025-04-06,Reconciled (Timing Difference),"Posted 1 day(s) apart -- in-transit item, not an error."
TXN0002257,6523689201,-15388.79,-15388.79,2025-06-10,2025-06-10,Reconciled,
TXN0003615,9656722235,-3151.58,-3151.58,2025-03-01,2025-03-01,Reconciled,
TXN0004370,8110890593,-33921.91,-33921.91,2025-01-17,2025-01-17,Reconciled,
TXN0002857,6683596976,36408.34,36408.34,2025-03-18,2025-03-18,Reconciled,
TXN0001609,7059565734,-31298.81,-31298.81,2025-01-18,2025-01-18,Reconciled,
TXN0002155,7220986361,-24659.63,-24659.63,2025-05-20,2025-05-20,Reconciled,
TXN0000799,5765424629,-32952.14,-32952.14,2025-06-12,2025-06-12,Reconciled,
TXN0002288,6745756697,-5926.07,-5926.07,2025-05-28,2025-05-28,Reconciled,
TXN0000216,2072571500,-40976.52,-40976.52,2025-06-13,2025-06-13,Reconciled,
TXN0001452,1882506053,-44761.70,-44761.70,2025-02-09,2025-02-11,Reconciled (Timing Difference),"Posted 2 day(s) apart -- in-transit item, not an error."
TXN0004169,4577786529,3526.88,3526.88,2025-02-12,2025-02-12,Reconciled,
TXN0001928,2960478682,-11350.86,-11350.86,2025-02-03,2025-02-03,Reconciled,
TXN0000130,9556847957,14064.15,14064.15,2025-01-18,2025-01-18,Reconciled,
TXN0004982,5731687194,-33870.86,-33870.86,2025-05-09,2025-05-09,Reconciled,
TXN0002317,9093583309,22731.90,22731.90,2025-05-05,2025-05-05,Reconciled,
TXN0005993,4004960012,41039.22,41039.22,2025-01-18,2025-01-18,Reconciled,
TXN0002011,6799344306,28122.80,28122.80,2025-05-25,2025-05-25,Reconciled,
TXN0005457,2035448177,-17108.14,-17108.14,2025-05-23,2025-05-23,Reconciled,
TXN0000373,2185967890,-33560.67,-33560.67,2025-02-22,2025-02-22,Reconciled,
TXN0001473,8021898882,-16687.77,-16687.77,2025-02-16,2025-02-16,Reconciled,
TXN0003205,8728329631,-29005.07,-29005.07,2025-04-18,2025-04-18,Reconciled,
TXN0003982,7141417657,-5280.94,-5280.94,2025-01-05,2025-01-06,Reconciled (Timing Difference),"Posted 1 day(s) apart -- in-transit item, not an error."
TXN0002171,4762637528,28958.56,28958.56,2025-06-07,2025-06-07,Reconciled,
TXN0002568,6914314991,-38618.33,-38618.33,2025-04-30,2025-04-30,Reconciled,
TXN0001627,2405311499,28705.80,28705.80,2025-04-17,2025-04-17,Reconciled,
TXN0000213,5081700854,23785.33,23785.33,2025-05-07,2025-05-07,Reconciled,
TXN0001997,6137737705,-14223.04,-14223.04,2025-05-31,2025-05-31,Reconciled,
TXN0000878,2459654420,-11228.08,-11228.08,2025-05-04,2025-05-04,Reconciled,
TXN0005331,2594842695,31605.79,31605.79,2025-06-11,2025-06-11,Reconciled,
TXN0004162,4181480973,43387.13,43387.13,2025-06-29,2025-06-29,Reconciled,
TXN0005172,4018995294,15067.45,15067.45,2025-06-10,2025-06-10,Reconciled,
TXN0004460,5307788869,-29384.91,-29384.91,2025-06-06,2025-06-06,Reconciled,
TXN0004229,9812052039,-19373.67,-19373.67,2025-01-19,2025-01-19,Reconciled,
TXN0000756,8345782900,13584.63,13584.63,2025-02-22,2025-02-22,Reconciled,
TXN0003384,1186730363,3287.04,3287.04,2025-04-27,2025-04-27,Reconciled,
TXN0003584,1120040605,-11824.87,-11824.87,2025-01-06,2025-01-06,Reconciled,
TXN0003670,4653674408,38762.40,38762.40,2025-05-09,2025-05-09,Reconciled,
TXN0005030,4130655321,-39568.99,-39568.99,2025-02-22,2025-02-22,Reconciled,
TXN0001652,5161647665,-14419.54,-14419.54,2025-03-17,2025-03-17,Reconciled,
TXN0001619,8418798847,-31323.06,-31323.06,2025-04-30,2025-04-30,Reconciled,
TXN0001694,8815480150,-29881.23,-29881.23,2025-04-03,2025-04-03,Reconciled,
TXN0004639,5343294927,-15233.35,-15233.35,2025-04-06,2025-04-06,Reconciled,
TXN0003808,7690847757,13200.82,13200.82,2025-06-01,2025-06-01,Reconciled,
TXN0003729,3174218605,-24562.61,-24562.61,2025-02-04,2025-02-04,Reconciled,
TXN0001312,2970209105,9172.84,9172.84,2025-03-07,2025-03-07,Reconciled,
TXN0004463,6582301748,-21066.26,-21066.26,2025-03-10,2025-03-10,Reconciled,
TXN0003695,7185493129,44324.75,44324.75,2025-03-12,2025-03-14,Reconciled (Timing Difference),"Posted 2 day(s) apart -- in-transit item, not an error."
TXN0004141,8235293830,38553.73,38791.54,2025-06-29,2025-06-29,Amount Discrepancy (Investigate),"Ledger 38553.73 vs bank 38791.54, diff -237.81."
TXN0004510,6296216987,-884.42,-884.42,2025-05-06,2025-05-06,Reconciled,
TXN0003344,6391286991,-16697.32,-16697.32,2025-04-10,2025-04-12,Reconciled (Timing Difference),"Posted 2 day(s) apart -- in-transit item, not an error."
TXN0003604,9741665003,-25786.23,-25786.23,2025-02-01,2025-02-01,Reconciled,
TXN0004105,2210668935,-22401.12,-22401.12,2025-03-07,2025-03-07,Reconciled,
TXN0000592,8539844976,-8484.10,-8484.10,2025-06-02,2025-06-02,Reconciled,
TXN0001702,4975862395,-4906.35,-4906.35,2025-05-22,2025-05-22,Reconciled,
TXN0004954,5387525551,-42844.23,-42844.23,2025-05-02,2025-05-02,Reconciled,
TXN0005548,8223338838,-38789.43,-38789.43,2025-03-25,2025-03-25,Reconciled,
TXN0005574,8010262894,-27016.16,-27016.16,2025-04-09,2025-04-12,Reconciled (Timing Difference),"Posted 3 day(s) apart -- in-transit item, not an error."
TXN0000324,1660360418,-23279.37,-23279.37,2025-03-16,2025-03-16,Reconciled,
TXN0004922,2422641848,-32941.09,-32941.09,2025-03-13,2025-03-14,Reconciled (Timing Difference),"Posted 1 day(s) apart -- in-transit item, not an error."
TXN0001018,9955224036,-4621.27,-4517.05,2025-06-19,2025-06-19,Amount Discrepancy (Investigate),"Ledger -4621.27 vs bank -4517.05, diff -104.22."
TXN0001631,2753995183,21153.62,21153.62,2025-02-08,2025-02-08,Reconciled,
TXN0001710,7493817905,-39879.42,-39879.42,2025-01-20,2025-01-20,Reconciled,
TXN0002312,2582401272,-27696.33,-27696.33,2025-03-20,2025-03-20,Reconciled,
TXN0001488,6367296396,-1045.99,-1045.99,2025-04-17,2025-04-17,Reconciled,
TXN0000889,9283245214,-10391.64,-10391.64,2025-06-24,2025-06-24,Reconciled,
TXN0001470,6473815383,35583.05,35583.05,2025-04-21,2025-04-21,Reconciled,
TXN0005887,7342618151,16867.81,16867.81,2025-01-06,2025-01-06,Reconciled,
TXN0001503,4733405404,-34029.45,-34029.45,2025-03-08,2025-03-08,Reconciled,
TXN0004203,2176273092,15456.53,15456.53,2025-06-25,2025-06-25,Reconciled,
TXN0000456,4560822438,-27080.98,-27080.98,2025-02-25,2025-02-25,Reconciled,
TXN0000995,2742360047,-19291.78,-19291.78,2025-03-15,2025-03-15,Reconciled,
TXN0002134,8954112207,-34115.47,-34115.47,2025-04-24,2025-04-24,Reconciled,
TXN0001921,7644071288,-16401.50,-16401.50,2025-06-15,2025-06-15,Reconciled,
TXN0002582,9770892506,-6513.10,-6513.10,2025-04-08,2025-04-09,Reconciled (Timing Difference),"Posted 1 day(s) apart -- in-transit item, not an error."
TXN0001777,2981029371,-29006.09,-29006.09,2025-04-08,2025-04-08,Reconciled,
TXN0004584,6533354960,-5578.92,-5578.92,2025-04-27,2025-04-29,Reconciled (Timing Difference),"Posted 2 day(s) apart -- in-transit item, not an error."
TXN0001587,7592416887,-39644.58,-39644.58,2025-01-08,2025-01-08,Reconciled,
TXN0004053,6715684985,-21358.37,-21358.37,2025-06-11,2025-06-11,Reconciled,
TXN0002398,4868906328,29957.74,29957.74,2025-06-01,2025-06-02,Reconciled (Timing Difference),"Posted 1 day(s) apart -- in-transit item, not an error."
TXN0002147,3229730546,43266.63,43266.63,2025-06-29,2025-06-29,Reconciled,
TXN0002846,7831590895,32922.55,32922.55,2025-01-18,2025-01-18,Reconciled,
TXN0001714,8530025960,-40117.09,-40117.09,2025-04-01,2025-04-01,Reconciled,
TXN0001922,3680214318,-29169.58,-29169.58,2025-05-20,2025-05-20,Reconciled,
TXN0002318,5138473587,-36455.81,-36455.81,2025-05-01,2025-05-01,Reconciled,
TXN0002818,8673085335,-32034.81,,2025-04-25,,Ledger-Only (Investigate),No matching bank record found for this ledger entry.
TXN0000317,1119098079,-6136.58,-6136.58,2025-05-21,2025-05-21,Reconciled,
TXN0002189,6152347998,-39802.86,-39802.86,2025-02-11,2025-02-12,Reconciled (Timing Difference),"Posted 1 day(s) apart -- in-transit item, not an error."
TXN0001607,6202073653,-18574.29,-18574.29,2025-06-08,2025-06-08,Reconciled,
TXN0002157,1421156669,-16027.38,-16027.38,2025-06-09,2025-06-09,Reconciled,
TXN0004904,5326087716,29563.69,29563.69,2025-05-15,2025-05-15,Reconciled,
TXN0003627,9967724114,-39434.47,-39434.47,2025-01-29,2025-01-29,Reconciled,
TXN0001280,8014389879,-24310.72,-24310.72,2025-01-02,2025-01-02,Reconciled,
TXN0002607,8653334634,-18423.84,-18423.84,2025-06-03,2025-06-05,Reconciled (Timing Difference),"Posted 2 day(s) apart -- in-transit item, not an error."
TXN0003296,1468918356,-171.12,-171.12,2025-04-24,2025-04-24,Reconciled,
TXN0000659,2270864938,-23814.97,-23814.97,2025-02-27,2025-02-27,Reconciled,
TXN0005251,9609504143,-32062.02,-32062.02,2025-03-08,2025-03-08,Reconciled,
TXN0002609,5735391808,-18019.83,-18019.83,2025-06-20,2025-06-20,Reconciled,
TXN0004626,1197916094,20099.85,20099.85,2025-03-29,2025-03-29,Reconciled,
TXN0003222,4075263886,-10122.17,-10122.17,2025-06-20,2025-06-20,Reconciled,
TXN0002253,4169062075,38577.29,38577.29,2025-01-14,2025-01-17,Reconciled (Timing Difference),"Posted 3 day(s) apart -- in-transit item, not an error."
TXN0000162,5896355641,36057.37,35847.69,2025-04-24,2025-04-24,Amount Discrepancy (Investigate),"Ledger 36057.37 vs bank 35847.69, diff 209.68."
TXN0003966,4061499961,35922.75,35922.75,2025-06-09,2025-06-09,Reconciled,
TXN0001980,3841089625,-20416.68,-20416.68,2025-06-11,2025-06-11,Reconciled,
TXN0003678,2985970750,-6543.26,-6543.26,2025-04-06,2025-04-06,Reconciled,
TXN0001028,8872967650,-8406.72,-8406.72,2025-05-25,2025-05-25,Reconciled,
TXN0001600,7381111965,-369.09,-369.09,2025-06-29,2025-06-29,Reconciled,
TXN0003150,3950981854,-36163.94,-36163.94,2025-05-16,2025-05-16,Reconciled,
TXN0004317,1930813765,-13552.92,-13552.92,2025-05-08,2025-05-08,Reconciled,
TXN0001977,3105989133,-16180.55,-16180.55,2025-02-14,2025-02-14,Reconciled,
TXN0001331,4143392113,38536.68,38536.68,2025-06-27,2025-06-27,Reconciled,
TXN0000673,2609634727,-5428.14,-5428.14,2025-01-17,2025-01-17,Reconciled,
TXN0000069,6629614125,-44877.14,-44877.14,2025-06-20,2025-06-20,Reconciled,
TXN0004752,8573319933,-4591.93,-4591.93,2025-06-03,2025-06-03,Reconciled,
TXN0002651,7371392746,-38983.43,-38983.43,2025-05-15,2025-05-15,Reconciled,
TXN0004723,8043618848,-7012.35,-7012.35,2025-06-10,2025-06-11,Reconciled (Timing Difference),"Posted 1 day(s) apart -- in-transit item, not an error."
TXN0002917,1752046382,-44123.81,-44123.81,2025-05-30,2025-05-30,Reconciled,
TXN0005751,6301077084,-15695.10,-15695.10,2025-03-26,2025-03-26,Reconciled,
TXN0000548,3391644997,7553.44,7553.44,2025-04-09,2025-04-09,Reconciled,
TXN0003586,9210666959,-43204.99,-43204.99,2025-05-15,2025-05-15,Reconciled,
TXN0005176,9759055725,41907.83,41907.83,2025-05-21,2025-05-24,Reconciled (Timing Difference),"Posted 3 day(s) apart -- in-transit item, not an error."
TXN0003900,1237081050,-28418.27,-28418.27,2025-05-16,2025-05-16,Reconciled,
TXN0000657,1898845699,-11383.74,-11383.74,2025-05-07,2025-05-07,Reconciled,
TXN0005459,4766333574,35456.04,35456.04,2025-06-22,2025-06-22,Reconciled,
TXN0005643,4297696286,20757.80,20757.80,2025-05-25,2025-05-25,Reconciled,
TXN0004269,2789615147,-34331.64,-34331.64,2025-02-26,2025-02-26,Reconciled,
TXN0003780,4284487746,-7815.74,-7815.74,2025-05-21,2025-05-21,Reconciled,
TXN0001051,6073672078,-37414.18,,2025-02-13,,Ledger-Only (Investigate),No matching bank record found for this ledger entry.
TXN0005590,2261879708,7087.52,7087.52,2025-05-06,2025-05-06,Reconciled,
TXN0005843,1587433630,-6784.65,-6784.65,2025-01-17,2025-01-17,Reconciled,
TXN0001391,1256534145,-19837.78,-19837.78,2025-01-22,2025-01-22,Reconciled,
TXN0001456,5186402215,-12203.78,-12203.78,2025-05-23,2025-05-23,Reconciled,
TXN0002835,4382231169,32834.85,32834.85,2025-04-03,2025-04-03,Reconciled,
TXN0005980,9689941759,-34061.41,-34061.41,2025-05-24,2025-05-24,Reconciled,
TXN0001258,8104464403,-10464.64,-10464.64,2025-05-25,2025-05-25,Reconciled,
TXN0005736,5330515406,-10483.65,-10483.65,2025-03-02,2025-03-02,Reconciled,
TXN0003101,6294595452,5027.34,5027.34,2025-06-05,2025-06-05,Reconciled,
TXN0001758,8111382052,-44610.47,-44610.47,2025-03-06,2025-03-06,Reconciled,
TXN0005797,8032352404,-15634.18,-15634.18,2025-05-24,2025-05-24,Reconciled,
TXN0001935,3850736355,-40429.16,-40429.16,2025-02-12,2025-02-12,Reconciled,
TXN0002341,9806536934,1665.29,1665.29,2025-01-12,2025-01-12,Reconciled,
TXN0001401,1771194937,-30526.10,-30526.10,2025-05-07,2025-05-07,Reconciled,
TXN0002848,7200789872,-2225.96,,2025-02-26,,Ledger-Only (Investigate),No matching bank record found for this ledger entry.
TXN0001301,5705135044,-43746.72,-43746.72,2025-01-22,2025-01-22,Reconciled,
TXN0001547,4751763012,-15976.52,-15976.52,2025-02-13,2025-02-13,Reconciled,
TXN0002555,5435384196,15703.59,15703.59,2025-06-05,2025-06-05,Reconciled,
TXN0001852,5355023227,-36814.80,-36814.80,2025-01-27,2025-01-27,Reconciled,
TXN0005791,6335936321,-32818.46,-32818.46,2025-04-17,2025-04-17,Reconciled,
TXN0003971,2122324154,-25492.75,-25492.75,2025-06-08,2025-06-08,Reconciled,
TXN0000569,9653831685,9495.72,9495.72,2025-04-24,2025-04-24,Reconciled,
TXN0003898,2140824160,-4298.15,-4298.15,2025-06-02,2025-06-02,Reconciled,
TXN0004527,1706777080,-1617.27,-1617.27,2025-04-19,2025-04-19,Reconciled,
TXN0001802,9482903186,-3223.46,-3223.46,2025-02-19,2025-02-19,Reconciled,
TXN0001311,9741086677,22479.37,22479.37,2025-05-24,2025-05-24,Reconciled,
TXN0000309,9088702547,44451.58,44451.58,2025-05-26,2025-05-26,Reconciled,
TXN0001099,4315859137,-24693.83,,2025-04-02,,Ledger-Only (Investigate),No matching bank record found for this ledger entry.
TXN0004836,1550136727,-43663.73,-43663.73,2025-06-26,2025-06-29,Reconciled (Timing Difference),"Posted 3 day(s) apart -- in-transit item, not an error."
TXN0003135,6853073118,6428.53,6428.53,2025-01-18,2025-01-18,Reconciled,
TXN0003370,2332501420,37510.46,37510.46,2025-01-11,2025-01-11,Reconciled,
TXN0001934,6955549970,29317.45,29317.45,2025-06-01,2025-06-01,Reconciled,
TXN0001122,5872955782,17004.37,17120.58,2025-03-21,2025-03-21,Amount Discrepancy (Investigate),"Ledger 17004.37 vs bank 17120.58, diff -116.21."
TXN0001764,3018760051,-8398.84,-8398.84,2025-04-28,2025-04-28,Reconciled,
TXN0005564,9828512279,-16858.85,-16858.85,2025-06-07,2025-06-07,Reconciled,
TXN0000402,9314083071,-308.43,-308.43,2025-03-31,2025-03-31,Reconciled,
TXN0003569,1161406027,-27033.66,-27033.66,2025-03-31,2025-03-31,Reconciled,
TXN0005222,3390839246,-17914.01,-17914.01,2025-04-23,2025-04-23,Reconciled,
TXN0001389,7400569931,-27258.62,-27258.62,2025-05-15,2025-05-15,Reconciled,
TXN0002426,5853133946,13226.59,13226.59,2025-03-01,2025-03-01,Reconciled,
TXN0005435,5488086518,-43089.34,-43089.34,2025-06-29,2025-06-29,Reconciled,
TXN0005684,4841859132,-27100.09,-27100.09,2025-03-11,2025-03-11,Reconciled,
TXN0001029,4220832116,-38842.63,-38842.63,2025-05-09,2025-05-09,Reconciled,
TXN0000981,4120554054,-27334.43,-27334.43,2025-02-24,2025-02-24,Reconciled,
TXN0001514,3910697236,-12858.95,-12858.95,2025-04-06,2025-04-06,Reconciled,
TXN0005229,4514460541,-2314.83,-2314.83,2025-01-29,2025-01-29,Reconciled,
TXN0005841,1100964438,-8048.29,-8048.29,2025-04-22,2025-04-22,Reconciled,
TXN0001606,3333507516,-13671.81,-13671.81,2025-03-31,2025-03-31,Reconciled,
TXN0001563,9280733482,31196.46,31196.46,2025-02-15,2025-02-15,Reconciled,
TXN0003992,2044854736,-40251.48,-40251.48,2025-02-02,2025-02-02,Reconciled,
TXN0003537,9913731936,39647.63,39647.63,2025-01-04,2025-01-04,Reconciled,
TXN0000753,9089304785,-39909.63,-39909.63,2025-01-10,2025-01-10,Reconciled,
TXN0004367,1065436107,35632.91,35632.91,2025-04-07,2025-04-07,Reconciled,
TXN0005107,8292409398,14776.34,14776.34,2025-05-16,2025-05-16,Reconciled,
TXN0001986,7040599739,-39110.06,-39110.06,2025-02-21,2025-02-21,Reconciled,
TXN0002731,1017265386,4078.93,4078.93,2025-02-14,2025-02-14,Reconciled,
TXN0004945,1231942405,-8596.66,-8596.66,2025-05-19,2025-05-19,Reconciled,
TXN0001030,8481418297,-17374.25,-17374.25,2025-06-07,2025-06-07,Reconciled,
TXN0002938,3570244019,-5019.57,-5019.57,2025-01-11,2025-01-11,Reconciled,
TXN0004324,8555925357,16002.96,16002.96,2025-01-19,2025-01-19,Reconciled,
TXN0002184,5601296053,34209.70,34209.70,2025-01-18,2025-01-18,Reconciled,
TXN0000350,2043491301,-4227.26,-4227.26,2025-04-01,2025-04-01,Reconciled,
TXN0000591,1074858817,1718.64,1718.64,2025-03-14,2025-03-14,Reconciled,
TXN0000687,8510673771,23102.48,23102.48,2025-03-15,2025-03-15,Reconciled,
TXN0005257,8007523960,13963.01,13963.01,2025-05-09,2025-05-09,Reconciled,
TXN0003027,1379948232,-1504.45,-1504.45,2025-02-20,2025-02-20,Reconciled,
TXN0004280,6016877798,-9375.10,-9375.10,2025-03-12,2025-03-12,Reconciled,
TXN0005970,2453741023,21261.89,21261.89,2025-04-19,2025-04-19,Reconciled,
TXN0005983,4419983856,10906.13,10906.13,2025-01-21,2025-01-21,Reconciled,
TXN0002524,7228822346,9890.54,9890.54,2025-02-15,2025-02-15,Reconciled,
TXN0004329,8221370085,-29725.28,-29725.28,2025-02-24,2025-02-27,Reconciled (Timing Difference),"Posted 3 day(s) apart -- in-transit item, not an error."
TXN0003399,1827790570,-2198.06,-2198.06,2025-06-24,2025-06-24,Reconciled,
TXN0002832,4899468732,-22644.06,-22644.06,2025-01-27,2025-01-27,Reconciled,
TXN0003061,4458690408,-24222.22,-24222.22,2025-05-20,2025-05-22,Reconciled (Timing Difference),"Posted 2 day(s) apart -- in-transit item, not an error."
TXN0002740,4596099484,19457.44,19457.44,2025-04-25,2025-04-25,Reconciled,
TXN0002736,1741988958,27570.72,27570.72,2025-01-17,2025-01-17,Reconciled,
TXN0005341,8900749802,-26939.02,-26939.02,2025-02-13,2025-02-13,Reconciled,
TXN0003651,4119185245,3763.70,3763.70,2025-03-26,2025-03-26,Reconciled,
TXN0004074,8014205722,-20236.05,-20236.05,2025-02-01,2025-02-01,Reconciled,
TXN0003721,3014538711,-12638.88,-12638.88,2025-06-26,2025-06-26,Reconciled,
TXN0003437,8688282527,-13061.53,-13061.53,2025-03-30,2025-03-30,Reconciled,
TXN0003452,4778922941,32737.22,32737.22,2025-03-26,2025-03-28,Reconciled (Timing Difference),"Posted 2 day(s) apart -- in-transit item, not an error."
TXN0002676,5646138143,28303.56,28220.02,2025-03-18,2025-03-18,Amount Discrepancy (Investigate),"Ledger 28303.56 vs bank 28220.02, diff 83.54."
TXN0004967,4925893253,-8998.66,-8998.66,2025-06-05,2025-06-05,Reconciled,
TXN0003069,7579660033,-15882.59,-15882.59,2025-05-23,2025-05-23,Reconciled,
TXN0004132,4891623023,35028.97,35028.97,2025-01-04,2025-01-04,Reconciled,
TXN0005951,2973146200,-38331.93,-38331.93,2025-04-07,2025-04-07,Reconciled,
TXN0001218,9508079818,-25249.79,-25249.79,2025-02-11,2025-02-11,Reconciled,
TXN0004377,4360620364,-32984.04,-32984.04,2025-04-15,2025-04-15,Reconciled,
TXN0001154,2924779533,-27949.85,-27949.85,2025-06-25,2025-06-27,Reconciled (Timing Difference),"Posted 2 day(s) apart -- in-transit item, not an error."
TXN0001287,6894988964,-23940.78,-23940.78,2025-05-28,2025-05-28,Reconciled,
TXN0002274,2211326371,-26300.70,-26300.70,2025-05-04,2025-05-04,Reconciled,
TXN0004732,1134979038,1999.73,1999.73,2025-01-27,2025-01-30,Reconciled (Timing Difference),"Posted 3 day(s) apart -- in-transit item, not an error."
TXN0005512,8063584620,-11277.86,-11277.86,2025-04-23,2025-04-23,Reconciled,
TXN0005511,6668057624,-13397.05,,2025-06-03,,Ledger-Only (Investigate),No matching bank record found for this ledger entry.
TXN0004310,3757827036,-29337.11,-29337.11,2025-02-03,2025-02-03,Reconciled,
TXN0001034,7814075946,-2193.95,-2193.95,2025-01-11,2025-01-11,Reconciled,
TXN0001793,7953933157,20447.14,20447.14,2025-05-09,2025-05-09,Reconciled,
TXN0000803,3806847124,43699.74,43699.74,2025-04-04,2025-04-06,Reconciled (Timing Difference),"Posted 2 day(s) apart -- in-transit item, not an error."
TXN0003931,4775373126,-25222.56,-25222.56,2025-05-23,2025-05-25,Reconciled (Timing Difference),"Posted 2 day(s) apart -- in-transit item, not an error."
TXN0003432,6747298766,43299.73,43299.73,2025-01-02,2025-01-02,Reconciled,
TXN0004333,6120314894,27240.35,27240.35,2025-01-05,2025-01-05,Reconciled,
TXN0001743,7730545835,-21016.81,-21016.81,2025-05-14,2025-05-15,Reconciled (Timing Difference),"Posted 1 day(s) apart -- in-transit item, not an error."
TXN0001649,1297449065,36924.93,36924.93,2025-01-04,2025-01-04,Reconciled,
TXN0003643,1040325897,16424.09,,2025-02-14,,Ledger-Only (Investigate),No matching bank record found for this ledger entry.
TXN0000372,5252194118,23541.75,23541.75,2025-03-19,2025-03-19,Reconciled,
TXN0000946,9482952406,39893.96,39893.96,2025-05-25,2025-05-25,Reconciled,
TXN0003884,3676528163,-16064.00,-16064.00,2025-05-18,2025-05-18,Reconciled,
TXN0005227,3227320989,42791.55,42791.55,2025-04-24,2025-04-24,Reconciled,
TXN0000806,6836614116,32310.04,32310.04,2025-05-01,2025-05-01,Reconciled,
TXN0005937,8271735963,44715.44,44715.44,2025-04-03,2025-04-03,Reconciled,
TXN0002779,4770728252,39297.71,,2025-02-23,,Ledger-Only (Investigate),No matching bank record found for this ledger entry.
TXN0001590,5930125554,-33222.53,-33222.53,2025-06-20,2025-06-20,Reconciled,
TXN0004506,3929958735,-33604.93,-33604.93,2025-01-02,2025-01-02,Reconciled,
TXN0000033,4679774297,40622.92,40622.92,2025-03-22,2025-03-22,Reconciled,
TXN0003977,5207870808,-20103.21,-20103.21,2025-04-25,2025-04-25,Reconciled,
TXN0005356,5983474121,-2051.01,-2051.01,2025-03-22,2025-03-22,Reconciled,
TXN0004443,3530169365,24955.95,24955.95,2025-06-04,2025-06-04,Reconciled,
TXN0003521,5581552089,40401.66,40401.66,2025-02-01,2025-02-02,Reconciled (Timing Difference),"Posted 1 day(s) apart -- in-transit item, not an error."
TXN0005596,3136026327,-43932.65,-43932.65,2025-06-21,2025-06-21,Reconciled,
TXN0004990,1824424799,-31336.62,-31336.62,2025-05-13,2025-05-13,Reconciled,
TXN0001247,1699562674,12622.90,12622.90,2025-02-09,2025-02-09,Reconciled,
TXN0003676,5997337117,32779.77,32779.77,2025-06-27,2025-06-27,Reconciled,
TXN0003937,8990109257,36641.71,36641.71,2025-06-26,2025-06-26,Reconciled,
TXN0005711,7987237377,17740.63,17740.63,2025-05-17,2025-05-17,Reconciled,
TXN0001799,2347081522,-25128.28,-25128.28,2025-06-30,2025-07-02,Reconciled (Timing Difference),"Posted 2 day(s) apart -- in-transit item, not an error."
TXN0002222,3821482279,-42088.60,-42088.60,2025-03-20,2025-03-20,Reconciled,
TXN0002054,7483009468,-26753.85,-26753.85,2025-05-27,2025-05-27,Reconciled,
TXN0004737,9432361189,-26333.50,-26333.50,2025-05-01,2025-05-01,Reconciled,
TXN0005777,2309638227,28870.84,28870.84,2025-05-03,2025-05-03,Reconciled,
TXN0001912,9811169485,-37031.09,-37031.09,2025-05-24,2025-05-24,Reconciled,
TXN0001168,6846197101,-16876.88,-16876.88,2025-03-26,2025-03-26,Reconciled,
TXN0002945,5217380757,-34607.75,-34607.75,2025-06-17,2025-06-17,Reconciled,
TXN0000143,6494303312,-42375.92,-42375.92,2025-03-30,2025-03-30,Reconciled,
TXN0002850,8277768654,-26275.61,-26275.61,2025-04-27,2025-04-27,Reconciled,
TXN0000795,8661702672,10794.57,10794.57,2025-03-12,2025-03-12,Reconciled,
TXN0003786,3905347162,-34552.82,-34552.82,2025-05-11,2025-05-11,Reconciled,
TXN0003565,7533144084,-5249.62,-5249.62,2025-04-10,2025-04-10,Reconciled,
TXN0004318,1207911445,-16679.46,-16679.46,2025-05-21,2025-05-21,Reconciled,
TXN0000396,2567139924,-10310.37,-10310.37,2025-02-24,2025-02-24,Reconciled,
TXN0000480,5993049598,8492.78,8492.78,2025-06-12,2025-06-12,Reconciled,
TXN0005618,6186647012,14481.34,14481.34,2025-04-29,2025-04-29,Reconciled,
TXN0004440,9160765314,-3432.16,-3432.16,2025-05-12,2025-05-12,Reconciled,
TXN0004131,3393350394,6258.64,6258.64,2025-01-11,2025-01-11,Reconciled,
TXN0005894,8377285129,-31936.42,-31936.42,2025-05-07,2025-05-07,Reconciled,
TXN0000229,6085180667,-32593.82,-32593.82,2025-02-12,2025-02-12,Reconciled,
TXN0005821,6291895044,-14122.02,-14122.02,2025-06-30,2025-06-30,Reconciled,
TXN0005725,2153388918,-40979.04,-40979.04,2025-05-03,2025-05-03,Reconciled,
TXN0003029,9489343629,-24574.04,-24574.04,2025-04-12,2025-04-12,Reconciled,
TXN0003461,9300461199,-6004.76,-6004.76,2025-03-31,2025-03-31,Reconciled,
TXN0003684,8918781048,7323.81,7323.81,2025-02-24,2025-02-24,Reconciled,
TXN0002597,8696891704,20664.45,20664.45,2025-05-23,2025-05-23,Reconciled,
TXN0003439,8881398742,-5585.07,-5585.07,2025-04-03,2025-04-03,Reconciled,
TXN0003704,2180337460,33776.88,33776.88,2025-05-24,2025-05-27,Reconciled (Timing Difference),"Posted 3 day(s) apart -- in-transit item, not an error."
TXN0000151,4389691856,3071.57,3071.57,2025-03-02,2025-03-02,Reconciled,
TXN0005320,8952708012,-21864.66,-21864.66,2025-02-15,2025-02-15,Reconciled,
TXN0005370,9679111525,-38542.71,-38542.71,2025-02-15,2025-02-15,Reconciled,
TXN0003795,1865145848,14900.83,14900.83,2025-05-29,2025-05-30,Reconciled (Timing Difference),"Posted 1 day(s) apart -- in-transit item, not an error."
TXN0003531,2291310268,-2820.42,-2820.42,2025-02-16,2025-02-16,Reconciled,
TXN0002221,7868170004,40086.20,40086.20,2025-01-24,2025-01-24,Reconciled,
TXN0003909,5376853891,23004.51,23004.51,2025-06-25,2025-06-25,Reconciled,
TXN0003493,6261350926,6879.97,6879.97,2025-04-18,2025-04-18,Reconciled,
TXN0001624,1177446556,40067.37,40067.37,2025-01-27,2025-01-30,Reconciled (Timing Difference),"Posted 3 day(s) apart -- in-transit item, not an error."
TXN0000440,8203358602,-11365.70,-11365.70,2025-04-16,2025-04-16,Reconciled,
TXN0002393,8070604064,-12801.70,-12801.70,2025-02-21,2025-02-21,Reconciled,
TXN0005001,3323371767,-40977.60,-40977.60,2025-01-11,2025-01-11,Reconciled,
TXN0004625,5448983546,-11027.63,-11027.63,2025-06-18,2025-06-18,Reconciled,
TXN0000714,9371334762,-10468.30,-10468.30,2025-04-07,2025-04-07,Reconciled,
TXN0001593,9352315263,6249.95,6249.95,2025-04-26,2025-04-26,Reconciled,
TXN0000454,9664052253,-16658.74,-16658.74,2025-01-18,2025-01-18,Reconciled,
TXN0003769,7310895398,-6435.78,-6372.00,2025-04-19,2025-04-19,Amount Discrepancy (Investigate),"Ledger -6435.78 vs bank -6372.00, diff -63.78."
TXN0000665,8602503943,-23591.61,-23591.61,2025-03-30,2025-04-02,Reconciled (Timing Difference),"Posted 3 day(s) apart -- in-transit item, not an error."
TXN0002594,2181960483,13081.58,,2025-02-17,,Ledger-Only (Investigate),No matching bank record found for this ledger entry.
TXN0003283,2012890847,-10781.40,-10781.40,2025-05-28,2025-05-28,Reconciled,
TXN0005305,7512029260,24983.15,24983.15,2025-05-27,2025-05-27,Reconciled,
TXN0005990,9584532255,-42191.99,-42191.99,2025-04-20,2025-04-20,Reconciled,
TXN0005704,4798627511,21761.43,21761.43,2025-01-19,2025-01-19,Reconciled,
TXN0004750,5481588438,-26790.77,-26790.77,2025-01-01,2025-01-01,Reconciled,
TXN0003162,3620568965,-26243.05,-26243.05,2025-03-01,2025-03-01,Reconciled,
TXN0000704,7748064476,-3244.10,-3244.10,2025-03-23,2025-03-23,Reconciled,
TXN0003902,9229367244,-38397.73,-38397.73,2025-05-15,2025-05-15,Reconciled,
TXN0003505,8800600499,-32810.47,-32810.47,2025-03-21,2025-03-21,Reconciled,
TXN0003288,2492374605,26700.88,26700.88,2025-03-18,2025-03-18,Reconciled,
TXN0004296,9557415986,-14991.29,-14991.29,2025-01-24,2025-01-24,Reconciled,
TXN0003382,3904049661,36158.25,36158.25,2025-06-24,2025-06-24,Reconciled,
TXN0003397,8384977809,-6997.45,-6997.45,2025-01-17,2025-01-17,Reconciled,
TXN0000678,4875452950,-10597.18,-10597.18,2025-01-13,2025-01-13,Reconciled,
TXN0004524,6276139880,-14495.64,-14495.64,2025-01-07,2025-01-07,Reconciled,
TXN0004715,2855751378,-34763.15,-34763.15,2025-06-28,2025-06-28,Reconciled,
TXN0004890,5227456190,2566.39,2566.39,2025-03-30,2025-03-30,Reconciled,
TXN0002513,6858075646,38597.82,38597.82,2025-06-02,2025-06-02,Reconciled,
TXN0004933,1152730028,-34154.35,-34154.35,2025-02-19,2025-02-19,Reconciled,
TXN0002439,2402707839,-16930.97,-16930.97,2025-05-28,2025-05-28,Reconciled,
TXN0000305,5227878924,-20297.88,-20297.88,2025-05-24,2025-05-24,Reconciled,
TXN0002752,1266285447,4124.97,4124.97,2025-02-21,2025-02-21,Reconciled,
TXN0000702,6891560495,-20581.07,-20581.07,2025-01-23,2025-01-23,Reconciled,
TXN0003891,4152319311,-21859.69,-21859.69,2025-03-13,2025-03-13,Reconciled,
TXN0000014,2369684368,-24585.64,-24585.64,2025-01-12,2025-01-12,Reconciled,
TXN0002255,7199814212,-25359.23,-25359.23,2025-04-13,2025-04-13,Reconciled,
TXN0002532,9533780550,3782.67,3782.67,2025-03-03,2025-03-03,Reconciled,
TXN0000299,4552545247,-1356.16,-1356.16,2025-06-05,2025-06-06,Reconciled (Timing Difference),"Posted 1 day(s) apart -- in-transit item, not an error."
TXN0000660,8299633890,32365.72,32365.72,2025-02-11,2025-02-11,Reconciled,
TXN0003072,3942298073,-14319.09,-14319.09,2025-02-21,2025-02-21,Reconciled,
TXN0004988,8485411978,28901.52,28901.52,2025-03-06,2025-03-06,Reconciled,
TXN0002436,3641393537,27669.97,27669.97,2025-05-23,2025-05-23,Reconciled,
TXN0000579,7832886153,-33872.72,-33872.72,2025-04-05,2025-04-05,Reconciled,
TXN0000008,1430925917,-11641.03,-11641.03,2025-06-06,2025-06-08,Reconciled (Timing Difference),"Posted 2 day(s) apart -- in-transit item, not an error."
TXN0000118,4768742641,-39855.52,-39855.52,2025-03-21,2025-03-24,Reconciled (Timing Difference),"Posted 3 day(s) apart -- in-transit item, not an error."
TXN0004045,2464336452,-11074.43,-11074.43,2025-04-05,2025-04-05,Reconciled,
TXN0004300,6853798340,3506.36,3506.36,2025-03-03,2025-03-03,Reconciled,
TXN0001878,5689091972,39749.05,39749.05,2025-01-13,2025-01-16,Reconciled (Timing Difference),"Posted 3 day(s) apart -- in-transit item, not an error."
TXN0005318,2125961997,-30533.44,-30533.44,2025-01-27,2025-01-27,Reconciled,
TXN0002931,6191365694,17084.72,17084.72,2025-02-20,2025-02-20,Reconciled,
TXN0000382,6097326981,28809.33,28809.33,2025-02-06,2025-02-06,Reconciled,
TXN0005768,4870057341,13264.10,,2025-06-22,,Ledger-Only (Investigate),No matching bank record found for this ledger entry.
TXN0003270,8161972082,-30767.25,-30767.25,2025-05-12,2025-05-14,Reconciled (Timing Difference),"Posted 2 day(s) apart -- in-transit item, not an error."
TXN0002010,3710082408,2136.76,2136.76,2025-06-01,2025-06-01,Reconciled,
TXN0000268,6001604498,-40948.63,-40884.55,2025-05-02,2025-05-02,Amount Discrepancy (Investigate),"Ledger -40948.63 vs bank -40884.55, diff -64.08."
TXN0004658,3752290119,30253.58,30253.58,2025-06-04,2025-06-04,Reconciled,
TXN0001477,6787825135,-38127.02,-38127.02,2025-04-09,2025-04-09,Reconciled,
TXN0004079,8740156259,-36111.41,-36111.41,2025-01-20,2025-01-20,Reconciled,
TXN0001820,4521464119,-18845.99,-18845.99,2025-02-25,2025-02-27,Reconciled (Timing Difference),"Posted 2 day(s) apart -- in-transit item, not an error."
TXN0003874,6872081052,41626.91,41626.91,2025-04-04,2025-04-04,Reconciled,
TXN0001228,2637170512,35903.23,35903.23,2025-02-09,2025-02-09,Reconciled,
TXN0003561,1430536760,-31096.18,-31096.18,2025-02-15,2025-02-15,Reconciled,
TXN0005343,2903700553,-7689.45,-7689.45,2025-05-30,2025-05-30,Reconciled,
TXN0000836,2822178227,-2339.19,-2339.19,2025-05-11,2025-05-11,Reconciled,
TXN0003711,2657632930,25198.84,25198.84,2025-03-14,2025-03-14,Reconciled,
TXN0001071,9716469505,3697.49,3602.75,2025-02-16,2025-02-16,Amount Discrepancy (Investigate),"Ledger 3697.49 vs bank 3602.75, diff 94.74."
TXN0002395,7949896941,21969.70,21969.70,2025-05-10,2025-05-10,Reconciled,
TXN0002820,5743732625,863.54,863.54,2025-06-21,2025-06-21,Reconciled,
TXN0001899,5530881934,-17780.78,-17780.78,2025-01-25,2025-01-25,Reconciled,
TXN0002868,3632769093,-5209.46,-5209.46,2025-03-13,2025-03-13,Reconciled,
TXN0000112,1310403486,14576.35,14576.35,2025-04-06,2025-04-06,Reconciled,
TXN0000086,8422477078,7761.28,7761.28,2025-04-23,2025-04-25,Reconciled (Timing Difference),"Posted 2 day(s) apart -- in-transit item, not an error."
TXN0004136,4896697969,-35783.31,-35783.31,2025-02-08,2025-02-08,Reconciled,
TXN0005424,9084197934,-44370.27,,2025-02-07,,Ledger-Only (Investigate),No matching bank record found for this ledger entry.
TXN0000710,8085151554,-28766.26,-28766.26,2025-02-05,2025-02-05,Reconciled,
TXN0000097,8282748081,4004.25,4004.25,2025-05-11,2025-05-11,Reconciled,
TXN0005977,6550616835,17224.37,17224.37,2025-05-19,2025-05-19,Reconciled,
TXN0000272,1409371092,-36214.14,-36214.14,2025-02-01,2025-02-01,Reconciled,
TXN0004747,1206985517,-21132.88,-21132.88,2025-05-07,2025-05-07,Reconciled,
TXN0005139,3214479211,-4818.72,-4818.72,2025-06-24,2025-06-24,Reconciled,
TXN0000473,3878771991,-33329.75,-33329.75,2025-06-28,2025-06-28,Reconciled,
TXN0002172,1642590482,27708.83,27708.83,2025-04-19,2025-04-19,Reconciled,
TXN0002037,1043648199,-19653.69,-19653.69,2025-05-13,2025-05-13,Reconciled,
TXN0003648,3279021767,-31665.82,-31665.82,2025-02-23,2025-02-23,Reconciled,
TXN0004009,3290716950,-13429.43,-13429.43,2025-02-18,2025-02-18,Reconciled,
TXN0005000,8564786943,-24522.99,-24522.99,2025-06-19,2025-06-19,Reconciled,
TXN0002283,7374500905,-18567.57,-18567.57,2025-02-12,2025-02-12,Reconciled,
TXN0000411,5145106202,-33886.50,-33886.50,2025-02-06,2025-02-06,Reconciled,
TXN0002527,8090102602,-6808.09,-6808.09,2025-01-10,2025-01-10,Reconciled,
TXN0001695,4981529730,-20110.25,-20110.25,2025-02-08,2025-02-08,Reconciled,
TXN0002662,3569053623,-38793.21,-38793.21,2025-02-09,2025-02-12,Reconciled (Timing Difference),"Posted 3 day(s) apart -- in-transit item, not an error."
TXN0005470,8819179188,10083.16,10083.16,2025-04-21,2025-04-21,Reconciled,
TXN0002464,1725950673,44919.96,44919.96,2025-03-23,2025-03-23,Reconciled,
TXN0005520,5663114627,-22790.62,-22790.62,2025-04-24,2025-04-24,Reconciled,
TXN0001426,6913735651,-13394.05,-13394.05,2025-01-12,2025-01-12,Reconciled,
TXN0002732,8762582324,9227.83,9227.83,2025-03-23,2025-03-24,Reconciled (Timing Difference),"Posted 1 day(s) apart -- in-transit item, not an error."
TXN0005135,2386932507,-10336.81,-10336.81,2025-03-02,2025-03-02,Reconciled,
TXN0004123,9268927372,-6986.42,-6986.42,2025-04-08,2025-04-08,Reconciled,
TXN0004533,7839172023,-24551.56,-24551.56,2025-05-30,2025-05-30,Reconciled,
TXN0003949,7926443380,-35732.91,-35732.91,2025-02-25,2025-02-25,Reconciled,
TXN0004050,2369058247,-24463.39,-24463.39,2025-03-07,2025-03-07,Reconciled,
TXN0000304,5831302781,24907.84,24907.84,2025-01-23,2025-01-23,Reconciled,
TXN0004637,7013643887,-4094.53,-4094.53,2025-05-29,2025-05-29,Reconciled,
TXN0001481,4761945450,-41516.71,-41516.71,2025-04-26,2025-04-26,Reconciled,
TXN0005917,2928119982,-43194.16,,2025-02-23,,Ledger-Only (Investigate),No matching bank record found for this ledger entry.
TXN0002382,2537988711,-7818.94,-7818.94,2025-06-14,2025-06-14,Reconciled,
TXN0005178,8084106847,10910.81,10910.81,2025-05-05,2025-05-05,Reconciled,
TXN0002327,3322894333,-16640.12,-16640.12,2025-04-16,2025-04-16,Reconciled,
TXN0001490,8638876795,-24725.62,-24725.62,2025-04-25,2025-04-25,Reconciled,
TXN0003240,1015261148,-16403.56,-16290.21,2025-04-05,2025-04-05,Amount Discrepancy (Investigate),"Ledger -16403.56 vs bank -16290.21, diff -113.35."
TXN0003126,2952003783,-934.59,-934.59,2025-03-07,2025-03-07,Reconciled,
TXN0001839,8213614632,-5088.97,-5088.97,2025-05-27,2025-05-29,Reconciled (Timing Difference),"Posted 2 day(s) apart -- in-transit item, not an error."
TXN0002596,3409317223,-25660.59,-25660.59,2025-05-14,2025-05-14,Reconciled,
TXN0000091,3868182364,-19829.45,-19829.45,2025-05-16,2025-05-16,Reconciled,
TXN0000626,5656812783,-30170.01,-30170.01,2025-03-04,2025-03-04,Reconciled,
TXN0001045,6374170760,-12219.91,-12219.91,2025-03-25,2025-03-25,Reconciled,
TXN0005291,5337408709,26902.40,26902.40,2025-06-03,2025-06-03,Reconciled,
TXN0002763,5492774146,-5614.79,-5614.79,2025-04-17,2025-04-17,Reconciled,
TXN0000636,7938455364,-37779.71,-37779.71,2025-05-06,2025-05-06,Reconciled,
TXN0000212,2680408680,-26061.73,-26061.73,2025-03-06,2025-03-06,Reconciled,
TXN0001418,9833825625,-30031.97,-30031.97,2025-05-16,2025-05-16,Reconciled,
TXN0002526,4717272737,-18846.55,-18846.55,2025-05-28,2025-05-28,Reconciled,
TXN0001110,9193753771,-26583.54,,2025-03-18,,Ledger-Only (Investigate),No matching bank record found for this ledger entry.
TXN0002087,8119428755,33030.05,33030.05,2025-01-23,2025-01-23,Reconciled,
TXN0003870,7814136643,40093.33,40093.33,2025-05-18,2025-05-18,Reconciled,
TXN0000769,7179703597,-20416.28,-20416.28,2025-05-19,2025-05-19,Reconciled,
TXN0000220,3504696123,-26717.83,-26717.83,2025-05-06,2025-05-06,Reconciled,
TXN0000231,6378554108,-29479.48,-29479.48,2025-01-10,2025-01-10,Reconciled,
TXN0005412,9226673933,-940.65,-940.65,2025-04-16,2025-04-16,Reconciled,
TXN0005285,4950711461,-40379.89,-40379.89,2025-06-25,2025-06-25,Reconciled,
TXN0003022,8278393260,-20933.79,-20933.79,2025-03-17,2025-03-17,Reconciled,
TXN0005264,6693948639,-9930.59,-9930.59,2025-06-11,2025-06-14,Reconciled (Timing Difference),"Posted 3 day(s) apart -- in-transit item, not an error."
TXN0005638,3367547485,-40437.79,-40437.79,2025-05-02,2025-05-02,Reconciled,
TXN0001038,3459114294,5394.61,5394.61,2025-05-08,2025-05-08,Reconciled,
TXN0002652,7592860168,22749.04,22749.04,2025-02-10,2025-02-10,Reconciled,
TXN0004190,9793995559,-8553.50,-8553.50,2025-03-18,2025-03-18,Reconciled,
TXN0003715,5313244003,-37127.71,-37127.71,2025-02-28,2025-03-02,Reconciled (Timing Difference),"Posted 2 day(s) apart -- in-transit item, not an error."
TXN0000990,7660796730,23923.72,23923.72,2025-05-20,2025-05-20,Reconciled,
TXN0003860,8268121563,-6691.21,-6691.21,2025-06-12,2025-06-14,Reconciled (Timing Difference),"Posted 2 day(s) apart -- in-transit item, not an error."
TXN0005531,8282372955,-7468.82,-7468.82,2025-06-03,2025-06-03,Reconciled,
TXN0004702,6058620500,-4853.00,-4853.00,2025-06-19,2025-06-19,Reconciled,
TXN0001366,6596550648,27156.47,27156.47,2025-02-04,2025-02-04,Reconciled,
TXN0001957,3446527345,-43970.99,-43970.99,2025-02-03,2025-02-06,Reconciled (Timing Difference),"Posted 3 day(s) apart -- in-transit item, not an error."
TXN0002946,8133378028,-5576.65,-5576.65,2025-02-26,2025-02-26,Reconciled,
TXN0002546,5903335658,-18206.14,-18206.14,2025-03-26,2025-03-26,Reconciled,
TXN0003267,3479069325,-32247.54,-32247.54,2025-02-04,2025-02-05,Reconciled (Timing Difference),"Posted 1 day(s) apart -- in-transit item, not an error."
TXN0005867,1433924541,-31362.62,-31135.38,2025-03-04,2025-03-04,Amount Discrepancy (Investigate),"Ledger -31362.62 vs bank -31135.38, diff -227.24."
TXN0000930,5253012412,-32014.72,-32014.72,2025-06-30,2025-06-30,Reconciled,
TXN0000596,2343092197,-39644.06,-39644.06,2025-02-19,2025-02-19,Reconciled,
TXN0001356,6500012282,-38207.88,-38207.88,2025-03-15,2025-03-15,Reconciled,
TXN0000984,3905687514,-10572.02,-10572.02,2025-04-23,2025-04-23,Reconciled,
TXN0005038,7743102132,42138.24,42138.24,2025-03-31,2025-03-31,Reconciled,
TXN0004914,8231943583,-42176.60,-42176.60,2025-04-03,2025-04-03,Reconciled,
TXN0000431,1301655811,30184.20,30184.20,2025-03-08,2025-03-08,Reconciled,
TXN0002425,9303611908,19473.29,19473.29,2025-01-03,2025-01-03,Reconciled,
TXN0000116,6429125048,-14118.25,-14118.25,2025-02-23,2025-02-23,Reconciled,
TXN0004604,4148277759,38041.68,38041.68,2025-01-24,2025-01-24,Reconciled,
TXN0002445,8016374946,-37978.42,-37978.42,2025-04-04,2025-04-04,Reconciled,
TXN0001229,2096162958,-14721.87,-14721.87,2025-03-17,2025-03-17,Reconciled,
TXN0004017,7908767230,38617.27,38617.27,2025-05-21,2025-05-24,Reconciled (Timing Difference),"Posted 3 day(s) apart -- in-transit item, not an error."
TXN0000754,3392124654,39055.03,39055.03,2025-01-10,2025-01-10,Reconciled,
TXN0001797,8137372223,-24509.03,-24509.03,2025-02-28,2025-02-28,Reconciled,
TXN0004900,1597728280,-36650.65,-36650.65,2025-03-06,2025-03-06,Reconciled,
TXN0005421,4424925062,-6304.22,-6304.22,2025-01-19,2025-01-19,Reconciled,
TXN0000947,5660301637,40218.76,40218.76,2025-04-04,2025-04-04,Reconciled,
TXN0002197,2888251860,-42882.87,-42882.87,2025-01-07,2025-01-07,Reconciled,
TXN0005601,4803261774,-9533.61,-9533.61,2025-02-27,2025-02-27,Reconciled,
TXN0002415,1704425118,-17641.00,-17641.00,2025-03-25,2025-03-25,Reconciled,
TXN0004743,6565874946,21878.21,21878.21,2025-05-13,2025-05-13,Reconciled,
TXN0002773,8332212932,-10671.00,-10671.00,2025-04-06,2025-04-06,Reconciled,
TXN0003974,8972405339,-10879.36,-10879.36,2025-01-14,2025-01-14,Reconciled,
TXN0000424,9307051361,-42896.15,,2025-01-02,,Ledger-Only (Investigate),No matching bank record found for this ledger entry.
TXN0004352,2401270482,7123.42,7123.42,2025-01-09,2025-01-09,Reconciled,
TXN0000699,5427356113,27838.93,27838.93,2025-02-11,2025-02-11,Reconciled,
TXN0003585,9914929260,35684.19,35684.19,2025-02-12,2025-02-12,Reconciled,
TXN0001838,1761327960,-14626.80,-14626.80,2025-05-18,2025-05-18,Reconciled,
TXN0005648,8647120898,9614.64,,2025-02-02,,Ledger-Only (Investigate),No matching bank record found for this ledger entry.
TXN0000825,3035303570,31340.05,31340.05,2025-01-02,2025-01-03,Reconciled (Timing Difference),"Posted 1 day(s) apart -- in-transit item, not an error."
TXN0004783,6265107548,11279.45,11279.45,2025-01-07,2025-01-07,Reconciled,
TXN0003363,8092912577,39345.29,39345.29,2025-02-09,2025-02-09,Reconciled,
TXN0005223,1105411464,43100.48,43100.48,2025-04-16,2025-04-16,Reconciled,
TXN0000588,7150169098,-27345.88,-27345.88,2025-01-31,2025-01-31,Reconciled,
TXN0000470,2943356391,15230.90,15230.90,2025-02-09,2025-02-09,Reconciled,
TXN0003044,6748464360,-2570.39,-2570.39,2025-03-14,2025-03-14,Reconciled,
TXN0002378,4670147531,-10957.11,-10957.11,2025-05-27,2025-05-27,Reconciled,
TXN0005929,6847141644,-26917.19,-26917.19,2025-04-27,2025-04-27,Reconciled,
TXN0000177,2778990975,-30989.07,-30989.07,2025-05-14,2025-05-14,Reconciled,
TXN0000790,8075093087,38294.28,38294.28,2025-06-22,2025-06-22,Reconciled,
TXN0000168,1645392764,-24828.94,-24828.94,2025-03-27,2025-03-27,Reconciled,
TXN0004087,1616617243,-10329.65,-10329.65,2025-05-17,2025-05-17,Reconciled,
TXN0003798,5863918588,-27739.26,-27739.26,2025-04-08,2025-04-08,Reconciled,
TXN0002239,7700229778,-28255.40,-28255.40,2025-03-20,2025-03-20,Reconciled,
TXN0005326,9449774023,36467.00,36467.00,2025-03-13,2025-03-13,Reconciled,
TXN0005394,6924717178,-24116.84,-24116.84,2025-02-14,2025-02-14,Reconciled,
TXN0001883,7951703011,24216.85,24216.85,2025-03-01,2025-03-01,Reconciled,
TXN0004891,5355128501,33382.80,33382.80,2025-04-06,2025-04-06,Reconciled,
TXN0003828,6660472193,-32218.63,-32218.63,2025-02-23,2025-02-23,Reconciled,
TXN0000614,2943476525,42952.46,42952.46,2025-05-19,2025-05-19,Reconciled,
TXN0003616,2055654040,-39809.96,-39809.96,2025-04-29,2025-04-29,Reconciled,
TXN0000524,2352537750,-40202.46,,2025-03-31,,Ledger-Only (Investigate),No matching bank record found for this ledger entry.
TXN0000158,5535692734,-23240.68,-23240.68,2025-03-30,2025-03-31,Reconciled (Timing Difference),"Posted 1 day(s) apart -- in-transit item, not an error."
TXN0001818,9439193644,-38229.23,-38229.23,2025-01-31,2025-01-31,Reconciled,
TXN0005009,7881708050,29142.14,29142.14,2025-04-01,2025-04-01,Reconciled,
TXN0000628,2367417709,27992.56,27992.56,2025-06-03,2025-06-03,Reconciled,
TXN0001117,6293500069,16531.19,16531.19,2025-06-25,2025-06-25,Reconciled,
TXN0001471,5363289331,-29619.67,-29619.67,2025-02-28,2025-02-28,Reconciled,
TXN0004402,4865914855,-2958.97,-2958.97,2025-05-25,2025-05-25,Reconciled,
TXN0003956,9883263508,16576.15,16576.15,2025-02-18,2025-02-20,Reconciled (Timing Difference),"Posted 2 day(s) apart -- in-transit item, not an error."
TXN0005709,7909438694,471.80,471.80,2025-04-11,2025-04-11,Reconciled,
TXN0003157,1586966007,-17181.49,-17181.49,2025-06-08,2025-06-08,Reconciled,
TXN0002181,1711543107,-20283.80,-20283.80,2025-05-17,2025-05-17,Reconciled,
TXN0002256,5997222105,-9336.51,-9336.51,2025-03-13,2025-03-13,Reconciled,
TXN0005268,4353055466,7744.76,7744.76,2025-05-13,2025-05-13,Reconciled,
TXN0000585,1537122842,33111.32,33111.32,2025-04-19,2025-04-19,Reconciled,
TXN0001584,2293123409,35940.78,35940.78,2025-02-07,2025-02-07,Reconciled,
TXN0000183,5574597389,-9271.22,,2025-05-07,,Ledger-Only (Investigate),No matching bank record found for this ledger entry.
TXN0003413,3148346681,6482.22,6482.22,2025-01-19,2025-01-19,Reconciled,
TXN0003706,3480236966,41389.71,41389.71,2025-05-18,2025-05-18,Reconciled,
TXN0005082,9702012290,-34089.16,-33982.03,2025-06-22,2025-06-22,Amount Discrepancy (Investigate),"Ledger -34089.16 vs bank -33982.03, diff -107.13."
TXN0003917,2809433230,22489.71,22489.71,2025-03-10,2025-03-10,Reconciled,
TXN0005314,1462785935,-26951.54,-26951.54,2025-03-25,2025-03-25,Reconciled,
TXN0000935,9838568029,-17595.18,-17595.18,2025-04-17,2025-04-17,Reconciled,
TXN0000083,4896637131,32947.01,32947.01,2025-06-02,2025-06-02,Reconciled,
TXN0000341,3266984676,-12956.36,-12956.36,2025-06-12,2025-06-12,Reconciled,
TXN0004308,2647841211,-44220.46,-44220.46,2025-02-04,2025-02-04,Reconciled,
TXN0004035,2853692465,31790.88,31790.88,2025-03-09,2025-03-09,Reconciled,
TXN0003412,5337101382,-21386.00,-21386.00,2025-06-20,2025-06-20,Reconciled,
TXN0005669,9473002488,-25098.94,-25098.94,2025-04-30,2025-04-30,Reconciled,
TXN0005663,2701940026,25415.06,25415.06,2025-03-10,2025-03-10,Reconciled,
TXN0001413,6262964613,-37019.25,-37019.25,2025-03-11,2025-03-11,Reconciled,
TXN0002306,5844680285,-2499.49,-2499.49,2025-04-21,2025-04-21,Reconciled,
TXN0002888,4814067991,-20510.99,-20510.99,2025-06-07,2025-06-07,Reconciled,
TXN0004864,1413354171,-32395.88,,2025-04-22,,Ledger-Only (Investigate),No matching bank record found for this ledger entry.
TXN0000187,7861937989,-38074.12,-38074.12,2025-04-30,2025-04-30,Reconciled,
TXN0004786,5527612768,38544.71,38544.71,2025-02-20,2025-02-20,Reconciled,
TXN0005721,8016733830,-29636.14,-29636.14,2025-01-15,2025-01-18,Reconciled (Timing Difference),"Posted 3 day(s) apart -- in-transit item, not an error."
TXN0005228,3618232765,33765.01,33765.01,2025-04-28,2025-04-28,Reconciled,
TXN0002696,7264658406,-32142.92,-32142.92,2025-05-28,2025-05-28,Reconciled,
TXN0003929,1190128932,-19921.91,-19921.91,2025-02-15,2025-02-16,Reconciled (Timing Difference),"Posted 1 day(s) apart -- in-transit item, not an error."
TXN0005137,3736499019,-32546.89,-32546.89,2025-02-13,2025-02-13,Reconciled,
TXN0000441,1415961997,29168.18,29168.18,2025-02-12,2025-02-12,Reconciled,
TXN0005533,4735051978,-39967.22,-39967.22,2025-06-11,2025-06-11,Reconciled,
TXN0002890,3699098349,-37316.62,-37316.62,2025-04-14,2025-04-14,Reconciled,
TXN0001146,6710162640,-32376.44,-32376.44,2025-06-01,2025-06-01,Reconciled,
TXN0004096,8720317383,-25444.26,-25444.26,2025-06-14,2025-06-14,Reconciled,
TXN0005389,1846668589,-39383.49,-39383.49,2025-05-05,2025-05-05,Reconciled,
TXN0003218,2307530238,-16516.77,-16516.77,2025-04-22,2025-04-25,Reconciled (Timing Difference),"Posted 3 day(s) apart -- in-transit item, not an error."
TXN0000152,3003039692,-7679.50,-7679.50,2025-01-27,2025-01-27,Reconciled,
TXN0002287,4482113394,11943.01,11943.01,2025-01-25,2025-01-25,Reconciled,
TXN0002228,6406125488,-10220.17,-10220.17,2025-04-07,2025-04-07,Reconciled,
TXN0004641,1337204130,6640.56,6640.56,2025-06-29,2025-06-29,Reconciled,
TXN0004607,4883339774,-26430.98,-26430.98,2025-05-04,2025-05-04,Reconciled,
TXN0001585,4879486670,-36858.54,-36858.54,2025-02-23,2025-02-23,Reconciled,
TXN0000723,3291901035,24021.45,24021.45,2025-01-25,2025-01-25,Reconciled,
TXN0000511,8907134759,23403.27,23403.27,2025-05-14,2025-05-14,Reconciled,
TXN0004560,2835640754,-27301.18,-27301.18,2025-03-03,2025-03-03,Reconciled,
TXN0004349,7965876802,-40152.39,-40152.39,2025-04-27,2025-04-27,Reconciled,
TXN0000161,9685905842,-275.92,-275.92,2025-05-03,2025-05-03,Reconciled,
TXN0001265,8742718256,40225.33,40225.33,2025-03-17,2025-03-17,Reconciled,
TXN0000184,2468508418,-32160.82,-32160.82,2025-01-11,2025-01-11,Reconciled,
TXN0003925,5717301193,-35113.98,-35113.98,2025-02-12,2025-02-12,Reconciled,
TXN0000778,3133424744,-19533.25,-19533.25,2025-04-24,2025-04-25,Reconciled (Timing Difference),"Posted 1 day(s) apart -- in-transit item, not an error."
TXN0004098,2148653630,36095.36,36095.36,2025-05-11,2025-05-11,Reconciled,
TXN0002672,7332711670,33147.26,33147.26,2025-05-03,2025-05-06,Reconciled (Timing Difference),"Posted 3 day(s) apart -- in-transit item, not an error."
TXN0004981,3581345404,38418.48,38418.48,2025-05-14,2025-05-14,Reconciled,
TXN0001197,4043699098,768.92,768.92,2025-01-18,2025-01-18,Reconciled,
TXN0005199,8953873443,5370.64,5370.64,2025-06-22,2025-06-24,Reconciled (Timing Difference),"Posted 2 day(s) apart -- in-transit item, not an error."
TXN0004930,9160081450,-11697.58,-11697.58,2025-03-19,2025-03-20,Reconciled (Timing Difference),"Posted 1 day(s) apart -- in-transit item, not an error."
TXN0001526,5797988249,38656.76,38656.76,2025-06-27,2025-06-27,Reconciled,
TXN0004419,8821041622,42620.03,42620.03,2025-05-13,2025-05-13,Reconciled,
TXN0001349,3991100419,19775.91,19775.91,2025-06-25,2025-06-25,Reconciled,
TXN0001492,7414470230,-4727.96,-4727.96,2025-03-10,2025-03-10,Reconciled,
TXN0004970,6500408965,43279.13,43279.13,2025-05-05,2025-05-05,Reconciled,
TXN0002847,5422986676,-30958.53,-30958.53,2025-02-02,2025-02-02,Reconciled,
TXN0004396,1314541499,-3245.35,-3245.35,2025-01-27,2025-01-27,Reconciled,
TXN0001958,7760850431,965.56,965.56,2025-03-15,2025-03-18,Reconciled (Timing Difference),"Posted 3 day(s) apart -- in-transit item, not an error."
TXN0005551,2355208008,16515.07,16515.07,2025-04-18,2025-04-18,Reconciled,
TXN0004751,4500980561,-30402.23,-30402.23,2025-06-26,2025-06-29,Reconciled (Timing Difference),"Posted 3 day(s) apart -- in-transit item, not an error."
TXN0000910,3969753415,-37659.88,-37659.88,2025-01-28,2025-01-28,Reconciled,
TXN0003290,2480749051,-40453.87,-40453.87,2025-05-05,2025-05-05,Reconciled,
TXN0004834,1580502901,-35582.02,-35582.02,2025-03-15,2025-03-15,Reconciled,
TXN0003004,7043060890,13366.85,13366.85,2025-05-07,2025-05-07,Reconciled,
TXN0003946,5398396324,-18329.49,-18329.49,2025-04-28,2025-04-28,Reconciled,
TXN0005584,7882351235,29349.03,29349.03,2025-01-23,2025-01-23,Reconciled,
TXN0004188,1977602728,-1133.54,-1133.54,2025-02-26,2025-02-26,Reconciled,
TXN0003443,1197962947,17173.68,17173.68,2025-01-14,2025-01-17,Reconciled (Timing Difference),"Posted 3 day(s) apart -- in-transit item, not an error."
TXN0001450,9543254034,-9599.56,-9599.56,2025-01-18,2025-01-18,Reconciled,
TXN0003568,5064220407,-11560.09,-11560.09,2025-02-01,2025-02-01,Reconciled,
TXN0005599,4275717030,16836.77,16836.77,2025-04-07,2025-04-07,Reconciled,
TXN0000691,6066415652,-1904.62,-1904.62,2025-04-04,2025-04-04,Reconciled,
TXN0000298,9573445667,3826.18,3826.18,2025-01-05,2025-01-06,Reconciled (Timing Difference),"Posted 1 day(s) apart -- in-transit item, not an error."
TXN0002254,3338143496,41045.47,41045.47,2025-05-19,2025-05-19,Reconciled,
TXN0005939,6492860907,-567.30,-567.30,2025-04-21,2025-04-21,Reconciled,
TXN0003838,5529397698,-7465.43,-7465.43,2025-05-03,2025-05-03,Reconciled,
TXN0000491,1760176576,-40180.64,-40180.64,2025-03-16,2025-03-16,Reconciled,
TXN0004724,3890927977,-22720.38,-22720.38,2025-06-13,2025-06-13,Reconciled,
TXN0003470,8734226041,-30581.72,-30581.72,2025-01-08,2025-01-08,Reconciled,
TXN0005803,5036773877,-31634.28,-31634.28,2025-04-01,2025-04-01,Reconciled,
TXN0001754,8218386047,41250.35,41250.35,2025-02-06,2025-02-06,Reconciled,
TXN0005481,8220763086,3027.21,3027.21,2025-04-23,2025-04-23,Reconciled,
TXN0001666,4551618067,-33895.17,-33895.17,2025-03-09,2025-03-10,Reconciled (Timing Difference),"Posted 1 day(s) apart -- in-transit item, not an error."
TXN0001433,5966355208,-966.34,-786.36,2025-04-05,2025-04-05,Amount Discrepancy (Investigate),"Ledger -966.34 vs bank -786.36, diff -179.98."
TXN0004210,5697606036,-23003.91,-23003.91,2025-05-24,2025-05-24,Reconciled,
TXN0000485,2289011870,31992.80,31992.80,2025-03-07,2025-03-07,Reconciled,
TXN0005774,4598454301,-41677.07,-41677.07,2025-05-21,2025-05-21,Reconciled,
TXN0000198,5986577660,-27833.69,-27833.69,2025-01-31,2025-01-31,Reconciled,
TXN0002039,1607978374,-24771.35,-24771.35,2025-03-06,2025-03-06,Reconciled,
TXN0004251,8294436000,-21081.14,-21081.14,2025-05-19,2025-05-20,Reconciled (Timing Difference),"Posted 1 day(s) apart -- in-transit item, not an error."
TXN0004585,6104915601,-14516.01,-14516.01,2025-06-05,2025-06-05,Reconciled,
TXN0000757,9914509613,-35270.65,-35270.65,2025-03-20,2025-03-20,Reconciled,
TXN0005836,3678368002,-42687.52,-42687.52,2025-05-31,2025-05-31,Reconciled,
TXN0003758,1598931533,43754.20,,2025-06-09,,Ledger-Only (Investigate),No matching bank record found for this ledger entry.
TXN0003840,9475285903,-43193.09,-43193.09,2025-06-03,2025-06-04,Reconciled (Timing Difference),"Posted 1 day(s) apart -- in-transit item, not an error."
TXN0005455,5890946740,-36736.36,-36736.36,2025-04-13,2025-04-13,Reconciled,
TXN0002102,4706508305,-23666.75,-23666.75,2025-06-22,2025-06-22,Reconciled,
TXN0005399,6729419911,12355.80,12355.80,2025-01-11,2025-01-12,Reconciled (Timing Difference),"Posted 1 day(s) apart -- in-transit item, not an error."
TXN0002767,5185761723,-23929.43,-23929.43,2025-03-02,2025-03-02,Reconciled,
TXN0003716,1272353149,-44826.32,-44826.32,2025-05-01,2025-05-01,Reconciled,
TXN0003710,1907956235,-18000.01,-18000.01,2025-06-13,2025-06-13,Reconciled,
TXN0004029,8152923694,-25442.73,-25442.73,2025-04-17,2025-04-17,Reconciled,
TXN0003141,3368237181,-32412.33,-32412.33,2025-01-24,2025-01-24,Reconciled,
TXN0002428,2785512249,-40681.31,-40836.45,2025-02-16,2025-02-16,Amount Discrepancy (Investigate),"Ledger -40681.31 vs bank -40836.45, diff 155.14."
TXN0000718,1030056083,-22612.97,-22612.97,2025-06-08,2025-06-08,Reconciled,
TXN0001794,8417918711,-1944.51,-1944.51,2025-05-18,2025-05-18,Reconciled,
TXN0002814,9720484415,-32550.53,-32550.53,2025-06-07,2025-06-07,Reconciled,
TXN0003563,1394193655,-22982.46,-22982.46,2025-06-23,2025-06-23,Reconciled,
TXN0001516,7282240372,1148.27,1148.27,2025-01-23,2025-01-23,Reconciled,
TXN0005883,5385589197,4013.06,4013.06,2025-04-16,2025-04-16,Reconciled,
TXN0003064,6273886759,36902.40,36902.40,2025-05-22,2025-05-22,Reconciled,
TXN0003248,5008036054,20985.55,20985.55,2025-04-16,2025-04-17,Reconciled (Timing Difference),"Posted 1 day(s) apart -- in-transit item, not an error."
TXN0004095,1301061043,-32796.94,-32796.94,2025-06-02,2025-06-02,Reconciled,
TXN0003820,8443440035,29962.27,29962.27,2025-06-27,2025-06-27,Reconciled,
TXN0005772,1568340889,17420.09,17420.09,2025-01-04,2025-01-04,Reconciled,
TXN0001661,1674343623,-33566.26,-33566.26,2025-05-15,2025-05-15,Reconciled,
TXN0000800,6304905676,-32798.10,-32798.10,2025-04-16,2025-04-17,Reconciled (Timing Difference),"Posted 1 day(s) apart -- in-transit item, not an error."
TXN0002559,9948026622,-4660.57,-4660.57,2025-01-24,2025-01-24,Reconciled,
TXN0003868,2398481253,-32604.69,-32604.69,2025-06-17,2025-06-19,Reconciled (Timing Difference),"Posted 2 day(s) apart -- in-transit item, not an error."
TXN0001046,1239103686,-8436.68,-8436.68,2025-06-23,2025-06-23,Reconciled,
TXN0001484,5436643137,27537.13,27537.13,2025-01-21,2025-01-21,Reconciled,
TXN0002472,7894724508,2807.09,2807.09,2025-06-13,2025-06-13,Reconciled,
TXN0004568,2000064722,-21114.71,-21114.71,2025-03-07,2025-03-07,Reconciled,
TXN0003115,3443450414,-5355.53,-5355.53,2025-06-11,2025-06-11,Reconciled,
TXN0000515,4597123990,-5975.87,-5975.87,2025-05-01,2025-05-01,Reconciled,
TXN0005306,7149239235,-25648.23,-25648.23,2025-05-19,2025-05-21,Reconciled (Timing Difference),"Posted 2 day(s) apart -- in-transit item, not an error."
TXN0005957,1224686237,-36115.42,-36115.42,2025-04-14,2025-04-14,Reconciled,
TXN0005948,2675489547,35586.12,35586.12,2025-04-26,2025-04-26,Reconciled,
TXN0002032,9699692519,14606.74,14606.74,2025-01-18,2025-01-18,Reconciled,
TXN0002751,6073459070,-24634.44,-24634.44,2025-06-12,2025-06-12,Reconciled,
TXN0003092,3843760001,-15251.61,-15251.61,2025-02-21,2025-02-21,Reconciled,
TXN0001424,6228070887,-25380.07,-25380.07,2025-06-28,2025-06-28,Reconciled,
TXN0001985,7647282208,-32211.28,-32211.28,2025-02-26,2025-02-26,Reconciled,
TXN0001887,6478682259,-34052.58,-34052.58,2025-03-31,2025-04-02,Reconciled (Timing Difference),"Posted 2 day(s) apart -- in-transit item, not an error."
TXN0004076,3234936687,2370.79,2370.79,2025-04-10,2025-04-10,Reconciled,
TXN0005462,1808674868,-33573.22,-33573.22,2025-03-21,2025-03-21,Reconciled,
TXN0002952,3392182185,-43282.28,-43282.28,2025-01-07,2025-01-07,Reconciled,
TXN0004279,1257842128,-15231.75,,2025-05-12,,Ledger-Only (Investigate),No matching bank record found for this ledger entry.
TXN0001528,4927359805,2184.87,2184.87,2025-06-19,2025-06-19,Reconciled,
TXN0001102,2113418596,-44468.45,-44468.45,2025-03-03,2025-03-03,Reconciled,
TXN0001987,7841912728,-31385.60,-31385.60,2025-05-17,2025-05-17,Reconciled,
TXN0001384,9007837055,-7005.25,-7046.50,2025-03-20,2025-03-20,Amount Discrepancy (Investigate),"Ledger -7005.25 vs bank -7046.50, diff 41.25."
TXN0002625,5711677081,30558.66,30558.66,2025-03-10,2025-03-10,Reconciled,
TXN0001479,7597028702,-15494.88,-15494.88,2025-05-22,2025-05-22,Reconciled,
TXN0002074,8813684882,-3886.12,-3886.12,2025-02-08,2025-02-08,Reconciled,
TXN0004011,7478185233,-9013.11,-9013.11,2025-06-23,2025-06-23,Reconciled,
TXN0002386,5611201771,-38840.02,-38840.02,2025-05-10,2025-05-10,Reconciled,
TXN0004799,9101423288,-14621.40,-14621.40,2025-05-12,2025-05-12,Reconciled,
TXN0005799,9302326927,-35511.89,-35511.89,2025-05-23,2025-05-23,Reconciled,
TXN0003479,8582856091,-42808.16,-42808.16,2025-02-25,2025-02-25,Reconciled,
TXN0005288,5754333124,6799.41,6799.41,2025-05-28,2025-05-28,Reconciled,
TXN0002063,3838176247,-11448.62,-11448.62,2025-02-17,2025-02-17,Reconciled,
TXN0004884,2304883013,39102.35,39102.35,2025-01-27,2025-01-27,Reconciled,
TXN0004881,4939311242,-29005.34,-29005.34,2025-02-08,2025-02-08,Reconciled,
TXN0002170,8072004914,13898.89,13898.89,2025-02-09,2025-02-09,Reconciled,
TXN0000551,7061429568,39940.67,39940.67,2025-06-15,2025-06-15,Reconciled,
TXN0001123,7995117524,-28444.35,-28444.35,2025-02-06,2025-02-06,Reconciled,
TXN0005892,8395701555,-25827.36,-25827.36,2025-04-05,2025-04-05,Reconciled,
TXN0000923,7969924669,-34407.20,-34407.20,2025-03-31,2025-03-31,Reconciled,
TXN0003488,8485830747,-22291.54,-22291.54,2025-02-19,2025-02-19,Reconciled,
TXN0003983,1902801753,-5018.13,,2025-03-13,,Ledger-Only (Investigate),No matching bank record found for this ledger entry.
TXN0004270,2953305820,-38499.56,-38499.56,2025-04-02,2025-04-02,Reconciled,
TXN0000356,5445794898,-4789.45,-4789.45,2025-04-21,2025-04-21,Reconciled,
TXN0005206,2028139770,-9233.13,-9233.13,2025-03-19,2025-03-19,Reconciled,
TXN0001091,8963881556,36161.24,36161.24,2025-01-29,2025-01-29,Reconciled,
TXN0002705,7409486456,-14901.50,-14901.50,2025-01-21,2025-01-21,Reconciled,
TXN0002165,6056169644,-37097.51,-37097.51,2025-02-08,2025-02-08,Reconciled,
TXN0005924,9495898209,-19134.87,-19134.87,2025-02-23,2025-02-23,Reconciled,
TXN0000973,2563832738,-4999.32,-4999.32,2025-04-06,2025-04-06,Reconciled,
TXN0005522,6043532144,37519.55,37519.55,2025-05-23,2025-05-23,Reconciled,
TXN0004200,7606301420,-17923.39,-17923.39,2025-01-17,2025-01-17,Reconciled,
TXN0002374,6059683971,33045.73,33045.73,2025-05-29,2025-05-29,Reconciled,
TXN0001335,9567926917,837.63,837.63,2025-01-22,2025-01-22,Reconciled,
TXN0005743,1756531142,-12356.97,-12356.97,2025-05-01,2025-05-01,Reconciled,
TXN0001299,2029990717,-40136.64,-40136.64,2025-06-20,2025-06-20,Reconciled,
TXN0002067,9155995589,43359.94,43359.94,2025-01-18,2025-01-18,Reconciled,
TXN0000390,3686488452,5867.61,5867.61,2025-01-07,2025-01-07,Reconciled,
TXN0001019,7734381029,29328.44,29328.44,2025-05-14,2025-05-14,Reconciled,
TXN0000285,7163731992,34262.20,34262.20,2025-04-07,2025-04-07,Reconciled,
TXN0002874,3333899589,-40178.30,-40178.30,2025-03-18,2025-03-18,Reconciled,
TXN0001861,4729558349,-5981.77,-5981.77,2025-04-21,2025-04-21,Reconciled,
TXN0000782,9469150013,-40017.96,-40017.96,2025-06-02,2025-06-02,Reconciled,
TXN0000085,7640691869,-33604.36,-33472.05,2025-05-26,2025-05-26,Amount Discrepancy (Investigate),"Ledger -33604.36 vs bank -33472.05, diff -132.31."
TXN0004339,9075771511,30419.10,30419.10,2025-02-03,2025-02-03,Reconciled,
TXN0004474,9156468881,15565.49,15565.49,2025-03-19,2025-03-19,Reconciled,
TXN0005779,4330118106,-31599.31,-31599.31,2025-03-05,2025-03-05,Reconciled,
TXN0001040,8463225076,-17683.29,-17683.29,2025-02-13,2025-02-13,Reconciled,
TXN0005196,4798837145,-30095.27,-30095.27,2025-06-21,2025-06-22,Reconciled (Timing Difference),"Posted 1 day(s) apart -- in-transit item, not an error."
TXN0000801,9427240003,-44918.85,-44918.85,2025-01-12,2025-01-12,Reconciled,
TXN0002902,6104862263,16053.59,16053.59,2025-02-23,2025-02-23,Reconciled,
TXN0001555,2989119299,-43376.65,-43376.65,2025-03-10,2025-03-10,Reconciled,
TXN0004989,8151514626,-38940.02,-38940.02,2025-02-08,2025-02-08,Reconciled,
TXN0001449,3242189691,-20198.02,-20198.02,2025-02-07,2025-02-07,Reconciled,
TXN0003430,6986048275,-23110.30,-23110.30,2025-03-24,2025-03-24,Reconciled,
TXN0002214,9839387839,-19918.35,-19918.35,2025-06-29,2025-07-01,Reconciled (Timing Difference),"Posted 2 day(s) apart -- in-transit item, not an error."
TXN0001222,2405143423,-39557.43,-39557.43,2025-01-20,2025-01-20,Reconciled,
TXN0004873,7899826634,-31622.00,-31622.00,2025-04-02,2025-04-02,Reconciled,
TXN0000009,2946513985,-38996.99,-38996.99,2025-02-16,2025-02-16,Reconciled,
TXN0003381,7752456986,17571.10,17571.10,2025-04-29,2025-04-29,Reconciled,
TXN0003372,9747024210,14662.57,14662.57,2025-04-27,2025-04-27,Reconciled,
TXN0001586,1795395347,-36401.61,-36401.61,2025-05-12,2025-05-15,Reconciled (Timing Difference),"Posted 3 day(s) apart -- in-transit item, not an error."
TXN0003420,5745992752,-17756.88,-17756.88,2025-02-26,2025-02-27,Reconciled (Timing Difference),"Posted 1 day(s) apart -- in-transit item, not an error."
TXN0000311,8104195518,-37233.45,-37233.45,2025-06-06,2025-06-09,Reconciled (Timing Difference),"Posted 3 day(s) apart -- in-transit item, not an error."
TXN0004921,3527268566,-38573.19,-38573.19,2025-01-31,2025-01-31,Reconciled,
TXN0000310,6920074688,-42616.54,-42616.54,2025-02-01,2025-02-01,Reconciled,
TXN0003188,7774130097,-40431.66,-40431.66,2025-01-14,2025-01-14,Reconciled,
TXN0005114,6938104675,-801.61,-801.61,2025-04-25,2025-04-25,Reconciled,
TXN0001035,2920787904,4124.61,4124.61,2025-06-02,2025-06-02,Reconciled,
TXN0001537,9451035211,30157.67,30157.67,2025-06-27,2025-06-27,Reconciled,
TXN0002862,1177879552,-8841.24,-8841.24,2025-01-07,2025-01-07,Reconciled,
TXN0001650,2169570561,11890.52,11890.52,2025-01-30,2025-01-30,Reconciled,
TXN0005995,3283182364,32111.44,32111.44,2025-01-31,2025-01-31,Reconciled,
TXN0004532,6819506485,2927.09,2927.09,2025-06-09,2025-06-09,Reconciled,
TXN0003538,8779935169,41233.59,41233.59,2025-01-07,2025-01-07,Reconciled,
TXN0005714,9588417726,-23853.74,-23853.74,2025-06-04,2025-06-04,Reconciled,
TXN0001949,1939731617,-41739.70,-41739.70,2025-04-21,2025-04-21,Reconciled,
TXN0002350,6100567262,-43442.18,-43442.18,2025-06-04,2025-06-04,Reconciled,
TXN0002019,8478351456,-12674.97,-12674.97,2025-05-23,2025-05-23,Reconciled,
TXN0000055,6699704676,-19858.11,-19858.11,2025-06-02,2025-06-02,Reconciled,
TXN0001347,9107051468,-28014.08,-28014.08,2025-06-18,2025-06-20,Reconciled (Timing Difference),"Posted 2 day(s) apart -- in-transit item, not an error."
TXN0004150,8151507970,-35236.56,-35236.56,2025-05-08,2025-05-10,Reconciled (Timing Difference),"Posted 2 day(s) apart -- in-transit item, not an error."
TXN0005623,3072627097,43982.29,43982.29,2025-04-29,2025-04-29,Reconciled,
TXN0005856,7859208063,-10449.37,-10449.37,2025-04-07,2025-04-07,Reconciled,
TXN0001675,2311107842,-27474.21,-27474.21,2025-04-16,2025-04-16,Reconciled,
TXN0005667,8320907891,21518.24,21518.24,2025-06-15,2025-06-15,Reconciled,
TXN0003410,7370495016,42452.51,42452.51,2025-01-23,2025-01-23,Reconciled,
TXN0005410,6105839546,-14606.78,-14606.78,2025-05-13,2025-05-13,Reconciled,
TXN0001428,8697369668,-32456.38,-32456.38,2025-05-10,2025-05-10,Reconciled,
TXN0003741,7968194796,10050.13,10050.13,2025-01-24,2025-01-27,Reconciled (Timing Difference),"Posted 3 day(s) apart -- in-transit item, not an error."
TXN0003217,3152372105,-24329.64,-24329.64,2025-05-20,2025-05-20,Reconciled,
TXN0002603,6631477020,-39799.13,-39799.13,2025-02-01,2025-02-01,Reconciled,
TXN0001786,8773174921,-31425.15,-31425.15,2025-01-13,2025-01-13,Reconciled,
TXN0003739,8304456835,3600.78,3600.78,2025-04-14,2025-04-14,Reconciled,
TXN0005968,4412673553,3244.03,3244.03,2025-06-04,2025-06-04,Reconciled,
TXN0004072,4116965941,-28383.22,-28383.22,2025-02-15,2025-02-15,Reconciled,
TXN0003887,7402501355,23037.54,23037.54,2025-03-12,2025-03-12,Reconciled,
TXN0005238,2827974787,28071.78,28071.78,2025-04-25,2025-04-26,Reconciled (Timing Difference),"Posted 1 day(s) apart -- in-transit item, not an error."
TXN0003386,4415509253,12590.71,12590.71,2025-03-18,2025-03-18,Reconciled,
TXN0005636,1572377729,1786.58,1786.58,2025-06-17,2025-06-17,Reconciled,
TXN0003329,5977517903,-4323.16,-4323.16,2025-06-11,2025-06-14,Reconciled (Timing Difference),"Posted 3 day(s) apart -- in-transit item, not an error."
TXN0004225,9149763696,-26946.89,-26946.89,2025-06-07,2025-06-07,Reconciled,
TXN0002575,8778859452,-39296.93,-39296.93,2025-02-25,2025-02-25,Reconciled,
TXN0000744,2486904069,13515.60,13515.60,2025-04-14,2025-04-14,Reconciled,
TXN0005448,3942264610,12394.95,12394.95,2025-03-15,2025-03-15,Reconciled,
TXN0003396,2948444052,12414.13,12414.13,2025-03-12,2025-03-12,Reconciled,
TXN0004421,9894259663,-7149.41,-7149.41,2025-01-05,2025-01-05,Reconciled,
TXN0001049,1751745978,11045.07,11045.07,2025-02-01,2025-02-01,Reconciled,
TXN0005952,2318686990,-2453.07,-2453.07,2025-06-26,2025-06-26,Reconciled,
TXN0004287,6412009941,13566.20,13566.20,2025-04-10,2025-04-10,Reconciled,
TXN0003256,1628949443,-34979.88,-34979.88,2025-05-29,2025-05-29,Reconciled,
TXN0001501,2489230425,-11554.78,-11554.78,2025-01-20,2025-01-20,Reconciled,
TXN0003852,5520047094,7361.49,7361.49,2025-05-08,2025-05-09,Reconciled (Timing Difference),"Posted 1 day(s) apart -- in-transit item, not an error."
TXN0000870,8240539220,-17467.31,-17467.31,2025-04-13,2025-04-16,Reconciled (Timing Difference),"Posted 3 day(s) apart -- in-transit item, not an error."
TXN0000496,4266129965,-16436.24,-16436.24,2025-06-10,2025-06-10,Reconciled,
TXN0000495,6688715900,8800.73,8800.73,2025-04-14,2025-04-14,Reconciled,
TXN0002163,6440418135,-4662.94,-4662.94,2025-02-04,2025-02-04,Reconciled,
TXN0003197,8500737116,-40238.80,-40238.80,2025-05-29,2025-06-01,Reconciled (Timing Difference),"Posted 3 day(s) apart -- in-transit item, not an error."
TXN0001221,8395586736,-5765.69,,2025-04-20,,Ledger-Only (Investigate),No matching bank record found for this ledger entry.
TXN0000307,7012142327,30683.39,30683.39,2025-06-19,2025-06-20,Reconciled (Timing Difference),"Posted 1 day(s) apart -- in-transit item, not an error."
TXN0002204,9095210214,14878.30,14878.30,2025-02-20,2025-02-20,Reconciled,
TXN0003857,9499496073,-2330.39,-2330.39,2025-04-04,2025-04-04,Reconciled,
TXN0002717,1137660753,-41122.50,-41122.50,2025-06-19,2025-06-19,Reconciled,
TXN0003924,7256541149,21816.52,21816.52,2025-06-11,2025-06-11,Reconciled,
TXN0004166,8109485376,-24763.84,-24763.84,2025-01-29,2025-01-29,Reconciled,
TXN0004889,4788804045,-6382.61,-6382.61,2025-03-28,2025-03-28,Reconciled,
TXN0004701,9537641506,-15901.94,-15901.94,2025-06-08,2025-06-08,Reconciled,
TXN0001060,4854027609,-12379.42,-12379.42,2025-03-23,2025-03-23,Reconciled,
TXN0000943,9709394049,-4371.91,-4371.91,2025-03-16,2025-03-16,Reconciled,
TXN0001467,6696781322,-33058.94,-33058.94,2025-06-15,2025-06-15,Reconciled,
TXN0004718,5725695302,-20914.16,-20914.16,2025-02-21,2025-02-21,Reconciled,
TXN0004404,6228615783,11469.20,11469.20,2025-04-13,2025-04-13,Reconciled,
TXN0001993,9206835504,-25760.82,-25760.82,2025-06-26,2025-06-26,Reconciled,
TXN0000651,3361143061,-36860.56,-36860.56,2025-01-30,2025-01-30,Reconciled,
TXN0001260,8414068600,-36759.59,-36759.59,2025-01-31,2025-01-31,Reconciled,
TXN0002960,8980532629,-13399.08,-13399.08,2025-05-16,2025-05-16,Reconciled,
TXN0002135,6539579126,-302.67,-302.67,2025-06-06,2025-06-06,Reconciled,
TXN0002402,2584761890,-14000.45,-14000.45,2025-04-16,2025-04-16,Reconciled,
TXN0001098,4556105583,-1500.88,-1500.88,2025-01-20,2025-01-20,Reconciled,
TXN0005282,1608635377,-6260.31,-6260.31,2025-04-09,2025-04-09,Reconciled,
TXN0000539,5216764595,43556.47,43556.47,2025-06-16,2025-06-16,Reconciled,
TXN0000426,8465518499,-23876.02,-23876.02,2025-05-14,2025-05-16,Reconciled (Timing Difference),"Posted 2 day(s) apart -- in-transit item, not an error."
TXN0004327,4535229722,-10988.04,-10988.04,2025-04-25,2025-04-27,Reconciled (Timing Difference),"Posted 2 day(s) apart -- in-transit item, not an error."
TXN0005480,4280743071,-856.96,-856.96,2025-02-08,2025-02-11,Reconciled (Timing Difference),"Posted 3 day(s) apart -- in-transit item, not an error."
TXN0003623,1653125864,-8302.70,-8302.70,2025-03-07,2025-03-07,Reconciled,
TXN0000276,3555655200,363.33,363.33,2025-05-18,2025-05-18,Reconciled,
TXN0000835,8743990143,13411.45,13411.45,2025-03-24,2025-03-24,Reconciled,
TXN0003621,5201248992,-31963.58,-31963.58,2025-06-05,2025-06-05,Reconciled,
TXN0004106,1081679144,-35347.34,-35347.34,2025-06-27,2025-06-27,Reconciled,
TXN0002636,4616119068,-43790.75,-43790.75,2025-03-21,2025-03-21,Reconciled,
TXN0000927,7004940926,-512.29,-512.29,2025-05-20,2025-05-20,Reconciled,
TXN0002085,6572291713,-16594.55,-16594.55,2025-03-25,2025-03-25,Reconciled,
TXN0002633,1121391712,-10981.12,-10981.12,2025-05-29,2025-05-29,Reconciled,
TXN0003186,8190593435,-21293.31,-21173.99,2025-06-24,2025-06-24,Amount Discrepancy (Investigate),"Ledger -21293.31 vs bank -21173.99, diff -119.32."
TXN0003178,9737338430,-28533.10,-28533.10,2025-04-22,2025-04-22,Reconciled,
TXN0000377,2532959682,22828.19,22828.19,2025-02-25,2025-02-25,Reconciled,
TXN0005069,6876570804,-29625.52,-29625.52,2025-04-01,2025-04-01,Reconciled,
TXN0002015,7835749954,25263.51,25263.51,2025-02-24,2025-02-24,Reconciled,
TXN0003388,6894065086,8514.57,8514.57,2025-06-23,2025-06-23,Reconciled,
TXN0005236,4230864287,-16385.95,-16385.95,2025-03-16,2025-03-19,Reconciled (Timing Difference),"Posted 3 day(s) apart -- in-transit item, not an error."
TXN0003936,2751113068,-1026.04,-1026.04,2025-05-28,2025-05-28,Reconciled,
TXN0000842,1442591079,-10646.42,-10646.42,2025-01-30,2025-01-30,Reconciled,
TXN0000843,9626531921,24848.10,24848.10,2025-06-06,2025-06-06,Reconciled,
TXN0004390,4616133069,28720.59,28720.59,2025-06-11,2025-06-11,Reconciled,
TXN0002541,9775516141,20664.09,20664.09,2025-06-03,2025-06-03,Reconciled,
TXN0000153,6040733291,-506.55,-506.55,2025-02-09,2025-02-09,Reconciled,
TXN0003921,5135471442,-38581.60,-38729.30,2025-04-20,2025-04-20,Amount Discrepancy (Investigate),"Ledger -38581.60 vs bank -38729.30, diff 147.70."
TXN0001693,4020416934,-9949.67,-9949.67,2025-06-24,2025-06-24,Reconciled,
TXN0003091,9012487819,-3537.34,-3537.34,2025-05-08,2025-05-08,Reconciled,
TXN0005045,6711608739,42414.58,42414.58,2025-02-02,2025-02-02,Reconciled,
TXN0004234,2780151825,-23615.26,-23615.26,2025-01-27,2025-01-27,Reconciled,
TXN0005950,2874343674,-8009.85,-8009.85,2025-05-18,2025-05-18,Reconciled,
TXN0003788,2391580815,-6311.03,-6311.03,2025-05-18,2025-05-18,Reconciled,
TXN0003856,7965179091,-30008.66,,2025-01-07,,Ledger-Only (Investigate),No matching bank record found for this ledger entry.
TXN0002604,4953192239,-29120.03,-29120.03,2025-04-07,2025-04-07,Reconciled,
TXN0002758,4532625027,43903.74,43903.74,2025-01-08,2025-01-08,Reconciled,
TXN0005444,1923747842,-20998.83,-20998.83,2025-04-05,2025-04-05,Reconciled,
TXN0004483,8431136379,-17833.85,-17833.85,2025-01-28,2025-01-28,Reconciled,
TXN0002005,2965569497,-41577.43,-41577.43,2025-05-12,2025-05-12,Reconciled,
TXN0002414,5949799805,-37891.33,-37891.33,2025-03-30,2025-03-30,Reconciled,
TXN0002800,3711088120,-3920.83,-3920.83,2025-03-09,2025-03-09,Reconciled,
TXN0002460,3601308292,-33144.96,-33144.96,2025-06-01,2025-06-01,Reconciled,
TXN0004116,1168882433,34113.11,34113.11,2025-01-13,2025-01-13,Reconciled,
TXN0002322,9753421875,-42172.99,-42172.99,2025-01-07,2025-01-07,Reconciled,
TXN0003720,1532978258,-18214.92,-18214.92,2025-05-09,2025-05-09,Reconciled,
TXN0005011,1235950042,-17731.60,-17731.60,2025-02-13,2025-02-15,Reconciled (Timing Difference),"Posted 2 day(s) apart -- in-transit item, not an error."
TXN0005984,1264458748,-15044.49,-15044.49,2025-02-24,2025-02-24,Reconciled,
TXN0004734,7317149939,-19150.14,-19150.14,2025-04-22,2025-04-22,Reconciled,
TXN0005042,3534506684,-42648.03,-42648.03,2025-03-16,2025-03-16,Reconciled,
TXN0004468,6535788912,-12977.80,-12977.80,2025-02-10,2025-02-10,Reconciled,
TXN0004264,3200271999,-12789.85,-12789.85,2025-02-04,2025-02-04,Reconciled,
TXN0004903,4494005297,29322.55,29322.55,2025-03-05,2025-03-05,Reconciled,
TXN0001047,6076361938,41717.56,41717.56,2025-02-09,2025-02-10,Reconciled (Timing Difference),"Posted 1 day(s) apart -- in-transit item, not an error."
TXN0003683,2861343312,-31948.55,-31948.55,2025-06-23,2025-06-23,Reconciled,
TXN0002719,6862626821,-39338.89,-39338.89,2025-03-18,2025-03-18,Reconciled,
TXN0005873,4993941342,40279.67,40279.67,2025-05-06,2025-05-06,Reconciled,
TXN0001125,8104007023,-14632.76,-14632.76,2025-03-11,2025-03-11,Reconciled,
TXN0004064,9308158676,-12479.65,-12479.65,2025-05-14,2025-05-14,Reconciled,
TXN0000028,6189349467,25795.18,25795.18,2025-02-21,2025-02-21,Reconciled,
TXN0002883,7491772739,-21812.81,-21812.81,2025-02-22,2025-02-22,Reconciled,
TXN0004307,3392726885,34099.56,34099.56,2025-05-22,2025-05-22,Reconciled,
TXN0000871,7037461780,27084.76,27084.76,2025-02-22,2025-02-22,Reconciled,
TXN0000340,4305719318,20726.49,20726.49,2025-06-12,2025-06-12,Reconciled,
TXN0002088,6239212115,-8960.41,-8960.41,2025-01-08,2025-01-08,Reconciled,
TXN0004437,1402513683,-5936.91,-5936.91,2025-04-24,2025-04-24,Reconciled,
TXN0002291,8067573378,-19660.71,-19660.71,2025-01-31,2025-01-31,Reconciled,
TXN0001008,2845634131,-30587.67,-30587.67,2025-06-30,2025-06-30,Reconciled,
TXN0001448,8027307858,-19377.56,-19377.56,2025-04-03,2025-04-05,Reconciled (Timing Difference),"Posted 2 day(s) apart -- in-transit item, not an error."
TXN0002810,2634424434,40230.15,40230.15,2025-03-02,2025-03-02,Reconciled,
TXN0000230,9102302215,-40558.28,-40558.28,2025-02-17,2025-02-17,Reconciled,
TXN0005026,5113691816,5001.79,5001.79,2025-02-04,2025-02-04,Reconciled,
TXN0003242,2663995905,42038.28,42038.28,2025-06-22,2025-06-22,Reconciled,
TXN0004735,9246615289,-20122.83,-20122.83,2025-01-12,2025-01-12,Reconciled,
TXN0000102,4620862501,-2240.01,-2240.01,2025-04-18,2025-04-18,Reconciled,
TXN0002998,9460326316,-7822.70,-7822.70,2025-04-08,2025-04-08,Reconciled,
TXN0002127,4522070356,-25438.81,-25438.81,2025-05-25,2025-05-25,Reconciled,
TXN0005998,4582892976,-31292.41,-31205.23,2025-02-13,2025-02-13,Amount Discrepancy (Investigate),"Ledger -31292.41 vs bank -31205.23, diff -87.18."
TXN0005668,2879954994,-31688.96,-31688.96,2025-05-20,2025-05-20,Reconciled,
TXN0001854,3523220626,-21551.25,-21551.25,2025-03-17,2025-03-17,Reconciled,
TXN0004194,8805561307,19638.02,19638.02,2025-04-20,2025-04-20,Reconciled,
TXN0005696,3541421599,-40170.68,-40170.68,2025-03-06,2025-03-06,Reconciled,
TXN0005747,4579113853,-19151.25,-19151.25,2025-01-10,2025-01-10,Reconciled,
TXN0005041,3236335664,-21460.01,,2025-03-16,,Ledger-Only (Investigate),No matching bank record found for this ledger entry.
TXN0005091,8776448268,9518.75,9518.75,2025-04-06,2025-04-06,Reconciled,
TXN0001968,9334906421,-42708.06,-42708.06,2025-02-20,2025-02-20,Reconciled,
TXN0003897,1011595545,-3735.32,-3735.32,2025-04-24,2025-04-24,Reconciled,
TXN0005158,8179456025,-21971.57,-21971.57,2025-02-23,2025-02-23,Reconciled,
TXN0003530,8519083057,22272.48,22272.48,2025-03-05,2025-03-05,Reconciled,
TXN0003278,6437998162,-25039.53,-25039.53,2025-04-14,2025-04-14,Reconciled,
TXN0004957,3009380193,-40681.76,-40681.76,2025-03-25,2025-03-25,Reconciled,
TXN0000807,3377813283,26914.11,26914.11,2025-04-17,2025-04-20,Reconciled (Timing Difference),"Posted 3 day(s) apart -- in-transit item, not an error."
TXN0005023,8711600629,-41254.45,-41254.45,2025-06-08,2025-06-08,Reconciled,
TXN0005277,6066359491,-16959.17,-16959.17,2025-05-12,2025-05-12,Reconciled,
TXN0005122,9327825884,-32948.48,-32948.48,2025-05-25,2025-05-25,Reconciled,
TXN0001611,5110881053,-19013.58,-19013.58,2025-02-08,2025-02-08,Reconciled,
TXN0003179,1801981899,-41073.53,-41073.53,2025-05-31,2025-05-31,Reconciled,
TXN0005446,6865943254,28879.02,28879.02,2025-02-15,2025-02-15,Reconciled,
TXN0000322,6946831250,-14282.20,-14282.20,2025-06-07,2025-06-07,Reconciled,
TXN0005612,5285259308,-40291.34,-40291.34,2025-04-16,2025-04-16,Reconciled,
TXN0005985,6639628616,-11694.56,-11694.56,2025-02-18,2025-02-18,Reconciled,
TXN0000471,5726529550,15436.56,15436.56,2025-05-13,2025-05-13,Reconciled,
TXN0003827,4413085453,-34146.25,-34146.25,2025-05-20,2025-05-20,Reconciled,
TXN0004810,8189804310,-28865.11,-28865.11,2025-05-12,2025-05-13,Reconciled (Timing Difference),"Posted 1 day(s) apart -- in-transit item, not an error."
TXN0001612,3903958703,-30526.40,-30526.40,2025-03-13,2025-03-13,Reconciled,
TXN0001430,1257546801,30359.49,30359.49,2025-02-11,2025-02-11,Reconciled,
TXN0000277,6586749773,26977.51,26977.51,2025-02-03,2025-02-03,Reconciled,
TXN0002150,7795492827,-5951.22,-5951.22,2025-03-11,2025-03-11,Reconciled,
TXN0001275,1223718085,22984.52,22984.52,2025-03-19,2025-03-19,Reconciled,
TXN0000523,4891792695,-31214.92,-31214.92,2025-03-29,2025-03-29,Reconciled,
TXN0003066,8346646630,-18950.51,-18950.51,2025-04-09,2025-04-09,Reconciled,
TXN0005579,7854213864,19217.37,19217.37,2025-04-24,2025-04-26,Reconciled (Timing Difference),"Posted 2 day(s) apart -- in-transit item, not an error."
TXN0004417,1373750657,-44018.67,-44018.67,2025-06-17,2025-06-17,Reconciled,
TXN0003564,5767818328,-16007.98,-16007.98,2025-02-21,2025-02-21,Reconciled,
TXN0000379,9341776385,36849.73,36849.73,2025-01-20,2025-01-20,Reconciled,
TXN0001709,7614669327,7813.25,7813.25,2025-03-21,2025-03-21,Reconciled,
TXN0000605,4799563192,-24217.32,-24217.32,2025-01-08,2025-01-11,Reconciled (Timing Difference),"Posted 3 day(s) apart -- in-transit item, not an error."
TXN0003778,6797557874,-8729.55,-8729.55,2025-06-04,2025-06-04,Reconciled,
TXN0002962,7346728991,34695.76,34695.76,2025-01-20,2025-01-20,Reconciled,
TXN0002363,3746696618,1335.07,1335.07,2025-01-21,2025-01-21,Reconciled,
TXN0000493,5184867427,248.85,248.85,2025-05-15,2025-05-15,Reconciled,
TXN0003154,6795949712,15446.93,15446.93,2025-04-23,2025-04-23,Reconciled,
TXN0004837,3208865043,15628.47,15628.47,2025-03-27,2025-03-27,Reconciled,
TXN0001476,8271879403,-18859.26,-18859.26,2025-04-14,2025-04-14,Reconciled,
TXN0001641,8036289141,20778.10,20778.10,2025-04-17,2025-04-17,Reconciled,
TXN0005896,7786043742,-19080.53,-19080.53,2025-03-12,2025-03-12,Reconciled,
TXN0004953,3098691668,-22893.72,-22893.72,2025-05-19,2025-05-19,Reconciled,
TXN0004160,1931782025,-22500.93,-22500.93,2025-05-19,2025-05-20,Reconciled (Timing Difference),"Posted 1 day(s) apart -- in-transit item, not an error."
TXN0004985,3095595868,34658.33,34491.92,2025-05-18,2025-05-18,Amount Discrepancy (Investigate),"Ledger 34658.33 vs bank 34491.92, diff 166.41."
TXN0005037,5217310498,-40999.02,-40999.02,2025-04-24,2025-04-24,Reconciled,
TXN0004852,7558826644,39048.00,39048.00,2025-05-10,2025-05-10,Reconciled,
TXN0004334,2874355442,-9100.39,-9100.39,2025-03-08,2025-03-08,Reconciled,
TXN0002856,9869848062,40762.39,40762.39,2025-05-28,2025-05-28,Reconciled,
TXN0003160,5226848851,-12263.00,-12263.00,2025-04-03,2025-04-03,Reconciled,
TXN0004451,8189954336,-36767.84,-36767.84,2025-05-06,2025-05-06,Reconciled,
TXN0005077,8158277576,44193.39,44193.39,2025-04-19,2025-04-19,Reconciled,
TXN0003880,7591685850,19898.11,19898.11,2025-04-16,2025-04-16,Reconciled,
TXN0000234,6109557218,24429.40,24429.40,2025-01-09,2025-01-09,Reconciled,
TXN0000041,8155817396,-18290.76,-18290.76,2025-02-16,2025-02-16,Reconciled,
TXN0001512,9960188015,23626.32,23626.32,2025-01-13,2025-01-14,Reconciled (Timing Difference),"Posted 1 day(s) apart -- in-transit item, not an error."
TXN0002634,2434700667,40443.46,40443.46,2025-06-16,2025-06-16,Reconciled,
TXN0003831,9115651798,22652.36,22652.36,2025-06-24,2025-06-24,Reconciled,
TXN0005569,8532335222,-4535.77,-4535.77,2025-06-18,2025-06-18,Reconciled,
TXN0005270,9545452758,44647.17,44647.17,2025-01-13,2025-01-13,Reconciled,
TXN0001733,3532981418,26842.72,26842.72,2025-01-12,2025-01-12,Reconciled,
TXN0000978,6041650856,-26080.74,-26080.74,2025-04-26,2025-04-26,Reconciled,
TXN0003088,8630120883,-12268.88,-12268.88,2025-04-02,2025-04-02,Reconciled,
TXN0005890,7546642420,-44110.48,-44110.48,2025-06-15,2025-06-15,Reconciled,
TXN0000154,5492865400,-9679.35,-9679.35,2025-05-18,2025-05-18,Reconciled,
TXN0001145,6327510780,2068.09,2068.09,2025-03-05,2025-03-05,Reconciled,
TXN0003345,9534786779,14265.46,14265.46,2025-04-02,2025-04-02,Reconciled,
TXN0001015,7649411009,-18642.51,-18642.51,2025-01-10,2025-01-10,Reconciled,
TXN0004871,8743365678,15053.79,15053.79,2025-01-08,2025-01-08,Reconciled,
TXN0004231,8458890313,-34008.27,-34008.27,2025-03-16,2025-03-16,Reconciled,
TXN0005592,8269703631,5876.65,5876.65,2025-06-18,2025-06-18,Reconciled,
TXN0001680,3188475218,-7479.63,-7479.63,2025-01-28,2025-01-28,Reconciled,
TXN0005095,8064379434,-2472.00,-2472.00,2025-01-13,2025-01-13,Reconciled,
TXN0002090,7199625049,-2534.27,-2534.27,2025-04-13,2025-04-13,Reconciled,
TXN0001243,4559763176,40416.74,40416.74,2025-06-15,2025-06-15,Reconciled,
TXN0005680,2289854145,655.58,655.58,2025-06-05,2025-06-05,Reconciled,
TXN0004748,8425160059,17803.70,17803.70,2025-05-19,2025-05-19,Reconciled,
TXN0001998,8595834995,-38776.02,-38776.02,2025-06-23,2025-06-25,Reconciled (Timing Difference),"Posted 2 day(s) apart -- in-transit item, not an error."
TXN0002030,9160426651,-31309.74,-31309.74,2025-03-29,2025-03-29,Reconciled,
TXN0005290,7002641610,-39362.66,-39362.66,2025-03-30,2025-03-30,Reconciled,
TXN0004956,8447109312,-9031.44,-9031.44,2025-02-08,2025-02-08,Reconciled,
TXN0005930,2637761451,2272.80,2272.80,2025-01-31,2025-01-31,Reconciled,
TXN0003047,7423627338,-36721.70,-36721.70,2025-05-31,2025-05-31,Reconciled,
TXN0004950,6148070853,20585.70,20585.70,2025-01-13,2025-01-13,Reconciled,
TXN0001359,4780677660,1189.41,1189.41,2025-02-12,2025-02-12,Reconciled,
TXN0000791,1585813907,6154.03,6154.03,2025-01-13,2025-01-13,Reconciled,
TXN0005247,6076767908,41750.50,41750.50,2025-02-11,2025-02-11,Reconciled,
TXN0000788,5497541178,39919.12,39919.12,2025-04-11,2025-04-11,Reconciled,
TXN0003804,8348977922,-20247.68,-20247.68,2025-04-16,2025-04-17,Reconciled (Timing Difference),"Posted 1 day(s) apart -- in-transit item, not an error."
TXN0001982,3938537077,-13432.90,-13432.90,2025-05-21,2025-05-21,Reconciled,
TXN0004856,6030985523,-21467.74,-21467.74,2025-01-27,2025-01-27,Reconciled,
TXN0005659,9145585369,26271.61,26271.61,2025-04-11,2025-04-11,Reconciled,
TXN0002236,2197429299,-23116.12,-23116.12,2025-05-07,2025-05-07,Reconciled,
TXN0004493,2109548995,23240.90,23240.90,2025-03-29,2025-03-29,Reconciled,
TXN0003448,5709247932,41323.91,41323.91,2025-02-22,2025-02-24,Reconciled (Timing Difference),"Posted 2 day(s) apart -- in-transit item, not an error."
TXN0002027,3414398870,-12887.40,-12887.40,2025-01-05,2025-01-06,Reconciled (Timing Difference),"Posted 1 day(s) apart -- in-transit item, not an error."
TXN0005899,1576367462,-44761.45,-44761.45,2025-03-25,2025-03-25,Reconciled,
TXN0004867,9043169774,19084.31,19084.31,2025-06-16,2025-06-16,Reconciled,
TXN0005690,2541187737,12269.03,12269.03,2025-04-08,2025-04-08,Reconciled,
TXN0000913,4258918090,-26634.59,-26634.59,2025-06-25,2025-06-25,Reconciled,
TXN0001395,8665676403,-37959.25,-37959.25,2025-04-04,2025-04-04,Reconciled,
TXN0003460,4001383956,-18770.17,-18770.17,2025-05-28,2025-05-28,Reconciled,
TXN0003155,3287588894,-34080.66,-34080.66,2025-01-16,2025-01-16,Reconciled,
TXN0004180,8879851786,-7092.52,-7092.52,2025-03-15,2025-03-15,Reconciled,
TXN0003071,1649613760,-7411.46,-7411.46,2025-01-04,2025-01-04,Reconciled,
TXN0005005,3377349974,-35466.17,-35466.17,2025-03-14,2025-03-14,Reconciled,
TXN0005915,6095713586,-28346.04,-28346.04,2025-01-06,2025-01-06,Reconciled,
TXN0003360,1295389934,-16924.72,-16924.72,2025-05-09,2025-05-09,Reconciled,
TXN0003371,2454463575,14679.48,14679.48,2025-06-16,2025-06-16,Reconciled,
TXN0005366,3705372288,-25007.80,-25007.80,2025-05-27,2025-05-27,Reconciled,
TXN0000668,3881013944,16138.49,16138.49,2025-06-04,2025-06-06,Reconciled (Timing Difference),"Posted 2 day(s) apart -- in-transit item, not an error."
TXN0003524,9511857696,-1303.12,-1303.12,2025-04-15,2025-04-15,Reconciled,
TXN0001798,5977577169,-15017.40,-15017.40,2025-05-30,2025-05-30,Reconciled,
TXN0000137,5027372775,-23034.31,-23034.31,2025-03-08,2025-03-08,Reconciled,
TXN0005383,8353220933,-731.19,-731.19,2025-06-16,2025-06-16,Reconciled,
TXN0004947,3674370502,3452.67,3452.67,2025-06-12,2025-06-12,Reconciled,
TXN0000164,9291293912,-41769.49,-41769.49,2025-05-07,2025-05-07,Reconciled,
TXN0001876,5133926285,-35100.90,-35100.90,2025-05-21,2025-05-21,Reconciled,
TXN0000944,5778378679,6731.16,6731.16,2025-03-24,2025-03-24,Reconciled,
TXN0001978,1209167825,-36571.35,-36571.35,2025-06-05,2025-06-05,Reconciled,
TXN0001966,2427830931,-15255.71,-15255.71,2025-03-17,2025-03-17,Reconciled,
TXN0002797,6688830689,-9876.78,-9876.78,2025-04-29,2025-04-29,Reconciled,
TXN0005583,9979849273,19451.51,19451.51,2025-02-03,2025-02-06,Reconciled (Timing Difference),"Posted 3 day(s) apart -- in-transit item, not an error."
TXN0000101,1170399969,-44763.36,-44763.36,2025-03-29,2025-03-29,Reconciled,
TXN0004142,4286382844,-575.23,-575.23,2025-05-30,2025-06-01,Reconciled (Timing Difference),"Posted 2 day(s) apart -- in-transit item, not an error."
TXN0004114,1827629088,-3153.24,-3153.24,2025-03-04,2025-03-04,Reconciled,
TXN0004073,5430674400,23240.69,23240.69,2025-05-20,2025-05-20,Reconciled,
TXN0001545,8659963592,6982.56,6982.56,2025-04-13,2025-04-13,Reconciled,
TXN0000015,4395309096,-28132.60,-28132.60,2025-04-08,2025-04-08,Reconciled,
TXN0001192,1515153334,8743.43,8743.43,2025-06-01,2025-06-01,Reconciled,
TXN0005609,2154825335,-1322.93,-1322.93,2025-01-24,2025-01-24,Reconciled,
TXN0004362,2923184827,-6651.32,-6651.32,2025-01-08,2025-01-08,Reconciled,
TXN0005588,1402661884,10546.23,10546.23,2025-02-23,2025-02-23,Reconciled,
TXN0000730,7269504431,-40829.45,-40829.45,2025-03-03,2025-03-03,Reconciled,
TXN0005866,1122123180,-20044.29,-20044.29,2025-06-16,2025-06-16,Reconciled,
TXN0004378,3520169597,-5803.32,-5803.32,2025-04-30,2025-04-30,Reconciled,
TXN0003223,8205291126,35914.03,35914.03,2025-05-28,2025-05-28,Reconciled,
TXN0003763,2047144095,10819.05,10819.05,2025-01-20,2025-01-20,Reconciled,
TXN0004730,9432782683,37762.81,37762.81,2025-01-29,2025-01-29,Reconciled,
TXN0005409,3434469499,-12635.56,-12635.56,2025-01-27,2025-01-27,Reconciled,
TXN0004653,7865366643,-34330.39,,2025-05-14,,Ledger-Only (Investigate),No matching bank record found for this ledger entry.
TXN0000173,5603304320,42007.61,42007.61,2025-01-31,2025-01-31,Reconciled,
TXN0003054,1440064977,42208.78,42208.78,2025-06-29,2025-06-29,Reconciled,
TXN0000784,2808812401,-17989.01,-17989.01,2025-01-16,2025-01-16,Reconciled,
TXN0004475,8811168710,-40110.70,-40110.70,2025-01-14,2025-01-14,Reconciled,
TXN0002347,4140783471,-23673.44,-23673.44,2025-02-05,2025-02-05,Reconciled,
TXN0000365,4144491168,8279.67,8279.67,2025-03-18,2025-03-18,Reconciled,
TXN0001610,1551377661,36804.67,36804.67,2025-05-04,2025-05-04,Reconciled,
TXN0005153,6775673106,20368.41,20368.41,2025-06-18,2025-06-19,Reconciled (Timing Difference),"Posted 1 day(s) apart -- in-transit item, not an error."
TXN0001082,2659019304,-28938.84,-28938.84,2025-06-22,2025-06-23,Reconciled (Timing Difference),"Posted 1 day(s) apart -- in-transit item, not an error."
TXN0003073,8318504383,37476.96,37476.96,2025-03-21,2025-03-23,Reconciled (Timing Difference),"Posted 2 day(s) apart -- in-transit item, not an error."
TXN0003366,9369949082,-25669.60,-25669.60,2025-04-15,2025-04-15,Reconciled,
TXN0004928,3908693720,14962.54,14962.54,2025-02-13,2025-02-13,Reconciled,
TXN0001842,1474757088,-41680.80,-41680.80,2025-03-21,2025-03-21,Reconciled,
TXN0003369,2365459889,-16440.97,-16440.97,2025-01-28,2025-01-28,Reconciled,
TXN0002538,2175335875,268.63,268.63,2025-04-30,2025-04-30,Reconciled,
TXN0003844,1089114551,-29587.48,-29587.48,2025-03-12,2025-03-15,Reconciled (Timing Difference),"Posted 3 day(s) apart -- in-transit item, not an error."
TXN0003387,9495937134,-40284.34,-40284.34,2025-06-30,2025-06-30,Reconciled,
TXN0000571,7639403968,-15355.78,-15355.78,2025-06-30,2025-06-30,Reconciled,
TXN0003483,7396997816,-36854.20,-36854.20,2025-06-29,2025-06-29,Reconciled,
TXN0005931,7065993421,-6895.91,-6895.91,2025-03-15,2025-03-15,Reconciled,
TXN0003103,5414015793,-29561.95,-29561.95,2025-02-02,2025-02-02,Reconciled,
TXN0002504,2765481025,25093.61,25093.61,2025-03-05,2025-03-05,Reconciled,
TXN0000867,5765539411,-13537.20,-13537.20,2025-04-21,2025-04-22,Reconciled (Timing Difference),"Posted 1 day(s) apart -- in-transit item, not an error."
TXN0003523,6820351352,-14017.88,-14017.88,2025-02-01,2025-02-01,Reconciled,
TXN0002718,6173754677,-12268.42,-12268.42,2025-05-18,2025-05-18,Reconciled,
TXN0002048,6232721858,-10120.91,-10120.91,2025-02-06,2025-02-06,Reconciled,
TXN0000805,5289209469,-36162.77,-36162.77,2025-06-03,2025-06-03,Reconciled,
TXN0005627,2041022075,18988.37,18988.37,2025-06-14,2025-06-14,Reconciled,
TXN0000909,7322426299,-34353.97,-34353.97,2025-02-17,2025-02-17,Reconciled,
TXN0005003,5868824060,-34632.38,-34649.62,2025-03-05,2025-03-05,Amount Discrepancy (Investigate),"Ledger -34632.38 vs bank -34649.62, diff 17.24."
TXN0001320,7759492287,-33046.19,-33046.19,2025-04-24,2025-04-24,Reconciled,
TXN0001623,1044128032,-43454.06,-43454.06,2025-05-08,2025-05-08,Reconciled,
TXN0001954,4217529529,32140.30,,2025-04-11,,Ledger-Only (Investigate),No matching bank record found for this ledger entry.
TXN0002196,6988892064,-3848.14,-3848.14,2025-02-28,2025-02-28,Reconciled,
TXN0003362,5843148864,-25005.77,-25005.77,2025-01-14,2025-01-14,Reconciled,
TXN0004458,6684874690,12172.41,12172.41,2025-03-26,2025-03-26,Reconciled,
TXN0003791,4615772912,37065.78,37065.78,2025-03-30,2025-03-30,Reconciled,
TXN0001573,2272614046,-37504.62,-37504.62,2025-02-14,2025-02-14,Reconciled,
TXN0000914,3214569021,-2170.83,-2170.83,2025-02-03,2025-02-03,Reconciled,
TXN0005897,1926230101,-4758.75,-4758.75,2025-05-19,2025-05-19,Reconciled,
TXN0002510,4571220835,-23646.53,-23646.53,2025-02-01,2025-02-01,Reconciled,
TXN0005261,7695645161,34123.26,34123.26,2025-05-29,2025-06-01,Reconciled (Timing Difference),"Posted 3 day(s) apart -- in-transit item, not an error."
TXN0004301,2547245156,-20694.60,-20694.60,2025-01-30,2025-01-30,Reconciled,
TXN0003777,4875691471,-44411.89,-44411.89,2025-06-02,2025-06-05,Reconciled (Timing Difference),"Posted 3 day(s) apart -- in-transit item, not an error."
TXN0005576,4477084628,-25032.86,-25032.86,2025-05-26,2025-05-26,Reconciled,
TXN0004036,7896399985,-16297.90,-16297.90,2025-04-09,2025-04-09,Reconciled,
TXN0001779,5226341114,-12297.51,-12297.51,2025-03-06,2025-03-06,Reconciled,
TXN0000457,8494822473,-22905.61,-22905.61,2025-03-19,2025-03-19,Reconciled,
TXN0000796,7407270404,4552.82,4552.82,2025-04-12,2025-04-12,Reconciled,
TXN0005911,4998509059,-5237.25,-5237.25,2025-06-26,2025-06-26,Reconciled,
TXN0003765,7749106889,40222.31,40222.31,2025-01-08,2025-01-11,Reconciled (Timing Difference),"Posted 3 day(s) apart -- in-transit item, not an error."
TXN0000408,5852999316,-20061.13,-20061.13,2025-05-26,2025-05-26,Reconciled,
TXN0005453,9639883333,20605.63,20605.63,2025-04-27,2025-04-27,Reconciled,
TXN0005761,6938872325,-44714.55,-44714.55,2025-03-10,2025-03-10,Reconciled,
TXN0003973,5109262133,-24577.94,-24577.94,2025-01-21,2025-01-22,Reconciled (Timing Difference),"Posted 1 day(s) apart -- in-transit item, not an error."
TXN0004675,1584504050,-27957.83,-27957.83,2025-03-19,2025-03-19,Reconciled,
TXN0001803,1056209885,13895.07,13895.07,2025-02-14,2025-02-14,Reconciled,
TXN0003879,9832623144,-29763.71,-29763.71,2025-04-16,2025-04-16,Reconciled,
TXN0002475,5855554666,34023.76,34023.76,2025-02-02,2025-02-02,Reconciled,
TXN0005012,2392372050,-5426.89,-5426.89,2025-01-26,2025-01-26,Reconciled,
TXN0005441,9684053820,31160.09,31160.09,2025-06-23,2025-06-23,Reconciled,
TXN0001770,6851695312,-18526.17,-18526.17,2025-03-26,2025-03-26,Reconciled,
TXN0002452,8220008576,12443.23,12443.23,2025-05-20,2025-05-20,Reconciled,
TXN0004205,3164315627,34955.35,34955.35,2025-03-31,2025-03-31,Reconciled,
TXN0002844,7665229028,-42880.13,-42880.13,2025-05-05,2025-05-05,Reconciled,
TXN0005756,1174759409,-38993.13,-38993.13,2025-04-28,2025-04-28,Reconciled,
TXN0004899,5813195112,7936.19,7936.19,2025-01-31,2025-01-31,Reconciled,
TXN0004642,4299247003,-6680.50,-6680.50,2025-03-27,2025-03-27,Reconciled,
TXN0001566,6100854800,35920.61,35920.61,2025-04-14,2025-04-14,Reconciled,
TXN0000884,6573403242,-8660.43,-8660.43,2025-02-20,2025-02-20,Reconciled,
TXN0005307,6938200491,-22204.76,-22204.76,2025-04-09,2025-04-09,Reconciled,
TXN0003918,5278875681,12323.66,12323.66,2025-02-02,2025-02-02,Reconciled,
TXN0005633,4361236164,-27494.90,-27494.90,2025-02-18,2025-02-18,Reconciled,
TXN0004624,2337387650,-30405.16,-30405.16,2025-02-16,2025-02-16,Reconciled,
TXN0001755,3478436229,30022.46,30022.46,2025-04-02,2025-04-02,Reconciled,
TXN0001690,8266131182,-2532.29,-2532.29,2025-05-29,2025-05-29,Reconciled,
TXN0002760,8286769769,7877.29,7877.29,2025-06-07,2025-06-07,Reconciled,
TXN0000606,3962129513,-27644.12,-27644.12,2025-02-14,2025-02-14,Reconciled,
TXN0000761,9359943983,39831.35,39831.35,2025-04-01,2025-04-01,Reconciled,
TXN0001539,5298307348,15593.58,15593.58,2025-03-18,2025-03-18,Reconciled,
TXN0005058,8802068817,9924.63,9924.63,2025-01-08,2025-01-08,Reconciled,
TXN0005830,4088576511,-39557.71,-39557.71,2025-01-09,2025-01-09,Reconciled,
TXN0003373,3357523253,-38841.27,-38841.27,2025-04-06,2025-04-06,Reconciled,
TXN0000429,5562935917,-18636.80,-18636.80,2025-01-17,2025-01-19,Reconciled (Timing Difference),"Posted 2 day(s) apart -- in-transit item, not an error."
TXN0000967,7617437960,-41130.39,-41130.39,2025-04-01,2025-04-02,Reconciled (Timing Difference),"Posted 1 day(s) apart -- in-transit item, not an error."
TXN0002403,4660941141,13182.06,13182.06,2025-03-25,2025-03-25,Reconciled,
TXN0005862,8340356663,5461.17,5461.17,2025-04-17,2025-04-17,Reconciled,
TXN0000447,6812246323,-23746.81,-23746.81,2025-04-08,2025-04-08,Reconciled,
TXN0005903,3656190688,-19900.51,-19900.51,2025-06-01,2025-06-03,Reconciled (Timing Difference),"Posted 2 day(s) apart -- in-transit item, not an error."
TXN0004436,6746755143,-19279.95,-19279.95,2025-01-12,2025-01-12,Reconciled,
TXN0003740,2339691845,-1722.95,-1722.95,2025-04-06,2025-04-06,Reconciled,
TXN0005059,2387014951,-23164.90,-23164.90,2025-06-01,2025-06-03,Reconciled (Timing Difference),"Posted 2 day(s) apart -- in-transit item, not an error."
TXN0000432,2882770533,9011.54,9011.54,2025-04-10,2025-04-12,Reconciled (Timing Difference),"Posted 2 day(s) apart -- in-transit item, not an error."
TXN0001685,4886766743,-4263.54,-4263.54,2025-05-30,2025-05-30,Reconciled,
TXN0004389,7093929237,-27584.47,-27584.47,2025-05-31,2025-05-31,Reconciled,
TXN0002825,6582436739,12398.44,12398.44,2025-02-17,2025-02-17,Reconciled,
TXN0000132,1879121024,-33942.16,-33942.16,2025-01-28,2025-01-28,Reconciled,
TXN0001930,7505240114,-11335.25,-11335.25,2025-05-31,2025-05-31,Reconciled,
TXN0003107,8084653550,44613.17,44613.17,2025-06-08,2025-06-08,Reconciled,
TXN0000224,5390374998,1457.69,1457.69,2025-01-11,2025-01-11,Reconciled,
TXN0001313,7651020216,-26963.82,-26963.82,2025-02-11,2025-02-11,Reconciled,
TXN0005582,1693601915,23794.45,23794.45,2025-05-16,2025-05-16,Reconciled,
TXN0005151,4948263474,-10429.34,-10429.34,2025-01-01,2025-01-01,Reconciled,
TXN0000760,5528134672,1783.44,1783.44,2025-04-05,2025-04-05,Reconciled,
TXN0002261,1125537133,-10150.72,-10150.72,2025-06-03,2025-06-06,Reconciled (Timing Difference),"Posted 3 day(s) apart -- in-transit item, not an error."
TXN0001233,5006127203,43614.45,43614.45,2025-05-18,2025-05-18,Reconciled,
TXN0001394,1869940376,7245.34,7245.34,2025-05-21,2025-05-21,Reconciled,
TXN0002332,7887753860,-2386.49,-2386.49,2025-05-28,2025-05-28,Reconciled,
TXN0005130,3660747187,-30528.99,-30528.99,2025-05-18,2025-05-18,Reconciled,
TXN0001158,7944772414,-28557.74,-28557.74,2025-01-18,2025-01-18,Reconciled,
TXN0001721,3432862704,-30763.99,-30893.32,2025-06-29,2025-06-29,Amount Discrepancy (Investigate),"Ledger -30763.99 vs bank -30893.32, diff 129.33."
TXN0005036,6602041147,41775.84,41775.84,2025-06-08,2025-06-08,Reconciled,
TXN0005692,6546692136,-17064.63,-17064.63,2025-02-03,2025-02-03,Reconciled,
TXN0000641,3063623217,-11701.49,-11701.49,2025-05-28,2025-05-28,Reconciled,
TXN0004457,4757707490,-26341.27,-26341.27,2025-03-17,2025-03-17,Reconciled,
TXN0004281,8438919610,-23602.25,-23602.25,2025-03-09,2025-03-09,Reconciled,
TXN0004373,6298176712,-14812.76,-14812.76,2025-01-07,2025-01-07,Reconciled,
TXN0004725,9976416563,-34213.07,-34213.07,2025-04-18,2025-04-18,Reconciled,
TXN0000318,6308425671,-14067.33,-14067.33,2025-01-28,2025-01-28,Reconciled,
TXN0005786,1286782898,-39798.68,-39798.68,2025-02-19,2025-02-19,Reconciled,
TXN0005101,9755380972,-42654.62,-42654.62,2025-01-13,2025-01-13,Reconciled,
TXN0005662,7175577983,26211.42,26211.42,2025-03-26,2025-03-26,Reconciled,
TXN0002615,2395249160,24304.92,24304.92,2025-06-11,2025-06-11,Reconciled,
TXN0005724,1548818135,-10186.91,-10186.91,2025-05-20,2025-05-20,Reconciled,
TXN0004408,9629756843,-41569.74,-41533.35,2025-01-11,2025-01-11,Amount Discrepancy (Investigate),"Ledger -41569.74 vs bank -41533.35, diff -36.39."
TXN0002108,4830229474,32689.75,32689.75,2025-04-02,2025-04-02,Reconciled,
TXN0003407,7527821881,-14050.71,-14050.71,2025-02-04,2025-02-04,Reconciled,
TXN0000147,9689714423,-16294.40,-16294.40,2025-04-29,2025-04-29,Reconciled,
TXN0004499,4688104255,-24245.47,-24245.47,2025-06-30,2025-06-30,Reconciled,
TXN0003003,7746251197,-37119.61,-37119.61,2025-05-15,2025-05-15,Reconciled,
TXN0000218,2542488683,-14394.22,-14394.22,2025-06-15,2025-06-15,Reconciled,
TXN0001858,8095351983,-6135.38,-6135.38,2025-05-19,2025-05-19,Reconciled,
TXN0000063,3184463599,-40256.08,,2025-04-14,,Ledger-Only (Investigate),No matching bank record found for this ledger entry.
TXN0004484,1168910411,12883.32,12883.32,2025-01-22,2025-01-22,Reconciled,
TXN0001751,2169081193,37532.20,37532.20,2025-05-26,2025-05-27,Reconciled (Timing Difference),"Posted 1 day(s) apart -- in-transit item, not an error."
TXN0002298,4271681146,-36036.17,-36036.17,2025-02-01,2025-02-01,Reconciled,
TXN0001926,8818527604,-11827.98,-11827.98,2025-03-25,2025-03-25,Reconciled,
TXN0005159,1344192979,-5896.21,-5896.21,2025-03-28,2025-03-28,Reconciled,
TXN0002246,8883847248,29672.23,29878.84,2025-03-10,2025-03-10,Amount Discrepancy (Investigate),"Ledger 29672.23 vs bank 29878.84, diff -206.61."
TXN0003210,4129748362,-16659.48,-16659.48,2025-05-26,2025-05-26,Reconciled,
TXN0000266,3810150220,-11595.44,-11595.44,2025-06-22,2025-06-22,Reconciled,
TXN0005722,8565387378,17250.43,17250.43,2025-01-16,2025-01-16,Reconciled,
TXN0004863,3572265642,-17424.18,-17424.18,2025-06-09,2025-06-09,Reconciled,
TXN0002667,6483165391,36799.87,36799.87,2025-04-14,2025-04-14,Reconciled,
TXN0003885,9581440848,-22373.29,-22373.29,2025-01-13,2025-01-13,Reconciled,
TXN0003011,4551063203,-4315.48,-4315.48,2025-03-02,2025-03-02,Reconciled,
TXN0003442,6348524472,43939.06,43939.06,2025-01-16,2025-01-16,Reconciled,
TXN0002477,8812317874,-13439.59,-13439.59,2025-03-14,2025-03-14,Reconciled,
TXN0003143,2205271919,-20223.99,-20223.99,2025-01-13,2025-01-13,Reconciled,
TXN0002326,2940646442,20552.46,20552.46,2025-05-22,2025-05-22,Reconciled,
TXN0004328,9329251127,-9347.16,-9347.16,2025-03-18,2025-03-18,Reconciled,
TXN0005561,1109488697,-23956.15,-23956.15,2025-01-17,2025-01-17,Reconciled,
TXN0002494,3864579405,-3143.31,-3143.31,2025-03-11,2025-03-11,Reconciled,
TXN0002018,4433743864,-23887.47,-23887.47,2025-05-29,2025-05-29,Reconciled,
TXN0002978,4503098012,-20693.81,-20693.81,2025-03-31,2025-03-31,Reconciled,
TXN0002331,6417425907,-25414.91,-25414.91,2025-05-18,2025-05-18,Reconciled,
TXN0000474,2982553141,38842.83,38842.83,2025-03-31,2025-03-31,Reconciled,
TXN0001929,5914434820,9521.79,9521.79,2025-05-12,2025-05-12,Reconciled,
TXN0005260,4525161875,43157.45,43157.45,2025-03-09,2025-03-09,Reconciled,
TXN0005239,5864801037,-35879.13,-35879.13,2025-06-03,2025-06-03,Reconciled,
TXN0003850,2292728462,3443.12,,2025-02-05,,Ledger-Only (Investigate),No matching bank record found for this ledger entry.
TXN0003557,5531846396,-35900.11,-35900.11,2025-05-16,2025-05-16,Reconciled,
TXN0003934,3793127639,-30759.45,-30759.45,2025-03-02,2025-03-02,Reconciled,
TXN0003159,4603788371,40240.19,40240.19,2025-04-13,2025-04-13,Reconciled,
TXN0005281,2790519819,-42109.63,-42109.63,2025-02-12,2025-02-12,Reconciled,
TXN0004537,3919822163,-5185.10,-5185.10,2025-01-02,2025-01-02,Reconciled,
TXN0000186,1395721769,-41476.92,-41476.92,2025-06-23,2025-06-23,Reconciled,
TXN0002324,1029613059,-26043.48,-26043.48,2025-06-06,2025-06-06,Reconciled,
TXN0004908,2100202696,-13992.94,-13992.94,2025-05-05,2025-05-05,Reconciled,
TXN0001718,6614808084,17256.85,17256.85,2025-01-18,2025-01-18,Reconciled,
TXN0001468,1353834507,-8525.72,-8525.72,2025-04-06,2025-04-07,Reconciled (Timing Difference),"Posted 1 day(s) apart -- in-transit item, not an error."
TXN0003331,1924625953,-44976.73,-44976.73,2025-01-23,2025-01-23,Reconciled,
TXN0000018,6332131908,-8952.80,-8952.80,2025-04-21,2025-04-23,Reconciled (Timing Difference),"Posted 2 day(s) apart -- in-transit item, not an error."
TXN0004691,4049826927,-27061.59,-27061.59,2025-04-27,2025-04-27,Reconciled,
TXN0000142,6830582792,-3129.30,-3129.30,2025-02-22,2025-02-24,Reconciled (Timing Difference),"Posted 2 day(s) apart -- in-transit item, not an error."
TXN0004684,3105314158,-16439.19,-16439.19,2025-04-01,2025-04-01,Reconciled,
TXN0005090,7586795066,32609.39,32609.39,2025-02-12,2025-02-12,Reconciled,
TXN0001682,3897612194,-7887.60,-7887.60,2025-04-26,2025-04-26,Reconciled,
TXN0005541,6892190234,-34986.30,-34986.30,2025-01-27,2025-01-27,Reconciled,
TXN0001417,1795662675,-1450.35,-1450.35,2025-04-09,2025-04-09,Reconciled,
TXN0005628,7725052079,-32694.28,-32694.28,2025-02-02,2025-02-02,Reconciled,
TXN0000399,6120554375,-28852.22,-28852.22,2025-06-07,2025-06-07,Reconciled,
TXN0002640,1133187628,-28158.80,-28158.80,2025-02-26,2025-02-26,Reconciled,
TXN0001087,5173706154,-26621.02,-26794.75,2025-05-25,2025-05-25,Amount Discrepancy (Investigate),"Ledger -26621.02 vs bank -26794.75, diff 173.73."
TXN0000145,9394558532,30251.06,30251.06,2025-03-04,2025-03-04,Reconciled,
TXN0005603,6292611133,-2966.69,-2966.69,2025-03-23,2025-03-23,Reconciled,
TXN0005502,7873157505,18535.96,18535.96,2025-01-11,2025-01-11,Reconciled,
TXN0001782,1596965331,19594.65,19594.65,2025-04-16,2025-04-16,Reconciled,
TXN0001830,8550365743,2472.77,2472.77,2025-02-24,2025-02-24,Reconciled,
TXN0003613,9223193688,-14018.29,-14018.29,2025-03-27,2025-03-27,Reconciled,
TXN0003550,1175321974,-35842.85,-35842.85,2025-01-13,2025-01-13,Reconciled,
TXN0003539,6422338197,-10329.06,-10329.06,2025-05-08,2025-05-08,Reconciled,
TXN0002033,9599417978,8222.94,8222.94,2025-01-04,2025-01-04,Reconciled,
TXN0002920,5091070138,-522.85,-522.85,2025-01-11,2025-01-11,Reconciled,
TXN0001324,8600137834,-15459.01,-15459.01,2025-04-19,2025-04-20,Reconciled (Timing Difference),"Posted 1 day(s) apart -- in-transit item, not an error."
TXN0002629,5381953593,-17722.20,-17722.20,2025-04-29,2025-04-29,Reconciled,
TXN0003060,3928890346,25155.76,25155.76,2025-05-22,2025-05-22,Reconciled,
TXN0002340,7634388347,-23000.79,-23000.79,2025-03-08,2025-03-08,Reconciled,
TXN0004195,2808145804,16195.23,16195.23,2025-03-22,2025-03-22,Reconciled,
TXN0002563,7389612244,-1483.90,-1483.90,2025-03-22,2025-03-22,Reconciled,
TXN0000433,3441017533,-26250.68,-26250.68,2025-02-22,2025-02-22,Reconciled,
TXN0003547,6021683767,42769.53,42769.53,2025-05-12,2025-05-12,Reconciled,
TXN0002795,9341162237,-33744.78,-33744.78,2025-02-21,2025-02-21,Reconciled,
TXN0004433,7512428359,-12946.36,-12946.36,2025-01-13,2025-01-16,Reconciled (Timing Difference),"Posted 3 day(s) apart -- in-transit item, not an error."
TXN0005528,8683347741,27480.04,27480.04,2025-05-26,2025-05-26,Reconciled,
TXN0004746,3178693586,35729.40,35729.40,2025-01-03,2025-01-03,Reconciled,
TXN0001184,4581996957,23806.89,23806.89,2025-06-23,2025-06-23,Reconciled,
TXN0004792,3408117697,-15683.19,-15683.19,2025-03-28,2025-03-28,Reconciled,
TXN0005437,8979138023,-31897.88,-31897.88,2025-01-09,2025-01-09,Reconciled,
TXN0001832,2472478553,17908.01,17908.01,2025-05-29,2025-05-31,Reconciled (Timing Difference),"Posted 2 day(s) apart -- in-transit item, not an error."
TXN0000611,9287599841,18828.64,18828.64,2025-02-28,2025-02-28,Reconciled,
TXN0002035,7594263357,-9803.00,-9803.00,2025-04-25,2025-04-25,Reconciled,
TXN0000197,3787451517,39051.08,39051.08,2025-04-11,2025-04-11,Reconciled,
TXN0004152,7367805315,-22984.67,-22984.67,2025-04-06,2025-04-06,Reconciled,
TXN0004424,4896877330,-17437.69,-17437.69,2025-03-25,2025-03-25,Reconciled,
TXN0001052,2023690753,-40954.41,-40954.41,2025-06-30,2025-06-30,Reconciled,
TXN0000892,1784179808,-31284.94,-31284.94,2025-03-17,2025-03-17,Reconciled,
TXN0002406,1602891524,-23127.50,-23127.50,2025-04-11,2025-04-11,Reconciled,
TXN0000203,1813346513,8284.63,8284.63,2025-03-11,2025-03-11,Reconciled,
TXN0004644,6082752306,-41832.00,-41832.00,2025-03-16,2025-03-16,Reconciled,
TXN0002711,6332902915,-28367.45,-28367.45,2025-03-30,2025-03-30,Reconciled,
TXN0004094,7389876629,-274.13,-274.13,2025-03-29,2025-03-29,Reconciled,
TXN0001121,4528978161,3037.17,3037.17,2025-06-19,2025-06-19,Reconciled,
TXN0003726,7836624352,-43794.78,-43794.78,2025-06-20,2025-06-20,Reconciled,
TXN0004862,3311592640,15642.96,15642.96,2025-01-09,2025-01-09,Reconciled,
TXN0003140,3177123605,35576.80,35576.80,2025-01-19,2025-01-19,Reconciled,
TXN0000599,1004173220,21127.66,21127.66,2025-02-08,2025-02-08,Reconciled,
TXN0002694,2283559706,-2956.45,-2956.45,2025-02-18,2025-02-18,Reconciled,
TXN0000573,9146530653,-20878.62,-20878.62,2025-01-11,2025-01-11,Reconciled,
TXN0005175,5982155181,-660.39,-660.39,2025-05-18,2025-05-18,Reconciled,
TXN0003723,6720540014,-15625.57,-15625.57,2025-01-09,2025-01-09,Reconciled,
TXN0001497,9110637714,-33048.16,-33048.16,2025-05-27,2025-05-27,Reconciled,
TXN0004080,1509157558,11703.49,11703.49,2025-04-09,2025-04-09,Reconciled,
TXN0003587,1699388734,-17660.96,-17660.96,2025-04-21,2025-04-22,Reconciled (Timing Difference),"Posted 1 day(s) apart -- in-transit item, not an error."
TXN0001897,4400859949,-28216.08,-28216.08,2025-03-01,2025-03-01,Reconciled,
TXN0003450,2057702825,-44025.15,-44025.15,2025-02-07,2025-02-07,Reconciled,
TXN0003106,4228562822,9130.21,9130.21,2025-04-20,2025-04-20,Reconciled,
TXN0004069,6165437382,-25476.23,-25476.23,2025-01-26,2025-01-26,Reconciled,
TXN0000767,2792419343,-6836.22,-6836.22,2025-05-29,2025-05-29,Reconciled,
TXN0002813,9300862583,-13228.32,-13228.32,2025-03-17,2025-03-17,Reconciled,
TXN0001131,4663377774,36544.71,36544.71,2025-06-13,2025-06-13,Reconciled,
TXN0001205,6565857447,-22295.41,-22295.41,2025-05-09,2025-05-09,Reconciled,
TXN0005188,2298727872,1649.85,1649.85,2025-02-13,2025-02-13,Reconciled,
TXN0002328,3515150150,10696.82,10696.82,2025-01-16,2025-01-16,Reconciled,
TXN0000873,1841280030,-13703.92,-13703.92,2025-06-20,2025-06-20,Reconciled,
TXN0003269,9758537874,-23582.72,-23582.72,2025-05-09,2025-05-09,Reconciled,
TXN0004550,2712275157,-12183.97,-12183.97,2025-03-30,2025-03-30,Reconciled,
TXN0001953,4511170362,-27774.03,-27774.03,2025-04-06,2025-04-06,Reconciled,
TXN0003086,3138759045,42744.42,42744.42,2025-05-11,2025-05-11,Reconciled,
TXN0001644,2527052314,2472.21,2472.21,2025-05-15,2025-05-15,Reconciled,
TXN0000157,5333446706,-4743.96,-4743.96,2025-06-26,2025-06-26,Reconciled,
TXN0003146,8817116582,-16629.84,-16645.90,2025-05-06,2025-05-06,Amount Discrepancy (Investigate),"Ledger -16629.84 vs bank -16645.90, diff 16.06."
TXN0004099,4223335782,25635.45,25635.45,2025-06-03,2025-06-03,Reconciled,
TXN0003991,7678775839,-20475.54,-20475.54,2025-06-27,2025-06-27,Reconciled,
TXN0004267,3613578535,19566.05,19566.05,2025-01-05,2025-01-05,Reconciled,
TXN0001533,4611584482,-629.92,-629.92,2025-01-17,2025-01-17,Reconciled,
TXN0001932,4047174717,23789.10,23789.10,2025-01-01,2025-01-01,Reconciled,
TXN0001817,3934757535,20172.46,20172.46,2025-02-27,2025-02-28,Reconciled (Timing Difference),"Posted 1 day(s) apart -- in-transit item, not an error."
TXN0004906,5079754330,-30142.95,-30142.95,2025-04-11,2025-04-11,Reconciled,
TXN0002281,5052860105,-11387.35,-11387.35,2025-03-29,2025-03-30,Reconciled (Timing Difference),"Posted 1 day(s) apart -- in-transit item, not an error."
TXN0003961,9357495962,-38497.77,-38497.77,2025-04-11,2025-04-14,Reconciled (Timing Difference),"Posted 3 day(s) apart -- in-transit item, not an error."
TXN0000374,6665688762,15861.64,15861.64,2025-02-05,2025-02-05,Reconciled,
TXN0000353,2928622459,38365.55,38365.55,2025-03-27,2025-03-27,Reconciled,
TXN0001708,2681781199,-27548.89,-27548.89,2025-06-24,2025-06-24,Reconciled,
TXN0004780,1644722273,5253.79,5253.79,2025-01-08,2025-01-09,Reconciled (Timing Difference),"Posted 1 day(s) apart -- in-transit item, not an error."
TXN0004588,5190275490,33581.78,33581.78,2025-06-26,2025-06-27,Reconciled (Timing Difference),"Posted 1 day(s) apart -- in-transit item, not an error."
TXN0002174,4906578638,44246.14,44246.14,2025-03-30,2025-03-30,Reconciled,
TXN0004529,1817369530,-36008.00,-36008.00,2025-06-19,2025-06-19,Reconciled,
TXN0000056,2066462799,-1109.67,-1109.67,2025-06-23,2025-06-23,Reconciled,
TXN0004003,5996045344,43852.64,43852.64,2025-03-30,2025-04-02,Reconciled (Timing Difference),"Posted 3 day(s) apart -- in-transit item, not an error."
TXN0002123,1614558217,-21774.09,-21774.09,2025-01-02,2025-01-03,Reconciled (Timing Difference),"Posted 1 day(s) apart -- in-transit item, not an error."
TXN0000964,7047557425,-16502.78,-16502.78,2025-03-08,2025-03-08,Reconciled,
TXN0005695,6510010079,30473.17,30473.17,2025-03-04,2025-03-04,Reconciled,
TXN0001880,7928274352,-38154.14,-38154.14,2025-01-04,2025-01-04,Reconciled,
TXN0000568,7137220607,-27370.91,-27370.91,2025-01-15,2025-01-16,Reconciled (Timing Difference),"Posted 1 day(s) apart -- in-transit item, not an error."
TXN0002656,8792779316,13200.90,13200.90,2025-01-22,2025-01-22,Reconciled,
TXN0002461,4606479625,27546.26,27546.26,2025-03-14,2025-03-14,Reconciled,
TXN0001463,9120415072,-5475.75,-5475.75,2025-06-01,2025-06-01,Reconciled,
TXN0003796,5258582271,-10430.45,-10430.45,2025-02-23,2025-02-23,Reconciled,
TXN0005828,8823017565,13397.26,13397.26,2025-01-02,2025-01-02,Reconciled,
TXN0001834,8802798672,-4717.69,-4717.69,2025-06-15,2025-06-15,Reconciled,
TXN0004611,7202617568,31124.31,31124.31,2025-01-02,2025-01-04,Reconciled (Timing Difference),"Posted 2 day(s) apart -- in-transit item, not an error."
TXN0001115,3430729768,-13785.74,-13785.74,2025-03-17,2025-03-17,Reconciled,
TXN0002606,9860243870,-43299.86,-43299.86,2025-06-21,2025-06-21,Reconciled,
TXN0000360,4595036695,-28071.64,-28071.64,2025-05-02,2025-05-02,Reconciled,
TXN0000552,9813617999,40907.44,40907.44,2025-03-25,2025-03-25,Reconciled,
TXN0001328,7144916392,-35026.42,-35026.42,2025-04-30,2025-04-30,Reconciled,
TXN0001397,9131377472,24236.54,24236.54,2025-06-17,2025-06-17,Reconciled,
TXN0002499,4773923621,31251.53,31251.53,2025-04-01,2025-04-02,Reconciled (Timing Difference),"Posted 1 day(s) apart -- in-transit item, not an error."
TXN0002754,8220728087,-34644.23,-34644.23,2025-06-05,2025-06-05,Reconciled,
TXN0001527,8906176626,36036.54,36036.54,2025-03-27,2025-03-27,Reconciled,
TXN0001081,3021827642,-38824.26,-38824.26,2025-04-23,2025-04-25,Reconciled (Timing Difference),"Posted 2 day(s) apart -- in-transit item, not an error."
TXN0005472,1713587469,-41228.08,-41228.08,2025-03-31,2025-03-31,Reconciled,
TXN0003050,8627539158,-34889.93,-34889.93,2025-04-07,2025-04-07,Reconciled,
TXN0005670,7419931635,12247.49,12247.49,2025-01-02,2025-01-02,Reconciled,
TXN0001187,1617792730,-15636.88,,2025-01-12,,Ledger-Only (Investigate),No matching bank record found for this ledger entry.
TXN0002109,4186736947,-32336.06,-32336.06,2025-05-28,2025-05-28,Reconciled,
TXN0001704,7105027200,-18431.15,-18431.15,2025-03-06,2025-03-06,Reconciled,
TXN0005881,5019746268,-1081.41,-1081.41,2025-03-14,2025-03-14,Reconciled,
TXN0003733,9805529023,-26409.48,-26409.48,2025-04-07,2025-04-07,Reconciled,
TXN0000746,2644077939,-5802.15,-5802.15,2025-01-12,2025-01-12,Reconciled,
TXN0003896,3186854947,3991.82,4096.40,2025-05-07,2025-05-07,Amount Discrepancy (Investigate),"Ledger 3991.82 vs bank 4096.40, diff -104.58."
TXN0001171,1436188362,-40976.58,-40976.58,2025-02-03,2025-02-03,Reconciled,
TXN0005910,1709392414,7420.84,7420.84,2025-03-05,2025-03-05,Reconciled,
TXN0005729,7401766024,-27468.72,-27468.72,2025-03-17,2025-03-17,Reconciled,
TXN0000281,2049869305,27293.75,27293.75,2025-03-31,2025-03-31,Reconciled,
TXN0002746,8528074792,39892.26,39892.26,2025-06-10,2025-06-10,Reconciled,
TXN0001773,6647499133,-34624.66,-34624.66,2025-04-13,2025-04-13,Reconciled,
TXN0002879,4443951052,645.91,645.91,2025-06-03,2025-06-04,Reconciled (Timing Difference),"Posted 1 day(s) apart -- in-transit item, not an error."
TXN0003458,1825165927,-399.90,-399.90,2025-01-23,2025-01-23,Reconciled,
TXN0005367,2112014062,-14518.92,-14518.92,2025-05-02,2025-05-02,Reconciled,
TXN0004795,6630860230,-36694.74,-36694.74,2025-06-15,2025-06-15,Reconciled,
TXN0002511,9713582215,-25353.58,-25353.58,2025-02-10,2025-02-10,Reconciled,
TXN0000940,2301750470,-11785.77,-11785.77,2025-06-04,2025-06-04,Reconciled,
TXN0005673,3609694669,42538.51,42538.51,2025-03-25,2025-03-25,Reconciled,
TXN0005013,8098905953,35223.38,35223.38,2025-02-24,2025-02-26,Reconciled (Timing Difference),"Posted 2 day(s) apart -- in-transit item, not an error."
TXN0005959,3679381142,36006.56,36006.56,2025-01-02,2025-01-02,Reconciled,
TXN0005422,4204097385,-36255.96,-36255.96,2025-01-25,2025-01-25,Reconciled,
TXN0002536,6785448465,-12488.10,-12488.10,2025-04-04,2025-04-04,Reconciled,
TXN0003688,1130945600,40457.26,40457.26,2025-06-18,2025-06-20,Reconciled (Timing Difference),"Posted 2 day(s) apart -- in-transit item, not an error."
TXN0004416,5247686472,8667.68,8667.68,2025-06-19,2025-06-19,Reconciled,
TXN0002581,8679530080,33469.03,33469.03,2025-06-25,2025-06-25,Reconciled,
TXN0004144,2251029204,17041.09,17041.09,2025-04-03,2025-04-03,Reconciled,
TXN0002968,7741692064,34492.10,34492.10,2025-06-22,2025-06-22,Reconciled,
TXN0001026,4438819275,23797.21,23797.21,2025-05-10,2025-05-10,Reconciled,
TXN0005965,6415002450,-41888.55,-41888.55,2025-03-27,2025-03-30,Reconciled (Timing Difference),"Posted 3 day(s) apart -- in-transit item, not an error."
TXN0004941,6778930490,-27281.88,-27281.88,2025-04-11,2025-04-11,Reconciled,
TXN0004853,8928245405,-40256.37,,2025-03-29,,Ledger-Only (Investigate),No matching bank record found for this ledger entry.
TXN0001120,9561665931,-12305.79,-12305.79,2025-01-02,2025-01-04,Reconciled (Timing Difference),"Posted 2 day(s) apart -- in-transit item, not an error."
TXN0002503,5029278097,-34846.60,-34846.60,2025-05-24,2025-05-24,Reconciled,
TXN0003865,8190949022,42599.38,42599.38,2025-04-04,2025-04-04,Reconciled,
TXN0005259,7596884300,-6006.92,-6006.92,2025-06-12,2025-06-12,Reconciled,
TXN0003046,6883000643,8045.42,8045.42,2025-02-20,2025-02-20,Reconciled,
TXN0003424,5784258141,26308.17,26308.17,2025-03-26,2025-03-26,Reconciled,
TXN0004005,4581851266,-44560.23,-44560.23,2025-05-13,2025-05-13,Reconciled,
TXN0001252,3615204986,44557.24,44557.24,2025-02-07,2025-02-08,Reconciled (Timing Difference),"Posted 1 day(s) apart -- in-transit item, not an error."
TXN0002060,2756404110,-8271.38,-8271.38,2025-04-06,2025-04-06,Reconciled,
TXN0004411,2860245746,-2899.80,-2899.80,2025-05-07,2025-05-07,Reconciled,
TXN0005407,1509751285,-4685.39,-4685.39,2025-02-09,2025-02-09,Reconciled,
TXN0005840,2283905524,-27124.78,-27124.78,2025-05-04,2025-05-04,Reconciled,
TXN0004688,2778839435,-305.64,-305.64,2025-04-21,2025-04-21,Reconciled,
TXN0000401,4583843991,1627.08,1627.08,2025-01-02,2025-01-02,Reconciled,
TXN0001300,8854809082,-41865.71,-41865.71,2025-03-01,2025-03-01,Reconciled,
TXN0000418,9043313552,-26979.52,-26979.52,2025-06-17,2025-06-17,Reconciled,
TXN0005079,3954907695,-34394.30,-34394.30,2025-04-16,2025-04-17,Reconciled (Timing Difference),"Posted 1 day(s) apart -- in-transit item, not an error."
TXN0005689,1669987973,-29917.81,-29917.81,2025-05-24,2025-05-24,Reconciled,
TXN0005902,1181565060,-44264.23,-44264.23,2025-03-10,2025-03-10,Reconciled,
TXN0000179,9082559118,-9534.31,-9534.31,2025-04-26,2025-04-26,Reconciled,
TXN0004112,7651306889,11308.90,11308.90,2025-02-23,2025-02-23,Reconciled,
TXN0005034,2709414067,-11638.57,-11638.57,2025-03-05,2025-03-05,Reconciled,
TXN0002959,2843543200,-34475.74,-34475.74,2025-04-14,2025-04-14,Reconciled,
TXN0003438,4134073155,-17314.77,-17314.77,2025-01-24,2025-01-24,Reconciled,
TXN0000847,1114893435,-33742.75,-33742.75,2025-02-09,2025-02-09,Reconciled,
TXN0005025,2371610703,38160.85,38160.85,2025-06-17,2025-06-17,Reconciled,
TXN0000325,8667801609,-16637.08,-16637.08,2025-03-15,2025-03-15,Reconciled,
TXN0005415,5971108808,-17794.91,-17794.91,2025-04-01,2025-04-01,Reconciled,
TXN0005923,4005609152,-2807.66,-2807.66,2025-02-14,2025-02-14,Reconciled,
TXN0001063,9503930940,-1294.09,-1294.09,2025-03-09,2025-03-09,Reconciled,
TXN0002580,1742179161,-993.47,-993.47,2025-04-18,2025-04-18,Reconciled,
TXN0005806,4484774560,-40865.24,-40865.24,2025-02-28,2025-02-28,Reconciled,
TXN0000535,5060378729,30775.47,30775.47,2025-03-09,2025-03-09,Reconciled,
TXN0003642,7830608061,-44801.68,-44801.68,2025-03-23,2025-03-23,Reconciled,
TXN0005932,8189782451,-13998.70,-13998.70,2025-04-24,2025-04-24,Reconciled,
TXN0003099,5013013542,-27279.64,-27279.64,2025-06-23,2025-06-23,Reconciled,
TXN0001104,2556756237,-17834.80,-17834.80,2025-04-01,2025-04-01,Reconciled,
TXN0004134,5173021652,35577.30,35577.30,2025-03-15,2025-03-15,Reconciled,
TXN0004894,4712451596,-22043.33,-22043.33,2025-01-25,2025-01-25,Reconciled,
TXN0000694,9053495128,-17632.94,-17632.94,2025-04-06,2025-04-07,Reconciled (Timing Difference),"Posted 1 day(s) apart -- in-transit item, not an error."
TXN0000887,7430932066,-6573.46,-6573.46,2025-03-13,2025-03-14,Reconciled (Timing Difference),"Posted 1 day(s) apart -- in-transit item, not an error."
TXN0002692,9921365439,-5686.35,-5686.35,2025-04-22,2025-04-22,Reconciled,
TXN0003173,6592580420,-24505.24,-24505.24,2025-03-15,2025-03-15,Reconciled,
TXN0000123,2218625209,-18383.17,-18383.17,2025-02-06,2025-02-06,Reconciled,
TXN0005549,3585090703,15849.12,15849.12,2025-05-30,2025-05-30,Reconciled,
TXN0002550,3279918775,-529.43,-529.43,2025-05-19,2025-05-19,Reconciled,
TXN0001020,5736812683,-42928.72,-42928.72,2025-03-04,2025-03-05,Reconciled (Timing Difference),"Posted 1 day(s) apart -- in-transit item, not an error."
TXN0001289,8963789255,42398.07,42398.07,2025-06-05,2025-06-05,Reconciled,
TXN0000169,7914169597,-8575.23,-8575.23,2025-02-13,2025-02-13,Reconciled,
TXN0001790,7731991218,-28135.90,-28135.90,2025-03-13,2025-03-15,Reconciled (Timing Difference),"Posted 2 day(s) apart -- in-transit item, not an error."
TXN0000582,8864005665,14881.62,14881.62,2025-01-31,2025-01-31,Reconciled,
TXN0004441,7219996653,16290.50,16290.50,2025-03-16,2025-03-16,Reconciled,
TXN0002225,6215159919,-20221.84,,2025-01-05,,Ledger-Only (Investigate),No matching bank record found for this ledger entry.
TXN0001001,5331866616,-1791.83,-1791.83,2025-05-26,2025-05-26,Reconciled,
TXN0000600,5712175513,-16360.18,-16360.18,2025-05-21,2025-05-21,Reconciled,
TXN0002845,3845597648,-37456.20,-37456.20,2025-02-17,2025-02-17,Reconciled,
TXN0003513,2938550926,-28474.97,-28474.97,2025-03-11,2025-03-11,Reconciled,
TXN0002806,5039256034,-32834.05,-32834.05,2025-04-25,2025-04-25,Reconciled,
TXN0001937,2697949510,36027.10,36027.10,2025-03-24,2025-03-24,Reconciled,
TXN0002103,4177351360,33758.32,33758.32,2025-04-13,2025-04-13,Reconciled,
TXN0000786,9069653463,-15592.23,-15592.23,2025-04-01,2025-04-01,Reconciled,
TXN0000136,7601242323,8493.55,8493.55,2025-05-01,2025-05-01,Reconciled,
TXN0001688,9844590779,-15542.45,-15542.45,2025-01-02,2025-01-02,Reconciled,
TXN0000487,7729446807,22603.70,22603.70,2025-05-08,2025-05-08,Reconciled,
TXN0001003,9988114018,-3054.06,-3054.06,2025-03-21,2025-03-21,Reconciled,
TXN0003938,7958546750,-26817.60,-26817.60,2025-05-31,2025-05-31,Reconciled,
TXN0004512,7042782110,24483.17,24718.37,2025-04-02,2025-04-02,Amount Discrepancy (Investigate),"Ledger 24483.17 vs bank 24718.37, diff -235.20."
TXN0003911,4479194012,-3277.56,-3277.56,2025-06-29,2025-06-29,Reconciled,
TXN0004739,5242187411,-20890.15,,2025-05-14,,Ledger-Only (Investigate),No matching bank record found for this ledger entry.
TXN0002073,4816004823,-40279.43,-40279.43,2025-06-20,2025-06-20,Reconciled,
TXN0003647,5541412475,-27696.16,-27696.16,2025-05-13,2025-05-13,Reconciled,
TXN0002637,1029555314,-9340.14,-9340.14,2025-04-02,2025-04-02,Reconciled,
TXN0004405,1208884194,41172.92,,2025-02-20,,Ledger-Only (Investigate),No matching bank record found for this ledger entry.
TXN0004176,9748573611,-29037.24,-29037.24,2025-04-12,2025-04-12,Reconciled,
TXN0002507,6543541400,39640.55,39640.55,2025-04-18,2025-04-19,Reconciled (Timing Difference),"Posted 1 day(s) apart -- in-transit item, not an error."
TXN0001621,6508997590,-35556.98,-35556.98,2025-06-30,2025-06-30,Reconciled,
TXN0005687,9475145396,15604.24,15604.24,2025-05-22,2025-05-22,Reconciled,
TXN0002061,9715035823,-31189.61,-31189.61,2025-05-12,2025-05-12,Reconciled,
TXN0000860,3364848214,-25237.33,-25279.44,2025-03-31,2025-03-31,Amount Discrepancy (Investigate),"Ledger -25237.33 vs bank -25279.44, diff 42.11."
TXN0004593,1901344209,33509.29,33509.29,2025-06-17,2025-06-17,Reconciled,
TXN0005567,2775982030,-40904.84,-40904.84,2025-06-12,2025-06-12,Reconciled,
TXN0005496,1382765614,-6386.74,-6386.74,2025-04-08,2025-04-09,Reconciled (Timing Difference),"Posted 1 day(s) apart -- in-transit item, not an error."
TXN0002730,1319204787,4023.32,4023.32,2025-04-13,2025-04-15,Reconciled (Timing Difference),"Posted 2 day(s) apart -- in-transit item, not an error."
TXN0001054,8120843514,-20956.11,-20956.11,2025-03-23,2025-03-23,Reconciled,
TXN0004019,5727838413,-40351.13,-40351.13,2025-01-06,2025-01-07,Reconciled (Timing Difference),"Posted 1 day(s) apart -- in-transit item, not an error."
TXN0002260,4677849715,-41121.43,-41121.43,2025-03-29,2025-03-29,Reconciled,
TXN0000330,3939738296,-22106.78,-22106.78,2025-06-07,2025-06-07,Reconciled,
TXN0003495,3261734826,28163.80,28163.80,2025-05-17,2025-05-17,Reconciled,
TXN0001458,6202484861,33304.92,33304.92,2025-05-29,2025-05-29,Reconciled,
TXN0005753,3687859287,5302.03,5302.03,2025-02-19,2025-02-19,Reconciled,
TXN0000661,5429705759,-44259.85,-44259.85,2025-03-23,2025-03-23,Reconciled,
TXN0000734,1223753589,-28193.43,-28193.43,2025-01-03,2025-01-03,Reconciled,
TXN0005416,8133841425,3703.71,3703.71,2025-02-20,2025-02-22,Reconciled (Timing Difference),"Posted 2 day(s) apart -- in-transit item, not an error."
TXN0002143,9279391499,-30998.51,-30998.51,2025-02-23,2025-02-23,Reconciled,
TXN0003109,7160229011,-4837.56,-4837.56,2025-04-22,2025-04-22,Reconciled,
TXN0005168,8832030912,-17710.58,-17710.58,2025-06-11,2025-06-11,Reconciled,
TXN0000653,3409262628,-36939.69,-36939.69,2025-04-22,2025-04-22,Reconciled,
TXN0002610,9209293607,-32902.85,-32902.85,2025-03-16,2025-03-16,Reconciled,
TXN0001546,6934949955,20182.96,20182.96,2025-03-13,2025-03-13,Reconciled,
TXN0005738,4398241104,-32244.71,-32244.71,2025-01-16,2025-01-16,Reconciled,
TXN0001750,8689806323,33180.88,32965.36,2025-01-26,2025-01-26,Amount Discrepancy (Investigate),"Ledger 33180.88 vs bank 32965.36, diff 215.52."
TXN0002967,4535236035,7129.94,7129.94,2025-06-26,2025-06-26,Reconciled,
TXN0005353,4966089106,17859.47,17859.47,2025-04-24,2025-04-24,Reconciled,
TXN0003229,3768863803,-36613.78,-36613.78,2025-01-21,2025-01-22,Reconciled (Timing Difference),"Posted 1 day(s) apart -- in-transit item, not an error."
TXN0004289,5036320986,-4270.67,-4270.67,2025-03-09,2025-03-09,Reconciled,
TXN0000522,3030411081,-38333.42,-38333.42,2025-02-13,2025-02-13,Reconciled,
TXN0002454,3247041860,-3302.04,-3302.04,2025-01-26,2025-01-26,Reconciled,
TXN0003021,3520209517,-4658.83,-4658.83,2025-01-17,2025-01-17,Reconciled,
TXN0001404,3584057257,-22128.80,-22128.80,2025-03-20,2025-03-20,Reconciled,
TXN0002906,4541155909,30981.18,30981.18,2025-01-14,2025-01-14,Reconciled,
TXN0005006,4924188950,-29151.21,-29151.21,2025-06-02,2025-06-02,Reconciled,
TXN0004302,8474088798,28793.78,28793.78,2025-02-06,2025-02-06,Reconciled,
TXN0004868,8708354502,-26179.21,-26179.21,2025-04-29,2025-04-29,Reconciled,
TXN0002456,9828575478,14801.69,14801.69,2025-06-09,2025-06-09,Reconciled,
TXN0000593,6810249294,18490.07,18490.07,2025-05-15,2025-05-15,Reconciled,
TXN0005385,8538270789,36772.41,36772.41,2025-06-06,2025-06-06,Reconciled,
TXN0001683,4662901298,11125.43,11125.43,2025-04-16,2025-04-16,Reconciled,
TXN0005132,5481454812,-41251.69,-41251.69,2025-01-05,2025-01-05,Reconciled,
TXN0004298,2990025316,-17427.83,-17427.83,2025-01-27,2025-01-27,Reconciled,
TXN0002199,1376588402,-23888.90,-23888.90,2025-01-20,2025-01-20,Reconciled,
TXN0000987,2576385124,-618.04,-618.04,2025-01-05,2025-01-05,Reconciled,
TXN0001419,7933294020,34123.80,34123.80,2025-05-10,2025-05-10,Reconciled,
TXN0000144,4669930138,-42017.58,-42017.58,2025-04-10,2025-04-10,Reconciled,
TXN0000561,6599012983,-42246.24,-42246.24,2025-03-09,2025-03-10,Reconciled (Timing Difference),"Posted 1 day(s) apart -- in-transit item, not an error."
TXN0002077,2772036725,-12975.59,-12975.59,2025-04-27,2025-04-27,Reconciled,
TXN0003100,8606222720,-35512.13,-35512.13,2025-03-23,2025-03-23,Reconciled,
TXN0005456,7623119815,-37524.46,-37580.56,2025-03-08,2025-03-08,Amount Discrepancy (Investigate),"Ledger -37524.46 vs bank -37580.56, diff 56.10."
TXN0005602,8366147676,-36839.53,-36839.53,2025-06-08,2025-06-08,Reconciled,
TXN0004733,1508332489,-24282.10,-24282.10,2025-05-12,2025-05-12,Reconciled,
TXN0000273,3189936852,12872.52,12872.52,2025-03-16,2025-03-16,Reconciled,
TXN0000035,8225780556,-22768.00,-22768.00,2025-03-29,2025-03-29,Reconciled,
TXN0002053,5502339548,-38926.50,-38926.50,2025-03-27,2025-03-27,Reconciled,
TXN0004573,2928133354,-38334.62,-38334.62,2025-06-02,2025-06-02,Reconciled,
TXN0000564,7047080765,2301.89,2301.89,2025-03-07,2025-03-07,Reconciled,
TXN0002840,6773658759,33161.28,33161.28,2025-05-08,2025-05-08,Reconciled,
TXN0001660,3680710629,16279.96,16279.96,2025-06-23,2025-06-23,Reconciled,
TXN0004015,8502209278,-34444.48,-34444.48,2025-03-04,2025-03-04,Reconciled,
TXN0000484,9793877424,25249.60,25249.60,2025-04-26,2025-04-26,Reconciled,
TXN0001296,2571720197,-35497.10,-35497.10,2025-06-13,2025-06-13,Reconciled,
TXN0001194,5188676683,-26276.91,-26276.91,2025-04-10,2025-04-10,Reconciled,
TXN0005918,8706755538,-11971.65,-11971.65,2025-03-27,2025-03-27,Reconciled,
TXN0005080,1023883218,-30824.02,-30824.02,2025-05-29,2025-05-29,Reconciled,
TXN0005138,4452903331,31223.71,31223.71,2025-03-27,2025-03-27,Reconciled,
TXN0005324,2303435382,16220.54,16220.54,2025-05-02,2025-05-02,Reconciled,
TXN0003219,9719056747,-34971.66,-34971.66,2025-06-28,2025-06-28,Reconciled,
TXN0005043,5897435636,-27539.50,-27539.50,2025-01-14,2025-01-14,Reconciled,
TXN0005833,7439481004,33537.30,33537.30,2025-01-22,2025-01-22,Reconciled,
TXN0001519,6113388545,-26427.97,-26427.97,2025-04-09,2025-04-09,Reconciled,
TXN0002658,3694593133,43493.97,43493.97,2025-01-23,2025-01-23,Reconciled,
TXN0006000,9769524005,2789.49,2789.49,2025-02-12,2025-02-12,Reconciled,
TXN0002352,5915408070,3130.55,3130.55,2025-05-06,2025-05-06,Reconciled,
TXN0001510,1072004446,-24558.36,-24558.36,2025-01-16,2025-01-16,Reconciled,
TXN0002180,1163799274,-17251.87,-17251.87,2025-04-21,2025-04-21,Reconciled,
TXN0001174,3434517632,6581.73,6581.73,2025-02-27,2025-02-27,Reconciled,
TXN0001630,1113694342,18914.77,18914.77,2025-03-31,2025-03-31,Reconciled,
TXN0002909,6915680917,-15633.62,-15633.62,2025-03-25,2025-03-28,Reconciled (Timing Difference),"Posted 3 day(s) apart -- in-transit item, not an error."
TXN0004651,1776769143,-27032.89,-27032.89,2025-02-25,2025-02-25,Reconciled,
TXN0005180,8727468025,-8647.73,-8647.73,2025-05-02,2025-05-02,Reconciled,
TXN0002166,9999615831,-12649.63,-12649.63,2025-03-12,2025-03-12,Reconciled,
TXN0001543,7365951000,-25737.80,-25737.80,2025-03-11,2025-03-11,Reconciled,
TXN0004501,5532147120,-19045.86,-19045.86,2025-04-27,2025-04-27,Reconciled,
TXN0001211,7191077738,-15757.36,-15757.36,2025-04-21,2025-04-21,Reconciled,
TXN0000251,5931177077,16569.73,16569.73,2025-02-24,2025-02-24,Reconciled,
TXN0001318,5971465519,12500.22,12500.22,2025-05-21,2025-05-21,Reconciled,
TXN0005926,8106628531,-12704.77,-12704.77,2025-06-06,2025-06-06,Reconciled,
TXN0001442,4412989009,-37294.94,-37294.94,2025-06-01,2025-06-01,Reconciled,
TXN0004869,6811027443,-16192.48,-16192.48,2025-03-12,2025-03-12,Reconciled,
TXN0003409,7182064623,19806.97,19806.97,2025-01-25,2025-01-25,Reconciled,
TXN0002981,2733277415,12854.09,12854.09,2025-06-19,2025-06-19,Reconciled,
TXN0003245,6312128874,23974.80,,2025-05-09,,Ledger-Only (Investigate),No matching bank record found for this ledger entry.
TXN0000648,9274819104,-26181.64,-26181.64,2025-05-11,2025-05-11,Reconciled,
TXN0000320,5899758921,-12447.04,,2025-01-26,,Ledger-Only (Investigate),No matching bank record found for this ledger entry.
TXN0004602,8505915041,32171.31,32171.31,2025-05-27,2025-05-27,Reconciled,
TXN0000941,9169237685,-40320.63,-40320.63,2025-01-11,2025-01-12,Reconciled (Timing Difference),"Posted 1 day(s) apart -- in-transit item, not an error."
TXN0005719,8347624987,-17085.62,-17085.62,2025-02-09,2025-02-09,Reconciled,
TXN0003888,8196105682,-8181.41,-8181.41,2025-03-26,2025-03-26,Reconciled,
TXN0004682,4212117822,-36594.70,-36594.70,2025-03-03,2025-03-03,Reconciled,
TXN0000120,9518643664,-37399.32,-37399.32,2025-02-11,2025-02-11,Reconciled,
TXN0002470,9864869953,-16810.80,-16810.80,2025-06-27,2025-06-27,Reconciled,
TXN0003532,7891287473,-36477.24,-36477.24,2025-04-10,2025-04-10,Reconciled,
TXN0005537,5057690445,-32744.06,-32744.06,2025-05-02,2025-05-02,Reconciled,
TXN0001825,7767347599,-32278.58,-32278.58,2025-02-28,2025-02-28,Reconciled,
TXN0005256,4638405204,42849.38,42849.38,2025-05-16,2025-05-16,Reconciled,
TXN0005754,6790333067,12182.14,12182.14,2025-04-21,2025-04-21,Reconciled,
TXN0004877,5934170892,8356.73,8356.73,2025-06-23,2025-06-24,Reconciled (Timing Difference),"Posted 1 day(s) apart -- in-transit item, not an error."
TXN0000051,9510435244,15950.61,15950.61,2025-03-28,2025-03-28,Reconciled,
TXN0004202,1901234298,-13883.80,-13883.80,2025-06-22,2025-06-22,Reconciled,
TXN0001991,1912312353,-2162.92,-2162.92,2025-05-25,2025-05-25,Reconciled,
TXN0002296,5392808458,42820.57,,2025-03-29,,Ledger-Only (Investigate),No matching bank record found for this ledger entry.
TXN0002206,7757691240,37113.26,37113.26,2025-06-05,2025-06-05,Reconciled,
TXN0003077,5218384979,-15060.34,-15060.34,2025-06-14,2025-06-17,Reconciled (Timing Difference),"Posted 3 day(s) apart -- in-transit item, not an error."
TXN0000110,2201790276,-21398.12,-21398.12,2025-02-12,2025-02-12,Reconciled,
TXN0004186,8320630028,31137.47,31137.47,2025-02-28,2025-02-28,Reconciled,
TXN0005765,4914582989,14023.18,14023.18,2025-01-24,2025-01-24,Reconciled,
TXN0003953,7141740969,-38648.36,-38648.36,2025-05-26,2025-05-26,Reconciled,
TXN0001542,3277376673,-41851.98,-41851.98,2025-02-02,2025-02-02,Reconciled,
TXN0005989,7526732675,-10718.79,-10718.79,2025-06-25,2025-06-25,Reconciled,
TXN0002776,8994647004,-22254.87,-22254.87,2025-03-10,2025-03-10,Reconciled,
TXN0004883,6401375521,44242.35,44242.35,2025-06-30,2025-06-30,Reconciled,
TXN0001541,5948681620,-19856.82,-19856.82,2025-02-02,2025-02-02,Reconciled,
TXN0005017,7238678627,-8279.58,-8279.58,2025-05-20,2025-05-20,Reconciled,
TXN0000649,6265761062,-11021.96,-11021.96,2025-05-23,2025-05-23,Reconciled,
TXN0004450,3038287122,-32615.34,-32615.34,2025-01-29,2025-01-29,Reconciled,
TXN0004796,4555427085,-16373.18,-16373.18,2025-03-07,2025-03-07,Reconciled,
TXN0003810,4274174707,-21282.19,-21282.19,2025-01-26,2025-01-26,Reconciled,
TXN0003581,2722650603,-8227.19,-8227.19,2025-02-14,2025-02-14,Reconciled,
TXN0005728,8351319026,43481.96,43270.75,2025-04-13,2025-04-13,Amount Discrepancy (Investigate),"Ledger 43481.96 vs bank 43270.75, diff 211.21."
TXN0004806,6558958302,-19992.94,-19992.94,2025-02-11,2025-02-11,Reconciled,
TXN0002910,4259284910,-28996.70,-28996.70,2025-04-23,2025-04-23,Reconciled,
TXN0005488,7040329688,28059.84,28059.84,2025-04-15,2025-04-15,Reconciled,
TXN0002975,9592441365,4736.16,4736.16,2025-02-20,2025-02-20,Reconciled,
TXN0002529,7706395846,-17666.18,-17666.18,2025-02-27,2025-03-02,Reconciled (Timing Difference),"Posted 3 day(s) apart -- in-transit item, not an error."
TXN0002657,7563582467,-33624.54,-33624.54,2025-01-16,2025-01-16,Reconciled,
TXN0005641,4354154579,-694.65,-694.65,2025-06-24,2025-06-24,Reconciled,
TXN0005317,8059276795,-31259.07,-31259.07,2025-06-07,2025-06-07,Reconciled,
TXN0004603,6874714000,-27695.89,-27695.89,2025-03-17,2025-03-17,Reconciled,
TXN0003260,4663089997,37625.27,37625.27,2025-02-13,2025-02-13,Reconciled,
TXN0000202,1339572328,-30861.48,-30861.48,2025-06-11,2025-06-14,Reconciled (Timing Difference),"Posted 3 day(s) apart -- in-transit item, not an error."
TXN0000124,7392060054,-39802.18,-39802.18,2025-03-11,2025-03-11,Reconciled,
TXN0001729,2161119457,-23369.34,-23369.34,2025-04-24,2025-04-24,Reconciled,
TXN0001614,3408500111,-40154.94,-40154.94,2025-01-05,2025-01-05,Reconciled,
TXN0004312,8856795045,-26402.99,-26615.67,2025-05-03,2025-05-03,Amount Discrepancy (Investigate),"Ledger -26402.99 vs bank -26615.67, diff 212.68."
TXN0003576,6627083826,27719.24,27719.24,2025-06-21,2025-06-21,Reconciled,
TXN0005964,5570339927,-1111.86,-1111.86,2025-04-07,2025-04-07,Reconciled,
TXN0000029,3417494046,-31102.13,-31102.13,2025-01-17,2025-01-17,Reconciled,
TXN0003153,6829845277,-29618.94,-29618.94,2025-06-06,2025-06-06,Reconciled,
TXN0002273,3507533388,4313.52,4313.52,2025-05-19,2025-05-21,Reconciled (Timing Difference),"Posted 2 day(s) apart -- in-transit item, not an error."
TXN0004542,6922126801,-7009.48,-7009.48,2025-03-11,2025-03-11,Reconciled,
TXN0003113,8368841861,-2955.45,-2955.45,2025-03-22,2025-03-22,Reconciled,
TXN0003619,9950933716,-15757.39,-15757.39,2025-05-11,2025-05-11,Reconciled,
TXN0005759,7806563367,28402.17,28402.17,2025-03-10,2025-03-10,Reconciled,
TXN0004987,3793976761,-23222.29,-23222.29,2025-02-22,2025-02-25,Reconciled (Timing Difference),"Posted 3 day(s) apart -- in-transit item, not an error."
TXN0003575,7087842908,-24445.92,-24445.92,2025-06-24,2025-06-24,Reconciled,
TXN0004709,1799669624,31405.39,31405.39,2025-06-11,2025-06-11,Reconciled,
TXN0001894,1863514106,-1575.86,-1575.86,2025-05-16,2025-05-17,Reconciled (Timing Difference),"Posted 1 day(s) apart -- in-transit item, not an error."
TXN0002600,6617384603,-41120.81,-41120.81,2025-02-11,2025-02-11,Reconciled,
TXN0005276,6387217713,-18390.50,-18390.50,2025-06-24,2025-06-24,Reconciled,
TXN0000684,7008809909,-26888.60,,2025-05-20,,Ledger-Only (Investigate),No matching bank record found for this ledger entry.
TXN0005804,6373457567,-14623.01,-14623.01,2025-04-29,2025-04-29,Reconciled,
TXN0003859,5199027281,-32396.99,-32396.99,2025-05-10,2025-05-10,Reconciled,
TXN0002280,7832771244,-27290.47,-27290.47,2025-01-01,2025-01-03,Reconciled (Timing Difference),"Posted 2 day(s) apart -- in-transit item, not an error."
TXN0005577,6119313927,-17021.88,-17021.88,2025-02-13,2025-02-13,Reconciled,
TXN0000957,6172815679,-38219.78,-38219.78,2025-06-30,2025-06-30,Reconciled,
TXN0004256,9584185472,22171.35,22171.35,2025-05-11,2025-05-11,Reconciled,
TXN0000936,3408935462,-33275.15,-33275.15,2025-03-03,2025-03-03,Reconciled,
TXN0002483,6654952165,-9550.54,-9550.54,2025-03-27,2025-03-27,Reconciled,
TXN0000839,7141437272,-39325.56,-39325.56,2025-06-13,2025-06-13,Reconciled,
TXN0002966,5561903047,34109.67,34109.67,2025-01-03,2025-01-03,Reconciled,
TXN0002392,2010742065,-13255.62,-13255.62,2025-05-14,2025-05-14,Reconciled,
TXN0003635,3153745873,17583.08,17583.08,2025-03-26,2025-03-26,Reconciled,
TXN0004680,2897606275,-6342.75,-6342.75,2025-01-31,2025-01-31,Reconciled,
TXN0005310,6925732660,40807.09,40807.09,2025-04-24,2025-04-24,Reconciled,
TXN0001352,5541986822,19870.66,19870.66,2025-06-01,2025-06-01,Reconciled,
TXN0005812,9445487361,37005.08,37005.08,2025-02-26,2025-03-01,Reconciled (Timing Difference),"Posted 3 day(s) apart -- in-transit item, not an error."
TXN0000226,8997105907,-23944.49,-23944.49,2025-01-29,2025-01-31,Reconciled (Timing Difference),"Posted 2 day(s) apart -- in-transit item, not an error."
TXN0005126,2111583184,39286.84,39286.84,2025-04-21,2025-04-21,Reconciled,
TXN0004905,5116027035,630.12,630.12,2025-04-09,2025-04-09,Reconciled,
TXN0003039,3501202262,-4626.46,-4626.46,2025-06-01,2025-06-01,Reconciled,
TXN0003518,6620537287,-38986.14,-38986.14,2025-04-02,2025-04-02,Reconciled,
TXN0004214,3589980390,-35673.98,-35673.98,2025-02-12,2025-02-12,Reconciled,
TXN0003234,8916335902,-19534.82,,2025-04-29,,Ledger-Only (Investigate),No matching bank record found for this ledger entry.
TXN0003063,8738768057,-38902.59,-38902.59,2025-04-16,2025-04-16,Reconciled,
TXN0005809,7233271247,-21833.19,-21833.19,2025-03-30,2025-03-30,Reconciled,
TXN0005328,3744098914,-31566.92,-31566.92,2025-02-14,2025-02-17,Reconciled (Timing Difference),"Posted 3 day(s) apart -- in-transit item, not an error."
TXN0003446,2423165537,18544.96,18544.96,2025-05-01,2025-05-01,Reconciled,
TXN0000671,8409371857,43281.23,43281.23,2025-04-03,2025-04-03,Reconciled,
TXN0003208,6100058552,-26167.69,-26167.69,2025-04-15,2025-04-18,Reconciled (Timing Difference),"Posted 3 day(s) apart -- in-transit item, not an error."
TXN0002237,6026450299,-36588.75,-36588.75,2025-04-30,2025-04-30,Reconciled,
TXN0004051,4768010355,-19325.18,-19325.18,2025-06-08,2025-06-08,Reconciled,
TXN0003013,3794270068,9931.75,9931.75,2025-06-23,2025-06-23,Reconciled,
TXN0005822,2621910478,-38967.80,-38967.80,2025-05-20,2025-05-20,Reconciled,
TXN0004181,9539014598,37567.69,37567.69,2025-04-13,2025-04-13,Reconciled,
TXN0004563,5729540531,15003.87,15003.87,2025-03-10,2025-03-10,Reconciled,
TXN0002570,1081028093,36913.27,36913.27,2025-06-26,2025-06-26,Reconciled,
TXN0002354,5867540839,-4784.93,,2025-04-15,,Ledger-Only (Investigate),No matching bank record found for this ledger entry.
TXN0001495,5880299342,24329.49,24329.49,2025-05-02,2025-05-02,Reconciled,
TXN0001010,3982775170,38311.00,38311.00,2025-05-29,2025-05-29,Reconciled,
TXN0001955,1757485580,-14017.54,-14017.54,2025-04-23,2025-04-23,Reconciled,
TXN0003630,8991454216,38593.93,38593.93,2025-02-28,2025-02-28,Reconciled,
TXN0005783,4596341015,-41050.71,-41050.71,2025-03-14,2025-03-14,Reconciled,
TXN0000303,1535858157,-11955.28,-11955.28,2025-05-20,2025-05-20,Reconciled,
TXN0004876,9438035646,-38357.37,-38357.37,2025-04-23,2025-04-26,Reconciled (Timing Difference),"Posted 3 day(s) apart -- in-transit item, not an error."
TXN0002162,8011579629,4338.65,4338.65,2025-02-08,2025-02-08,Reconciled,
TXN0002584,9997787829,-8469.98,-8469.98,2025-02-05,2025-02-05,Reconciled,
TXN0002675,7233888338,-24217.72,-24217.72,2025-06-24,2025-06-24,Reconciled,
TXN0000223,8127147400,-17565.43,-17565.43,2025-05-10,2025-05-10,Reconciled,
TXN0003516,6991413102,-12743.50,-12743.50,2025-02-20,2025-02-20,Reconciled,
TXN0004055,6687087101,-34294.11,-34294.11,2025-06-08,2025-06-08,Reconciled,
TXN0003504,7216917111,-12736.26,-12736.26,2025-01-26,2025-01-26,Reconciled,
TXN0004089,5904230329,-20503.07,-20503.07,2025-05-06,2025-05-06,Reconciled,
TXN0000792,1003239853,-21684.45,-21684.45,2025-02-27,2025-02-27,Reconciled,
TXN0000828,1503110472,-36994.98,-36994.98,2025-02-21,2025-02-21,Reconciled,
TXN0000624,4641867128,-11084.11,-11084.11,2025-06-24,2025-06-24,Reconciled,
TXN0003825,7629191535,-43377.25,-43377.25,2025-02-22,2025-02-22,Reconciled,
TXN0002186,1690850715,-8351.72,-8351.72,2025-01-09,2025-01-09,Reconciled,
TXN0002245,2362182662,-5971.50,-5971.50,2025-03-03,2025-03-06,Reconciled (Timing Difference),"Posted 3 day(s) apart -- in-transit item, not an error."
TXN0000450,9350616678,39128.38,39128.38,2025-01-18,2025-01-18,Reconciled,
TXN0001480,5302253396,-42783.30,-42783.30,2025-04-29,2025-04-29,Reconciled,
TXN0002553,6344715758,-25776.95,-25776.95,2025-06-18,2025-06-18,Reconciled,
TXN0004838,5383045699,-11801.29,-11801.29,2025-01-16,2025-01-16,Reconciled,
TXN0002190,1315421285,-5528.69,-5528.69,2025-05-28,2025-05-28,Reconciled,
TXN0002986,4026664367,-17925.12,-17925.12,2025-06-05,2025-06-05,Reconciled,
TXN0005495,5604524824,-15956.10,-15956.10,2025-02-01,2025-02-01,Reconciled,
TXN0005203,6182606333,-12975.81,-12819.43,2025-03-20,2025-03-20,Amount Discrepancy (Investigate),"Ledger -12975.81 vs bank -12819.43, diff -156.38."
TXN0000364,3862031352,41743.56,41743.56,2025-02-06,2025-02-06,Reconciled,
TXN0005330,7681040154,-16187.46,-16187.46,2025-06-09,2025-06-09,Reconciled,
TXN0001207,2413651666,41409.30,41409.30,2025-04-10,2025-04-10,Reconciled,
TXN0004299,8242185031,28024.84,28024.84,2025-01-08,2025-01-08,Reconciled,
TXN0004538,1101030166,25864.22,25864.22,2025-04-20,2025-04-20,Reconciled,
TXN0004151,7732650191,-16453.25,-16453.25,2025-06-03,2025-06-03,Reconciled,
TXN0005402,1629473471,41542.80,,2025-04-13,,Ledger-Only (Investigate),No matching bank record found for this ledger entry.
TXN0000566,3305168891,40338.08,40338.08,2025-06-30,2025-06-30,Reconciled,
TXN0005787,2475654655,-26179.50,-26179.50,2025-04-20,2025-04-20,Reconciled,
TXN0000129,9376814624,-18398.95,-18398.95,2025-06-09,2025-06-09,Reconciled,
TXN0002549,9572851987,-42539.25,-42539.25,2025-02-06,2025-02-06,Reconciled,
TXN0005589,1612783858,21789.30,,2025-04-05,,Ledger-Only (Investigate),No matching bank record found for this ledger entry.
TXN0004784,3404437248,-15874.38,-15874.38,2025-03-18,2025-03-18,Reconciled,
TXN0003904,3678045890,38478.36,38478.36,2025-02-23,2025-02-23,Reconciled,
TXN0001167,9015192775,-28418.09,-28418.09,2025-05-20,2025-05-20,Reconciled,
TXN0002092,1327106161,-7819.47,-7819.47,2025-01-02,2025-01-02,Reconciled,
TXN0002687,9581513318,-31019.27,-31019.27,2025-03-16,2025-03-16,Reconciled,
TXN0004331,2033065903,12493.18,12493.18,2025-04-29,2025-04-29,Reconciled,
TXN0003209,7011990647,-8581.12,-8581.12,2025-01-13,2025-01-13,Reconciled,
TXN0003594,4507981083,29180.45,29180.45,2025-05-19,2025-05-19,Reconciled,
TXN0005565,8428278438,4537.94,4537.94,2025-03-04,2025-03-04,Reconciled,
TXN0003597,6631384540,-37301.40,-37301.40,2025-01-13,2025-01-13,Reconciled,
TXN0005406,2917419321,27885.24,27885.24,2025-01-23,2025-01-23,Reconciled,
TXN0001127,7206042126,-17057.43,-17057.43,2025-06-12,2025-06-12,Reconciled,
TXN0000880,3295096169,42022.38,42022.38,2025-06-04,2025-06-04,Reconciled,
TXN0005425,9428558515,7671.95,7671.95,2025-05-05,2025-05-05,Reconciled,
TXN0000088,9157558290,28601.13,28601.13,2025-06-28,2025-06-28,Reconciled,
TXN0004984,9002723718,-32812.30,-32812.30,2025-04-26,2025-04-26,Reconciled,
TXN0005016,6175635572,305.97,305.97,2025-05-28,2025-05-28,Reconciled,
TXN0005156,4000043018,-19562.60,-19562.60,2025-04-09,2025-04-09,Reconciled,
TXN0003356,4357165235,-7360.13,-7360.13,2025-06-27,2025-06-27,Reconciled,
TXN0004705,6963786541,-3020.32,-3020.32,2025-01-26,2025-01-26,Reconciled,
TXN0002003,6884928935,-10683.97,-10683.97,2025-06-26,2025-06-26,Reconciled,
TXN0004926,8880655968,-32303.82,-32303.82,2025-02-07,2025-02-07,Reconciled,
TXN0003574,2528965260,34409.23,34409.23,2025-02-17,2025-02-17,Reconciled,
TXN0003782,9113504274,3305.93,3305.93,2025-04-10,2025-04-10,Reconciled,
TXN0004895,3773302314,-31090.53,-31090.53,2025-04-22,2025-04-22,Reconciled,
TXN0004781,4830498794,2217.77,2217.77,2025-04-13,2025-04-13,Reconciled,
TXN0001975,5613411907,-18279.57,-18279.57,2025-04-27,2025-04-27,Reconciled,
TXN0005837,7485559803,-27979.94,-27979.94,2025-03-18,2025-03-18,Reconciled,
TXN0002948,5697966161,-41002.50,-41002.50,2025-02-09,2025-02-09,Reconciled,
TXN0003447,9746851175,23226.69,23226.69,2025-04-15,2025-04-15,Reconciled,
TXN0004938,9281403350,-1725.35,-1725.35,2025-06-18,2025-06-18,Reconciled,
TXN0001856,7575850774,7952.93,7952.93,2025-04-14,2025-04-14,Reconciled,
TXN0000510,1872920873,12288.08,12288.08,2025-04-23,2025-04-24,Reconciled (Timing Difference),"Posted 1 day(s) apart -- in-transit item, not an error."
TXN0003607,9430005575,6449.17,6449.17,2025-03-05,2025-03-05,Reconciled,
TXN0002999,9499184828,-29177.89,-29177.89,2025-04-28,2025-04-28,Reconciled,
TXN0004712,1922918484,-15333.08,-15333.08,2025-04-10,2025-04-10,Reconciled,
TXN0001664,4606057917,-31157.66,-31157.66,2025-06-15,2025-06-15,Reconciled,
TXN0003748,1130989559,20728.85,20728.85,2025-02-02,2025-02-02,Reconciled,
TXN0004686,2903500602,10313.44,10313.44,2025-04-09,2025-04-09,Reconciled,
TXN0004597,3462920726,33195.01,33195.01,2025-03-14,2025-03-14,Reconciled,
TXN0003327,9833133048,-32100.59,-32100.59,2025-05-28,2025-05-28,Reconciled,
TXN0001827,6065265742,32865.43,32865.43,2025-02-17,2025-02-17,Reconciled,
TXN0005100,9175163264,-39261.05,-39261.05,2025-06-30,2025-06-30,Reconciled,
TXN0004392,8229829887,22026.87,22026.87,2025-05-13,2025-05-13,Reconciled,
TXN0000205,6346369285,-27714.66,-27714.66,2025-01-12,2025-01-12,Reconciled,
TXN0004580,1496216523,-17380.62,-17380.62,2025-03-14,2025-03-14,Reconciled,
TXN0001504,6392288358,-42845.20,-42845.20,2025-06-02,2025-06-02,Reconciled,
TXN0003247,2020827945,-41523.72,-41523.72,2025-06-12,2025-06-12,Reconciled,
TXN0005426,4898422255,22758.12,22758.12,2025-06-25,2025-06-26,Reconciled (Timing Difference),"Posted 1 day(s) apart -- in-transit item, not an error."
TXN0002801,7848513592,10835.50,10835.50,2025-06-11,2025-06-11,Reconciled,
TXN0001870,4601508819,-2322.93,-2322.93,2025-04-08,2025-04-08,Reconciled,
TXN0004917,4436978817,-21535.03,-21535.03,2025-04-14,2025-04-15,Reconciled (Timing Difference),"Posted 1 day(s) apart -- in-transit item, not an error."
TXN0002478,9875636972,-12901.43,-12901.43,2025-05-09,2025-05-09,Reconciled,
TXN0004599,2098186597,-2470.30,-2470.30,2025-06-12,2025-06-12,Reconciled,
TXN0002666,1486262592,-14309.85,-14309.85,2025-01-26,2025-01-26,Reconciled,
TXN0002316,8221446014,-3434.31,-3434.31,2025-04-17,2025-04-17,Reconciled,
TXN0005884,5277400939,-12611.57,-12611.57,2025-04-16,2025-04-16,Reconciled,
TXN0003562,5533867984,-6036.99,-6036.99,2025-05-17,2025-05-17,Reconciled,
TXN0001454,6092432559,-29027.85,-29027.85,2025-03-31,2025-03-31,Reconciled,
TXN0001309,2081876637,-14258.20,-14258.20,2025-03-04,2025-03-04,Reconciled,
TXN0003650,6991309472,44587.32,44587.32,2025-05-20,2025-05-21,Reconciled (Timing Difference),"Posted 1 day(s) apart -- in-transit item, not an error."
TXN0003570,3121257555,-20275.85,-20275.85,2025-03-11,2025-03-11,Reconciled,
TXN0005181,1715219297,-29828.21,-29828.21,2025-03-11,2025-03-11,Reconciled,
TXN0005639,7282649435,-7677.95,-7677.95,2025-05-21,2025-05-21,Reconciled,
TXN0005323,6763890573,-5513.90,-5513.90,2025-03-11,2025-03-11,Reconciled,
TXN0000781,2208570775,15249.31,15249.31,2025-04-06,2025-04-06,Reconciled,
TXN0003841,8298373505,-31964.95,-31964.95,2025-01-08,2025-01-08,Reconciled,
TXN0005720,8482953210,-15857.76,-15857.76,2025-06-22,2025-06-22,Reconciled,
TXN0001865,7821850789,-36749.26,-36749.26,2025-01-10,2025-01-10,Reconciled,
TXN0002516,4263553005,-18327.44,-18327.44,2025-06-05,2025-06-05,Reconciled,
TXN0005808,4131906074,-23674.55,-23674.55,2025-01-06,2025-01-06,Reconciled,
TXN0000993,1536007886,-29071.57,-29071.57,2025-04-23,2025-04-23,Reconciled,
TXN0005877,5634137437,-43306.95,-43306.95,2025-05-03,2025-05-03,Reconciled,
TXN0004606,5089283067,-27071.00,-27071.00,2025-02-26,2025-02-26,Reconciled,
TXN0002726,9039057495,6601.15,6601.15,2025-04-09,2025-04-09,Reconciled,
TXN0003131,6675696542,-20536.49,-20536.49,2025-06-27,2025-06-27,Reconciled,
TXN0003978,6273106749,29377.69,,2025-06-26,,Ledger-Only (Investigate),No matching bank record found for this ledger entry.
TXN0004306,7181245385,-3126.02,-3126.02,2025-05-13,2025-05-13,Reconciled,
TXN0004645,7181365581,-22707.89,-22707.89,2025-03-26,2025-03-26,Reconciled,
TXN0001924,9752488396,-43176.20,-43176.20,2025-05-13,2025-05-13,Reconciled,
TXN0000738,3637939244,-5381.23,-5381.23,2025-02-26,2025-02-26,Reconciled,
TXN0001645,7604617223,-12138.11,-12232.48,2025-06-24,2025-06-24,Amount Discrepancy (Investigate),"Ledger -12138.11 vs bank -12232.48, diff 94.37."
TXN0005184,1479557848,16665.45,16665.45,2025-06-21,2025-06-21,Reconciled,
TXN0004027,2100537793,-42681.04,-42681.04,2025-03-19,2025-03-19,Reconciled,
TXN0001262,4963700248,-19404.15,-19404.15,2025-03-14,2025-03-14,Reconciled,
TXN0004662,5619897084,-8574.41,-8574.41,2025-03-14,2025-03-14,Reconciled,
TXN0005726,5918149350,-36675.55,-36675.55,2025-06-19,2025-06-19,Reconciled,
TXN0003732,1785959804,21599.77,21599.77,2025-03-12,2025-03-12,Reconciled,
TXN0000280,3153025426,-18478.70,-18478.70,2025-05-02,2025-05-02,Reconciled,
TXN0002131,6612274588,12651.42,12651.42,2025-04-24,2025-04-24,Reconciled,
TXN0004540,9559277844,-32659.46,-32659.46,2025-03-17,2025-03-17,Reconciled,
TXN0001157,8614114066,-3584.02,-3584.02,2025-04-26,2025-04-26,Reconciled,
TXN0000244,3657458122,-26964.44,-26964.44,2025-06-25,2025-06-25,Reconciled,
TXN0003183,8541383544,-44136.49,-44136.49,2025-05-21,2025-05-21,Reconciled,
TXN0001409,5866372628,-34919.03,-34919.03,2025-03-14,2025-03-14,Reconciled,
TXN0002212,7372572667,-19198.12,-19198.12,2025-04-05,2025-04-05,Reconciled,
TXN0000882,8557919798,-1557.89,-1557.89,2025-03-12,2025-03-12,Reconciled,
TXN0002932,9009242239,1422.30,1422.30,2025-05-13,2025-05-13,Reconciled,
TXN0001114,3143664488,16929.42,16929.42,2025-01-22,2025-01-22,Reconciled,
TXN0000885,8664124772,36739.29,36739.29,2025-02-18,2025-02-18,Reconciled,
TXN0001940,4632790997,-25796.94,-25796.94,2025-05-10,2025-05-10,Reconciled,
TXN0000528,1398458976,158.40,158.40,2025-05-15,2025-05-15,Reconciled,
TXN0005134,3164579163,671.70,671.70,2025-04-22,2025-04-22,Reconciled,
TXN0005423,7200441975,39699.58,39699.58,2025-06-09,2025-06-11,Reconciled (Timing Difference),"Posted 2 day(s) apart -- in-transit item, not an error."
TXN0001183,6869969535,-26966.47,-26966.47,2025-05-25,2025-05-25,Reconciled,
TXN0002311,7151346585,-6264.18,-6264.18,2025-05-27,2025-05-27,Reconciled,
TXN0001041,5695280990,-9988.02,-9988.02,2025-06-22,2025-06-22,Reconciled,
TXN0005493,7829939532,-31303.80,-31303.80,2025-06-26,2025-06-26,Reconciled,
TXN0003111,3299374097,-10817.67,-10817.67,2025-05-27,2025-05-27,Reconciled,
TXN0001333,6100132007,-14501.05,-14501.05,2025-04-15,2025-04-15,Reconciled,
TXN0001432,2677333947,-32629.78,-32629.78,2025-02-27,2025-02-27,Reconciled,
TXN0003663,8735735020,-31165.17,-31165.17,2025-03-25,2025-03-25,Reconciled,
TXN0005760,8721571430,-22984.53,-22984.53,2025-03-19,2025-03-19,Reconciled,
TXN0004482,9288346394,-14048.56,-14048.56,2025-04-26,2025-04-26,Reconciled,
TXN0000822,3803562022,-5072.76,-5072.76,2025-01-18,2025-01-18,Reconciled,
TXN0001628,4746793067,-30947.41,-30947.41,2025-01-09,2025-01-09,Reconciled,
TXN0003121,6353245940,9502.27,9502.27,2025-03-19,2025-03-19,Reconciled,
TXN0001344,9059463269,-9410.99,-9410.99,2025-02-20,2025-02-20,Reconciled,
TXN0000135,3153975118,-25785.00,-25785.00,2025-05-12,2025-05-12,Reconciled,
TXN0003933,3611660648,-31891.98,-31891.98,2025-05-06,2025-05-06,Reconciled,
TXN0000208,2925785443,-9231.69,-9231.69,2025-04-22,2025-04-22,Reconciled,
TXN0005608,9371915223,37807.19,37807.19,2025-03-21,2025-03-21,Reconciled,
TXN0000793,1179720360,25079.34,25079.34,2025-01-07,2025-01-07,Reconciled,
TXN0005731,3904049724,-32657.66,,2025-04-01,,Ledger-Only (Investigate),No matching bank record found for this ledger entry.
TXN0005216,4331552813,-21568.27,-21568.27,2025-04-19,2025-04-19,Reconciled,
TXN0004659,9621195915,11004.66,11004.66,2025-01-16,2025-01-16,Reconciled,
TXN0004118,2450642765,-16650.83,-16601.04,2025-01-31,2025-01-31,Amount Discrepancy (Investigate),"Ledger -16650.83 vs bank -16601.04, diff -49.79."
TXN0002903,4306816140,-2593.58,-2593.58,2025-06-07,2025-06-10,Reconciled (Timing Difference),"Posted 3 day(s) apart -- in-transit item, not an error."
TXN0003476,4993653371,-27305.58,-27305.58,2025-05-15,2025-05-15,Reconciled,
TXN0002913,8471774850,11055.88,11055.88,2025-04-15,2025-04-15,Reconciled,
TXN0002043,8693723858,-35206.87,-35206.87,2025-01-13,2025-01-13,Reconciled,
TXN0001031,5345308576,-7620.37,-7620.37,2025-01-15,2025-01-15,Reconciled,
TXN0003169,9730123702,-40402.20,-40402.20,2025-02-02,2025-02-02,Reconciled,
TXN0003510,2956866066,-14586.38,-14586.38,2025-03-30,2025-03-30,Reconciled,
TXN0005208,1571839894,-40280.95,-40280.95,2025-06-07,2025-06-10,Reconciled (Timing Difference),"Posted 3 day(s) apart -- in-transit item, not an error."
TXN0003775,6402972495,14994.87,14994.87,2025-04-28,2025-04-28,Reconciled,
TXN0002115,3906725444,-14601.53,-14601.53,2025-06-01,2025-06-01,Reconciled,
TXN0001256,5429927559,-37059.72,-37059.72,2025-03-06,2025-03-06,Reconciled,
TXN0002389,6112237697,-24598.02,-24598.02,2025-02-21,2025-02-21,Reconciled,
TXN0000540,6716962152,-29894.60,-29894.60,2025-06-16,2025-06-16,Reconciled,
TXN0001100,5336343133,-36244.61,-36244.61,2025-01-17,2025-01-17,Reconciled,
TXN0000920,9083622268,-29119.98,-29119.98,2025-02-05,2025-02-05,Reconciled,
TXN0000093,7807075286,2733.28,2733.28,2025-01-17,2025-01-17,Reconciled,
TXN0005154,7638683211,-2528.83,-2528.83,2025-05-27,2025-05-27,Reconciled,
TXN0004842,1542539000,40602.31,40602.31,2025-05-09,2025-05-09,Reconciled,
TXN0005997,8632793782,24827.51,24827.51,2025-03-10,2025-03-10,Reconciled,
TXN0005352,2868305259,38988.85,38988.85,2025-01-15,2025-01-15,Reconciled,
TXN0003660,6067495508,33949.19,33949.19,2025-06-18,2025-06-18,Reconciled,
TXN0003068,7539855813,38848.23,38848.23,2025-05-21,2025-05-21,Reconciled,
TXN0002107,6230035544,32565.18,32565.18,2025-02-06,2025-02-06,Reconciled,
TXN0004119,9995834781,-7434.70,-7434.70,2025-01-01,2025-01-03,Reconciled (Timing Difference),"Posted 2 day(s) apart -- in-transit item, not an error."
TXN0003089,7087650465,20514.30,20514.30,2025-01-15,2025-01-15,Reconciled,
TXN0002686,9759154673,17602.96,17602.96,2025-06-26,2025-06-26,Reconciled,
TXN0005113,5471639699,-25143.45,-25143.45,2025-03-01,2025-03-01,Reconciled,
TXN0002659,6434711681,-4185.29,-4185.29,2025-06-10,2025-06-10,Reconciled,
TXN0001552,9414141794,-33822.79,-33822.79,2025-05-05,2025-05-05,Reconciled,
TXN0004728,6064603730,-5079.14,-5079.14,2025-04-21,2025-04-21,Reconciled,
TXN0000109,8255106057,10576.15,10576.15,2025-06-11,2025-06-11,Reconciled,
TXN0005987,1162951492,-40080.84,-40080.84,2025-01-19,2025-01-19,Reconciled,
TXN0004805,6518347335,17058.10,,2025-04-28,,Ledger-Only (Investigate),No matching bank record found for this ledger entry.
TXN0000917,3977573667,18064.51,,2025-05-29,,Ledger-Only (Investigate),No matching bank record found for this ledger entry.
TXN0001388,2655797061,-26776.61,-26776.61,2025-06-01,2025-06-01,Reconciled,
TXN0003965,1178808641,-18338.10,-18338.10,2025-06-29,2025-06-29,Reconciled,
TXN0002587,1485976964,28011.38,28011.38,2025-01-23,2025-01-23,Reconciled,
TXN0003794,9746340481,-5561.14,-5561.14,2025-06-15,2025-06-18,Reconciled (Timing Difference),"Posted 3 day(s) apart -- in-transit item, not an error."
TXN0003075,6530879825,35240.41,35240.41,2025-05-15,2025-05-15,Reconciled,
TXN0000047,4033990956,20519.60,20519.60,2025-02-22,2025-02-22,Reconciled,
TXN0003249,8514150189,26647.66,26647.66,2025-05-13,2025-05-13,Reconciled,
TXN0005491,5373203170,13162.56,13162.56,2025-01-31,2025-02-03,Reconciled (Timing Difference),"Posted 3 day(s) apart -- in-transit item, not an error."
TXN0005055,3053233646,5861.11,5861.11,2025-01-04,2025-01-04,Reconciled,
TXN0004615,7683498506,-32033.53,-32033.53,2025-01-10,2025-01-10,Reconciled,
TXN0000175,5894171503,-21925.60,-21925.60,2025-05-23,2025-05-23,Reconciled,
TXN0004797,8290193794,21887.87,21887.87,2025-04-25,2025-04-25,Reconciled,
TXN0002217,8465350447,43330.91,43330.91,2025-06-03,2025-06-03,Reconciled,
TXN0004839,1357606254,-27737.75,-27737.75,2025-03-15,2025-03-18,Reconciled (Timing Difference),"Posted 3 day(s) apart -- in-transit item, not an error."
TXN0002202,6870107152,-25455.90,-25455.90,2025-04-01,2025-04-01,Reconciled,
TXN0005869,8304062619,-21857.21,-21857.21,2025-05-11,2025-05-11,Reconciled,
TXN0004430,8354773698,-13975.28,-13975.28,2025-05-19,2025-05-19,Reconciled,
TXN0003515,8420543975,-1141.53,-1141.53,2025-03-25,2025-03-25,Reconciled,
TXN0003572,6754853454,-36316.09,-36316.09,2025-01-20,2025-01-20,Reconciled,
TXN0004428,7467637744,-8679.79,-8679.79,2025-01-30,2025-01-30,Reconciled,
TXN0005672,4214928432,-29429.96,-29429.96,2025-01-29,2025-01-29,Reconciled,
TXN0003440,6241797398,30131.25,30131.25,2025-05-26,2025-05-26,Reconciled,
TXN0005274,3098809963,-1605.62,-1605.62,2025-02-19,2025-02-19,Reconciled,
TXN0003985,2286795073,-26719.20,-26719.20,2025-04-04,2025-04-04,Reconciled,
TXN0001259,7325941347,-35795.37,-35795.37,2025-02-11,2025-02-11,Reconciled,
TXN0005604,8770050678,-6560.57,-6560.57,2025-02-22,2025-02-24,Reconciled (Timing Difference),"Posted 2 day(s) apart -- in-transit item, not an error."
TXN0000745,1326510423,-7825.48,-7825.48,2025-02-15,2025-02-17,Reconciled (Timing Difference),"Posted 2 day(s) apart -- in-transit item, not an error."
TXN0004638,4299547484,-32284.69,-32284.69,2025-06-03,2025-06-03,Reconciled,
TXN0004266,1938133106,32328.45,32328.45,2025-05-07,2025-05-07,Reconciled,
TXN0002049,2017840269,23793.58,23793.58,2025-03-02,2025-03-02,Reconciled,
TXN0005832,9320890119,-11317.79,-11317.79,2025-06-23,2025-06-23,Reconciled,
TXN0003383,8435507921,-40132.52,-40132.52,2025-06-12,2025-06-12,Reconciled,
TXN0003502,5055295126,-25505.69,-25505.69,2025-03-02,2025-03-02,Reconciled,
TXN0002397,8943824671,3950.46,3950.46,2025-06-03,2025-06-03,Reconciled,
TXN0000095,7886122952,9132.77,9132.77,2025-01-14,2025-01-14,Reconciled,
TXN0005683,1616242424,29111.17,29233.17,2025-02-22,2025-02-22,Amount Discrepancy (Investigate),"Ledger 29111.17 vs bank 29233.17, diff -122.00."
TXN0004243,7662968480,-33562.23,-33562.23,2025-05-12,2025-05-12,Reconciled,
TXN0002833,1367992190,7420.88,7420.88,2025-05-08,2025-05-08,Reconciled,
TXN0000597,5962059707,22266.28,22266.28,2025-03-27,2025-03-27,Reconciled,
TXN0001148,7699920592,16617.45,16617.45,2025-01-26,2025-01-26,Reconciled,
TXN0003882,8754395648,-5908.86,-5908.86,2025-04-25,2025-04-25,Reconciled,
TXN0004288,3224861707,-40198.67,-40198.67,2025-06-30,2025-06-30,Reconciled,
TXN0003554,9201948225,21192.22,21192.22,2025-04-14,2025-04-14,Reconciled,
TXN0001107,6607262133,-21369.70,-21369.70,2025-03-06,2025-03-06,Reconciled,
TXN0004070,9620397118,38495.76,38495.76,2025-06-24,2025-06-24,Reconciled,
TXN0004665,7588505365,-9239.60,-9239.60,2025-02-14,2025-02-14,Reconciled,
TXN0000306,2787857634,12772.08,12772.08,2025-01-07,2025-01-07,Reconciled,
TXN0003730,8527738547,926.53,926.53,2025-04-19,2025-04-19,Reconciled,
TXN0004918,1256436263,33905.24,33905.24,2025-01-20,2025-01-20,Reconciled,
TXN0002265,7812701871,35205.59,35205.59,2025-01-03,2025-01-03,Reconciled,
TXN0005094,6902923645,2573.74,2602.92,2025-04-29,2025-04-29,Amount Discrepancy (Investigate),"Ledger 2573.74 vs bank 2602.92, diff -29.18."
TXN0005770,1979967288,-20121.49,-20121.49,2025-03-24,2025-03-24,Reconciled,
TXN0003876,5307770480,-7224.45,-7224.45,2025-03-24,2025-03-24,Reconciled,
TXN0000419,3990259761,17555.88,,2025-03-12,,Ledger-Only (Investigate),No matching bank record found for this ledger entry.
TXN0003552,9040170728,-33537.40,-33537.40,2025-03-27,2025-03-27,Reconciled,
TXN0000550,5598218706,-8444.15,-8444.15,2025-06-06,2025-06-06,Reconciled,
TXN0001276,8872215904,28426.41,,2025-03-18,,Ledger-Only (Investigate),No matching bank record found for this ledger entry.
TXN0000712,5405665463,-26148.09,-26148.09,2025-03-08,2025-03-08,Reconciled,
TXN0005008,5965573794,32676.58,32676.58,2025-02-06,2025-02-06,Reconciled,
TXN0000962,8675912554,-32848.02,-32848.02,2025-03-17,2025-03-17,Reconciled,
TXN0003228,8261545489,-7371.26,-7371.26,2025-05-27,2025-05-27,Reconciled,
TXN0000773,3030491742,-11769.08,-11769.08,2025-05-20,2025-05-20,Reconciled,
TXN0005658,6160826413,1651.48,1651.48,2025-02-12,2025-02-12,Reconciled,
TXN0003192,1696075625,4735.32,,2025-05-01,,Ledger-Only (Investigate),No matching bank record found for this ledger entry.
TXN0003342,7413892352,-11567.93,-11567.93,2025-04-09,2025-04-09,Reconciled,
TXN0005733,9408538702,44336.08,44336.08,2025-04-28,2025-04-28,Reconciled,
TXN0000907,6204541868,-23215.03,-23215.03,2025-04-16,2025-04-16,Reconciled,
TXN0000252,4151275527,-20079.30,-20079.30,2025-06-04,2025-06-04,Reconciled,
TXN0000006,4036610734,20935.67,20935.67,2025-05-05,2025-05-05,Reconciled,
TXN0004489,5987810938,-39425.87,-39425.87,2025-06-06,2025-06-06,Reconciled,
TXN0000071,5948369358,42935.16,42935.16,2025-04-11,2025-04-11,Reconciled,
TXN0004006,8487199710,17314.41,,2025-06-25,,Ledger-Only (Investigate),No matching bank record found for this ledger entry.
TXN0003216,9837297466,7421.21,7421.21,2025-05-23,2025-05-26,Reconciled (Timing Difference),"Posted 3 day(s) apart -- in-transit item, not an error."
TXN0000240,3456336875,22363.53,22363.53,2025-01-24,2025-01-24,Reconciled,
TXN0005476,5989485009,-11808.10,-11808.10,2025-06-06,2025-06-06,Reconciled,
TXN0004704,3838889653,-7724.72,-7724.72,2025-06-02,2025-06-03,Reconciled (Timing Difference),"Posted 1 day(s) apart -- in-transit item, not an error."
TXN0003250,4947929430,-28955.14,-28955.14,2025-04-10,2025-04-10,Reconciled,
TXN0001074,6203910402,7110.94,7110.94,2025-02-10,2025-02-10,Reconciled,
TXN0005942,2696361197,-12562.90,-12562.90,2025-03-05,2025-03-05,Reconciled,
TXN0005022,1539446309,-29089.70,-29089.70,2025-03-21,2025-03-21,Reconciled,
TXN0004090,9599072474,-1799.36,-1799.36,2025-06-24,2025-06-24,Reconciled,
TXN0001489,6064903091,-2013.28,-2013.28,2025-05-24,2025-05-24,Reconciled,
TXN0002914,8679124243,-43602.93,-43602.93,2025-01-06,2025-01-06,Reconciled,
TXN0004574,9179461553,38255.60,38255.60,2025-01-22,2025-01-22,Reconciled,
TXN0002080,4275602551,-21503.02,-21503.02,2025-05-13,2025-05-13,Reconciled,
TXN0003199,9086343831,-31610.66,-31610.66,2025-02-11,2025-02-11,Reconciled,
TXN0002551,4864931245,-34460.56,-34460.56,2025-03-05,2025-03-05,Reconciled,
TXN0003474,3531762614,-30591.45,-30591.45,2025-05-21,2025-05-21,Reconciled,
TXN0000366,3425694474,18613.43,18613.43,2025-06-25,2025-06-25,Reconciled,
TXN0004859,2597773594,-28735.29,-28735.29,2025-01-21,2025-01-21,Reconciled,
TXN0002407,1591548130,36817.17,36817.17,2025-03-31,2025-03-31,Reconciled,
TXN0003300,1477637087,-30780.34,-30780.34,2025-06-21,2025-06-21,Reconciled,
TXN0005677,2187000542,-37943.87,-37943.87,2025-02-05,2025-02-05,Reconciled,
TXN0005111,5718721763,-9787.67,-9787.67,2025-02-03,2025-02-03,Reconciled,
TXN0003809,6735427695,-26505.42,-26505.42,2025-02-01,2025-02-01,Reconciled,
TXN0001327,6709676668,43466.98,43466.98,2025-02-12,2025-02-12,Reconciled,
TXN0003337,4204039317,-35590.43,-35590.43,2025-01-26,2025-01-26,Reconciled,
TXN0002417,1528868871,24788.51,24788.51,2025-05-31,2025-05-31,Reconciled,
TXN0002924,3906113209,158.73,158.73,2025-05-09,2025-05-09,Reconciled,
TXN0003712,3188177463,-32245.84,-32245.84,2025-03-12,2025-03-12,Reconciled,
TXN0000601,9812565801,-34029.60,,2025-03-17,,Ledger-Only (Investigate),No matching bank record found for this ledger entry.
TXN0004785,4204765387,4230.28,4230.28,2025-01-12,2025-01-12,Reconciled,
TXN0005782,1204372081,15083.29,15083.29,2025-06-02,2025-06-02,Reconciled,
TXN0001917,5510417831,-34313.99,-34313.99,2025-04-17,2025-04-17,Reconciled,
TXN0001506,2892249303,-22720.28,-22720.28,2025-04-16,2025-04-16,Reconciled,
TXN0001013,1336232419,20163.40,20163.40,2025-06-27,2025-06-27,Reconciled,
TXN0002823,9964232108,-19380.77,-19380.77,2025-06-20,2025-06-20,Reconciled,
TXN0000662,2240644505,-3298.22,-3298.22,2025-04-23,2025-04-24,Reconciled (Timing Difference),"Posted 1 day(s) apart -- in-transit item, not an error."
TXN0005390,6509655174,-20827.35,-20827.35,2025-01-19,2025-01-19,Reconciled,
TXN0000689,3863622696,7981.14,7981.14,2025-01-22,2025-01-22,Reconciled,
TXN0004841,6251879960,23190.47,23190.47,2025-03-28,2025-03-28,Reconciled,
TXN0002294,6101957867,13375.07,13375.07,2025-01-23,2025-01-23,Reconciled,
TXN0000115,1945131253,182.28,182.28,2025-05-21,2025-05-24,Reconciled (Timing Difference),"Posted 3 day(s) apart -- in-transit item, not an error."
TXN0001173,3773978319,7188.01,7188.01,2025-06-05,2025-06-05,Reconciled,
TXN0004977,6168265362,-23145.77,-23145.77,2025-06-30,2025-06-30,Reconciled,
TXN0000776,1515186730,-12485.78,-12485.78,2025-01-01,2025-01-04,Reconciled (Timing Difference),"Posted 3 day(s) apart -- in-transit item, not an error."
TXN0003471,1124583553,-44642.34,-44642.34,2025-03-13,2025-03-13,Reconciled,
TXN0003009,4094902807,-38003.26,-38003.26,2025-05-10,2025-05-10,Reconciled,
TXN0000711,2971372939,-19890.98,-19890.98,2025-03-10,2025-03-10,Reconciled,
TXN0000413,2424993597,-22763.77,-22763.77,2025-01-25,2025-01-25,Reconciled,
TXN0002621,8839871297,7611.97,7611.97,2025-01-25,2025-01-25,Reconciled,
TXN0001210,2156892352,-39851.43,-39851.43,2025-06-23,2025-06-25,Reconciled (Timing Difference),"Posted 2 day(s) apart -- in-transit item, not an error."
TXN0003628,8869579126,-33411.41,-33411.41,2025-05-06,2025-05-06,Reconciled,
TXN0001201,8553305143,-41667.40,-41667.40,2025-02-04,2025-02-04,Reconciled,
TXN0004882,9812939199,6395.08,6395.08,2025-01-09,2025-01-09,Reconciled,
TXN0000178,6291548292,-15619.55,-15619.55,2025-01-04,2025-01-04,Reconciled,
TXN0003799,5531405275,-6279.69,-6279.69,2025-03-15,2025-03-15,Reconciled,
TXN0000342,5888806249,22798.63,22798.63,2025-01-18,2025-01-18,Reconciled,
TXN0000938,1213354402,-1492.90,-1492.90,2025-01-26,2025-01-26,Reconciled,
TXN0003822,4142178197,-36061.24,-36061.24,2025-05-22,2025-05-22,Reconciled,
TXN0003145,1855730213,18025.03,18025.03,2025-06-28,2025-06-28,Reconciled,
TXN0002704,3648011128,-23352.32,-23352.32,2025-03-05,2025-03-05,Reconciled,
TXN0000859,8851775869,-42609.36,-42609.36,2025-05-13,2025-05-14,Reconciled (Timing Difference),"Posted 1 day(s) apart -- in-transit item, not an error."
TXN0002829,1886356486,-18000.69,-18000.69,2025-05-16,2025-05-16,Reconciled,
TXN0005678,1239668107,10973.65,10973.65,2025-02-17,2025-02-17,Reconciled,
TXN0000296,8308386286,-37850.12,-37850.12,2025-02-02,2025-02-02,Reconciled,
TXN0003913,6223571177,-44289.05,-44289.05,2025-04-13,2025-04-13,Reconciled,
TXN0004238,2231476677,17192.07,17192.07,2025-02-04,2025-02-04,Reconciled,
TXN0005070,8052577243,140.34,140.34,2025-01-08,2025-01-08,Reconciled,
TXN0003756,7436093980,-18847.10,-18847.10,2025-06-05,2025-06-05,Reconciled,
TXN0002554,8331800783,-7045.25,-7045.25,2025-06-10,2025-06-13,Reconciled (Timing Difference),"Posted 3 day(s) apart -- in-transit item, not an error."
TXN0004375,1500272473,-29797.73,-29797.73,2025-03-25,2025-03-25,Reconciled,
TXN0005063,1820287139,20545.03,20545.03,2025-02-07,2025-02-07,Reconciled,
TXN0001950,1614822672,42703.97,42703.97,2025-02-10,2025-02-13,Reconciled (Timing Difference),"Posted 3 day(s) apart -- in-transit item, not an error."
TXN0005746,3971296600,-34567.75,-34567.75,2025-05-05,2025-05-05,Reconciled,
TXN0003422,9335884145,16252.46,16252.46,2025-06-23,2025-06-23,Reconciled,
TXN0002158,6198842832,-7853.39,-7853.39,2025-02-12,2025-02-12,Reconciled,
TXN0004571,9379198529,-37938.78,-37938.78,2025-04-06,2025-04-09,Reconciled (Timing Difference),"Posted 3 day(s) apart -- in-transit item, not an error."
TXN0000080,1070219129,-1511.93,-1511.93,2025-05-16,2025-05-16,Reconciled,
TXN0003171,3750779867,20132.38,20132.38,2025-04-08,2025-04-08,Reconciled,
TXN0000676,3910938509,-20343.20,-20343.20,2025-04-03,2025-04-05,Reconciled (Timing Difference),"Posted 2 day(s) apart -- in-transit item, not an error."
TXN0004902,2608938352,7663.48,,2025-05-21,,Ledger-Only (Investigate),No matching bank record found for this ledger entry.
TXN0002817,1074708676,-31502.76,-31502.76,2025-02-16,2025-02-16,Reconciled,
TXN0002458,4389279180,-9659.71,-9659.71,2025-01-05,2025-01-08,Reconciled (Timing Difference),"Posted 3 day(s) apart -- in-transit item, not an error."
TXN0002907,5261302396,-43344.84,-43344.84,2025-04-02,2025-04-02,Reconciled,
TXN0003551,8119306558,5493.82,5493.82,2025-04-22,2025-04-22,Reconciled,
TXN0000645,9202508454,39889.42,39889.42,2025-06-18,2025-06-18,Reconciled,
TXN0003298,5734352353,-34119.45,-34119.45,2025-03-25,2025-03-25,Reconciled,
TXN0003454,4361001622,-32517.92,-32517.92,2025-02-21,2025-02-21,Reconciled,
TXN0002622,6399793283,-16585.81,-16585.81,2025-01-14,2025-01-14,Reconciled,
TXN0003378,3098666704,44982.89,44982.89,2025-06-29,2025-06-29,Reconciled,
TXN0004275,9228995468,6766.34,6766.34,2025-05-28,2025-05-29,Reconciled (Timing Difference),"Posted 1 day(s) apart -- in-transit item, not an error."
TXN0001738,6860511628,-3077.85,-3077.85,2025-04-09,2025-04-09,Reconciled,
TXN0000256,8062946583,-3492.39,-3492.39,2025-02-27,2025-02-27,Reconciled,
TXN0002872,9207899416,-35591.07,-35591.07,2025-04-08,2025-04-08,Reconciled,
TXN0003889,5596190414,-41828.51,-41828.51,2025-03-23,2025-03-23,Reconciled,
TXN0000332,3953517802,-41922.16,-41922.16,2025-03-09,2025-03-09,Reconciled,
TXN0003243,4930381579,-8862.26,-8862.26,2025-06-25,2025-06-25,Reconciled,
TXN0003287,6420421605,-25847.96,-25847.96,2025-03-18,2025-03-18,Reconciled,
TXN0002198,6401588289,-16472.21,-16472.21,2025-06-06,2025-06-07,Reconciled (Timing Difference),"Posted 1 day(s) apart -- in-transit item, not an error."
TXN0001535,4350586775,15790.52,15790.52,2025-04-02,2025-04-02,Reconciled,
TXN0003056,2257286440,-15832.63,-15832.63,2025-04-17,2025-04-17,Reconciled,
TXN0000530,3328144611,9142.98,9142.98,2025-05-01,2025-05-01,Reconciled,
TXN0000630,6474432798,-10168.28,-10168.28,2025-06-08,2025-06-08,Reconciled,
TXN0003873,7755793107,-44758.01,-44758.01,2025-01-31,2025-01-31,Reconciled,
TXN0001972,4861510488,28998.50,,2025-03-17,,Ledger-Only (Investigate),No matching bank record found for this ledger entry.
TXN0002021,8952896707,1895.95,1895.95,2025-04-25,2025-04-25,Reconciled,
TXN0000057,1761447600,-39643.40,-39643.40,2025-03-14,2025-03-14,Reconciled,
TXN0000363,6069111615,-22886.30,-22886.30,2025-04-28,2025-04-28,Reconciled,
TXN0003411,2281663891,467.68,467.68,2025-03-17,2025-03-20,Reconciled (Timing Difference),"Posted 3 day(s) apart -- in-transit item, not an error."
TXN0003507,4893689326,29640.13,29640.13,2025-04-09,2025-04-09,Reconciled,
TXN0005629,6614147247,-43107.69,-43107.69,2025-02-07,2025-02-07,Reconciled,
TXN0004965,5607335020,-24700.96,-24700.96,2025-02-04,2025-02-04,Reconciled,
TXN0004825,6441372544,-35883.36,,2025-06-07,,Ledger-Only (Investigate),No matching bank record found for this ledger entry.
TXN0004696,4083427278,-21046.32,-21046.32,2025-05-09,2025-05-09,Reconciled,
TXN0002772,5750670854,-43150.42,-43150.42,2025-01-20,2025-01-20,Reconciled,
TXN0004777,7528631744,-6918.84,-6918.84,2025-06-04,2025-06-04,Reconciled,
TXN0004067,3384443738,-33050.33,-33050.33,2025-05-08,2025-05-08,Reconciled,
TXN0003084,4059380611,-4573.27,-4573.27,2025-06-28,2025-06-28,Reconciled,
TXN0000410,8399085098,-42879.10,-42879.10,2025-06-11,2025-06-12,Reconciled (Timing Difference),"Posted 1 day(s) apart -- in-transit item, not an error."
TXN0003164,4090700054,-3625.15,-3625.15,2025-04-08,2025-04-08,Reconciled,
TXN0003175,5225698735,-3039.76,,2025-02-01,,Ledger-Only (Investigate),No matching bank record found for this ledger entry.
TXN0004444,3747731746,25.69,25.69,2025-02-02,2025-02-02,Reconciled,
TXN0005360,7313253920,-1276.74,-1276.74,2025-02-06,2025-02-06,Reconciled,
TXN0003987,1931281755,39306.80,39306.80,2025-06-01,2025-06-01,Reconciled,
TXN0004103,5219156071,-19420.33,-19420.33,2025-01-07,2025-01-07,Reconciled,
TXN0003320,7769879995,41914.61,41914.61,2025-02-08,2025-02-08,Reconciled,
TXN0000971,5835356071,26335.23,26335.23,2025-05-23,2025-05-23,Reconciled,
TXN0001762,2816150484,-19473.13,-19473.13,2025-05-17,2025-05-17,Reconciled,
TXN0005442,5462587249,12340.93,12340.93,2025-03-15,2025-03-15,Reconciled,
TXN0003910,3726947583,-38210.30,-38210.30,2025-01-04,2025-01-04,Reconciled,
TXN0003640,7161066752,-15231.17,-15231.17,2025-03-20,2025-03-22,Reconciled (Timing Difference),"Posted 2 day(s) apart -- in-transit item, not an error."
TXN0000385,4804600757,15918.01,15918.01,2025-03-29,2025-03-29,Reconciled,
TXN0005506,5139812365,215.95,215.95,2025-01-10,2025-01-10,Reconciled,
TXN0001696,8788761305,4208.69,4208.69,2025-03-21,2025-03-21,Reconciled,
TXN0001776,6103444840,-3330.18,-3330.18,2025-04-13,2025-04-13,Reconciled,
TXN0003579,5755641237,-15222.41,-15222.41,2025-05-20,2025-05-20,Reconciled,
TXN0002385,4199562186,-26971.13,,2025-01-01,,Ledger-Only (Investigate),No matching bank record found for this ledger entry.
TXN0005854,9666010211,35957.21,35957.21,2025-03-04,2025-03-04,Reconciled,
TXN0005831,5023896187,-8886.75,-8886.75,2025-05-21,2025-05-21,Reconciled,
TXN0004798,7719127302,-38771.03,-38771.03,2025-01-21,2025-01-21,Reconciled,
TXN0002985,1376439394,34864.24,34864.24,2025-01-02,2025-01-02,Reconciled,
TXN0002592,4601784337,-27356.63,-27356.63,2025-05-30,2025-05-30,Reconciled,
TXN0001634,6540728631,-7069.79,-7069.79,2025-03-09,2025-03-09,Reconciled,
TXN0001408,9216428373,5969.73,5969.73,2025-05-20,2025-05-20,Reconciled,
TXN0001332,1400764195,-30095.85,-30095.85,2025-02-05,2025-02-05,Reconciled,
TXN0003543,3892422680,-20161.92,-20161.92,2025-04-12,2025-04-12,Reconciled,
TXN0002412,9362197551,-13772.29,-13772.29,2025-03-08,2025-03-08,Reconciled,
TXN0000012,1071188213,20070.61,20070.61,2025-01-16,2025-01-16,Reconciled,
TXN0000254,4966724555,-14433.23,-14433.23,2025-04-17,2025-04-18,Reconciled (Timing Difference),"Posted 1 day(s) apart -- in-transit item, not an error."
TXN0001517,1286803819,26466.59,26466.59,2025-02-19,2025-02-19,Reconciled,
TXN0000294,5255641679,4062.28,4062.28,2025-05-29,2025-05-29,Reconciled,
TXN0005287,6910273723,-2286.56,-2286.56,2025-04-23,2025-04-23,Reconciled,
TXN0001792,2166440344,-31614.76,-31614.76,2025-04-28,2025-05-01,Reconciled (Timing Difference),"Posted 3 day(s) apart -- in-transit item, not an error."
TXN0000368,9955014177,43949.91,43949.91,2025-04-29,2025-04-29,Reconciled,
TXN0003694,9695035087,-4383.19,-4383.19,2025-06-02,2025-06-02,Reconciled,
TXN0004848,2899466158,44015.05,44015.05,2025-05-03,2025-05-06,Reconciled (Timing Difference),"Posted 3 day(s) apart -- in-transit item, not an error."
TXN0005744,5975313706,-1470.94,-1470.94,2025-05-28,2025-05-28,Reconciled,
TXN0003999,3561755019,-33619.91,-33619.91,2025-04-10,2025-04-10,Reconciled,
TXN0003767,6604604934,-2932.24,-2932.24,2025-06-29,2025-06-29,Reconciled,
TXN0002860,3907560426,36718.81,36718.81,2025-01-31,2025-02-02,Reconciled (Timing Difference),"Posted 2 day(s) apart -- in-transit item, not an error."
TXN0001529,9371985124,-13985.24,-13985.24,2025-06-07,2025-06-07,Reconciled,
TXN0002396,5033511752,-1395.60,-1395.60,2025-02-03,2025-02-03,Reconciled,
TXN0004694,8454498401,10433.92,10433.92,2025-06-27,2025-06-27,Reconciled,
TXN0005621,5511560432,28696.47,28696.47,2025-02-12,2025-02-12,Reconciled,
TXN0005271,6695904059,-33597.68,-33597.68,2025-04-05,2025-04-05,Reconciled,
TXN0001363,2223166912,41435.22,41435.22,2025-06-10,2025-06-10,Reconciled,
TXN0001752,9577260157,-36771.66,-36771.66,2025-01-03,2025-01-03,Reconciled,
TXN0005401,8789441682,32982.47,32982.47,2025-04-16,2025-04-16,Reconciled,
TXN0001017,1954011698,-994.87,-994.87,2025-05-22,2025-05-22,Reconciled,
TXN0001648,1722005426,-41752.56,-41752.56,2025-04-21,2025-04-21,Reconciled,
TXN0005007,3135332592,-2687.25,-2687.25,2025-04-27,2025-04-27,Reconciled,
TXN0005961,7263471295,-4694.33,-4694.33,2025-02-22,2025-02-24,Reconciled (Timing Difference),"Posted 2 day(s) apart -- in-transit item, not an error."
TXN0001923,4985411784,-41851.98,-41851.98,2025-05-14,2025-05-14,Reconciled,
TXN0001687,3710387120,-3644.28,-3644.28,2025-06-17,2025-06-17,Reconciled,
TXN0001521,8885373326,-20963.02,-20963.02,2025-06-09,2025-06-09,Reconciled,
TXN0005503,4166102931,22873.64,22873.64,2025-03-29,2025-03-29,Reconciled,
TXN0001638,6808997940,-28803.04,-28803.04,2025-01-08,2025-01-08,Reconciled,
TXN0003709,4587105517,34340.63,34340.63,2025-01-05,2025-01-05,Reconciled,
TXN0000375,7408864669,-2379.35,-2379.35,2025-01-29,2025-01-31,Reconciled (Timing Difference),"Posted 2 day(s) apart -- in-transit item, not an error."
TXN0005346,1660345562,-16208.43,-16208.43,2025-03-22,2025-03-22,Reconciled,
TXN0003869,9008627273,16263.85,16263.85,2025-02-05,2025-02-05,Reconciled,
TXN0003674,7914530253,-34178.98,-34178.98,2025-05-27,2025-05-27,Reconciled,
TXN0004548,2618714059,-732.42,-732.42,2025-06-14,2025-06-14,Reconciled,
TXN0000246,5404927650,-26392.48,-26392.48,2025-01-17,2025-01-17,Reconciled,
TXN0003480,8572864210,35857.72,35857.72,2025-06-25,2025-06-28,Reconciled (Timing Difference),"Posted 3 day(s) apart -- in-transit item, not an error."
TXN0000312,3340490042,15639.51,15639.51,2025-01-25,2025-01-25,Reconciled,
TXN0001788,9245434560,17642.57,17642.57,2025-04-20,2025-04-20,Reconciled,
TXN0003000,6996964400,-30795.16,-30795.16,2025-02-26,2025-02-26,Reconciled,
TXN0000269,1622934890,25327.87,25327.87,2025-01-09,2025-01-09,Reconciled,
TXN0000468,7327893382,-6025.38,-6025.38,2025-06-04,2025-06-04,Reconciled,
TXN0002050,2606989137,14371.32,,2025-05-31,,Ledger-Only (Investigate),No matching bank record found for this ledger entry.
TXN0002530,9820712074,-3096.92,-3096.92,2025-06-25,2025-06-27,Reconciled (Timing Difference),"Posted 2 day(s) apart -- in-transit item, not an error."
TXN0004145,9762865421,-254.68,-254.68,2025-05-25,2025-05-25,Reconciled,
TXN0003035,6122275593,40276.82,40276.82,2025-05-04,2025-05-04,Reconciled,
TXN0003939,3091256832,-28968.15,-28968.15,2025-04-06,2025-04-06,Reconciled,
TXN0004380,5070501731,43391.84,43391.84,2025-06-15,2025-06-15,Reconciled,
TXN0000449,3349448167,-9310.53,-9310.53,2025-05-19,2025-05-19,Reconciled,
TXN0005198,4136005017,23518.00,23518.00,2025-05-21,2025-05-21,Reconciled,
TXN0000435,9115735678,22697.90,22697.90,2025-03-06,2025-03-06,Reconciled,
TXN0004530,8470986133,-34204.64,-34204.64,2025-06-04,2025-06-06,Reconciled (Timing Difference),"Posted 2 day(s) apart -- in-transit item, not an error."
TXN0000089,9161753450,-6091.22,-6091.22,2025-06-28,2025-06-28,Reconciled,
TXN0004323,4782684670,26725.19,26725.19,2025-01-03,2025-01-05,Reconciled (Timing Difference),"Posted 2 day(s) apart -- in-transit item, not an error."
TXN0002394,1766480304,-15447.07,-15447.07,2025-05-20,2025-05-20,Reconciled,
TXN0005974,6196867160,-13702.03,-13702.03,2025-04-17,2025-04-17,Reconciled,
TXN0003002,5813285590,20039.53,20039.53,2025-02-20,2025-02-20,Reconciled,
TXN0001651,3080540739,-29438.81,-29438.81,2025-03-18,2025-03-18,Reconciled,
TXN0003049,7375704879,-26031.06,-26031.06,2025-05-22,2025-05-22,Reconciled,
TXN0002270,4476408717,-31388.35,-31388.35,2025-03-16,2025-03-16,Reconciled,
TXN0003871,1477129972,-31105.32,-31105.32,2025-04-04,2025-04-04,Reconciled,
TXN0003752,7001838675,3001.98,3001.98,2025-03-17,2025-03-17,Reconciled,
TXN0004355,5500986775,4292.04,4292.04,2025-05-12,2025-05-12,Reconciled,
TXN0002343,9807162561,44354.44,44354.44,2025-05-14,2025-05-14,Reconciled,
TXN0001491,4715615954,17325.62,17325.62,2025-02-17,2025-02-17,Reconciled,
TXN0003736,2185826171,-5914.29,-5914.29,2025-01-10,2025-01-10,Reconciled,
TXN0000798,8957427405,38822.08,38822.08,2025-04-15,2025-04-16,Reconciled (Timing Difference),"Posted 1 day(s) apart -- in-transit item, not an error."
TXN0000893,3986088340,1358.85,1358.85,2025-03-08,2025-03-08,Reconciled,
TXN0004366,8322376127,26829.49,26829.49,2025-03-31,2025-03-31,Reconciled,
TXN0005255,8635518671,33357.45,33357.45,2025-02-14,2025-02-14,Reconciled,
TXN0005880,3944883833,-30302.26,-30302.26,2025-06-20,2025-06-20,Reconciled,
TXN0004315,5171240673,-25881.22,-25881.22,2025-03-30,2025-03-30,Reconciled,
TXN0001372,2276539708,-25484.51,-25484.51,2025-03-15,2025-03-15,Reconciled,
TXN0004337,8170970552,-26976.36,-26976.36,2025-06-10,2025-06-10,Reconciled,
TXN0002548,4513438691,-40775.23,-40775.23,2025-01-20,2025-01-20,Reconciled,
TXN0000004,2241417136,-4879.01,-4879.01,2025-01-28,2025-01-28,Reconciled,
TXN0005933,5461265827,11681.84,11681.84,2025-04-24,2025-04-24,Reconciled,
TXN0004643,3402204743,-18874.08,-18874.08,2025-06-25,2025-06-25,Reconciled,
TXN0005300,2841264555,-1412.74,-1412.74,2025-05-16,2025-05-16,Reconciled,
TXN0002970,7781514679,3498.33,3498.33,2025-03-13,2025-03-13,Reconciled,
TXN0004155,1718304642,11711.19,11711.19,2025-06-05,2025-06-05,Reconciled,
TXN0001812,6126927761,8771.15,8771.15,2025-05-11,2025-05-11,Reconciled,
TXN0000163,7000800937,-4387.70,-4387.70,2025-03-24,2025-03-24,Reconciled,
TXN0000608,8320530735,-41958.47,-41958.47,2025-01-05,2025-01-05,Reconciled,
TXN0000415,5226942005,-28129.16,-28129.16,2025-04-30,2025-04-30,Reconciled,
TXN0000104,3667042458,-23058.05,-23058.05,2025-05-26,2025-05-26,Reconciled,
TXN0000270,2583508930,2673.42,2673.42,2025-06-25,2025-06-25,Reconciled,
TXN0005839,6731814701,35050.09,35050.09,2025-01-10,2025-01-10,Reconciled,
TXN0005846,7202361827,-5435.20,-5435.20,2025-06-06,2025-06-09,Reconciled (Timing Difference),"Posted 3 day(s) apart -- in-transit item, not an error."
TXN0001445,1907748975,44173.99,44173.99,2025-03-29,2025-03-29,Reconciled,
TXN0001200,2772330859,-43522.09,-43522.09,2025-03-06,2025-03-06,Reconciled,
TXN0002942,9664213891,-13654.39,-13654.39,2025-04-17,2025-04-17,Reconciled,
TXN0001163,8034651730,17858.71,17858.71,2025-04-12,2025-04-12,Reconciled,
TXN0003701,3204439524,-33054.49,-33054.49,2025-05-19,2025-05-21,Reconciled (Timing Difference),"Posted 2 day(s) apart -- in-transit item, not an error."
TXN0002295,1963172801,-22190.78,-22190.78,2025-03-23,2025-03-23,Reconciled,
TXN0005517,5790569869,24664.61,24664.61,2025-04-07,2025-04-07,Reconciled,
TXN0005823,8258829859,-11812.72,-11812.72,2025-04-29,2025-04-30,Reconciled (Timing Difference),"Posted 1 day(s) apart -- in-transit item, not an error."
TXN0001973,9747215737,38466.18,38466.18,2025-01-22,2025-01-22,Reconciled,
TXN0001466,6638437562,31170.42,31170.42,2025-06-27,2025-06-27,Reconciled,
TXN0000695,1209498319,-22652.34,-22652.34,2025-03-04,2025-03-04,Reconciled,
TXN0002490,2409478343,-36709.09,-36709.09,2025-06-27,2025-06-27,Reconciled,
TXN0002882,4036670801,-43023.04,-43023.04,2025-02-21,2025-02-21,Reconciled,
TXN0005895,6241320822,35275.56,35275.56,2025-01-09,2025-01-09,Reconciled,
TXN0005850,3192294788,37578.23,37578.23,2025-06-12,2025-06-12,Reconciled,
TXN0003271,9477870997,-30847.95,-30847.95,2025-06-02,2025-06-02,Reconciled,
TXN0000735,6074893762,15413.30,15413.30,2025-01-18,2025-01-18,Reconciled,
TXN0001136,5524918304,-8664.81,-8664.81,2025-01-03,2025-01-03,Reconciled,
TXN0004671,9644628517,-1911.52,-1911.52,2025-01-20,2025-01-20,Reconciled,
TXN0000849,7432715143,-28471.86,-28471.86,2025-01-19,2025-01-19,Reconciled,
TXN0002094,1837871786,-4185.83,-4185.83,2025-04-05,2025-04-05,Reconciled,
TXN0000122,6127337308,-44713.30,-44713.30,2025-01-31,2025-01-31,Reconciled,
TXN0000046,9805362475,-40752.15,-40752.15,2025-04-20,2025-04-20,Reconciled,
TXN0003719,2861710394,-17271.99,-17271.99,2025-05-30,2025-05-30,Reconciled,
TXN0002388,8737526093,43590.06,43590.06,2025-02-05,2025-02-05,Reconciled,
TXN0002737,2269372848,24032.42,,2025-03-14,,Ledger-Only (Investigate),No matching bank record found for this ledger entry.
TXN0004787,2093587451,-38279.95,-38279.95,2025-03-26,2025-03-26,Reconciled,
TXN0002112,1099423371,-1446.33,-1446.33,2025-03-16,2025-03-17,Reconciled (Timing Difference),"Posted 1 day(s) apart -- in-transit item, not an error."
TXN0000476,1277079339,11074.10,11074.10,2025-03-10,2025-03-10,Reconciled,
TXN0002100,9429510128,-42844.52,-42844.52,2025-03-17,2025-03-17,Reconciled,
TXN0001892,8722697727,-27950.89,-27950.89,2025-06-25,2025-06-25,Reconciled,
TXN0001055,4225887726,36380.35,36380.35,2025-01-11,2025-01-11,Reconciled,
TXN0002520,1515843003,-34385.38,-34385.38,2025-06-12,2025-06-15,Reconciled (Timing Difference),"Posted 3 day(s) apart -- in-transit item, not an error."
TXN0002715,8395240991,-33187.56,-33187.56,2025-05-20,2025-05-20,Reconciled,
TXN0004313,6397526326,13425.60,13425.60,2025-03-04,2025-03-04,Reconciled,
TXN0001890,7091201536,-12235.35,-12235.35,2025-05-14,2025-05-14,Reconciled,
TXN0003708,4852432846,-19705.79,-19705.79,2025-03-24,2025-03-24,Reconciled,
TXN0002988,1897329660,13799.11,13799.11,2025-03-10,2025-03-10,Reconciled,
TXN0004534,7838462097,-2281.54,-2281.54,2025-03-06,2025-03-06,Reconciled,
TXN0005505,6330996847,27759.15,27759.15,2025-01-05,2025-01-05,Reconciled,
TXN0000191,8401917317,-18179.92,-18179.92,2025-06-29,2025-06-29,Reconciled,
TXN0002805,9609606984,30435.11,30435.11,2025-03-09,2025-03-09,Reconciled,
TXN0004343,8578246603,-26032.50,-26032.50,2025-03-26,2025-03-26,Reconciled,
TXN0001165,5765916255,-32051.87,-32051.87,2025-05-22,2025-05-22,Reconciled,
TXN0003485,7334053533,-43282.09,-43282.09,2025-04-16,2025-04-16,Reconciled,
TXN0001175,4980991326,27451.12,27451.12,2025-04-29,2025-04-29,Reconciled,
TXN0001381,9637391320,-22106.51,-22106.51,2025-04-24,2025-04-24,Reconciled,
TXN0005075,6200947562,-22143.13,-22143.13,2025-01-13,2025-01-13,Reconciled,
TXN0005269,6071897555,-4202.33,-4202.33,2025-05-28,2025-05-28,Reconciled,
TXN0000054,4330760797,-40983.01,-40983.01,2025-06-04,2025-06-04,Reconciled,
TXN0004976,8504355736,-42697.78,-42697.78,2025-05-17,2025-05-17,Reconciled,
TXN0002591,5505523686,-8183.89,-8183.89,2025-02-24,2025-02-24,Reconciled,
TXN0000048,8224162155,-23896.21,-23896.21,2025-02-05,2025-02-05,Reconciled,
TXN0002465,8269924855,42751.54,42751.54,2025-06-14,2025-06-14,Reconciled,
TXN0003031,5193885207,-28185.66,-28185.66,2025-04-29,2025-04-29,Reconciled,
TXN0002894,6257588976,38673.61,38673.61,2025-06-15,2025-06-15,Reconciled,
TXN0005587,1370125496,38588.40,38588.40,2025-06-16,2025-06-16,Reconciled,
TXN0002345,8152783034,12266.86,12266.86,2025-01-11,2025-01-11,Reconciled,
TXN0005099,2801171561,-22063.33,-22063.33,2025-03-10,2025-03-10,Reconciled,
TXN0002853,1573997935,22092.43,22092.43,2025-02-20,2025-02-20,Reconciled,
TXN0005554,6006533870,20909.96,20909.96,2025-04-26,2025-04-26,Reconciled,
TXN0002509,8562441782,-2980.03,-2980.03,2025-04-10,2025-04-11,Reconciled (Timing Difference),"Posted 1 day(s) apart -- in-transit item, not an error."
TXN0004716,8862039432,18433.64,18433.64,2025-02-17,2025-02-17,Reconciled,
TXN0003661,2859931244,-14540.04,-14540.04,2025-03-25,2025-03-25,Reconciled,
TXN0001487,9275712600,-30297.41,-30297.41,2025-03-22,2025-03-22,Reconciled,
TXN0005002,1885161101,37664.82,37664.82,2025-05-07,2025-05-07,Reconciled,
TXN0002854,4587609334,-29632.39,-29632.39,2025-06-07,2025-06-07,Reconciled,
TXN0002611,7195893920,-2724.70,-2724.70,2025-05-20,2025-05-20,Reconciled,
TXN0005244,7842212901,11932.34,11932.34,2025-05-31,2025-05-31,Reconciled,
TXN0003307,2416855960,-29664.16,-29664.16,2025-05-26,2025-05-26,Reconciled,
TXN0002446,9172490884,32842.86,32842.86,2025-03-26,2025-03-26,Reconciled,
TXN0000707,4680868447,-44913.64,-44913.64,2025-06-02,2025-06-02,Reconciled,
TXN0004052,1469876953,-27256.07,-27256.07,2025-03-26,2025-03-26,Reconciled,
TXN0002954,8002933182,-36235.04,-36235.04,2025-06-11,2025-06-13,Reconciled (Timing Difference),"Posted 2 day(s) apart -- in-transit item, not an error."
TXN0001239,9178300104,-22677.15,-22677.15,2025-04-17,2025-04-17,Reconciled,
TXN0004807,7360038477,-18085.63,-18085.63,2025-03-22,2025-03-22,Reconciled,
TXN0001072,1105444089,890.91,890.91,2025-01-11,2025-01-11,Reconciled,
TXN0004037,2834625544,9580.53,9580.53,2025-01-16,2025-01-16,Reconciled,
TXN0001789,9198968191,-4988.56,-4988.56,2025-06-24,2025-06-24,Reconciled,
TXN0000119,5524497168,22847.56,22847.56,2025-06-27,2025-06-27,Reconciled,
TXN0005149,1435627804,-22491.46,-22491.46,2025-02-04,2025-02-04,Reconciled,
TXN0002508,9495126930,-28460.74,-28460.74,2025-05-22,2025-05-22,Reconciled,
TXN0002891,8391385516,39955.48,39955.48,2025-06-24,2025-06-24,Reconciled,
TXN0002187,1328297861,-10559.89,-10559.89,2025-01-06,2025-01-06,Reconciled,
TXN0005398,1435198039,-36313.45,-36313.45,2025-03-19,2025-03-19,Reconciled,
TXN0003125,1297936930,30326.34,30326.34,2025-01-31,2025-01-31,Reconciled,
TXN0002226,7312258023,-44917.81,-44917.81,2025-06-25,2025-06-25,Reconciled,
TXN0001478,5735399434,19368.69,19368.69,2025-01-05,2025-01-05,Reconciled,
TXN0001129,3418191975,-20118.64,-20118.64,2025-06-25,2025-06-27,Reconciled (Timing Difference),"Posted 2 day(s) apart -- in-transit item, not an error."
TXN0002304,9786784957,-19983.75,-19983.75,2025-04-17,2025-04-19,Reconciled (Timing Difference),"Posted 2 day(s) apart -- in-transit item, not an error."
TXN0003677,9391649609,16064.68,16064.68,2025-01-31,2025-02-03,Reconciled (Timing Difference),"Posted 3 day(s) apart -- in-transit item, not an error."
TXN0002447,2270753212,12976.46,12976.46,2025-04-19,2025-04-19,Reconciled,
TXN0001686,2316495094,14097.35,14097.35,2025-02-06,2025-02-06,Reconciled,
TXN0001307,1189542071,-36079.88,-36079.88,2025-06-16,2025-06-16,Reconciled,
TXN0002276,7153112211,-7938.12,-7938.12,2025-06-23,2025-06-23,Reconciled,
TXN0001421,2863026122,-10023.67,-10023.67,2025-05-28,2025-05-28,Reconciled,
TXN0000171,2673591367,-24481.88,-24481.88,2025-02-11,2025-02-11,Reconciled,
TXN0001105,1941609773,-13181.37,-13181.37,2025-02-20,2025-02-20,Reconciled,
TXN0003418,7547198145,-14482.88,-14482.88,2025-02-13,2025-02-13,Reconciled,
TXN0003254,3037243539,-15328.07,-15328.07,2025-03-03,2025-03-03,Reconciled,
TXN0000866,8052886911,-17267.43,-17267.43,2025-03-23,2025-03-23,Reconciled,
TXN0001994,6226399303,-33272.88,-33272.88,2025-01-28,2025-01-28,Reconciled,
TXN0002491,6814630518,-31802.15,,2025-01-01,,Ledger-Only (Investigate),No matching bank record found for this ledger entry.
TXN0004304,1104681988,-32139.07,-32139.07,2025-06-18,2025-06-18,Reconciled,
TXN0003746,8351793692,-17924.27,-17924.27,2025-04-02,2025-04-05,Reconciled (Timing Difference),"Posted 3 day(s) apart -- in-transit item, not an error."
TXN0000667,5116110648,-38753.62,-38753.62,2025-05-14,2025-05-14,Reconciled,
TXN0002811,4071502023,20218.72,20218.72,2025-04-25,2025-04-25,Reconciled,
TXN0003181,8795649565,-20736.96,-20736.96,2025-05-12,2025-05-12,Reconciled,
TXN0004492,1493124942,-38369.77,-38369.77,2025-01-01,2025-01-01,Reconciled,
TXN0003423,7231966507,15917.69,15917.69,2025-06-28,2025-06-28,Reconciled,
TXN0002831,8556027780,6141.41,6141.41,2025-03-14,2025-03-14,Reconciled,
TXN0005763,3215224993,39498.23,39498.23,2025-03-25,2025-03-25,Reconciled,
TXN0005762,5163774194,44293.04,44293.04,2025-05-13,2025-05-13,Reconciled,
TXN0004769,8292861660,28858.59,28858.59,2025-06-26,2025-06-28,Reconciled (Timing Difference),"Posted 2 day(s) apart -- in-transit item, not an error."
TXN0000384,3525404975,-16262.93,-16262.93,2025-03-21,2025-03-23,Reconciled (Timing Difference),"Posted 2 day(s) apart -- in-transit item, not an error."
TXN0003675,3433002210,-9612.26,-9612.26,2025-02-02,2025-02-05,Reconciled (Timing Difference),"Posted 3 day(s) apart -- in-transit item, not an error."
TXN0004213,7144275137,6889.83,6889.83,2025-06-29,2025-06-29,Reconciled,
TXN0003246,8222197545,-3813.59,-3813.59,2025-06-25,2025-06-25,Reconciled,
TXN0005864,7003625421,-37638.57,-37638.57,2025-06-28,2025-06-28,Reconciled,
TXN0003289,4972351951,28702.27,28702.27,2025-02-07,2025-02-07,Reconciled,
TXN0005092,7313701840,-15739.13,-15739.13,2025-02-05,2025-02-05,Reconciled,
TXN0005521,1490424980,6915.15,6915.15,2025-04-28,2025-04-28,Reconciled,
TXN0004354,1056573151,-37387.00,-37387.00,2025-04-30,2025-04-30,Reconciled,
TXN0003862,7380236678,7842.42,7842.42,2025-03-24,2025-03-24,Reconciled,
TXN0003744,4864018332,-7496.34,-7496.34,2025-03-10,2025-03-10,Reconciled,
TXN0002791,2969746790,17670.76,17670.76,2025-03-02,2025-03-02,Reconciled,
TXN0001712,8315743928,8492.13,8492.13,2025-02-17,2025-02-17,Reconciled,
TXN0005922,4342233376,30451.95,30451.95,2025-03-19,2025-03-19,Reconciled,
TXN0000082,6504288488,37134.56,37134.56,2025-01-31,2025-01-31,Reconciled,
TXN0003567,4088001531,-18507.46,-18507.46,2025-03-08,2025-03-08,Reconciled,
TXN0005857,6592164352,-26654.41,-26654.41,2025-01-14,2025-01-14,Reconciled,
TXN0002556,3138701055,24100.19,24100.19,2025-05-05,2025-05-05,Reconciled,
TXN0000980,8896508367,-33192.68,-33192.68,2025-05-04,2025-05-07,Reconciled (Timing Difference),"Posted 3 day(s) apart -- in-transit item, not an error."
TXN0000434,2246628985,20564.28,20564.28,2025-05-06,2025-05-06,Reconciled,
TXN0003821,9177131365,-44187.48,-44187.48,2025-06-05,2025-06-05,Reconciled,
TXN0000283,8572697976,-6154.31,-6154.31,2025-03-07,2025-03-07,Reconciled,
TXN0001268,1891481805,-16687.45,-16687.45,2025-03-11,2025-03-11,Reconciled,
TXN0004265,6057118844,1986.27,1986.27,2025-06-20,2025-06-20,Reconciled,
TXN0003043,9906496988,-37797.01,-37797.01,2025-01-01,2025-01-01,Reconciled,
TXN0002830,8173003374,-10239.62,-10239.62,2025-02-04,2025-02-04,Reconciled,
TXN0004650,1616889874,7327.17,7327.17,2025-02-11,2025-02-11,Reconciled,
TXN0004569,7113609720,-9592.21,-9592.21,2025-04-27,2025-04-28,Reconciled (Timing Difference),"Posted 1 day(s) apart -- in-transit item, not an error."
TXN0000464,2852187046,-38636.76,-38636.76,2025-05-18,2025-05-18,Reconciled,
TXN0004541,5357489602,-23183.39,-23183.39,2025-03-29,2025-03-29,Reconciled,
TXN0001482,9393890556,11981.67,11981.67,2025-03-20,2025-03-20,Reconciled,
TXN0005174,5145411016,-38446.89,-38446.89,2025-04-10,2025-04-10,Reconciled,
TXN0001816,4096796205,-37748.29,-37748.29,2025-04-15,2025-04-15,Reconciled,
TXN0002285,8915200597,-31095.33,-31095.33,2025-03-14,2025-03-14,Reconciled,
TXN0002133,6955749607,21522.71,21522.71,2025-04-01,2025-04-01,Reconciled,
TXN0003315,3292606028,41343.95,41343.95,2025-05-06,2025-05-06,Reconciled,
TXN0001540,7336407196,-4477.03,-4477.03,2025-02-09,2025-02-09,Reconciled,
TXN0002044,3822522596,2835.59,2835.59,2025-02-05,2025-02-05,Reconciled,
TXN0003603,1592137675,17450.05,17450.05,2025-03-29,2025-03-29,Reconciled,
TXN0001602,8973468149,4876.46,4876.46,2025-05-17,2025-05-17,Reconciled,
TXN0005796,1417709886,-21396.07,,2025-01-23,,Ledger-Only (Investigate),No matching bank record found for this ledger entry.
TXN0001292,4113034355,8631.95,8631.95,2025-05-19,2025-05-19,Reconciled,
TXN0001358,6398292553,-42971.65,-42971.65,2025-03-23,2025-03-23,Reconciled,
TXN0001083,1519970801,28543.78,,2025-02-20,,Ledger-Only (Investigate),No matching bank record found for this ledger entry.
TXN0003151,3015836427,-40651.82,-40651.82,2025-01-30,2025-01-30,Reconciled,
TXN0002996,9696843318,30201.51,30201.51,2025-05-07,2025-05-07,Reconciled,
TXN0005979,5489588305,-23078.68,-23078.68,2025-04-18,2025-04-18,Reconciled,
TXN0004111,6704675095,-24226.47,-24226.47,2025-05-16,2025-05-17,Reconciled (Timing Difference),"Posted 1 day(s) apart -- in-transit item, not an error."
TXN0000243,8736562723,-38554.29,-38554.29,2025-06-22,2025-06-22,Reconciled,
TXN0000053,4954913395,-26137.02,-26137.02,2025-04-29,2025-04-29,Reconciled,
TXN0003606,1373685984,-27411.39,-27411.39,2025-04-27,2025-04-27,Reconciled,
TXN0002377,7393687060,-5353.69,-5353.69,2025-06-07,2025-06-07,Reconciled,
TXN0004911,8654847987,13498.18,13498.18,2025-04-02,2025-04-02,Reconciled,
TXN0004520,4997197534,-41340.16,-41340.16,2025-06-28,2025-06-28,Reconciled,
TXN0004193,8144916360,-5846.14,-5846.14,2025-02-06,2025-02-06,Reconciled,
TXN0004321,3343392084,-35143.44,-35143.44,2025-04-18,2025-04-18,Reconciled,
TXN0004695,6492774444,-34559.81,-34559.81,2025-05-16,2025-05-19,Reconciled (Timing Difference),"Posted 3 day(s) apart -- in-transit item, not an error."
TXN0001461,7694596703,-39508.32,-39508.32,2025-01-28,2025-01-28,Reconciled,
TXN0002866,5137060321,27965.34,27965.34,2025-04-20,2025-04-20,Reconciled,
TXN0000584,3732098067,-23891.19,-23891.19,2025-02-04,2025-02-04,Reconciled,
TXN0003319,5879977958,-19572.77,-19572.77,2025-05-27,2025-05-30,Reconciled (Timing Difference),"Posted 3 day(s) apart -- in-transit item, not an error."
TXN0004237,6696167944,-13195.26,-12997.72,2025-06-21,2025-06-21,Amount Discrepancy (Investigate),"Ledger -13195.26 vs bank -12997.72, diff -197.54."
TXN0002223,7208535621,-8323.37,-8323.37,2025-03-07,2025-03-07,Reconciled,
TXN0003282,3103414956,1114.93,1114.93,2025-06-24,2025-06-24,Reconciled,
TXN0005653,6659010132,31955.36,31955.36,2025-06-02,2025-06-02,Reconciled,
TXN0002111,9611144139,-9939.02,-9939.02,2025-05-16,2025-05-16,Reconciled,
TXN0001908,1760636005,17210.90,17210.90,2025-04-05,2025-04-05,Reconciled,
TXN0002749,9604882382,-22722.60,-22722.60,2025-04-22,2025-04-23,Reconciled (Timing Difference),"Posted 1 day(s) apart -- in-transit item, not an error."
TXN0004687,7850787253,-35710.79,-35710.79,2025-02-16,2025-02-16,Reconciled,
TXN0004445,8775012724,-31673.13,-31673.13,2025-01-13,2025-01-13,Reconciled,
TXN0005556,8114588012,14019.16,14019.16,2025-02-07,2025-02-07,Reconciled,
TXN0005087,8088488981,-35505.92,-35505.92,2025-05-09,2025-05-09,Reconciled,
TXN0005988,7326917367,-3627.36,-3627.36,2025-06-18,2025-06-18,Reconciled,
TXN0004175,5773901246,-16301.19,-16301.19,2025-05-20,2025-05-20,Reconciled,
TXN0003947,4608036436,30590.56,30590.56,2025-05-06,2025-05-06,Reconciled,
TXN0003544,4710016046,-25366.52,-25366.52,2025-05-13,2025-05-13,Reconciled,
TXN0000019,9764191878,36988.05,36988.05,2025-01-29,2025-01-29,Reconciled,
TXN0002144,8162631060,-22579.01,-22579.01,2025-04-25,2025-04-25,Reconciled,
TXN0003686,7281024915,12518.87,12518.87,2025-03-13,2025-03-13,Reconciled,
TXN0000727,2243916227,17351.80,17351.80,2025-02-12,2025-02-12,Reconciled,
TXN0004391,9648260011,-29691.62,-29691.62,2025-02-09,2025-02-09,Reconciled,
TXN0005847,9345172164,-13288.34,-13288.34,2025-02-06,2025-02-06,Reconciled,
TXN0004830,1162941223,19755.09,19755.09,2025-05-09,2025-05-09,Reconciled,
TXN0005461,1685146748,30887.74,30887.74,2025-05-09,2025-05-09,Reconciled,
TXN0001989,6961181501,-35867.20,-35867.20,2025-02-18,2025-02-18,Reconciled,
TXN0004140,9765353968,-1610.54,-1610.54,2025-02-21,2025-02-21,Reconciled,
TXN0003602,3063159011,-17440.31,-17440.31,2025-03-05,2025-03-05,Reconciled,
TXN0005773,4553002286,-35450.80,-35450.80,2025-04-20,2025-04-20,Reconciled,
TXN0005909,1456734481,40254.96,40254.96,2025-05-03,2025-05-03,Reconciled,
TXN0004802,4893694016,-9741.73,-9741.73,2025-05-14,2025-05-14,Reconciled,
TXN0002242,3523900437,-7743.33,-7743.33,2025-06-13,2025-06-13,Reconciled,
TXN0003814,2328825306,4284.95,4237.33,2025-01-26,2025-01-26,Amount Discrepancy (Investigate),"Ledger 4284.95 vs bank 4237.33, diff 47.62."
TXN0002026,9973240072,12986.82,12986.82,2025-04-29,2025-05-01,Reconciled (Timing Difference),"Posted 2 day(s) apart -- in-transit item, not an error."
TXN0005051,3929487538,-17750.87,-17750.87,2025-04-18,2025-04-20,Reconciled (Timing Difference),"Posted 2 day(s) apart -- in-transit item, not an error."
TXN0000301,7618886593,38277.35,38277.35,2025-02-25,2025-02-25,Reconciled,
TXN0001707,4729566098,39381.77,39381.77,2025-03-17,2025-03-17,Reconciled,
TXN0005303,7253609093,-25846.82,-25846.82,2025-04-13,2025-04-13,Reconciled,
TXN0003970,9615140180,21607.21,21607.21,2025-05-10,2025-05-12,Reconciled (Timing Difference),"Posted 2 day(s) apart -- in-transit item, not an error."
TXN0005807,8442714855,-32073.00,-32073.00,2025-03-01,2025-03-01,Reconciled,
TXN0001855,7480922423,-7910.01,-7910.01,2025-01-29,2025-01-29,Reconciled,
TXN0001568,9797439201,-19347.59,-19347.59,2025-04-08,2025-04-08,Reconciled,
TXN0000580,1117118944,19357.59,19357.59,2025-02-16,2025-02-18,Reconciled (Timing Difference),"Posted 2 day(s) apart -- in-transit item, not an error."
TXN0004707,2573252724,-18644.14,-18644.14,2025-03-21,2025-03-21,Reconciled,
TXN0003385,3734546317,38483.38,38483.38,2025-04-03,2025-04-03,Reconciled,
TXN0004879,9687179866,24083.79,24083.79,2025-06-02,2025-06-03,Reconciled (Timing Difference),"Posted 1 day(s) apart -- in-transit item, not an error."
TXN0002201,7889316033,-16574.04,-16574.04,2025-05-22,2025-05-22,Reconciled,
TXN0003335,9657710435,-11882.45,-11882.45,2025-06-03,2025-06-03,Reconciled,
TXN0000357,3338119093,21502.09,21502.09,2025-02-13,2025-02-13,Reconciled,
TXN0002697,5337109552,-15434.76,-15434.76,2025-01-03,2025-01-03,Reconciled,
TXN0004809,2165045861,-39262.93,-39262.93,2025-04-18,2025-04-18,Reconciled,
TXN0000287,5248046090,27289.48,27289.48,2025-01-19,2025-01-19,Reconciled,
TXN0005626,8289894877,-19642.03,-19642.03,2025-02-13,2025-02-13,Reconciled,
TXN0000639,4311844843,-29322.90,-29322.90,2025-06-12,2025-06-12,Reconciled,
TXN0000459,6855847625,-12175.13,-12175.13,2025-04-24,2025-04-24,Reconciled,
TXN0002449,3369488892,-24971.78,-24971.78,2025-05-09,2025-05-09,Reconciled,
TXN0000666,6416476335,-14154.19,-14154.19,2025-02-18,2025-02-18,Reconciled,
TXN0003490,4890558457,-28501.96,-28501.96,2025-01-10,2025-01-10,Reconciled,
TXN0001895,3144550436,-15146.86,-15146.86,2025-02-14,2025-02-14,Reconciled,
TXN0001317,5589340633,-8604.94,-8604.94,2025-04-24,2025-04-24,Reconciled,
TXN0002710,4254788358,-17650.69,-17650.69,2025-03-05,2025-03-05,Reconciled,
TXN0003702,2303112497,15734.73,15734.73,2025-05-20,2025-05-20,Reconciled,
TXN0003364,8840279143,-37516.48,-37516.48,2025-04-18,2025-04-18,Reconciled,
TXN0002921,8702350233,-3434.07,-3434.07,2025-01-30,2025-01-30,Reconciled,
TXN0004772,3416384126,-26191.87,-26191.87,2025-04-20,2025-04-20,Reconciled,
TXN0000919,7268255239,11241.29,11241.29,2025-03-27,2025-03-27,Reconciled,
TXN0000228,1076654250,-41607.69,-41607.69,2025-06-04,2025-06-04,Reconciled,
TXN0004782,9347367040,-16526.59,-16526.59,2025-01-24,2025-01-24,Reconciled,
TXN0003894,6611081076,-854.40,-854.40,2025-04-24,2025-04-24,Reconciled,
TXN0001231,5593670631,-30034.21,-30034.21,2025-04-12,2025-04-12,Reconciled,
TXN0002138,3064251440,-31959.77,-31959.77,2025-01-28,2025-01-28,Reconciled,
TXN0002802,3523108783,-8513.16,-8513.16,2025-05-26,2025-05-26,Reconciled,
TXN0004699,7658640032,2680.39,2680.39,2025-02-10,2025-02-12,Reconciled (Timing Difference),"Posted 2 day(s) apart -- in-transit item, not an error."
TXN0004646,5333210271,773.57,773.57,2025-04-25,2025-04-25,Reconciled,
TXN0001845,7416440800,-1643.62,-1643.62,2025-06-13,2025-06-13,Reconciled,
TXN0001164,9386352617,16878.38,16878.38,2025-01-19,2025-01-19,Reconciled,
TXN0005363,1721001746,-4872.60,-4872.60,2025-02-25,2025-02-25,Reconciled,
TXN0003928,2212841585,-18785.03,-18785.03,2025-01-24,2025-01-24,Reconciled,
TXN0003784,9454294290,-18311.42,-18311.42,2025-06-06,2025-06-08,Reconciled (Timing Difference),"Posted 2 day(s) apart -- in-transit item, not an error."
TXN0004143,7943080888,7327.79,,2025-06-11,,Ledger-Only (Investigate),No matching bank record found for this ledger entry.
TXN0004943,1819593614,22162.26,22162.26,2025-01-31,2025-01-31,Reconciled,
TXN0001920,4857233664,-2645.27,-2645.27,2025-06-16,2025-06-16,Reconciled,
TXN0004720,6965685380,-25746.76,-25746.76,2025-06-25,2025-06-26,Reconciled (Timing Difference),"Posted 1 day(s) apart -- in-transit item, not an error."
TXN0003728,3998981417,-4298.62,-4298.62,2025-06-17,2025-06-17,Reconciled,
TXN0000156,5507861159,23766.08,23766.08,2025-05-21,2025-05-21,Reconciled,
TXN0003235,3003256758,-4242.27,-4242.27,2025-02-23,2025-02-23,Reconciled,
TXN0004078,8550065729,-5488.04,-5488.04,2025-02-10,2025-02-13,Reconciled (Timing Difference),"Posted 3 day(s) apart -- in-transit item, not an error."
TXN0002209,9215357790,-2268.21,-2268.21,2025-01-22,2025-01-22,Reconciled,
TXN0000193,2901535700,-2298.57,-2298.57,2025-05-30,2025-05-30,Reconciled,
TXN0000302,1198996432,-38394.10,-38394.10,2025-02-27,2025-02-27,Reconciled,
TXN0004779,9108933452,-7370.31,-7370.31,2025-01-24,2025-01-24,Reconciled,
TXN0003666,1790152946,-37148.36,-37148.36,2025-01-03,2025-01-03,Reconciled,
TXN0001212,4547767635,-12889.39,-12889.39,2025-02-03,2025-02-05,Reconciled (Timing Difference),"Posted 2 day(s) apart -- in-transit item, not an error."
TXN0004085,6436622069,-3212.16,-3212.16,2025-06-17,2025-06-17,Reconciled,
TXN0003453,9412891744,-22069.12,-22069.12,2025-03-27,2025-03-27,Reconciled,
TXN0001325,1321803742,-12690.02,-12690.02,2025-06-01,2025-06-01,Reconciled,
TXN0004020,2199110072,-28629.47,,2025-05-17,,Ledger-Only (Investigate),No matching bank record found for this ledger entry.
TXN0002896,9630070914,29683.25,29683.25,2025-03-15,2025-03-15,Reconciled,
TXN0005486,4650563247,-36782.75,-36782.75,2025-06-29,2025-06-29,Reconciled,
TXN0001147,6679598236,-21041.79,-21041.79,2025-03-27,2025-03-27,Reconciled,
TXN0001898,5321441089,38881.73,38881.73,2025-01-26,2025-01-26,Reconciled,
TXN0005660,2081365767,-39658.87,-39658.87,2025-02-18,2025-02-18,Reconciled,
TXN0002182,8931206740,-47.39,-47.39,2025-02-05,2025-02-05,Reconciled,
TXN0000932,1961932569,-39387.60,-39387.60,2025-03-11,2025-03-11,Reconciled,
TXN0003792,8953843360,-26643.48,-26643.48,2025-05-30,2025-05-30,Reconciled,
TXN0000972,2178250407,-37056.12,-37056.12,2025-06-17,2025-06-17,Reconciled,
TXN0004706,7637579979,-33757.87,-33757.87,2025-04-05,2025-04-05,Reconciled,
TXN0003534,6175781397,-2578.76,-2578.76,2025-01-18,2025-01-18,Reconciled,
TXN0005682,2621749246,-28269.20,-28269.20,2025-04-07,2025-04-07,Reconciled,
TXN0002335,4310891927,-18768.77,-18768.77,2025-03-04,2025-03-04,Reconciled,
TXN0001116,1028994884,6253.89,6253.89,2025-04-06,2025-04-06,Reconciled,
TXN0001581,1927363077,-12036.00,-12036.00,2025-06-29,2025-06-29,Reconciled,
TXN0005845,4071183380,16985.90,16985.90,2025-06-04,2025-06-04,Reconciled,
TXN0005449,2621608693,36728.98,36533.13,2025-02-08,2025-02-08,Amount Discrepancy (Investigate),"Ledger 36728.98 vs bank 36533.13, diff 195.85."
TXN0001872,8079747251,-7005.90,-7005.90,2025-02-28,2025-02-28,Reconciled,
TXN0000894,1866452875,-11398.97,-11398.97,2025-01-24,2025-01-24,Reconciled,
TXN0005379,9731974832,3370.84,3370.84,2025-05-23,2025-05-23,Reconciled,
TXN0000737,4030595211,14879.04,14879.04,2025-04-23,2025-04-24,Reconciled (Timing Difference),"Posted 1 day(s) apart -- in-transit item, not an error."
TXN0003098,8025279747,-13398.48,-13398.48,2025-04-25,2025-04-28,Reconciled (Timing Difference),"Posted 3 day(s) apart -- in-transit item, not an error."
TXN0000911,1451241003,-32391.10,-32391.10,2025-02-27,2025-03-01,Reconciled (Timing Difference),"Posted 2 day(s) apart -- in-transit item, not an error."
TXN0001720,8849688858,-38016.16,-38016.16,2025-04-14,2025-04-15,Reconciled (Timing Difference),"Posted 1 day(s) apart -- in-transit item, not an error."
TXN0000874,6976218876,22890.89,22890.89,2025-05-20,2025-05-20,Reconciled,
TXN0002099,6676926054,-30551.30,-30551.30,2025-03-27,2025-03-27,Reconciled,
TXN0000020,7978361273,-1441.07,-1441.07,2025-06-05,2025-06-05,Reconciled,
TXN0002766,1375853978,-28978.18,-28978.18,2025-06-21,2025-06-21,Reconciled,
TXN0000948,7571256392,16176.76,16176.76,2025-01-12,2025-01-12,Reconciled,
TXN0002062,6476474890,36002.50,36002.50,2025-03-24,2025-03-24,Reconciled,
TXN0000942,4029885588,-14461.76,-14461.76,2025-06-10,2025-06-10,Reconciled,
TXN0000336,2680593283,-21683.21,-21683.21,2025-05-12,2025-05-12,Reconciled,
TXN0004066,4996821846,-43331.47,-43331.47,2025-04-23,2025-04-25,Reconciled (Timing Difference),"Posted 2 day(s) apart -- in-transit item, not an error."
TXN0002008,7612563887,-20753.99,-20753.99,2025-03-16,2025-03-16,Reconciled,
TXN0005727,1615942807,-30364.30,-30364.30,2025-01-01,2025-01-03,Reconciled (Timing Difference),"Posted 2 day(s) apart -- in-transit item, not an error."
TXN0001053,3169647014,39846.96,,2025-01-12,,Ledger-Only (Investigate),No matching bank record found for this ledger entry.
TXN0000026,1150771832,-41222.42,-41222.42,2025-05-01,2025-05-01,Reconciled,
TXN0001139,4610820995,-9940.21,-9940.21,2025-02-17,2025-02-17,Reconciled,
TXN0000247,8423929954,-26203.05,-26203.05,2025-01-14,2025-01-14,Reconciled,
TXN0002344,6189423650,-3642.98,-3642.98,2025-04-28,2025-04-28,Reconciled,
TXN0002572,3521198349,-39106.74,-39106.74,2025-04-13,2025-04-13,Reconciled,
TXN0005632,7986201716,31412.31,31624.66,2025-03-21,2025-03-21,Amount Discrepancy (Investigate),"Ledger 31412.31 vs bank 31624.66, diff -212.35."
TXN0004872,5911449613,22329.85,22329.85,2025-03-10,2025-03-10,Reconciled,
TXN0000160,8574523973,28120.97,,2025-05-22,,Ledger-Only (Investigate),No matching bank record found for this ledger entry.
TXN0003038,6306222401,15180.21,15180.21,2025-01-17,2025-01-17,Reconciled,
TXN0000159,2727827825,3868.69,3868.69,2025-02-27,2025-02-27,Reconciled,
TXN0003926,5154897676,12910.22,12910.22,2025-06-11,2025-06-14,Reconciled (Timing Difference),"Posted 3 day(s) apart -- in-transit item, not an error."
TXN0001564,8026375182,9087.72,9087.72,2025-04-27,2025-04-27,Reconciled,
TXN0003168,7245700096,-30774.87,-30774.87,2025-03-16,2025-03-16,Reconciled,
TXN0003148,7045075330,17122.19,17122.19,2025-06-20,2025-06-20,Reconciled,
TXN0005749,7957329925,-30683.23,-30683.23,2025-03-06,2025-03-08,Reconciled (Timing Difference),"Posted 2 day(s) apart -- in-transit item, not an error."
TXN0004356,6841410573,-35353.84,-35353.84,2025-04-20,2025-04-20,Reconciled,
TXN0000331,5766948208,-9030.48,-9030.48,2025-05-06,2025-05-06,Reconciled,
TXN0004272,8571576505,-10355.42,-10355.42,2025-06-01,2025-06-01,Reconciled,
TXN0002046,1521271742,-3521.97,-3521.97,2025-05-27,2025-05-27,Reconciled,
TXN0001319,3337549553,-23628.67,-23628.67,2025-05-25,2025-05-25,Reconciled,
TXN0001657,1901245678,-33837.03,-33837.03,2025-03-05,2025-03-07,Reconciled (Timing Difference),"Posted 2 day(s) apart -- in-transit item, not an error."
TXN0004849,9926597845,-33262.99,-33262.99,2025-04-19,2025-04-19,Reconciled,
TXN0005794,9330066917,34902.56,34902.56,2025-01-31,2025-01-31,Reconciled,
TXN0003231,4081352774,-25783.20,-25783.20,2025-05-31,2025-05-31,Reconciled,
TXN0004001,3030257682,-14943.78,-14943.78,2025-01-15,2025-01-15,Reconciled,
TXN0000199,5046774809,-2466.76,-2466.76,2025-01-07,2025-01-07,Reconciled,
TXN0003299,8959917218,-37323.13,-37323.13,2025-03-15,2025-03-15,Reconciled,
TXN0000891,3328035061,4615.83,4615.83,2025-06-29,2025-06-29,Reconciled,
TXN0002457,7552086718,32997.16,32997.16,2025-04-17,2025-04-17,Reconciled,
TXN0001457,2045440669,28907.15,28907.15,2025-06-14,2025-06-14,Reconciled,
TXN0005347,9923904864,-10322.52,-10322.52,2025-06-20,2025-06-20,Reconciled,
TXN0001561,8023023207,6215.16,6215.16,2025-04-09,2025-04-09,Reconciled,
TXN0003506,8669971134,-12188.02,-12188.02,2025-03-03,2025-03-04,Reconciled (Timing Difference),"Posted 1 day(s) apart -- in-transit item, not an error."
TXN0005732,4527048292,-18785.20,-18785.20,2025-06-25,2025-06-25,Reconciled,
TXN0004833,6449128886,-28878.03,-28878.03,2025-06-19,2025-06-19,Reconciled,
TXN0005557,5093782356,32855.60,32855.60,2025-06-17,2025-06-17,Reconciled,
TXN0000249,7467074890,43238.16,,2025-06-25,,Ledger-Only (Investigate),No matching bank record found for this ledger entry.
TXN0001896,2013837675,-31271.13,-31271.13,2025-05-16,2025-05-16,Reconciled,
TXN0001412,6547562096,-3031.43,-3031.43,2025-03-11,2025-03-11,Reconciled,
TXN0003801,1704808597,-24573.84,-24573.84,2025-01-08,2025-01-09,Reconciled (Timing Difference),"Posted 1 day(s) apart -- in-transit item, not an error."
TXN0005397,9240612270,-30246.66,-30246.66,2025-01-27,2025-01-27,Reconciled,
TXN0002599,6079072823,21708.09,21708.09,2025-06-09,2025-06-09,Reconciled,
TXN0001967,2292928353,-35947.66,-35947.66,2025-05-14,2025-05-14,Reconciled,
TXN0001416,6818594943,-34725.70,-34725.70,2025-04-19,2025-04-19,Reconciled,
TXN0005053,8586843046,-41213.63,-41213.63,2025-02-25,2025-02-25,Reconciled,
TXN0003291,8479169220,-1271.05,-1271.05,2025-03-11,2025-03-11,Reconciled,
TXN0000233,7910976110,-42431.87,-42431.87,2025-06-14,2025-06-14,Reconciled,
TXN0004452,3691307563,-6762.66,-6762.66,2025-02-28,2025-02-28,Reconciled,
TXN0001151,4261300555,-15343.67,-15343.67,2025-04-26,2025-04-26,Reconciled,
TXN0005870,5559899127,-32963.88,-32963.88,2025-06-05,2025-06-06,Reconciled (Timing Difference),"Posted 1 day(s) apart -- in-transit item, not an error."
TXN0003189,4164293886,-34446.97,-34446.97,2025-04-01,2025-04-01,Reconciled,
TXN0001765,3230842132,-37810.29,-37810.29,2025-04-19,2025-04-19,Reconciled,
TXN0003890,4857178722,36326.46,36326.46,2025-03-20,2025-03-20,Reconciled,
TXN0002525,8249621271,30847.90,30847.90,2025-04-13,2025-04-13,Reconciled,
TXN0000279,1330800960,11209.52,11209.52,2025-02-13,2025-02-13,Reconciled,
TXN0005674,1461120602,-21685.21,-21685.21,2025-06-10,2025-06-10,Reconciled,
TXN0001844,8054767899,-44146.53,-44146.53,2025-03-26,2025-03-26,Reconciled,
TXN0001813,7702266200,44266.80,44266.80,2025-04-11,2025-04-11,Reconciled,
TXN0003993,4401155006,28555.65,28555.65,2025-03-17,2025-03-17,Reconciled,
TXN0003395,7770815703,32280.03,32280.03,2025-05-06,2025-05-06,Reconciled,
TXN0005691,3905828245,-26682.10,-26682.10,2025-04-15,2025-04-15,Reconciled,
TXN0001901,3244290825,-16087.55,-16087.55,2025-05-17,2025-05-17,Reconciled,
TXN0003824,7890489118,24754.01,,2025-02-28,,Ledger-Only (Investigate),No matching bank record found for this ledger entry.
TXN0000409,3448352771,6964.79,6964.79,2025-01-23,2025-01-23,Reconciled,
TXN0005230,3325475552,35986.99,35986.99,2025-04-28,2025-04-28,Reconciled,
TXN0001044,9972246134,-15165.87,-15165.87,2025-06-21,2025-06-21,Reconciled,
TXN0005419,1790800318,-23760.06,-23760.06,2025-02-12,2025-02-12,Reconciled,
TXN0003812,4329983342,-17012.81,-17012.81,2025-05-17,2025-05-17,Reconciled,
TXN0003265,5503368137,-21273.45,-21273.45,2025-04-10,2025-04-10,Reconciled,
TXN0000680,8666582402,26093.48,26093.48,2025-03-10,2025-03-10,Reconciled,
TXN0004138,9538108054,33018.98,33018.98,2025-01-12,2025-01-12,Reconciled,
TXN0001824,3650713549,-12281.75,-12281.75,2025-01-02,2025-01-02,Reconciled,
TXN0000067,1005864017,-3732.13,-3732.13,2025-03-11,2025-03-11,Reconciled,
TXN0004656,4179706099,-9238.83,-9238.83,2025-04-20,2025-04-20,Reconciled,
TXN0005816,3038910591,-18197.39,-18071.98,2025-02-17,2025-02-17,Amount Discrepancy (Investigate),"Ledger -18197.39 vs bank -18071.98, diff -125.41."
TXN0000559,9850953561,40339.63,40339.63,2025-02-17,2025-02-17,Reconciled,
TXN0005614,1185917746,322.10,322.10,2025-05-21,2025-05-21,Reconciled,
TXN0001360,9817355373,22560.49,22560.49,2025-04-10,2025-04-10,Reconciled,
TXN0000292,2621211490,-33661.31,-33661.31,2025-05-17,2025-05-17,Reconciled,
TXN0002355,2577729511,21890.64,21890.64,2025-05-16,2025-05-16,Reconciled,
TXN0002160,9635182434,-18139.36,-18139.36,2025-06-22,2025-06-24,Reconciled (Timing Difference),"Posted 2 day(s) apart -- in-transit item, not an error."
TXN0000939,6990688595,-29992.21,-29992.21,2025-03-02,2025-03-02,Reconciled,
TXN0001420,8647633457,-2165.83,-2165.83,2025-04-08,2025-04-08,Reconciled,
TXN0002360,2011233621,-40125.26,-40125.26,2025-06-22,2025-06-22,Reconciled,
TXN0003341,1829595237,-13023.70,-13023.70,2025-05-06,2025-05-08,Reconciled (Timing Difference),"Posted 2 day(s) apart -- in-transit item, not an error."
TXN0000062,4950210465,797.22,797.22,2025-05-04,2025-05-04,Reconciled,
TXN0001364,1326656136,13308.74,13308.74,2025-04-15,2025-04-15,Reconciled,
TXN0000417,3268750783,-41118.36,,2025-04-30,,Ledger-Only (Investigate),No matching bank record found for this ledger entry.
TXN0000794,5780322333,-35492.77,-35492.77,2025-02-15,2025-02-15,Reconciled,
TXN0005888,1050034064,-11569.71,-11569.71,2025-02-22,2025-02-24,Reconciled (Timing Difference),"Posted 2 day(s) apart -- in-transit item, not an error."
TXN0002861,1354002961,-23231.88,-23231.88,2025-05-08,2025-05-08,Reconciled,
TXN0001548,3422757213,-35909.24,-35909.24,2025-05-10,2025-05-10,Reconciled,
TXN0005234,2326348563,-16673.81,-16673.81,2025-05-29,2025-05-29,Reconciled,
TXN0004826,1385876529,22038.17,22038.17,2025-05-19,2025-05-19,Reconciled,
TXN0004345,2481687665,-38400.58,-38400.58,2025-06-05,2025-06-05,Reconciled,
TXN0005991,2857617460,-8050.03,-8050.03,2025-06-29,2025-06-29,Reconciled,
TXN0003393,8112089027,1768.88,1768.88,2025-06-30,2025-06-30,Reconciled,
TXN0002215,3005211553,-30409.39,-30409.39,2025-06-24,2025-06-24,Reconciled,
TXN0003605,6416590485,-25951.98,-25951.98,2025-01-06,2025-01-06,Reconciled,
TXN0004358,7283748879,-24631.24,-24631.24,2025-01-30,2025-01-30,Reconciled,
TXN0001141,4944161059,40150.17,40179.46,2025-01-09,2025-01-09,Amount Discrepancy (Investigate),"Ledger 40150.17 vs bank 40179.46, diff -29.29."
TXN0001485,7549726064,-20136.11,-20136.11,2025-05-10,2025-05-10,Reconciled,
TXN0003191,5198383166,-36883.21,-36883.21,2025-04-14,2025-04-14,Reconciled,
TXN0001659,2157707757,-34130.29,-34130.29,2025-03-28,2025-03-28,Reconciled,
TXN0003008,3131605207,-24472.41,-24472.41,2025-02-14,2025-02-14,Reconciled,
TXN0000679,8093315361,-6640.97,-6640.97,2025-04-24,2025-04-24,Reconciled,
TXN0001534,6180603125,18866.91,18866.91,2025-06-06,2025-06-09,Reconciled (Timing Difference),"Posted 3 day(s) apart -- in-transit item, not an error."
TXN0004636,4095159537,-22758.53,-22758.53,2025-02-28,2025-02-28,Reconciled,
TXN0003916,6142002655,10499.46,10499.46,2025-06-19,2025-06-19,Reconciled,
TXN0003776,2348892450,-15723.86,-15723.86,2025-01-31,2025-02-01,Reconciled (Timing Difference),"Posted 1 day(s) apart -- in-transit item, not an error."
TXN0003001,8632053818,-1201.80,-1201.80,2025-05-05,2025-05-05,Reconciled,
TXN0005062,4716767061,-5630.72,-5630.72,2025-06-13,2025-06-13,Reconciled,
TXN0002336,3501004772,-39171.17,-39171.17,2025-02-01,2025-02-01,Reconciled,
TXN0001270,5105827467,7652.02,7652.02,2025-03-26,2025-03-26,Reconciled,
TXN0003599,7851990609,-6773.11,-6773.11,2025-04-15,2025-04-15,Reconciled,
TXN0004647,6606101883,-29754.98,-29754.98,2025-06-13,2025-06-13,Reconciled,
TXN0000827,7811841381,-5400.37,-5400.37,2025-03-08,2025-03-08,Reconciled,
TXN0001805,8907414814,42840.15,42840.15,2025-03-26,2025-03-26,Reconciled,
TXN0004630,7963827641,-15163.09,-15163.09,2025-05-13,2025-05-13,Reconciled,
TXN0004124,9142689825,22413.39,22413.39,2025-01-04,2025-01-04,Reconciled,
TXN0005686,4596489792,-40864.57,-40864.57,2025-04-19,2025-04-19,Reconciled,
TXN0004232,3887164959,-24302.25,-24302.25,2025-02-09,2025-02-09,Reconciled,
TXN0002487,1949499121,-27917.88,-27917.88,2025-05-09,2025-05-09,Reconciled,
TXN0003622,3422427269,44538.09,44538.09,2025-06-18,2025-06-18,Reconciled,
TXN0001766,8909517868,-43808.25,-44002.99,2025-01-12,2025-01-12,Amount Discrepancy (Investigate),"Ledger -43808.25 vs bank -44002.99, diff 194.74."
TXN0001936,9607386023,-38399.10,-38399.10,2025-01-08,2025-01-08,Reconciled,
TXN0001032,7091348606,33039.93,33039.93,2025-03-23,2025-03-23,Reconciled,
TXN0004929,6680284851,-44964.28,-44964.28,2025-06-13,2025-06-13,Reconciled,
TXN0003770,9499765769,17055.11,17055.11,2025-02-20,2025-02-20,Reconciled,
TXN0001583,5452507453,13092.84,13092.84,2025-05-19,2025-05-19,Reconciled,
TXN0003546,1975549890,-30987.21,-30987.21,2025-04-27,2025-04-27,Reconciled,
TXN0001266,6736311262,-38102.26,-38102.26,2025-06-01,2025-06-01,Reconciled,
TXN0000826,8596913424,26731.03,26731.03,2025-05-29,2025-05-29,Reconciled,
TXN0002381,2705149126,-10433.95,-10433.95,2025-05-02,2025-05-02,Reconciled,
TXN0003018,4252726083,23828.12,23828.12,2025-06-28,2025-06-29,Reconciled (Timing Difference),"Posted 1 day(s) apart -- in-transit item, not an error."
TXN0001255,5048493778,-19907.47,-19907.47,2025-04-25,2025-04-25,Reconciled,
TXN0000610,5496520157,-24886.81,-24886.81,2025-01-27,2025-01-27,Reconciled,
TXN0002734,6823691821,-1781.96,-1781.96,2025-06-03,2025-06-03,Reconciled,
TXN0005160,3840252451,-34515.81,-34515.81,2025-01-17,2025-01-17,Reconciled,
TXN0000497,8620930587,-29040.53,-29040.53,2025-03-11,2025-03-11,Reconciled,
TXN0001569,5958565254,-25755.79,-25755.79,2025-05-20,2025-05-20,Reconciled,
TXN0000235,5516683152,-7325.17,-7325.17,2025-01-10,2025-01-10,Reconciled,
TXN0001124,1829114917,-27922.60,-27922.60,2025-06-08,2025-06-08,Reconciled,
TXN0002628,6058543130,-34270.16,-34270.16,2025-02-02,2025-02-02,Reconciled,
TXN0000644,9062983375,17411.01,17411.01,2025-03-06,2025-03-06,Reconciled,
TXN0000578,3025213954,-35264.99,-35264.99,2025-06-26,2025-06-26,Reconciled,
TXN0001203,3743782487,18997.90,18997.90,2025-06-20,2025-06-20,Reconciled,
TXN0005912,3867029476,-7421.56,-7421.56,2025-04-13,2025-04-13,Reconciled,
TXN0005545,5510932762,39448.03,39448.03,2025-06-14,2025-06-14,Reconciled,
TXN0002777,8571224506,-2668.74,-2668.74,2025-02-02,2025-02-02,Reconciled,
TXN0001181,6051676035,-26647.96,-26647.96,2025-06-26,2025-06-26,Reconciled,
TXN0003019,9824845519,30600.03,30600.03,2025-01-04,2025-01-04,Reconciled,
TXN0005396,7300393837,-15638.40,-15638.40,2025-02-14,2025-02-14,Reconciled,
TXN0002106,2894306307,2335.88,2335.88,2025-06-25,2025-06-25,Reconciled,
TXN0003713,3035474459,-13762.18,-13762.18,2025-03-06,2025-03-06,Reconciled,
TXN0005265,7886111980,-16551.10,-16551.10,2025-04-12,2025-04-12,Reconciled,
TXN0002877,9376886253,44778.77,,2025-01-18,,Ledger-Only (Investigate),No matching bank record found for this ledger entry.
TXN0005492,4644723877,-4915.46,-4915.46,2025-01-02,2025-01-02,Reconciled,
TXN0005954,9880372780,-27512.34,-27512.34,2025-06-20,2025-06-20,Reconciled,
TXN0001933,2663402255,-14370.55,-14370.55,2025-04-27,2025-04-29,Reconciled (Timing Difference),"Posted 2 day(s) apart -- in-transit item, not an error."
TXN0002319,2998148614,-1754.59,-1754.59,2025-04-17,2025-04-17,Reconciled,
TXN0004818,4167901547,585.88,585.88,2025-03-16,2025-03-16,Reconciled,
TXN0005798,8346084678,-33721.71,-33721.71,2025-04-21,2025-04-24,Reconciled (Timing Difference),"Posted 3 day(s) apart -- in-transit item, not an error."
TXN0004110,3025067164,-18684.88,-18684.88,2025-02-07,2025-02-07,Reconciled,
TXN0001509,2849125844,12499.17,12499.17,2025-06-14,2025-06-14,Reconciled,
TXN0001663,8854103949,-9575.96,-9575.96,2025-01-29,2025-01-29,Reconciled,
TXN0004669,4171145325,-31999.82,-31999.82,2025-06-18,2025-06-18,Reconciled,
TXN0003878,7231121814,8572.26,8572.26,2025-06-14,2025-06-14,Reconciled,
TXN0005293,6774420601,-42469.06,-42469.06,2025-04-30,2025-04-30,Reconciled,
TXN0004171,3852488310,-7942.30,-7942.30,2025-06-13,2025-06-13,Reconciled,
TXN0003637,6013927027,-16709.42,-16709.42,2025-02-18,2025-02-19,Reconciled (Timing Difference),"Posted 1 day(s) apart -- in-transit item, not an error."
TXN0005241,6405740930,-41850.86,-41850.86,2025-06-03,2025-06-03,Reconciled,
TXN0005381,6422049136,17156.78,17156.78,2025-02-28,2025-02-28,Reconciled,
TXN0001085,2530592323,-43509.88,-43509.88,2025-06-29,2025-06-29,Reconciled,
TXN0005110,6694574805,27764.27,27764.27,2025-01-27,2025-01-27,Reconciled,
TXN0001711,9282987725,1310.52,1310.52,2025-06-10,2025-06-11,Reconciled (Timing Difference),"Posted 1 day(s) apart -- in-transit item, not an error."
TXN0005215,8681760165,7748.15,7748.15,2025-02-13,2025-02-13,Reconciled,
TXN0003802,5900695170,-24314.77,-24314.77,2025-03-16,2025-03-16,Reconciled,
TXN0005953,4655636924,-22978.90,-22978.90,2025-02-23,2025-02-23,Reconciled,
TXN0005529,1037417276,37114.37,37114.37,2025-03-12,2025-03-12,Reconciled,
TXN0000975,3612526541,-33897.51,-33897.51,2025-05-26,2025-05-26,Reconciled,
TXN0005631,4701122193,-1379.37,-1379.37,2025-01-04,2025-01-04,Reconciled,
TXN0000003,4618196973,-22502.30,-22502.30,2025-06-19,2025-06-19,Reconciled,
TXN0004409,5124544403,14795.93,14795.93,2025-03-15,2025-03-15,Reconciled,
TXN0004230,8575286471,41507.04,41507.04,2025-04-21,2025-04-21,Reconciled,
TXN0005507,9339760733,-13502.50,-13502.50,2025-01-09,2025-01-09,Reconciled,
TXN0003338,7052202576,3940.44,3940.44,2025-04-10,2025-04-10,Reconciled,
TXN0004033,5502085725,-17467.40,-17467.40,2025-03-26,2025-03-27,Reconciled (Timing Difference),"Posted 1 day(s) apart -- in-transit item, not an error."
TXN0000850,4720375593,7795.74,7795.74,2025-03-14,2025-03-16,Reconciled (Timing Difference),"Posted 2 day(s) apart -- in-transit item, not an error."
TXN0000903,3945849376,-10311.74,-10311.74,2025-01-23,2025-01-23,Reconciled,
TXN0004817,3028208186,38212.33,38212.33,2025-01-13,2025-01-15,Reconciled (Timing Difference),"Posted 2 day(s) apart -- in-transit item, not an error."
TXN0004156,8488088993,-6499.60,-6499.60,2025-04-08,2025-04-08,Reconciled,
TXN0002665,9805516486,-33524.52,-33524.52,2025-02-08,2025-02-08,Reconciled,
TXN0001653,2192772423,-39114.27,-39114.27,2025-01-09,2025-01-09,Reconciled,
TXN0003553,6848691758,-39593.91,-39593.91,2025-03-03,2025-03-03,Reconciled,
TXN0000259,3704200443,10184.09,10184.09,2025-01-18,2025-01-18,Reconciled,
TXN0005534,9384545041,-35583.18,-35583.18,2025-02-08,2025-02-08,Reconciled,
TXN0005294,9426756825,-30943.54,-30943.54,2025-02-28,2025-02-28,Reconciled,
TXN0004901,4147508884,-35494.56,-35494.56,2025-03-08,2025-03-08,Reconciled,
TXN0000065,8723551522,29598.46,29598.46,2025-03-02,2025-03-04,Reconciled (Timing Difference),"Posted 2 day(s) apart -- in-transit item, not an error."
TXN0001286,2809989896,-14976.47,-14976.47,2025-03-06,2025-03-06,Reconciled,
TXN0003833,2838907907,-26421.69,-26421.69,2025-04-11,2025-04-11,Reconciled,
TXN0005475,1123552023,6787.32,6787.32,2025-04-25,2025-04-25,Reconciled,
TXN0001716,4477295507,19578.33,19578.33,2025-05-08,2025-05-08,Reconciled,
TXN0003045,1290506105,-34324.59,-34324.59,2025-03-21,2025-03-21,Reconciled,
TXN0003195,8155222177,-15880.75,-15880.75,2025-04-08,2025-04-08,Reconciled,
TXN0003855,6808687844,-73.46,-73.46,2025-05-18,2025-05-18,Reconciled,
TXN0005296,1225785514,17982.77,17982.77,2025-02-10,2025-02-10,Reconciled,
TXN0001118,5047255669,-36740.92,-36916.48,2025-03-06,2025-03-06,Amount Discrepancy (Investigate),"Ledger -36740.92 vs bank -36916.48, diff 175.56."
TXN0005221,7546772074,-42831.69,-42831.69,2025-04-15,2025-04-15,Reconciled,
TXN0000113,9150547904,34721.99,34721.99,2025-06-10,2025-06-10,Reconciled,
TXN0002142,4732730148,-39172.25,-39172.25,2025-06-16,2025-06-16,Reconciled,
TXN0002601,8752928694,-5733.68,-5733.68,2025-05-09,2025-05-09,Reconciled,
TXN0001674,6873824541,-19718.62,-19718.62,2025-03-03,2025-03-03,Reconciled,
TXN0004291,4812900470,-29464.89,-29464.89,2025-01-17,2025-01-17,Reconciled,
TXN0001220,7990303987,-32886.54,-32886.54,2025-04-06,2025-04-08,Reconciled (Timing Difference),"Posted 2 day(s) apart -- in-transit item, not an error."
TXN0004023,5460860677,-2483.59,-2483.59,2025-02-21,2025-02-21,Reconciled,
TXN0005702,2432615146,-12407.43,,2025-05-17,,Ledger-Only (Investigate),No matching bank record found for this ledger entry.
TXN0003473,6777022807,-24551.03,-24551.03,2025-06-10,2025-06-10,Reconciled,
TXN0002826,1821239979,19635.08,19635.08,2025-01-29,2025-01-29,Reconciled,
TXN0002972,6784190075,18987.07,18987.07,2025-02-16,2025-02-16,Reconciled,
TXN0002066,8135993628,17441.25,17441.25,2025-04-09,2025-04-09,Reconciled,
TXN0001684,4293919409,-30680.10,-30680.10,2025-06-08,2025-06-08,Reconciled,
TXN0005209,8550229497,5332.20,5332.20,2025-03-03,2025-03-03,Reconciled,
TXN0003110,8820399510,23574.35,23574.35,2025-06-24,2025-06-24,Reconciled,
TXN0001193,8557286145,-11525.71,-11525.71,2025-01-11,2025-01-12,Reconciled (Timing Difference),"Posted 1 day(s) apart -- in-transit item, not an error."
TXN0000621,6992544566,-8451.13,-8451.13,2025-01-17,2025-01-17,Reconciled,
TXN0003468,4115110384,-19150.21,-19150.21,2025-02-25,2025-02-25,Reconciled,
TXN0005825,7344888604,9514.37,9514.37,2025-01-02,2025-01-02,Reconciled,
TXN0004758,2788606423,-40147.71,-40147.71,2025-04-09,2025-04-09,Reconciled,
TXN0004742,1154978177,-38092.93,-38092.93,2025-01-17,2025-01-17,Reconciled,
TXN0000650,4287881268,-2027.93,-2027.93,2025-06-10,2025-06-10,Reconciled,
TXN0001214,3380997687,11683.93,11683.93,2025-02-20,2025-02-20,Reconciled,
TXN0002070,7177545297,-18631.84,-18631.84,2025-06-14,2025-06-14,Reconciled,
TXN0002585,2364848490,-22388.50,-22388.50,2025-01-24,2025-01-24,Reconciled,
TXN0002613,7458842141,-17342.25,-17342.25,2025-06-15,2025-06-15,Reconciled,
TXN0000732,5125507394,-38875.91,-38875.91,2025-04-20,2025-04-20,Reconciled,
TXN0004246,1392940394,-34868.09,-34868.09,2025-06-19,2025-06-19,Reconciled,
TXN0004398,7022385755,-9957.89,-9957.89,2025-06-23,2025-06-26,Reconciled (Timing Difference),"Posted 3 day(s) apart -- in-transit item, not an error."
TXN0003067,6933924617,-42018.61,-42018.61,2025-04-12,2025-04-12,Reconciled,
TXN0002750,2299595513,-5132.35,-5132.35,2025-03-25,2025-03-25,Reconciled,
TXN0002881,2558843472,-8408.71,-8408.71,2025-06-01,2025-06-01,Reconciled,
TXN0001616,3475698111,-35039.29,-35039.29,2025-05-15,2025-05-15,Reconciled,
TXN0005900,9157516681,20389.70,20389.70,2025-01-04,2025-01-04,Reconciled,
TXN0002501,7338938624,-17622.81,-17622.81,2025-04-23,2025-04-23,Reconciled,
TXN0004778,5641216563,-36296.99,-36296.99,2025-05-06,2025-05-06,Reconciled,
TXN0000103,8557420993,22072.43,22072.43,2025-06-10,2025-06-11,Reconciled (Timing Difference),"Posted 1 day(s) apart -- in-transit item, not an error."
TXN0004991,9251359840,-11946.48,-11946.48,2025-04-12,2025-04-12,Reconciled,
TXN0004820,2704952612,-27696.82,-27696.82,2025-04-12,2025-04-12,Reconciled,
TXN0004469,9030971744,-32894.23,-32894.23,2025-06-26,2025-06-26,Reconciled,
TXN0002405,6820793012,14169.93,14169.93,2025-06-11,2025-06-13,Reconciled (Timing Difference),"Posted 2 day(s) apart -- in-transit item, not an error."
TXN0001588,2609519884,-11620.02,-11620.02,2025-06-16,2025-06-16,Reconciled,
TXN0002164,7402474299,24419.04,24419.04,2025-02-03,2025-02-03,Reconciled,
TXN0002248,6764104699,-10614.13,-10614.13,2025-06-27,2025-06-27,Reconciled,
TXN0004554,5679239407,-40039.68,-40039.68,2025-06-21,2025-06-21,Reconciled,
TXN0002789,9018486497,13408.17,13408.17,2025-03-04,2025-03-04,Reconciled,
TXN0003757,6723747055,3796.67,3796.67,2025-02-02,2025-02-02,Reconciled,
TXN0003303,2882434387,-14418.63,-14418.63,2025-02-23,2025-02-23,Reconciled,
TXN0005218,1861157683,-479.94,-479.94,2025-05-20,2025-05-22,Reconciled (Timing Difference),"Posted 2 day(s) apart -- in-transit item, not an error."
TXN0004935,4847665685,-27281.57,-27281.57,2025-03-06,2025-03-06,Reconciled,
TXN0003144,6351020768,-1683.82,-1683.82,2025-05-28,2025-05-28,Reconciled,
TXN0005121,7929424323,-28078.14,-28078.14,2025-04-13,2025-04-13,Reconciled,
TXN0000514,8699386294,-9491.22,-9491.22,2025-02-23,2025-02-23,Reconciled,
TXN0003612,3769992422,-26578.38,-26578.38,2025-05-07,2025-05-07,Reconciled,
TXN0004062,4634707197,-8886.15,-8886.15,2025-03-19,2025-03-19,Reconciled,
TXN0003196,4833961633,38701.16,38701.16,2025-06-25,2025-06-25,Reconciled,
TXN0005171,7492222236,34581.85,34581.85,2025-04-14,2025-04-14,Reconciled,
TXN0004223,1959938803,-12685.82,-12685.82,2025-01-15,2025-01-15,Reconciled,
TXN0001625,3110130878,10054.08,10054.08,2025-06-08,2025-06-08,Reconciled,
TXN0001369,2683417615,-38775.28,-38775.28,2025-01-28,2025-01-28,Reconciled,
TXN0005245,5669987241,-35020.83,-35020.83,2025-04-22,2025-04-22,Reconciled,
TXN0005781,7958776864,5651.25,5651.25,2025-01-31,2025-01-31,Reconciled,
TXN0003015,9492447268,-28380.97,-28380.97,2025-06-19,2025-06-19,Reconciled,
TXN0003297,6813415490,-39905.95,-39905.95,2025-02-01,2025-02-01,Reconciled,
TXN0003445,8278358576,-2037.63,-2037.63,2025-01-01,2025-01-01,Reconciled,
TXN0005664,4418295034,-135.48,-135.48,2025-03-17,2025-03-17,Reconciled,
TXN0001303,2858237237,14503.23,14503.23,2025-04-18,2025-04-18,Reconciled,
TXN0002496,9000046126,33135.06,33135.06,2025-05-22,2025-05-25,Reconciled (Timing Difference),"Posted 3 day(s) apart -- in-transit item, not an error."
TXN0002723,7040375446,-21400.21,-21400.21,2025-05-03,2025-05-03,Reconciled,
TXN0005624,5629590928,-6770.80,-6770.80,2025-05-29,2025-05-29,Reconciled,
TXN0004459,8583238532,8284.43,8284.43,2025-01-18,2025-01-18,Reconciled,
TXN0005378,8625507200,-7322.18,-7322.18,2025-01-11,2025-01-11,Reconciled,
TXN0004322,7498964867,-20234.67,-20234.67,2025-06-05,2025-06-05,Reconciled,
TXN0000393,9065026044,-42326.23,-42326.23,2025-01-16,2025-01-16,Reconciled,
TXN0002188,1921312465,-1202.39,-1202.39,2025-02-02,2025-02-02,Reconciled,
TXN0001486,2366840188,-27030.65,-27030.65,2025-06-05,2025-06-05,Reconciled,
TXN0003165,8967767879,-14470.05,-14470.05,2025-04-29,2025-04-29,Reconciled,
TXN0005547,7880259937,-32619.51,-32619.51,2025-02-27,2025-02-27,Reconciled,
TXN0004925,1353724463,-13188.32,-13188.32,2025-01-18,2025-01-18,Reconciled,
TXN0001267,5608913396,-31955.97,-31955.97,2025-06-30,2025-06-30,Reconciled,
TXN0004168,3794297663,-32399.29,-32399.29,2025-06-17,2025-06-17,Reconciled,
TXN0000313,6182185207,-18557.50,-18557.50,2025-01-24,2025-01-24,Reconciled,
TXN0004744,3446312239,-20575.71,-20575.71,2025-04-20,2025-04-20,Reconciled,
TXN0003667,6288810602,14184.43,14184.43,2025-05-13,2025-05-13,Reconciled,
TXN0003629,7317839926,-32596.72,-32596.72,2025-02-19,2025-02-19,Reconciled,
TXN0000542,4751431795,-38304.09,-38304.09,2025-01-07,2025-01-07,Reconciled,
TXN0003365,9120537717,-37947.77,-37947.77,2025-01-07,2025-01-07,Reconciled,
TXN0003123,9516337045,-14749.87,-14749.87,2025-01-15,2025-01-15,Reconciled,
TXN0004464,7279096834,-43399.02,-43399.02,2025-02-20,2025-02-20,Reconciled,
TXN0005047,1084282438,14536.86,14536.86,2025-02-27,2025-02-27,Reconciled,
TXN0000345,5089500205,-10151.82,-10151.82,2025-03-27,2025-03-27,Reconciled,
TXN0002958,4835018428,-5364.09,-5364.09,2025-06-06,2025-06-09,Reconciled (Timing Difference),"Posted 3 day(s) apart -- in-transit item, not an error."
TXN0002342,2143555058,-31963.98,-31963.98,2025-01-30,2025-01-30,Reconciled,
TXN0003313,8209616828,-33467.46,-33467.46,2025-05-27,2025-05-27,Reconciled,
TXN0003738,7719764363,-22354.36,-22354.36,2025-05-03,2025-05-03,Reconciled,
TXN0005560,8766375222,-42136.00,-42136.00,2025-01-01,2025-01-01,Reconciled,
TXN0000619,7684084591,-11799.86,,2025-05-31,,Ledger-Only (Investigate),No matching bank record found for this ledger entry.
TXN0004063,9842210218,-40303.39,-40303.39,2025-01-23,2025-01-23,Reconciled,
TXN0004257,7215152313,23850.94,23850.94,2025-03-21,2025-03-21,Reconciled,
TXN0004159,9109466847,44942.46,44942.46,2025-06-06,2025-06-06,Reconciled,
TXN0000637,8178565894,-42228.18,-42228.18,2025-01-14,2025-01-14,Reconciled,
TXN0004293,9015988294,-22033.98,-22033.98,2025-04-14,2025-04-14,Reconciled,
TXN0000222,6549809089,754.96,754.96,2025-03-21,2025-03-21,Reconciled,
TXN0004242,4258009890,-21017.50,-21017.50,2025-06-19,2025-06-19,Reconciled,
TXN0003649,4628548625,-19059.00,-19059.00,2025-02-08,2025-02-08,Reconciled,
TXN0002873,6563225013,-35268.04,-35268.04,2025-06-15,2025-06-15,Reconciled,
TXN0004209,4162905511,2739.65,2739.65,2025-06-30,2025-06-30,Reconciled,
TXN0004951,2382966177,-14756.25,-14756.25,2025-01-08,2025-01-08,Reconciled,
TXN0000036,3067068633,-9196.03,,2025-02-10,,Ledger-Only (Investigate),No matching bank record found for this ledger entry.
TXN0002699,7760774457,16340.72,16340.72,2025-05-26,2025-05-26,Reconciled,
TXN0003657,2474830844,32004.73,32004.73,2025-05-25,2025-05-25,Reconciled,
TXN0002218,1074606573,-21168.55,-21168.55,2025-04-12,2025-04-12,Reconciled,
TXN0001849,3563517037,10752.96,10752.96,2025-05-12,2025-05-12,Reconciled,
TXN0002761,1131612648,-10210.62,-10210.62,2025-02-05,2025-02-05,Reconciled,
TXN0003070,2232523861,-33629.33,,2025-05-01,,Ledger-Only (Investigate),No matching bank record found for this ledger entry.
TXN0001042,1157718673,-42747.18,-42747.18,2025-04-17,2025-04-17,Reconciled,
TXN0001507,2964660580,-18404.92,-18404.92,2025-01-15,2025-01-15,Reconciled,
TXN0002459,9531425799,32909.19,32909.19,2025-04-05,2025-04-05,Reconciled,
TXN0002502,2304675596,-24327.34,-24327.34,2025-05-22,2025-05-22,Reconciled,
TXN0002391,8380482625,-31260.97,-31260.97,2025-03-18,2025-03-19,Reconciled (Timing Difference),"Posted 1 day(s) apart -- in-transit item, not an error."
TXN0003152,2002054538,28615.95,28615.95,2025-05-29,2025-05-29,Reconciled,
TXN0002512,3732996560,26175.38,26175.38,2025-03-05,2025-03-05,Reconciled,
TXN0003127,5666424670,-29807.30,-29919.27,2025-06-22,2025-06-22,Amount Discrepancy (Investigate),"Ledger -29807.30 vs bank -29919.27, diff 111.97."
TXN0001338,7308303712,-26497.84,-26497.84,2025-02-14,2025-02-14,Reconciled,
TXN0003580,9676951183,-33822.86,-33822.86,2025-04-29,2025-04-29,Reconciled,
TXN0004700,4712017905,-32314.83,-32314.83,2025-05-04,2025-05-04,Reconciled,
TXN0001511,2098406715,-14750.94,-14750.94,2025-03-15,2025-03-15,Reconciled,
TXN0001604,3153830778,-23071.09,-23071.09,2025-03-23,2025-03-23,Reconciled,
TXN0002149,2200096278,39724.34,39724.34,2025-03-26,2025-03-26,Reconciled,
TXN0002323,3584029068,-22286.86,-22286.86,2025-01-16,2025-01-16,Reconciled,
TXN0002930,3576447182,-2586.79,-2586.79,2025-03-22,2025-03-24,Reconciled (Timing Difference),"Posted 2 day(s) apart -- in-transit item, not an error."
TXN0000706,8611974133,-9091.67,-9091.67,2025-05-09,2025-05-09,Reconciled,
TXN0004163,2145932237,-39495.20,-39495.20,2025-01-04,2025-01-04,Reconciled,
TXN0003081,7180247909,-24714.25,-24714.25,2025-02-03,2025-02-03,Reconciled,
TXN0001784,9055772154,-43283.56,-43283.56,2025-01-20,2025-01-20,Reconciled,
TXN0005150,3163799883,34578.50,34578.50,2025-05-30,2025-05-30,Reconciled,
TXN0003167,3374003298,37203.60,37203.60,2025-06-13,2025-06-15,Reconciled (Timing Difference),"Posted 2 day(s) apart -- in-transit item, not an error."
TXN0001271,6526558195,23331.30,23331.30,2025-02-28,2025-02-28,Reconciled,
TXN0002484,5668167017,8583.13,8583.13,2025-04-07,2025-04-07,Reconciled,
TXN0004609,4658684693,-19579.73,-19579.73,2025-04-05,2025-04-05,Reconciled,
TXN0005428,3716673430,-29600.07,-29657.76,2025-06-19,2025-06-19,Amount Discrepancy (Investigate),"Ledger -29600.07 vs bank -29657.76, diff 57.69."
TXN0001598,9921036738,6279.96,6279.96,2025-06-25,2025-06-25,Reconciled,
TXN0002743,7042426039,-12565.44,-12565.44,2025-03-17,2025-03-17,Reconciled,
TXN0002152,6666759598,-12628.62,-12628.62,2025-01-27,2025-01-27,Reconciled,
TXN0003182,6591283856,-20273.07,-20273.07,2025-04-10,2025-04-10,Reconciled,
TXN0005471,6155150168,-6119.19,-5884.86,2025-02-20,2025-02-20,Amount Discrepancy (Investigate),"Ledger -6119.19 vs bank -5884.86, diff -234.33."
TXN0001891,8094040413,-34054.23,-34054.23,2025-01-03,2025-01-03,Reconciled,
TXN0005048,9400926342,-25789.44,-25789.44,2025-06-23,2025-06-23,Reconciled,
TXN0001927,7505174480,-12768.24,-12768.24,2025-06-20,2025-06-23,Reconciled (Timing Difference),"Posted 3 day(s) apart -- in-transit item, not an error."
TXN0000505,4892083008,36259.31,36259.31,2025-06-15,2025-06-15,Reconciled,
TXN0004454,8066460433,-570.26,-570.26,2025-01-26,2025-01-26,Reconciled,
TXN0003457,1801974813,-7292.22,-7292.22,2025-01-17,2025-01-17,Reconciled,
TXN0002091,8948616665,-2689.82,-2689.82,2025-06-09,2025-06-09,Reconciled,
TXN0004545,1433325542,-33314.22,-33314.22,2025-04-07,2025-04-07,Reconciled,
TXN0005362,6853709759,-5283.43,-5283.43,2025-01-13,2025-01-13,Reconciled,
TXN0004971,3440912729,852.61,852.61,2025-01-04,2025-01-04,Reconciled,
TXN0002305,2150306319,-23935.90,-23935.90,2025-04-27,2025-04-27,Reconciled,
TXN0002334,5025292712,5669.73,5669.73,2025-03-11,2025-03-11,Reconciled,
TXN0003187,1528194245,15223.95,15223.95,2025-01-19,2025-01-19,Reconciled,
TXN0000547,1517403015,-11502.83,-11502.83,2025-06-24,2025-06-24,Reconciled,
TXN0004121,2609231329,-24407.97,-24407.97,2025-04-22,2025-04-22,Reconciled,
TXN0001672,4038017814,-17677.87,-17677.87,2025-04-12,2025-04-12,Reconciled,
TXN0001350,8243268072,35519.94,35519.94,2025-01-15,2025-01-15,Reconciled,
TXN0005131,9730340963,8992.65,8992.65,2025-02-21,2025-02-21,Reconciled,
TXN0005510,6132883658,8392.09,8392.09,2025-01-25,2025-01-25,Reconciled,
TXN0002451,6461720863,-15617.50,-15617.50,2025-04-30,2025-04-30,Reconciled,
TXN0005605,9272380712,-35153.55,-35153.55,2025-06-21,2025-06-21,Reconciled,
TXN0005935,1656624757,600.97,600.97,2025-01-24,2025-01-24,Reconciled,
TXN0001594,8423811407,-7960.24,-7960.24,2025-06-29,2025-07-02,Reconciled (Timing Difference),"Posted 3 day(s) apart -- in-transit item, not an error."
TXN0001189,3808220402,-36374.74,-36374.74,2025-01-22,2025-01-22,Reconciled,
TXN0000354,8645696919,-28240.59,-28240.59,2025-04-07,2025-04-07,Reconciled,
TXN0003417,3768046703,-8924.56,-8924.56,2025-03-05,2025-03-05,Reconciled,
TXN0003872,8532837916,-43402.34,-43402.34,2025-04-15,2025-04-15,Reconciled,
TXN0000321,6190640713,34333.39,34333.39,2025-05-07,2025-05-07,Reconciled,
TXN0004297,1985068186,-14854.69,-14854.69,2025-04-03,2025-04-03,Reconciled,
TXN0002977,6988050863,-34575.06,-34575.06,2025-04-23,2025-04-23,Reconciled,
TXN0002369,6265899238,26159.99,26159.99,2025-05-09,2025-05-09,Reconciled,
TXN0005403,2081904522,36790.15,36790.15,2025-02-10,2025-02-10,Reconciled,
TXN0000238,6979351724,7240.96,7171.33,2025-04-06,2025-04-06,Amount Discrepancy (Investigate),"Ledger 7240.96 vs bank 7171.33, diff 69.63."
TXN0005465,1707374137,-27446.81,-27446.81,2025-03-28,2025-03-29,Reconciled (Timing Difference),"Posted 1 day(s) apart -- in-transit item, not an error."
TXN0003170,1877883897,-38791.42,-38791.42,2025-02-13,2025-02-13,Reconciled,
TXN0001847,4043073340,-27875.49,-27875.49,2025-03-17,2025-03-17,Reconciled,
TXN0004745,5356466031,23878.56,23878.56,2025-03-15,2025-03-15,Reconciled,
TXN0004562,7184219028,-23090.13,-23090.13,2025-05-10,2025-05-12,Reconciled (Timing Difference),"Posted 2 day(s) apart -- in-transit item, not an error."
TXN0003293,6752373133,35783.69,35783.69,2025-05-21,2025-05-21,Reconciled,
TXN0001549,4574556323,35965.74,35965.74,2025-06-12,2025-06-12,Reconciled,
TXN0002286,1040942629,-35421.48,-35421.48,2025-03-15,2025-03-15,Reconciled,
TXN0002097,8163679205,-15719.64,-15719.64,2025-04-11,2025-04-11,Reconciled,
TXN0003908,8728063195,-44061.16,-44061.16,2025-01-18,2025-01-18,Reconciled,
TXN0003419,6874500263,22293.30,22293.30,2025-06-17,2025-06-17,Reconciled,
TXN0005280,5808258775,-28125.24,-28125.24,2025-01-16,2025-01-16,Reconciled,
TXN0003065,8052351160,-32642.92,-32642.92,2025-05-26,2025-05-26,Reconciled,
TXN0005879,5152290983,-6327.43,-6327.43,2025-05-20,2025-05-20,Reconciled,
TXN0004819,7521505277,19425.97,19425.97,2025-03-29,2025-03-29,Reconciled,
TXN0002618,2307754281,-2266.99,-2266.99,2025-03-18,2025-03-18,Reconciled,
TXN0001591,8577548746,27998.53,27998.53,2025-01-31,2025-02-01,Reconciled (Timing Difference),"Posted 1 day(s) apart -- in-transit item, not an error."
TXN0001715,8779484072,14061.64,14061.64,2025-03-26,2025-03-26,Reconciled,
TXN0004407,5888867190,-20920.08,-20920.08,2025-01-20,2025-01-20,Reconciled,
TXN0002220,2746610768,-16610.26,,2025-06-19,,Ledger-Only (Investigate),No matching bank record found for this ledger entry.
TXN0005712,7208329731,15061.53,15061.53,2025-02-02,2025-02-02,Reconciled,
TXN0002955,8370587912,-18053.42,-18053.42,2025-03-16,2025-03-16,Reconciled,
TXN0002474,3742224805,-19158.31,-19158.31,2025-04-21,2025-04-21,Reconciled,
TXN0000977,3997884823,-15084.04,-15084.04,2025-01-14,2025-01-14,Reconciled,
TXN0002379,8705923151,-42233.02,-42233.02,2025-01-11,2025-01-11,Reconciled,
TXN0004596,3922304658,-28556.98,-28556.98,2025-03-26,2025-03-26,Reconciled,
TXN0003665,7107380935,6143.08,6143.08,2025-06-08,2025-06-08,Reconciled,
TXN0004219,8372148762,-10446.42,-10446.42,2025-02-02,2025-02-02,Reconciled,
TXN0001444,1366442526,-8053.62,-8053.62,2025-05-24,2025-05-24,Reconciled,
TXN0005273,8381188727,-27093.54,-27093.54,2025-06-09,2025-06-09,Reconciled,
TXN0004113,7920179714,17567.70,17567.70,2025-06-13,2025-06-13,Reconciled,
TXN0003241,9918353266,-4615.39,,2025-02-14,,Ledger-Only (Investigate),No matching bank record found for this ledger entry.
TXN0001219,1004413702,-31891.08,-31891.08,2025-03-22,2025-03-22,Reconciled,
TXN0002771,2744024216,43676.74,43676.74,2025-03-04,2025-03-04,Reconciled,
TXN0000663,1432857003,22230.28,22230.28,2025-04-17,2025-04-17,Reconciled,
TXN0005578,4233993754,7856.55,7856.55,2025-04-21,2025-04-21,Reconciled,
TXN0004049,4688236047,-38119.25,-38119.25,2025-03-11,2025-03-11,Reconciled,
TXN0000541,4330391121,-7776.92,-7776.92,2025-04-14,2025-04-14,Reconciled,
TXN0003292,4972325425,38013.79,38013.79,2025-01-26,2025-01-26,Reconciled,
TXN0001441,9358286886,23454.89,23454.89,2025-05-22,2025-05-22,Reconciled,
TXN0001206,7237438824,292.41,292.41,2025-02-03,2025-02-06,Reconciled (Timing Difference),"Posted 3 day(s) apart -- in-transit item, not an error."
TXN0001530,7251878518,24264.21,24264.21,2025-03-23,2025-03-26,Reconciled (Timing Difference),"Posted 3 day(s) apart -- in-transit item, not an error."
TXN0000217,8986623105,-16320.07,-16320.07,2025-03-24,2025-03-25,Reconciled (Timing Difference),"Posted 1 day(s) apart -- in-transit item, not an error."
TXN0002213,9156791214,-41376.75,-41376.75,2025-04-20,2025-04-20,Reconciled,
TXN0002632,9968609138,-44648.82,-44648.82,2025-02-13,2025-02-13,Reconciled,
TXN0001077,1079011097,-38435.47,-38435.47,2025-06-07,2025-06-09,Reconciled (Timing Difference),"Posted 2 day(s) apart -- in-transit item, not an error."
TXN0003281,4370573886,-23351.53,-23351.53,2025-03-02,2025-03-02,Reconciled,
TXN0005118,3188972053,-6064.36,-6064.36,2025-05-04,2025-05-04,Reconciled,
TXN0005715,9198538226,-36971.80,-36971.80,2025-03-23,2025-03-23,Reconciled,
TXN0005283,6021118731,-3462.96,-3462.96,2025-03-22,2025-03-22,Reconciled,
TXN0002266,8423062885,-1293.00,-1293.00,2025-06-28,2025-06-28,Reconciled,
TXN0002775,5704194461,-962.72,-962.72,2025-05-20,2025-05-20,Reconciled,
TXN0000237,2759944840,-22870.25,-22870.25,2025-04-10,2025-04-10,Reconciled,
TXN0003487,8016987348,-31305.50,-31305.50,2025-03-04,2025-03-04,Reconciled,
TXN0002444,4781985381,29201.02,29201.02,2025-06-09,2025-06-09,Reconciled,
TXN0001678,2420142027,-18228.65,-18228.65,2025-04-11,2025-04-11,Reconciled,
TXN0001791,5716084758,1519.72,1519.72,2025-05-08,2025-05-08,Reconciled,
TXN0004618,7344458783,-27722.44,-27722.44,2025-02-18,2025-02-18,Reconciled,
TXN0005934,6565857485,-2884.75,-2884.75,2025-01-05,2025-01-05,Reconciled,
TXN0004566,8887328452,-14405.10,-14405.10,2025-06-03,2025-06-03,Reconciled,
TXN0002176,1263604191,-39118.63,-39118.63,2025-05-10,2025-05-10,Reconciled,
TXN0005162,4265748794,-42896.70,-42896.70,2025-01-06,2025-01-06,Reconciled,
TXN0000797,1865432287,41667.23,41667.23,2025-02-04,2025-02-04,Reconciled,
TXN0002915,6556361211,-44927.98,-44927.98,2025-03-06,2025-03-06,Reconciled,
TXN0005031,6536192125,-35400.59,-35400.59,2025-06-29,2025-06-29,Reconciled,
TXN0000289,4043248671,-44655.07,-44655.07,2025-04-12,2025-04-12,Reconciled,
TXN0004338,4614672677,-31289.48,-31289.48,2025-02-02,2025-02-02,Reconciled,
TXN0003500,6228853430,1424.53,1424.53,2025-06-15,2025-06-15,Reconciled,
TXN0000274,7862904587,-22507.23,-22507.23,2025-01-14,2025-01-14,Reconciled,
TXN0005447,9958034273,-39357.37,-39357.37,2025-03-06,2025-03-06,Reconciled,
TXN0001108,3635805470,-6769.36,-6769.36,2025-02-10,2025-02-10,Reconciled,
TXN0001669,7651479454,37827.21,37827.21,2025-01-01,2025-01-01,Reconciled,
TXN0002689,3622150729,-23387.92,-23387.92,2025-05-21,2025-05-21,Reconciled,
TXN0005656,8410910396,-27650.07,-27650.07,2025-06-12,2025-06-12,Reconciled,
TXN0003556,6444082894,23925.43,23925.43,2025-05-26,2025-05-26,Reconciled,
TXN0000888,5063426161,-28444.23,-28444.23,2025-01-15,2025-01-15,Reconciled,
TXN0001963,9721163421,-33199.07,-33199.07,2025-04-19,2025-04-19,Reconciled,
TXN0004995,2829065719,22416.50,22416.50,2025-05-18,2025-05-18,Reconciled,
TXN0000023,5978693294,-41968.86,-41968.86,2025-04-10,2025-04-10,Reconciled,
TXN0004261,5398076815,2568.01,2568.01,2025-02-11,2025-02-13,Reconciled (Timing Difference),"Posted 2 day(s) apart -- in-transit item, not an error."
TXN0003346,3230684904,-44951.85,-44951.85,2025-01-15,2025-01-15,Reconciled,
TXN0001224,6499423327,-11523.48,-11523.48,2025-02-15,2025-02-15,Reconciled,
TXN0004065,4440080672,23299.82,23299.82,2025-06-21,2025-06-24,Reconciled (Timing Difference),"Posted 3 day(s) apart -- in-transit item, not an error."
TXN0001571,2190932040,-33742.72,-33742.72,2025-01-17,2025-01-18,Reconciled (Timing Difference),"Posted 1 day(s) apart -- in-transit item, not an error."
TXN0001208,8603720043,-36784.47,-36784.47,2025-02-10,2025-02-10,Reconciled,
TXN0003639,2806797802,-9766.39,-9766.39,2025-05-24,2025-05-24,Reconciled,
TXN0000705,6452018694,-5095.58,-5095.58,2025-01-07,2025-01-07,Reconciled,
TXN0000696,4310635332,13782.89,13782.89,2025-06-03,2025-06-03,Reconciled,
TXN0004640,1410399302,-28084.04,-28084.04,2025-02-16,2025-02-16,Reconciled,
TXN0004634,8769502299,-4963.69,-4963.69,2025-03-31,2025-03-31,Reconciled,
TXN0000845,6995498354,42831.72,42831.72,2025-03-15,2025-03-15,Reconciled,
TXN0001518,8308440721,-14918.88,-14918.88,2025-03-27,2025-03-27,Reconciled,
TXN0001919,4381379576,-39949.74,-39949.74,2025-05-28,2025-05-28,Reconciled,
TXN0002774,8034500228,13690.89,13690.89,2025-05-14,2025-05-14,Reconciled,
TXN0005758,2103174030,44799.65,44799.65,2025-02-25,2025-02-25,Reconciled,
TXN0001415,4325036665,-38109.67,-38109.67,2025-01-30,2025-01-30,Reconciled,
TXN0002036,9584971535,30938.44,30938.44,2025-02-06,2025-02-06,Reconciled,
TXN0004199,6320714260,10832.07,10832.07,2025-06-23,2025-06-23,Reconciled,
TXN0001599,3327936242,3052.75,3052.75,2025-01-26,2025-01-28,Reconciled (Timing Difference),"Posted 2 day(s) apart -- in-transit item, not an error."
TXN0003211,2677882917,43532.11,43532.11,2025-03-23,2025-03-23,Reconciled,
TXN0005231,1172762143,-43577.98,-43577.98,2025-02-22,2025-02-22,Reconciled,
TXN0002338,6235610916,-9881.77,-9881.77,2025-02-27,2025-02-27,Reconciled,
TXN0005513,4716984646,14131.43,14131.43,2025-06-30,2025-06-30,Reconciled,
TXN0005820,1412876610,11848.57,11848.57,2025-03-10,2025-03-10,Reconciled,
TXN0003158,8969151574,-4558.72,-4558.72,2025-02-22,2025-02-22,Reconciled,
TXN0002531,4204570965,1723.66,1723.66,2025-05-06,2025-05-06,Reconciled,
TXN0000617,6870882425,4823.58,4823.58,2025-01-18,2025-01-18,Reconciled,
TXN0001070,3063969546,-29490.02,-29490.02,2025-05-15,2025-05-15,Reconciled,
TXN0002082,3056518880,5017.44,5017.44,2025-01-05,2025-01-08,Reconciled (Timing Difference),"Posted 3 day(s) apart -- in-transit item, not an error."
TXN0002790,3032575362,37752.65,37752.65,2025-04-17,2025-04-17,Reconciled,
TXN0004915,5598165232,-26081.52,-26081.52,2025-01-01,2025-01-04,Reconciled (Timing Difference),"Posted 3 day(s) apart -- in-transit item, not an error."
TXN0000077,5058273628,-6153.99,-6153.99,2025-05-03,2025-05-03,Reconciled,
TXN0004379,2181358245,-16178.94,-16178.94,2025-06-21,2025-06-21,Reconciled,
TXN0002880,7352013668,-11675.55,-11675.55,2025-02-12,2025-02-12,Reconciled,
TXN0003016,1303206795,-41319.32,-41319.32,2025-04-28,2025-04-28,Reconciled,
TXN0003221,2375301371,-36577.66,-36577.66,2025-03-13,2025-03-13,Reconciled,
TXN0004972,6088040176,-21152.84,-21152.84,2025-02-17,2025-02-17,Reconciled,
TXN0002292,4127263411,-10246.32,-10246.32,2025-06-18,2025-06-18,Reconciled,
TXN0005187,5361272127,-35500.62,-35500.62,2025-01-01,2025-01-01,Reconciled,
TXN0001056,7781714683,29620.03,29620.03,2025-06-12,2025-06-12,Reconciled,
TXN0004514,9712307690,-39857.24,-39857.24,2025-05-14,2025-05-14,Reconciled,
TXN0001242,9624158706,-40492.95,-40492.95,2025-01-27,2025-01-27,Reconciled,
TXN0001376,7467901684,-18776.04,,2025-04-26,,Ledger-Only (Investigate),No matching bank record found for this ledger entry.
TXN0005876,5379356518,-25488.36,-25488.36,2025-05-11,2025-05-11,Reconciled,
TXN0004346,2226921510,5386.74,5386.74,2025-01-09,2025-01-09,Reconciled,
TXN0004039,8255284190,-20633.15,-20633.15,2025-02-12,2025-02-12,Reconciled,
TXN0004980,1324339829,29185.09,29185.09,2025-04-20,2025-04-21,Reconciled (Timing Difference),"Posted 1 day(s) apart -- in-transit item, not an error."
TXN0002876,7709061911,-32441.92,-32441.92,2025-03-14,2025-03-14,Reconciled,
TXN0003082,1081804837,-25281.87,-25281.87,2025-04-12,2025-04-12,Reconciled,
TXN0002505,7596048790,44455.51,44455.51,2025-03-10,2025-03-10,Reconciled,
TXN0005073,7576249976,40996.59,40996.59,2025-02-09,2025-02-09,Reconciled,
TXN0000831,2091551280,-17641.10,-17641.10,2025-04-15,2025-04-15,Reconciled,
TXN0002702,8141442147,-12965.97,-12965.97,2025-05-08,2025-05-08,Reconciled,
TXN0000862,3565522098,-10692.19,-10692.19,2025-06-17,2025-06-17,Reconciled,
TXN0000125,7663543560,2920.35,2920.35,2025-03-21,2025-03-21,Reconciled,
TXN0001654,2700050749,35707.83,35707.83,2025-01-24,2025-01-24,Reconciled,
TXN0002416,1883013966,-1089.07,-1089.07,2025-06-17,2025-06-17,Reconciled,
TXN0000096,7458401271,3287.30,3287.30,2025-02-15,2025-02-15,Reconciled,
TXN0000669,1936698441,-13071.56,-13071.56,2025-05-24,2025-05-24,Reconciled,
TXN0005123,3642537891,-24098.42,-24098.42,2025-04-11,2025-04-11,Reconciled,
TXN0003503,7598762434,-23116.87,-23116.87,2025-01-25,2025-01-25,Reconciled,
TXN0001094,5571517186,-35627.43,-35801.30,2025-06-22,2025-06-22,Amount Discrepancy (Investigate),"Ledger -35627.43 vs bank -35801.30, diff 173.87."
TXN0002836,6779843992,34572.92,34572.92,2025-06-30,2025-06-30,Reconciled,
TXN0002674,4283037599,-32934.64,-32934.64,2025-01-16,2025-01-16,Reconciled,
TXN0004507,6797199696,-40826.65,-40826.65,2025-04-12,2025-04-12,Reconciled,
TXN0002573,5651365254,-29198.55,-29198.55,2025-05-24,2025-05-27,Reconciled (Timing Difference),"Posted 3 day(s) apart -- in-transit item, not an error."
TXN0001640,2988214674,-9240.97,-9240.97,2025-03-22,2025-03-22,Reconciled,
TXN0002241,4679237996,18578.10,18578.10,2025-06-25,2025-06-25,Reconciled,
TXN0004885,4414220946,13474.25,13474.25,2025-05-24,2025-05-24,Reconciled,
TXN0001761,1801732660,30842.31,30842.31,2025-02-06,2025-02-06,Reconciled,
TXN0003768,2779367655,-41255.22,-41255.22,2025-01-04,2025-01-04,Reconciled,
TXN0000775,1489487421,18846.01,18846.01,2025-05-24,2025-05-24,Reconciled,
TXN0003301,8220417151,-25789.62,-25789.62,2025-05-22,2025-05-22,Reconciled,
TXN0000190,7925066834,-20728.81,-20728.81,2025-03-27,2025-03-27,Reconciled,
TXN0001671,9958533208,31653.28,31653.28,2025-04-28,2025-04-28,Reconciled,
TXN0003818,9123996524,-1084.96,-1084.96,2025-05-17,2025-05-17,Reconciled,
TXN0002803,7507959163,-42141.34,-42141.34,2025-03-28,2025-03-31,Reconciled (Timing Difference),"Posted 3 day(s) apart -- in-transit item, not an error."
TXN0005392,8227273417,20256.59,20256.59,2025-06-29,2025-06-29,Reconciled,
TXN0005474,8538692657,-38731.82,-38731.82,2025-03-15,2025-03-15,Reconciled,
TXN0001322,9025827248,-10673.55,-10673.55,2025-03-19,2025-03-19,Reconciled,
TXN0000998,8272198499,-8177.18,-8177.18,2025-04-28,2025-04-28,Reconciled,
TXN0003184,9314583874,-39100.32,-39100.32,2025-04-16,2025-04-16,Reconciled,
TXN0003401,8295283838,-24522.64,-24522.64,2025-03-21,2025-03-24,Reconciled (Timing Difference),"Posted 3 day(s) apart -- in-transit item, not an error."
TXN0003610,7198879889,-9164.40,-9164.40,2025-01-30,2025-01-30,Reconciled,
TXN0004628,3456091342,-33705.19,-33705.19,2025-01-20,2025-01-20,Reconciled,
TXN0002855,4467376665,-3756.30,-3756.30,2025-04-05,2025-04-05,Reconciled,
TXN0005298,3699363855,-43863.59,-43863.59,2025-03-24,2025-03-24,Reconciled,
TXN0000789,2396916775,19555.93,19555.93,2025-03-09,2025-03-09,Reconciled,
TXN0002886,7243795532,-9059.65,-9059.65,2025-05-08,2025-05-08,Reconciled,
TXN0004350,9109339044,-8368.31,-8368.31,2025-06-14,2025-06-14,Reconciled,
TXN0002169,4739128119,-2378.83,-2378.83,2025-05-15,2025-05-15,Reconciled,
TXN0004958,7528480094,-42400.91,-42400.91,2025-02-25,2025-02-25,Reconciled,
TXN0004258,7511569550,-21315.26,-21315.26,2025-04-03,2025-04-03,Reconciled,
TXN0002117,9588545618,17002.03,17002.03,2025-01-28,2025-01-28,Reconciled,
TXN0000337,7620013823,-4747.42,-4747.42,2025-05-06,2025-05-06,Reconciled,
TXN0005717,1513993909,28225.75,28225.75,2025-06-11,2025-06-11,Reconciled,
TXN0002096,8373424654,9000.41,9000.41,2025-04-05,2025-04-05,Reconciled,
TXN0002762,3948592007,-1669.44,-1669.44,2025-04-09,2025-04-09,Reconciled,
TXN0002110,2422988451,30730.76,30730.76,2025-05-02,2025-05-02,Reconciled,
TXN0003687,5635675208,31880.11,31880.11,2025-05-25,2025-05-25,Reconciled,
TXN0005458,5706858033,36563.51,36563.51,2025-01-17,2025-01-17,Reconciled,
TXN0003800,6330472610,15389.70,15389.70,2025-01-20,2025-01-20,Reconciled,
TXN0001144,9019808747,2285.22,2109.26,2025-04-30,2025-04-30,Amount Discrepancy (Investigate),"Ledger 2285.22 vs bank 2109.26, diff 175.96."
TXN0000904,6444256361,-33182.01,-33182.01,2025-03-14,2025-03-17,Reconciled (Timing Difference),"Posted 3 day(s) apart -- in-transit item, not an error."
TXN0002564,4682544466,16356.28,16356.28,2025-06-16,2025-06-17,Reconciled (Timing Difference),"Posted 1 day(s) apart -- in-transit item, not an error."
TXN0002159,7862405045,-13415.58,-13415.58,2025-06-15,2025-06-15,Reconciled,
TXN0000724,4414288768,-547.24,-547.24,2025-01-28,2025-01-28,Reconciled,
TXN0000389,7161832140,-44424.46,-44424.46,2025-01-10,2025-01-10,Reconciled,
TXN0004393,5441741247,28539.41,28539.41,2025-03-07,2025-03-07,Reconciled,
TXN0005454,7465800096,-37897.17,-37897.17,2025-04-08,2025-04-08,Reconciled,
TXN0005928,7449816844,15107.24,15107.24,2025-01-10,2025-01-10,Reconciled,
TXN0005466,6486647323,17945.69,17945.69,2025-02-04,2025-02-04,Reconciled,
TXN0002617,7788910050,-38564.67,-38564.67,2025-06-20,2025-06-20,Reconciled,
TXN0004812,9635110218,27656.08,27891.05,2025-03-25,2025-03-25,Amount Discrepancy (Investigate),"Ledger 27656.08 vs bank 27891.05, diff -234.97."
TXN0000461,8629960597,-24310.73,-24310.73,2025-06-16,2025-06-18,Reconciled (Timing Difference),"Posted 2 day(s) apart -- in-transit item, not an error."
TXN0000553,9517960238,-380.12,-380.12,2025-02-09,2025-02-09,Reconciled,
TXN0002321,7006300921,-1000.45,-1000.45,2025-06-07,2025-06-07,Reconciled,
TXN0005514,9093576493,27426.05,27426.05,2025-04-08,2025-04-08,Reconciled,
TXN0003952,4842490372,14279.84,14279.84,2025-04-22,2025-04-22,Reconciled,
TXN0005793,8266546548,-26403.44,-26403.44,2025-05-30,2025-05-30,Reconciled,
TXN0005595,9917427540,3250.57,3250.57,2025-01-27,2025-01-27,Reconciled,
TXN0002002,8977927109,19589.62,19589.62,2025-02-11,2025-02-11,Reconciled,
TXN0004278,9213092543,-9108.54,,2025-01-24,,Ledger-Only (Investigate),No matching bank record found for this ledger entry.
TXN0003477,8571082807,-19966.11,-19966.11,2025-06-20,2025-06-20,Reconciled,
TXN0002020,4318082863,4832.01,4832.01,2025-05-26,2025-05-26,Reconciled,
TXN0005904,3856108785,-4560.49,-4560.49,2025-04-16,2025-04-16,Reconciled,
TXN0002869,7088287336,-16515.95,-16515.95,2025-02-08,2025-02-08,Reconciled,
TXN0001948,8314898657,-9727.30,-9727.30,2025-01-24,2025-01-24,Reconciled,
TXN0001668,7029078369,-5016.09,-5016.09,2025-04-27,2025-04-27,Reconciled,
TXN0001438,8699903430,15610.77,15610.77,2025-01-29,2025-01-29,Reconciled,
TXN0003766,2536284807,-6702.58,-6702.58,2025-06-23,2025-06-23,Reconciled,
TXN0001902,3917840023,-33370.02,-33370.02,2025-03-18,2025-03-18,Reconciled,
TXN0002753,5132433739,37905.57,37905.57,2025-06-13,2025-06-13,Reconciled,
TXN0004655,4476479966,-23232.46,-23232.46,2025-06-02,2025-06-02,Reconciled,
TXN0003074,6489234643,38149.16,38149.16,2025-06-02,2025-06-02,Reconciled,
TXN0005938,4384835675,35002.15,35002.15,2025-01-28,2025-01-28,Reconciled,
TXN0005335,9223256025,14383.99,14383.99,2025-05-23,2025-05-23,Reconciled,
TXN0003286,5591586637,-36329.09,-36329.09,2025-03-07,2025-03-07,Reconciled,
TXN0004679,2209847575,-24033.25,-24033.25,2025-01-22,2025-01-22,Reconciled,
TXN0003967,3062978413,-19344.30,-19344.30,2025-03-12,2025-03-12,Reconciled,
TXN0004348,2441033675,23512.33,23512.33,2025-04-20,2025-04-20,Reconciled,
TXN0004432,9975463678,36493.76,36493.76,2025-03-10,2025-03-10,Reconciled,
TXN0005332,5621215068,42964.06,42964.06,2025-05-04,2025-05-04,Reconciled,
TXN0004228,9189915319,39732.52,39732.52,2025-03-26,2025-03-26,Reconciled,
TXN0001698,3985627196,14071.91,14071.91,2025-02-20,2025-02-20,Reconciled,
TXN0004470,7734400924,-4134.22,-4134.22,2025-05-02,2025-05-02,Reconciled,
TXN0004438,1734743838,-40295.82,-40295.82,2025-02-05,2025-02-05,Reconciled,
TXN0000204,3039459795,24778.69,24778.69,2025-01-01,2025-01-01,Reconciled,
TXN0002706,2522476704,-9126.69,-9126.69,2025-06-06,2025-06-06,Reconciled,
TXN0000854,4631436934,-22887.34,-22887.34,2025-03-01,2025-03-01,Reconciled,
TXN0005504,5494275066,43911.53,43911.53,2025-04-22,2025-04-22,Reconciled,
TXN0004044,6534668842,15092.57,15092.57,2025-06-01,2025-06-01,Reconciled,
TXN0003734,9711817383,-1214.38,-1214.38,2025-05-25,2025-05-25,Reconciled,
TXN0004388,8850937096,-7206.64,-7206.64,2025-01-16,2025-01-16,Reconciled,
TXN0000655,6915230783,-8830.91,-8830.91,2025-06-29,2025-06-29,Reconciled,
TXN0004034,3488152542,-5835.76,,2025-03-09,,Ledger-Only (Investigate),No matching bank record found for this ledger entry.
TXN0004892,7845496335,-29975.16,-29975.16,2025-05-08,2025-05-08,Reconciled,
TXN0003124,9738856411,-23879.72,-23879.72,2025-05-14,2025-05-15,Reconciled (Timing Difference),"Posted 1 day(s) apart -- in-transit item, not an error."
TXN0001705,6860966265,-37594.10,-37594.10,2025-01-16,2025-01-16,Reconciled,
TXN0003201,9213436080,14412.86,14412.86,2025-05-31,2025-05-31,Reconciled,
TXN0000146,3537073672,-9435.36,-9435.36,2025-04-04,2025-04-04,Reconciled,
TXN0005635,2489045994,-22134.53,-22134.53,2025-04-02,2025-04-02,Reconciled,
TXN0003722,3908470872,-25856.71,-25856.71,2025-05-13,2025-05-13,Reconciled,
TXN0004077,8960314219,-16258.99,-16258.99,2025-02-18,2025-02-18,Reconciled,
TXN0000025,6671052181,22724.75,22724.75,2025-01-10,2025-01-10,Reconciled,
TXN0000444,7457168288,5096.51,5096.51,2025-01-21,2025-01-21,Reconciled,
TXN0000195,4783816741,-13665.86,,2025-03-04,,Ledger-Only (Investigate),No matching bank record found for this ledger entry.
TXN0003851,2806522777,-43370.38,-43370.38,2025-01-28,2025-01-28,Reconciled,
TXN0004516,4582996042,-6533.72,-6533.72,2025-02-25,2025-02-25,Reconciled,
TXN0004923,3832703087,16473.97,16473.97,2025-01-16,2025-01-16,Reconciled,
TXN0003511,6520184498,-3390.99,-3390.99,2025-01-14,2025-01-14,Reconciled,
TXN0002086,3433376796,43009.45,43009.45,2025-06-01,2025-06-01,Reconciled,
TXN0002769,9116207641,-5179.42,-5179.42,2025-02-17,2025-02-17,Reconciled,
TXN0003357,1025086386,-14108.70,-14108.70,2025-03-12,2025-03-12,Reconciled,
TXN0003583,6991161171,44431.63,44431.63,2025-02-18,2025-02-18,Reconciled,
TXN0000774,8879338407,-3816.04,-3816.04,2025-02-20,2025-02-20,Reconciled,
TXN0004057,3369776401,19335.86,19335.86,2025-04-02,2025-04-02,Reconciled,
TXN0001629,1367941091,-21009.63,-21009.63,2025-05-25,2025-05-27,Reconciled (Timing Difference),"Posted 2 day(s) apart -- in-transit item, not an error."
TXN0003304,2437607648,10380.46,10380.46,2025-06-29,2025-06-29,Reconciled,
TXN0002807,4446422195,-38887.87,-38887.87,2025-06-15,2025-06-15,Reconciled,
TXN0000830,9404789313,5683.72,5683.72,2025-05-25,2025-05-25,Reconciled,
TXN0004845,6069403731,-14913.07,-14913.07,2025-03-04,2025-03-04,Reconciled,
TXN0005780,7315764037,-16339.89,-16339.89,2025-06-24,2025-06-24,Reconciled,
TXN0005438,1477545348,5053.88,5053.88,2025-03-07,2025-03-07,Reconciled,
TXN0005262,5015891489,6914.33,,2025-01-30,,Ledger-Only (Investigate),No matching bank record found for this ledger entry.
TXN0005748,9312919705,6705.71,6705.71,2025-03-30,2025-03-30,Reconciled,
TXN0001159,3286166863,-18764.76,-18764.76,2025-05-20,2025-05-20,Reconciled,
TXN0005254,5820043854,41539.79,41539.79,2025-01-20,2025-01-20,Reconciled,
TXN0002653,5590702208,-16794.93,-16794.93,2025-02-24,2025-02-27,Reconciled (Timing Difference),"Posted 3 day(s) apart -- in-transit item, not an error."
TXN0003835,4980908688,-42727.69,-42727.69,2025-05-26,2025-05-26,Reconciled,
TXN0003316,4136470471,-8500.89,-8500.89,2025-06-14,2025-06-14,Reconciled,
TXN0000906,9360049557,-7630.69,-7630.69,2025-05-31,2025-06-02,Reconciled (Timing Difference),"Posted 2 day(s) apart -- in-transit item, not an error."
TXN0001308,3935852683,14885.81,14885.81,2025-06-27,2025-06-27,Reconciled,
TXN0005853,9230443877,-12532.30,-12532.30,2025-05-30,2025-05-30,Reconciled,
TXN0003747,1989165182,-27558.04,-27558.04,2025-04-24,2025-04-24,Reconciled,
TXN0004565,3793272331,-7628.39,-7628.39,2025-03-04,2025-03-04,Reconciled,
TXN0001562,7542779622,42568.42,42568.42,2025-04-29,2025-04-29,Reconciled,
TXN0002557,1396429865,12537.42,12537.42,2025-03-31,2025-03-31,Reconciled,
TXN0001119,4565247390,-29272.35,-29272.35,2025-06-11,2025-06-11,Reconciled,
TXN0000127,4113709281,-42512.88,-42512.88,2025-05-18,2025-05-18,Reconciled,
TXN0005469,8650302463,26088.93,26088.93,2025-06-07,2025-06-07,Reconciled,
TXN0004850,3228119902,33861.86,33861.86,2025-02-03,2025-02-03,Reconciled,
TXN0001804,5377096411,9320.72,9320.72,2025-03-11,2025-03-11,Reconciled,
TXN0001089,4998966114,-27474.28,-27529.04,2025-03-19,2025-03-19,Amount Discrepancy (Investigate),"Ledger -27474.28 vs bank -27529.04, diff 54.76."
TXN0001809,5097459533,18439.50,18439.50,2025-03-04,2025-03-04,Reconciled,
TXN0001508,8250347967,-13517.61,-13517.61,2025-01-10,2025-01-13,Reconciled (Timing Difference),"Posted 3 day(s) apart -- in-transit item, not an error."
TXN0005084,5576080307,15703.60,15703.60,2025-01-07,2025-01-07,Reconciled,
TXN0005115,2329016060,-36268.61,-36268.61,2025-03-13,2025-03-13,Reconciled,
TXN0005217,8061903857,-1369.69,-1369.69,2025-04-21,2025-04-24,Reconciled (Timing Difference),"Posted 3 day(s) apart -- in-transit item, not an error."
TXN0004383,9559237035,34183.67,34183.67,2025-03-31,2025-03-31,Reconciled,
TXN0003133,5001478240,-32495.49,-32495.49,2025-03-07,2025-03-07,Reconciled,
TXN0000750,1391245848,143.89,143.89,2025-06-07,2025-06-07,Reconciled,
TXN0005085,5265538415,11478.41,11478.41,2025-03-31,2025-03-31,Reconciled,
TXN0003190,4087571374,-11900.06,-11900.06,2025-06-07,2025-06-07,Reconciled,
TXN0001807,8980421533,-6582.45,-6582.45,2025-01-26,2025-01-26,Reconciled,
TXN0001748,3947593041,-25734.08,-25734.08,2025-02-18,2025-02-19,Reconciled (Timing Difference),"Posted 1 day(s) apart -- in-transit item, not an error."
TXN0004410,8564667742,-44439.50,-44439.50,2025-06-02,2025-06-02,Reconciled,
TXN0001757,7594246958,-44458.62,,2025-04-10,,Ledger-Only (Investigate),No matching bank record found for this ledger entry.
TXN0003166,5568438068,-34373.78,-34373.78,2025-03-23,2025-03-26,Reconciled (Timing Difference),"Posted 3 day(s) apart -- in-transit item, not an error."
TXN0001425,3326689805,-20642.51,-20642.51,2025-05-23,2025-05-23,Reconciled,
TXN0003975,5467136794,-44334.15,-44334.15,2025-06-19,2025-06-19,Reconciled,
TXN0005655,5051156901,-2209.88,-2209.88,2025-06-27,2025-06-27,Reconciled,
TXN0001814,5067144882,36471.41,36471.41,2025-06-23,2025-06-23,Reconciled,
TXN0000241,2672203765,30063.50,30063.50,2025-01-08,2025-01-08,Reconciled,
TXN0000895,4359076788,-14312.46,-14312.46,2025-01-29,2025-02-01,Reconciled (Timing Difference),"Posted 3 day(s) apart -- in-transit item, not an error."
TXN0003279,4923935398,43232.83,43232.83,2025-05-31,2025-05-31,Reconciled,
TXN0005361,7079986542,-33928.73,-33928.73,2025-03-30,2025-03-30,Reconciled,
TXN0005889,3076767813,12104.98,12104.98,2025-01-29,2025-01-29,Reconciled,
TXN0002006,4458349933,-29637.02,-29637.02,2025-02-18,2025-02-18,Reconciled,
TXN0005339,1024018840,29309.94,29309.94,2025-01-28,2025-01-28,Reconciled,
TXN0002243,8563473721,-25102.33,-25102.33,2025-01-07,2025-01-07,Reconciled,
TXN0000853,3512061834,-34509.83,-34509.83,2025-05-26,2025-05-26,Reconciled,
TXN0003652,1853056662,-42489.56,-42489.56,2025-05-16,2025-05-16,Reconciled,
TXN0003526,7547308119,33772.87,33772.87,2025-02-02,2025-02-02,Reconciled,
TXN0002124,2286267426,7183.75,7183.75,2025-05-12,2025-05-12,Reconciled,
TXN0003326,7603684636,32083.55,32083.55,2025-01-01,2025-01-04,Reconciled (Timing Difference),"Posted 3 day(s) apart -- in-transit item, not an error."
TXN0002481,1883262217,-20776.49,-20776.49,2025-02-13,2025-02-13,Reconciled,
TXN0000618,1553951943,-42358.17,-42215.14,2025-06-17,2025-06-17,Amount Discrepancy (Investigate),"Ledger -42358.17 vs bank -42215.14, diff -143.03."
TXN0001996,5972440944,-8857.30,-8857.30,2025-01-06,2025-01-06,Reconciled,
TXN0004179,8212601301,14636.41,14636.41,2025-04-24,2025-04-24,Reconciled,
TXN0005771,6366673410,-38990.63,-38990.63,2025-05-29,2025-05-29,Reconciled,
TXN0004497,1176419094,-12318.33,-12318.33,2025-02-25,2025-02-25,Reconciled,
TXN0005597,9094977536,26451.98,,2025-06-14,,Ledger-Only (Investigate),No matching bank record found for this ledger entry.
TXN0001340,2060311198,30967.80,30967.80,2025-05-22,2025-05-22,Reconciled,
TXN0004726,6389424914,-24634.00,-24634.00,2025-06-12,2025-06-12,Reconciled,
TXN0003595,6326070977,-37035.17,-37035.17,2025-05-23,2025-05-23,Reconciled,
TXN0004008,8891758128,-32807.11,-32807.11,2025-05-23,2025-05-23,Reconciled,
TXN0000194,5062539694,6837.74,6837.74,2025-03-22,2025-03-22,Reconciled,
TXN0002136,6842194789,12191.75,12191.75,2025-04-07,2025-04-07,Reconciled,
TXN0001073,7867316976,5308.48,5308.48,2025-05-09,2025-05-10,Reconciled (Timing Difference),"Posted 1 day(s) apart -- in-transit item, not an error."
TXN0000284,3922905846,17710.88,17710.88,2025-05-12,2025-05-12,Reconciled,
TXN0005805,6246136829,5435.74,5435.74,2025-05-24,2025-05-24,Reconciled,
TXN0000300,1871035146,22657.68,,2025-05-08,,Ledger-Only (Investigate),No matching bank record found for this ledger entry.
TXN0004007,2201688799,15196.70,,2025-03-05,,Ledger-Only (Investigate),No matching bank record found for this ledger entry.
TXN0001137,1421278299,28617.33,28617.33,2025-05-29,2025-05-31,Reconciled (Timing Difference),"Posted 2 day(s) apart -- in-transit item, not an error."
TXN0005213,8735434070,-9100.58,-9100.58,2025-02-08,2025-02-10,Reconciled (Timing Difference),"Posted 2 day(s) apart -- in-transit item, not an error."
TXN0004771,9717249395,-7661.46,-7661.46,2025-05-02,2025-05-02,Reconciled,
TXN0004740,5662777112,-26487.15,-26487.15,2025-02-15,2025-02-15,Reconciled,
TXN0004244,7026295096,-22986.73,-22986.73,2025-05-08,2025-05-08,Reconciled,
TXN0003912,3129656383,21717.50,21717.50,2025-03-22,2025-03-22,Reconciled,
TXN0001403,3162205033,-13888.09,-13888.09,2025-06-23,2025-06-23,Reconciled,
TXN0002523,9325535721,34118.13,34118.13,2025-01-04,2025-01-04,Reconciled,
TXN0005908,3320015942,-9047.62,-9047.62,2025-06-08,2025-06-08,Reconciled,
TXN0001833,8708297741,-37937.63,-37937.63,2025-05-09,2025-05-09,Reconciled,
TXN0000188,5517838114,-18068.62,-18068.62,2025-02-24,2025-02-24,Reconciled,
TXN0003957,3559168643,33746.40,33746.40,2025-02-25,2025-02-27,Reconciled (Timing Difference),"Posted 2 day(s) apart -- in-transit item, not an error."
TXN0003055,6535826837,6205.66,6205.66,2025-05-28,2025-05-28,Reconciled,
TXN0000347,3123106504,-9270.28,-9270.28,2025-05-13,2025-05-16,Reconciled (Timing Difference),"Posted 3 day(s) apart -- in-transit item, not an error."
TXN0001273,1671276112,-10958.56,-10958.56,2025-02-17,2025-02-17,Reconciled,
TXN0002780,8275731080,32839.38,,2025-04-05,,Ledger-Only (Investigate),No matching bank record found for this ledger entry.
TXN0003920,1686201552,43783.35,43691.63,2025-01-07,2025-01-07,Amount Discrepancy (Investigate),"Ledger 43783.35 vs bank 43691.63, diff 91.72."
TXN0003489,8060826806,16126.66,16126.66,2025-05-25,2025-05-25,Reconciled,
TXN0002500,9620218421,6996.07,6996.07,2025-02-11,2025-02-11,Reconciled,
TXN0003771,2930950428,6076.04,6076.04,2025-05-10,2025-05-12,Reconciled (Timing Difference),"Posted 2 day(s) apart -- in-transit item, not an error."
TXN0001567,5834247623,-20148.49,-20148.49,2025-05-14,2025-05-14,Reconciled,
TXN0001323,2128356782,23818.58,23818.58,2025-04-06,2025-04-06,Reconciled,
TXN0002792,1689059845,-35914.77,-35914.77,2025-01-16,2025-01-16,Reconciled,
TXN0005369,5839159861,-15944.11,-15944.11,2025-06-02,2025-06-02,Reconciled,
TXN0005242,6846433879,-25832.51,-25832.51,2025-06-16,2025-06-16,Reconciled,
TXN0002863,2290292997,20724.01,20724.01,2025-02-09,2025-02-11,Reconciled (Timing Difference),"Posted 2 day(s) apart -- in-transit item, not an error."
TXN0001727,8004206764,-14360.34,-14360.34,2025-06-02,2025-06-02,Reconciled,
TXN0003533,2243945756,44618.62,44618.62,2025-04-21,2025-04-23,Reconciled (Timing Difference),"Posted 2 day(s) apart -- in-transit item, not an error."
TXN0004148,9506946283,39424.07,39424.07,2025-02-15,2025-02-15,Reconciled,
TXN0000787,4148442207,-25483.03,-25483.03,2025-03-13,2025-03-13,Reconciled,
TXN0004025,2144027071,-1771.73,-1771.73,2025-04-07,2025-04-10,Reconciled (Timing Difference),"Posted 3 day(s) apart -- in-transit item, not an error."
TXN0005737,8425460849,-32819.90,-32819.90,2025-01-19,2025-01-19,Reconciled,
TXN0003631,9680725487,-7796.31,-7796.31,2025-06-28,2025-06-28,Reconciled,
TXN0002390,2962699371,11504.41,11504.41,2025-01-29,2025-01-29,Reconciled,
TXN0004811,5730256681,22304.48,22304.48,2025-05-22,2025-05-22,Reconciled,
TXN0001234,6044505332,-43425.57,-43425.57,2025-06-08,2025-06-10,Reconciled (Timing Difference),"Posted 2 day(s) apart -- in-transit item, not an error."
TXN0000950,7086287693,11363.91,11363.91,2025-05-27,2025-05-27,Reconciled,
TXN0002367,8632729318,-2314.34,-2314.34,2025-02-05,2025-02-05,Reconciled,
TXN0000896,3150087236,42012.64,42012.64,2025-03-19,2025-03-19,Reconciled,
TXN0001161,8958516184,-5452.99,-5452.99,2025-01-16,2025-01-16,Reconciled,
TXN0005697,1271892793,-39947.89,-39947.89,2025-02-06,2025-02-06,Reconciled,
TXN0004109,7753468224,-3903.67,-3903.67,2025-03-29,2025-03-30,Reconciled (Timing Difference),"Posted 1 day(s) apart -- in-transit item, not an error."
TXN0004962,8848927358,-42706.08,,2025-03-25,,Ledger-Only (Investigate),No matching bank record found for this ledger entry.
TXN0000856,6396299651,36972.68,36972.68,2025-02-23,2025-02-23,Reconciled,
TXN0000763,5909672769,-41689.56,-41689.56,2025-04-28,2025-04-28,Reconciled,
TXN0000986,6153526031,-14984.80,-14984.80,2025-03-09,2025-03-09,Reconciled,
TXN0001582,9099968683,32504.98,32504.98,2025-01-24,2025-01-24,Reconciled,
TXN0001362,8767275124,35336.16,35336.16,2025-05-30,2025-05-30,Reconciled,
TXN0001223,7518403763,-44628.89,-44628.89,2025-03-22,2025-03-22,Reconciled,
TXN0002969,7621115022,40160.93,40160.93,2025-02-18,2025-02-18,Reconciled,
TXN0004613,7963306149,35298.64,35298.64,2025-06-11,2025-06-11,Reconciled,
TXN0001632,7339581358,31978.79,31978.79,2025-04-06,2025-04-06,Reconciled,
TXN0001061,6171546195,25847.25,25847.25,2025-06-02,2025-06-03,Reconciled (Timing Difference),"Posted 1 day(s) apart -- in-transit item, not an error."
TXN0000516,3264613983,-40991.86,-40991.86,2025-04-23,2025-04-23,Reconciled,
TXN0000185,6872730758,-42251.09,-42251.09,2025-01-19,2025-01-19,Reconciled,
TXN0002387,3666998697,-23815.15,-23815.15,2025-06-03,2025-06-03,Reconciled,
TXN0000748,8093149764,-9277.35,-9277.35,2025-01-09,2025-01-09,Reconciled,
TXN0004674,1771640107,24942.68,24942.68,2025-01-01,2025-01-01,Reconciled,
TXN0003455,4971869202,-44556.56,-44556.56,2025-06-04,2025-06-04,Reconciled,
TXN0004446,8116764602,23931.21,23931.21,2025-03-18,2025-03-18,Reconciled,
TXN0003416,6858853028,-25927.25,-25927.25,2025-01-09,2025-01-09,Reconciled,
TXN0001269,1010197809,-39195.65,-39195.65,2025-05-08,2025-05-08,Reconciled,
TXN0005067,9734792355,4393.05,4393.05,2025-06-17,2025-06-17,Reconciled,
TXN0005267,3888562164,-1254.90,-1254.90,2025-03-10,2025-03-10,Reconciled,
TXN0005127,5620152543,6416.12,6416.12,2025-04-26,2025-04-26,Reconciled,
TXN0003805,7141139692,-35207.77,-35207.77,2025-01-08,2025-01-08,Reconciled,
TXN0000970,1683877757,-7005.27,-7005.27,2025-02-20,2025-02-21,Reconciled (Timing Difference),"Posted 1 day(s) apart -- in-transit item, not an error."
TXN0005785,1647063878,11625.56,11625.56,2025-06-13,2025-06-14,Reconciled (Timing Difference),"Posted 1 day(s) apart -- in-transit item, not an error."
TXN0004667,9715940775,32688.13,32688.13,2025-02-23,2025-02-23,Reconciled,
TXN0000988,1094694424,-7889.92,-7889.92,2025-02-18,2025-02-18,Reconciled,
TXN0005489,8190341044,-6006.19,-6006.19,2025-06-12,2025-06-12,Reconciled,
TXN0002442,7480779386,15438.96,15438.96,2025-01-05,2025-01-05,Reconciled,
TXN0000755,2969400292,-24552.30,-24552.30,2025-03-05,2025-03-05,Reconciled,
TXN0004442,7735434342,37696.03,37696.03,2025-06-21,2025-06-21,Reconciled,
TXN0003671,8093202665,-13576.73,-13576.73,2025-02-04,2025-02-04,Reconciled,
TXN0005195,2553848235,7383.32,7383.32,2025-05-09,2025-05-09,Reconciled,
TXN0000848,8449304714,6444.79,6444.79,2025-05-26,2025-05-26,Reconciled,
TXN0004255,6784149689,-21253.98,-21253.98,2025-03-28,2025-03-28,Reconciled,
TXN0001302,9591895778,19453.87,19453.87,2025-02-27,2025-03-01,Reconciled (Timing Difference),"Posted 2 day(s) apart -- in-transit item, not an error."
TXN0003541,8044949009,-36456.60,,2025-06-13,,Ledger-Only (Investigate),No matching bank record found for this ledger entry.
TXN0003041,9838017653,-23798.93,-23798.93,2025-04-08,2025-04-08,Reconciled,
TXN0001140,5375415819,15805.65,15805.65,2025-01-22,2025-01-22,Reconciled,
TXN0003861,2182945960,-14679.96,-14679.96,2025-03-07,2025-03-07,Reconciled,
TXN0005309,6534991839,-11671.36,-11671.36,2025-04-18,2025-04-18,Reconciled,
TXN0002663,1066276590,44478.59,44478.59,2025-05-03,2025-05-03,Reconciled,
TXN0004104,4545266495,27308.09,27308.09,2025-05-25,2025-05-25,Reconciled,
TXN0002744,4016210271,2017.76,2017.76,2025-04-18,2025-04-18,Reconciled,
TXN0001027,1765306509,401.79,401.79,2025-01-12,2025-01-12,Reconciled,
TXN0003932,5932322771,-18452.60,-18452.60,2025-06-19,2025-06-19,Reconciled,
TXN0005408,4088870019,-42215.73,-42215.73,2025-01-26,2025-01-26,Reconciled,
TXN0005057,6329712410,36407.81,36407.81,2025-02-22,2025-02-22,Reconciled,
TXN0005194,2680416402,-1049.09,-1049.09,2025-06-02,2025-06-02,Reconciled,
TXN0005943,2873754374,11049.45,11049.45,2025-02-04,2025-02-04,Reconciled,
TXN0005740,3728017422,-35321.54,-35321.54,2025-06-09,2025-06-11,Reconciled (Timing Difference),"Posted 2 day(s) apart -- in-transit item, not an error."
TXN0000989,9177367893,-33130.86,-33130.86,2025-05-17,2025-05-17,Reconciled,
TXN0003668,8575041806,-15099.05,-15099.05,2025-05-17,2025-05-17,Reconciled,
TXN0003979,3368170247,-12161.23,-12161.23,2025-01-25,2025-01-27,Reconciled (Timing Difference),"Posted 2 day(s) apart -- in-transit item, not an error."
TXN0005028,5573455690,3947.01,3947.01,2025-05-05,2025-05-05,Reconciled,
TXN0002230,2057884354,1145.22,1145.22,2025-02-11,2025-02-11,Reconciled,
TXN0003731,2950671890,-5131.20,-5131.20,2025-01-20,2025-01-20,Reconciled,
TXN0003087,1497739668,-34141.03,-34141.03,2025-02-08,2025-02-08,Reconciled,
TXN0003202,7572842063,36769.18,36769.18,2025-03-30,2025-04-02,Reconciled (Timing Difference),"Posted 3 day(s) apart -- in-transit item, not an error."
TXN0004767,5925053011,-31950.54,-31950.54,2025-01-06,2025-01-06,Reconciled,
TXN0000997,2605507297,-2994.57,-2994.57,2025-04-18,2025-04-18,Reconciled,
TXN0005766,8154989541,24166.44,24166.44,2025-06-18,2025-06-18,Reconciled,
TXN0001279,6487796173,-30092.17,-30092.17,2025-04-03,2025-04-03,Reconciled,
TXN0001058,6264310691,-17306.72,-17306.72,2025-02-21,2025-02-21,Reconciled,
TXN0004774,1230197991,-42110.26,-42110.26,2025-04-17,2025-04-17,Reconciled,
TXN0001956,1376421069,-35516.71,-35516.71,2025-03-05,2025-03-05,Reconciled,
TXN0000182,4359966875,-17091.82,-17091.82,2025-03-15,2025-03-15,Reconciled,
TXN0001810,6362531960,-40249.05,-40249.05,2025-01-13,2025-01-13,Reconciled,
TXN0002168,8389734805,-38930.75,-38930.75,2025-01-24,2025-01-24,Reconciled,
TXN0003464,4255315375,-3073.30,-3073.30,2025-04-30,2025-04-30,Reconciled,
TXN0001697,6455636637,31858.74,31858.74,2025-01-27,2025-01-27,Reconciled,
TXN0001226,5990096390,-35547.46,,2025-05-20,,Ledger-Only (Investigate),No matching bank record found for this ledger entry.
TXN0001096,6517536603,-3305.20,-3305.20,2025-06-06,2025-06-06,Reconciled,
TXN0000519,8748084493,20277.16,20277.16,2025-06-17,2025-06-17,Reconciled,
TXN0002928,8668886204,-6431.13,-6675.63,2025-06-26,2025-06-26,Amount Discrepancy (Investigate),"Ledger -6431.13 vs bank -6675.63, diff 244.50."
TXN0001763,6439853472,-8153.64,-8153.64,2025-02-15,2025-02-15,Reconciled,
TXN0001006,7639205953,-26928.94,-26928.94,2025-05-05,2025-05-05,Reconciled,
TXN0001724,1600516989,-10661.16,-10661.16,2025-02-09,2025-02-09,Reconciled,
TXN0003028,1531357894,-25401.59,-25401.59,2025-04-01,2025-04-01,Reconciled,
TXN0004993,1249168319,-4066.80,-4066.80,2025-03-10,2025-03-10,Reconciled,
TXN0002113,2881699060,-22431.11,-22431.11,2025-05-02,2025-05-02,Reconciled,
TXN0002540,9397990974,-38814.41,-38814.41,2025-01-10,2025-01-10,Reconciled,
TXN0000881,6685543176,-6518.61,-6518.61,2025-01-21,2025-01-21,Reconciled,
TXN0002235,6497802686,-1051.27,,2025-03-07,,Ledger-Only (Investigate),No matching bank record found for this ledger entry.
TXN0002101,2145042949,27645.47,27645.47,2025-06-16,2025-06-16,Reconciled,
TXN0002431,5447507233,38195.04,38195.04,2025-06-02,2025-06-02,Reconciled,
TXN0000747,6921927334,-9647.63,-9647.63,2025-05-27,2025-05-27,Reconciled,
TXN0002547,1351569578,-16790.25,-16790.25,2025-06-28,2025-06-28,Reconciled,
TXN0003482,4789132898,-2766.47,-2618.11,2025-04-06,2025-04-06,Amount Discrepancy (Investigate),"Ledger -2766.47 vs bank -2618.11, diff -148.36."
TXN0005606,6300155573,5527.84,5527.84,2025-03-25,2025-03-25,Reconciled,
TXN0002448,3289794141,-8976.21,-8976.21,2025-04-26,2025-04-26,Reconciled,
TXN0000200,9554249874,-38816.38,-38816.38,2025-05-18,2025-05-18,Reconciled,
TXN0005552,5369526523,17369.02,17369.02,2025-03-26,2025-03-26,Reconciled,
TXN0001692,2305111752,29571.23,,2025-02-13,,Ledger-Only (Investigate),No matching bank record found for this ledger entry.
TXN0002574,1726246020,-16026.32,-16026.32,2025-06-03,2025-06-03,Reconciled,
TXN0004211,2894953260,-20949.77,-20949.77,2025-01-05,2025-01-05,Reconciled,
TXN0003498,8990666315,-35938.55,-35938.55,2025-02-04,2025-02-04,Reconciled,
TXN0000570,1070705160,-1059.14,,2025-04-18,,Ledger-Only (Investigate),No matching bank record found for this ledger entry.
TXN0004698,4233398376,-12991.61,-12991.61,2025-01-01,2025-01-01,Reconciled,
TXN0002468,1762769501,8841.08,8841.08,2025-01-05,2025-01-05,Reconciled,
TXN0001725,4035299082,-11504.57,-11504.57,2025-02-18,2025-02-18,Reconciled,
TXN0005299,6120652206,-6099.91,-6099.91,2025-06-17,2025-06-17,Reconciled,
TXN0002519,4074340434,19260.49,19260.49,2025-05-04,2025-05-04,Reconciled,
TXN0002982,3241136017,2028.05,2028.05,2025-02-12,2025-02-12,Reconciled,
TXN0000627,3511709702,-29439.62,-29439.62,2025-02-12,2025-02-12,Reconciled,
TXN0004058,5607154436,-36921.26,-36921.26,2025-03-09,2025-03-09,Reconciled,
TXN0000121,4983659281,18883.18,18883.18,2025-06-11,2025-06-11,Reconciled,
TXN0004764,6393338303,-33882.26,-33882.26,2025-06-01,2025-06-01,Reconciled,
TXN0003901,5701551994,-18982.95,-18982.95,2025-05-16,2025-05-16,Reconciled,
TXN0003032,5612763436,-1423.47,-1423.47,2025-03-27,2025-03-27,Reconciled,
TXN0004544,3061921459,22490.28,22490.28,2025-02-07,2025-02-07,Reconciled,
TXN0002984,1009128474,4832.69,4832.69,2025-06-19,2025-06-22,Reconciled (Timing Difference),"Posted 3 day(s) apart -- in-transit item, not an error."
TXN0000958,5163848250,-35873.36,-35873.36,2025-03-29,2025-03-29,Reconciled,
TXN0000488,4435209526,-15620.45,-15620.45,2025-01-23,2025-01-23,Reconciled,
TXN0002368,8790577839,20911.76,20911.76,2025-03-22,2025-03-22,Reconciled,
TXN0001952,4002790142,2866.96,2866.96,2025-05-07,2025-05-07,Reconciled,
TXN0000391,7985244492,13536.78,13536.78,2025-02-14,2025-02-14,Reconciled,
TXN0003051,1754340200,44261.07,44261.07,2025-06-07,2025-06-07,Reconciled,
TXN0001195,3858485797,43812.07,43812.07,2025-06-04,2025-06-04,Reconciled,
TXN0000420,2412198776,-39936.69,-39936.69,2025-05-08,2025-05-08,Reconciled,
TXN0004426,7059175389,-27376.47,-27376.47,2025-04-14,2025-04-14,Reconciled,
TXN0004697,1440608057,-42517.49,-42517.49,2025-04-01,2025-04-01,Reconciled,
TXN0001064,4992395373,21942.43,22179.63,2025-03-10,2025-03-10,Amount Discrepancy (Investigate),"Ledger 21942.43 vs bank 22179.63, diff -237.20."
TXN0004668,8068874343,-42.25,-42.25,2025-03-21,2025-03-21,Reconciled,
TXN0003402,6797356141,37560.88,37560.88,2025-05-26,2025-05-26,Reconciled,
TXN0005096,9693251574,-9937.22,-9937.22,2025-03-15,2025-03-15,Reconciled,
TXN0003680,7854429500,7842.29,7842.29,2025-04-03,2025-04-03,Reconciled,
TXN0000328,7968928807,-19745.07,-19745.07,2025-04-13,2025-04-13,Reconciled,
TXN0000752,5454669226,5301.38,5301.38,2025-05-11,2025-05-11,Reconciled,
TXN0000802,8554225509,41591.68,41591.68,2025-01-18,2025-01-18,Reconciled,
TXN0003573,4282928657,-32845.20,-32845.20,2025-03-22,2025-03-22,Reconciled,
TXN0000743,3153820227,43156.08,43156.08,2025-06-14,2025-06-14,Reconciled,
TXN0003230,5120345636,-26180.65,-26180.65,2025-03-04,2025-03-04,Reconciled,
TXN0004576,5422462088,-12444.72,-12444.72,2025-05-09,2025-05-09,Reconciled,
TXN0003441,6941957997,7798.07,7798.07,2025-03-17,2025-03-17,Reconciled,
TXN0001393,1052324525,-41075.80,-41075.80,2025-05-20,2025-05-20,Reconciled,
TXN0002216,7443248837,-6106.88,-6106.88,2025-05-09,2025-05-10,Reconciled (Timing Difference),"Posted 1 day(s) apart -- in-transit item, not an error."
TXN0001179,1204295844,32567.95,32675.25,2025-03-04,2025-03-04,Amount Discrepancy (Investigate),"Ledger 32567.95 vs bank 32675.25, diff -107.30."
TXN0005972,8140323916,-43304.35,-43304.35,2025-02-22,2025-02-22,Reconciled,
TXN0002534,8833672364,-29552.16,-29552.16,2025-06-15,2025-06-15,Reconciled,
TXN0001665,4545072757,-11341.83,-11341.83,2025-05-06,2025-05-06,Reconciled,
TXN0002589,3551955578,-5381.10,-5381.10,2025-03-11,2025-03-11,Reconciled,
TXN0004197,2887659247,3615.83,3615.83,2025-01-20,2025-01-20,Reconciled,
TXN0001778,7640188280,10700.92,10700.92,2025-03-26,2025-03-26,Reconciled,
TXN0003431,8313310760,-4644.72,-4644.72,2025-03-09,2025-03-09,Reconciled,
TXN0003998,1350085548,-44701.93,-44701.93,2025-02-13,2025-02-13,Reconciled,
TXN0003789,4617914726,29046.47,29046.47,2025-03-15,2025-03-16,Reconciled (Timing Difference),"Posted 1 day(s) apart -- in-transit item, not an error."
TXN0000001,7294919105,-23048.09,-23048.09,2025-06-11,2025-06-11,Reconciled,
TXN0002543,8678408882,27171.99,27171.99,2025-03-26,2025-03-26,Reconciled,
TXN0003673,3643673425,-26035.82,-26035.82,2025-01-03,2025-01-03,Reconciled,
TXN0002267,4585922808,-2315.84,-2315.84,2025-05-11,2025-05-11,Reconciled,
TXN0001846,7892345490,36532.81,36532.81,2025-01-09,2025-01-09,Reconciled,
TXN0002495,8916421251,-4956.04,,2025-02-14,,Ledger-Only (Investigate),No matching bank record found for this ledger entry.
TXN0003529,8689859945,-30987.99,-30987.99,2025-02-27,2025-02-27,Reconciled,
TXN0004801,8604692597,-39677.92,-39677.92,2025-04-25,2025-04-26,Reconciled (Timing Difference),"Posted 1 day(s) apart -- in-transit item, not an error."
TXN0000956,4730183001,22630.94,22630.94,2025-06-04,2025-06-04,Reconciled,
TXN0005784,2864610025,-32794.10,-32794.10,2025-06-23,2025-06-23,Reconciled,
TXN0002648,4591848244,-38234.00,-38234.00,2025-04-28,2025-04-28,Reconciled,
TXN0005145,7996512602,6406.26,6406.26,2025-05-08,2025-05-08,Reconciled,
TXN0004088,8575727706,-27553.04,-27553.04,2025-01-08,2025-01-10,Reconciled (Timing Difference),"Posted 2 day(s) apart -- in-transit item, not an error."
TXN0002709,6716884892,-8226.68,-8226.68,2025-02-01,2025-02-01,Reconciled,
TXN0000572,2207021957,-4122.83,-4122.83,2025-04-29,2025-04-29,Reconciled,
TXN0003691,8532913383,-35394.02,-35394.02,2025-01-31,2025-01-31,Reconciled,
TXN0005665,5890181013,-145.39,-145.39,2025-01-27,2025-01-27,Reconciled,
TXN0002602,3922094181,-36817.86,-36817.86,2025-02-25,2025-02-25,Reconciled,
TXN0005384,8029476522,-13559.77,-13559.77,2025-01-13,2025-01-13,Reconciled,
TXN0001396,2801080166,-39016.26,,2025-03-21,,Ledger-Only (Investigate),No matching bank record found for this ledger entry.
TXN0000022,9924806288,-21394.53,-21394.53,2025-02-15,2025-02-15,Reconciled,
TXN0000333,1149383702,-1350.18,-1350.18,2025-03-09,2025-03-09,Reconciled,
TXN0001357,3950748667,-8652.72,-8652.72,2025-02-11,2025-02-11,Reconciled,
TXN0001821,2569165049,-27775.84,-27775.84,2025-05-12,2025-05-12,Reconciled,
TXN0003176,1093476379,11675.40,11675.40,2025-05-04,2025-05-04,Reconciled,
TXN0005054,8856800078,-33026.03,-33026.03,2025-06-10,2025-06-11,Reconciled (Timing Difference),"Posted 1 day(s) apart -- in-transit item, not an error."
TXN0004522,3817385353,-6657.50,-6657.50,2025-06-30,2025-06-30,Reconciled,
TXN0001474,6606577201,-19046.11,-19046.11,2025-01-18,2025-01-18,Reconciled,
TXN0002139,3184790362,-17750.78,-17750.78,2025-03-14,2025-03-14,Reconciled,
TXN0004587,9849709834,32217.08,32217.08,2025-01-13,2025-01-13,Reconciled,
TXN0004552,3369541717,3266.69,3266.69,2025-03-13,2025-03-13,Reconciled,
TXN0005202,8250237745,-12454.37,-12454.37,2025-02-10,2025-02-10,Reconciled,
TXN0000658,1964430739,-10313.51,-10313.51,2025-03-19,2025-03-19,Reconciled,
TXN0005893,1289255389,29824.10,29824.10,2025-04-03,2025-04-03,Reconciled,
TXN0002105,5176480682,-9812.36,-9812.36,2025-02-10,2025-02-10,Reconciled,
TXN0000058,2815676086,15070.09,15058.73,2025-03-12,2025-03-12,Amount Discrepancy (Investigate),"Ledger 15070.09 vs bank 15058.73, diff 11.36."
TXN0001909,4058378595,-651.60,-651.60,2025-01-03,2025-01-03,Reconciled,
TXN0005226,8720149514,-42823.60,-42823.60,2025-01-25,2025-01-25,Reconciled,
TXN0003374,1742673077,7461.99,7461.99,2025-02-28,2025-02-28,Reconciled,
TXN0001893,9997363328,-32384.76,-32384.76,2025-03-26,2025-03-26,Reconciled,
TXN0000430,1688618759,-17015.03,-17015.03,2025-04-09,2025-04-10,Reconciled (Timing Difference),"Posted 1 day(s) apart -- in-transit item, not an error."
TXN0001342,4407469042,-20951.62,-20951.62,2025-01-16,2025-01-16,Reconciled,
TXN0001196,8642090239,-10752.70,-10752.70,2025-06-29,2025-06-29,Reconciled,
TXN0002650,6812149457,39524.17,39524.17,2025-03-11,2025-03-11,Reconciled,
TXN0000545,7781015976,24652.24,24652.24,2025-06-01,2025-06-01,Reconciled,
TXN0001703,4041403801,-25946.66,-25946.66,2025-02-08,2025-02-08,Reconciled,
TXN0002578,9777106285,37943.08,37943.08,2025-01-09,2025-01-09,Reconciled,
TXN0002185,1606654842,-42977.61,-42977.61,2025-04-24,2025-04-24,Reconciled,
TXN0001199,5757235150,-32503.75,-32503.75,2025-06-19,2025-06-22,Reconciled (Timing Difference),"Posted 3 day(s) apart -- in-transit item, not an error."
TXN0001086,3860067371,3675.68,,2025-06-09,,Ledger-Only (Investigate),No matching bank record found for this ledger entry.
TXN0004843,9619277845,-35679.96,-35679.96,2025-03-30,2025-03-30,Reconciled,
TXN0001093,1569552493,-44202.15,-44202.15,2025-06-29,2025-06-29,Reconciled,
TXN0002583,3913419011,-14126.56,-14126.56,2025-04-11,2025-04-11,Reconciled,
TXN0001128,1998812303,10025.62,10025.62,2025-03-18,2025-03-18,Reconciled,
TXN0004218,9445617989,-11048.74,-11048.74,2025-02-25,2025-02-25,Reconciled,
TXN0002333,9537220428,-18543.12,-18543.12,2025-01-11,2025-01-11,Reconciled,
TXN0001111,7027406240,-8601.88,-8601.88,2025-04-30,2025-04-30,Reconciled,
TXN0002720,6699689696,-39251.67,-39251.67,2025-02-24,2025-02-24,Reconciled,
TXN0001113,7873819927,-17269.65,-17269.65,2025-04-14,2025-04-14,Reconciled,
TXN0004572,3971463618,-10180.18,-10180.18,2025-02-18,2025-02-20,Reconciled (Timing Difference),"Posted 2 day(s) apart -- in-transit item, not an error."
TXN0003514,8186315066,5078.63,5078.63,2025-06-22,2025-06-22,Reconciled,
TXN0000715,3658096049,15646.03,15646.03,2025-02-24,2025-02-24,Reconciled,
TXN0000603,4411085199,-24753.25,-24753.25,2025-01-04,2025-01-04,Reconciled,
TXN0005304,5463336395,-10613.00,-10613.00,2025-06-08,2025-06-08,Reconciled,
TXN0003656,3762604885,-14547.14,-14547.14,2025-06-17,2025-06-17,Reconciled,
TXN0002693,6158329598,2854.05,2854.05,2025-06-15,2025-06-15,Reconciled,
TXN0003858,5594596318,-24966.70,-24966.70,2025-05-26,2025-05-26,Reconciled,
TXN0002703,6985662839,-22255.76,-22255.76,2025-05-29,2025-05-29,Reconciled,
TXN0000210,2868775197,27042.53,27042.53,2025-01-22,2025-01-22,Reconciled,
TXN0001520,8322650994,2921.80,2921.80,2025-04-12,2025-04-12,Reconciled,
TXN0000955,8219779323,1819.34,1819.34,2025-05-29,2025-05-29,Reconciled,
TXN0001037,2406014957,-32485.29,-32485.29,2025-04-14,2025-04-14,Reconciled,
TXN0004789,6515444947,-21947.04,-21947.04,2025-02-17,2025-02-17,Reconciled,
TXN0002299,1849770467,-8825.22,-8825.22,2025-02-18,2025-02-18,Reconciled,
TXN0001447,5494850506,-35801.50,-35801.50,2025-03-23,2025-03-23,Reconciled,
TXN0004060,6335241734,-39701.78,-39701.78,2025-05-09,2025-05-09,Reconciled,
TXN0003589,8753467402,-25162.10,-25162.10,2025-02-11,2025-02-11,Reconciled,
TXN0003010,8726005289,37248.83,37248.83,2025-06-06,2025-06-06,Reconciled,
TXN0003403,2415728799,23912.90,23912.90,2025-05-21,2025-05-21,Reconciled,
TXN0000960,9175622880,-7390.27,-7390.27,2025-04-25,2025-04-25,Reconciled,
TXN0003968,5933298360,-28023.01,-28023.01,2025-05-25,2025-05-25,Reconciled,
TXN0005562,1763325616,-39680.21,-39680.21,2025-06-21,2025-06-21,Reconciled,
TXN0004207,1507256216,-39965.35,-39965.35,2025-01-18,2025-01-18,Reconciled,
TXN0005337,9715617135,-17270.03,-17270.03,2025-02-18,2025-02-18,Reconciled,
TXN0001314,9335697681,28811.22,28811.22,2025-05-21,2025-05-21,Reconciled,
TXN0005741,2963997280,-21225.67,-21225.67,2025-01-19,2025-01-19,Reconciled,
TXN0004762,5916887432,-34543.89,-34543.89,2025-02-19,2025-02-19,Reconciled,
TXN0003950,6299776783,-33756.96,-33756.96,2025-06-18,2025-06-18,Reconciled,
TXN0005098,3283199517,3877.66,3877.66,2025-06-23,2025-06-23,Reconciled,
TXN0005555,8596930354,32279.15,32279.15,2025-05-12,2025-05-12,Reconciled,
TXN0002076,8964895934,-35474.97,-35474.97,2025-03-07,2025-03-07,Reconciled,
TXN0002179,9403272998,40763.68,40763.68,2025-01-01,2025-01-01,Reconciled,
TXN0005211,2146877988,15517.74,15517.74,2025-04-24,2025-04-24,Reconciled,
TXN0005286,4593356508,-35050.95,-35050.95,2025-01-16,2025-01-16,Reconciled,
TXN0005144,8729615709,-19756.55,-19756.55,2025-02-01,2025-02-01,Reconciled,
TXN0001971,3637278425,-17745.33,,2025-05-17,,Ledger-Only (Investigate),No matching bank record found for this ledger entry.
TXN0002435,2695238342,-28147.84,-28147.84,2025-03-21,2025-03-21,Reconciled,
TXN0000720,5312779701,4466.74,4466.74,2025-03-09,2025-03-09,Reconciled,
TXN0003737,4150589878,-38195.36,-38195.36,2025-03-12,2025-03-15,Reconciled (Timing Difference),"Posted 3 day(s) apart -- in-transit item, not an error."
TXN0003129,9789174528,28974.07,28974.07,2025-03-19,2025-03-19,Reconciled,
TXN0001874,3046134575,39287.68,39287.68,2025-06-13,2025-06-13,Reconciled,
TXN0002161,9530753544,-37998.86,-37998.86,2025-01-21,2025-01-21,Reconciled,
TXN0000612,1691064227,16945.19,16945.19,2025-03-24,2025-03-24,Reconciled,
TXN0000840,8892461356,-7482.25,-7482.25,2025-05-20,2025-05-20,Reconciled,
TXN0001829,5941653325,-29048.73,-29048.73,2025-05-10,2025-05-10,Reconciled,
TXN0002024,4577769368,-40447.21,-40447.21,2025-03-21,2025-03-23,Reconciled (Timing Difference),"Posted 2 day(s) apart -- in-transit item, not an error."
TXN0003435,3710367832,2890.97,2890.97,2025-01-23,2025-01-23,Reconciled,
TXN0004673,8116321446,16895.35,16895.35,2025-06-10,2025-06-10,Reconciled,
TXN0002668,3914402434,2342.83,2342.83,2025-06-24,2025-06-24,Reconciled,
TXN0000681,8899963358,-19190.60,-19190.60,2025-04-21,2025-04-22,Reconciled (Timing Difference),"Posted 1 day(s) apart -- in-transit item, not an error."
TXN0002004,5457107748,-23311.54,-23311.54,2025-02-26,2025-02-26,Reconciled,
TXN0002370,1755748543,-3537.63,-3537.63,2025-01-18,2025-01-18,Reconciled,
TXN0000386,4084106586,22404.58,22404.58,2025-01-11,2025-01-11,Reconciled,
TXN0001000,2171529359,-12501.28,-12501.28,2025-02-12,2025-02-12,Reconciled,
TXN0001142,7328972890,-16716.14,-16716.14,2025-02-26,2025-02-26,Reconciled,
TXN0001502,9129620986,-31264.18,-31264.18,2025-05-24,2025-05-24,Reconciled,
TXN0002154,9328620883,-40995.06,-40995.06,2025-03-21,2025-03-21,Reconciled,
TXN0004286,3365680674,-41630.82,-41630.82,2025-02-11,2025-02-11,Reconciled,
TXN0000445,5169605796,-36255.29,-36255.29,2025-05-22,2025-05-22,Reconciled,
TXN0002271,7829135862,-31010.09,-31010.09,2025-02-20,2025-02-20,Reconciled,
TXN0002156,7795370041,-19802.20,-19802.20,2025-01-15,2025-01-15,Reconciled,
TXN0004860,4609802143,7096.97,7096.97,2025-01-21,2025-01-21,Reconciled,
TXN0004851,3273111618,-24357.22,-24357.22,2025-05-08,2025-05-08,Reconciled,
TXN0003634,8623654548,-43005.81,-43242.06,2025-04-10,2025-04-10,Amount Discrepancy (Investigate),"Ledger -43005.81 vs bank -43242.06, diff 236.25."
TXN0002366,1260724171,14486.07,14486.07,2025-06-26,2025-06-26,Reconciled,
TXN0001249,9880942518,21885.46,21885.46,2025-04-23,2025-04-23,Reconciled,
TXN0000290,7111568410,27984.26,27984.26,2025-06-25,2025-06-25,Reconciled,
TXN0000140,3100957297,-23962.77,-23962.77,2025-03-22,2025-03-22,Reconciled,
TXN0005143,9791878926,-42264.55,-42264.55,2025-05-08,2025-05-08,Reconciled,
TXN0002423,5588994830,-21481.90,-21481.90,2025-05-11,2025-05-14,Reconciled (Timing Difference),"Posted 3 day(s) apart -- in-transit item, not an error."
TXN0003555,1109962147,9352.35,9352.35,2025-02-04,2025-02-04,Reconciled,
TXN0003237,4611904725,19864.83,19864.83,2025-06-15,2025-06-15,Reconciled,
TXN0002329,3363462694,31538.42,31538.42,2025-03-12,2025-03-12,Reconciled,
TXN0003787,5054001154,-23575.40,-23575.40,2025-06-25,2025-06-25,Reconciled,
TXN0000690,3196649758,-15878.02,-15878.02,2025-01-22,2025-01-22,Reconciled,
TXN0005882,6228759116,-7003.07,-7003.07,2025-05-07,2025-05-09,Reconciled (Timing Difference),"Posted 2 day(s) apart -- in-transit item, not an error."
TXN0005345,8750007234,8069.25,8069.25,2025-01-15,2025-01-15,Reconciled,
TXN0003959,2843930571,-33842.67,-33842.67,2025-01-07,2025-01-07,Reconciled,
TXN0003501,5002643958,-20834.95,-20834.95,2025-03-28,2025-03-28,Reconciled,
TXN0001209,6153941052,-39993.87,-39993.87,2025-06-03,2025-06-05,Reconciled (Timing Difference),"Posted 2 day(s) apart -- in-transit item, not an error."
TXN0002433,3125621038,-41393.60,-41393.60,2025-06-15,2025-06-15,Reconciled,
TXN0005615,6424434647,-41551.54,-41551.54,2025-03-21,2025-03-21,Reconciled,
TXN0003334,2322776222,-30532.42,-30532.42,2025-03-21,2025-03-21,Reconciled,
TXN0002421,7179425519,-28027.11,-28027.11,2025-05-25,2025-05-25,Reconciled,
TXN0001819,8731449753,-13655.41,-13655.41,2025-04-25,2025-04-27,Reconciled (Timing Difference),"Posted 2 day(s) apart -- in-transit item, not an error."
TXN0000686,2325172993,20495.57,20495.57,2025-04-21,2025-04-21,Reconciled,
TXN0001578,1878575283,-39598.60,-39598.60,2025-03-06,2025-03-07,Reconciled (Timing Difference),"Posted 1 day(s) apart -- in-transit item, not an error."
TXN0003232,5610388917,-26167.83,-26167.83,2025-06-10,2025-06-10,Reconciled,
TXN0002892,2478309813,-10395.12,-10395.12,2025-04-16,2025-04-16,Reconciled,
TXN0003830,5753992501,-6337.40,-6337.40,2025-04-15,2025-04-15,Reconciled,
TXN0005532,7296108288,11348.64,11348.64,2025-03-12,2025-03-12,Reconciled,
TXN0003886,7455116747,-41375.21,-41375.21,2025-05-19,2025-05-19,Reconciled,
TXN0003226,1589194705,-12813.61,-12813.61,2025-05-01,2025-05-01,Reconciled,
TXN0002964,3702394338,-20699.86,-20699.86,2025-05-30,2025-05-30,Reconciled,
TXN0004847,6357790570,-1252.90,-1252.90,2025-06-03,2025-06-03,Reconciled,
TXN0001828,3706483630,-23653.42,-23653.42,2025-02-04,2025-02-04,Reconciled,
TXN0000107,6413339495,6644.92,6644.92,2025-02-22,2025-02-22,Reconciled,
TXN0001166,4280326134,22276.66,22276.66,2025-06-05,2025-06-05,Reconciled,
TXN0005117,9434935974,6456.45,,2025-05-08,,Ledger-Only (Investigate),No matching bank record found for this ledger entry.
TXN0005962,4770994956,-34785.21,-34785.21,2025-01-11,2025-01-11,Reconciled,
TXN0003703,8817375381,-41066.02,-41066.02,2025-03-19,2025-03-19,Reconciled,
TXN0001407,8464772192,28400.23,28400.23,2025-03-21,2025-03-21,Reconciled,
TXN0000138,2833260914,43278.97,43278.97,2025-03-03,2025-03-03,Reconciled,
TXN0003053,9687303476,-36043.53,-36043.53,2025-01-23,2025-01-23,Reconciled,
TXN0005920,9075490926,-40281.21,-40281.21,2025-01-22,2025-01-22,Reconciled,
TXN0002870,1089533066,-6932.50,,2025-06-29,,Ledger-Only (Investigate),No matching bank record found for this ledger entry.
TXN0000954,7576267931,-7618.37,-7618.37,2025-06-28,2025-06-28,Reconciled,
TXN0004570,5020218935,41567.43,41567.43,2025-02-27,2025-02-27,Reconciled,
TXN0001285,1277174456,-33878.98,-33878.98,2025-04-22,2025-04-22,Reconciled,
TXN0001305,3893724714,-6591.97,-6591.97,2025-05-20,2025-05-20,Reconciled,
TXN0002262,9310355759,-18381.86,-18381.86,2025-06-25,2025-06-25,Reconciled,
TXN0000513,8939688593,-3462.64,-3462.64,2025-02-16,2025-02-16,Reconciled,
TXN0001536,1763952390,4784.62,,2025-05-08,,Ledger-Only (Investigate),No matching bank record found for this ledger entry.
TXN0001088,4018225907,18633.66,18633.66,2025-03-23,2025-03-23,Reconciled,
TXN0004397,2976516815,3903.60,3903.60,2025-05-04,2025-05-04,Reconciled,
TXN0005956,6847209605,-10420.77,-10420.77,2025-06-16,2025-06-16,Reconciled,
TXN0005940,3199433543,15154.92,15154.92,2025-04-24,2025-04-24,Reconciled,
TXN0003257,5870589758,-25997.04,-25997.04,2025-05-02,2025-05-02,Reconciled,
TXN0000380,9652500503,-6230.58,-6230.58,2025-05-11,2025-05-11,Reconciled,
TXN0002084,1578927902,4437.76,4437.76,2025-05-10,2025-05-10,Reconciled,
TXN0000574,1987850460,-35164.98,-35164.98,2025-04-16,2025-04-16,Reconciled,
TXN0003659,6760774460,-21594.33,-21594.33,2025-04-28,2025-04-28,Reconciled,
TXN0001469,3109865427,-22821.25,-22821.25,2025-03-17,2025-03-17,Reconciled,
TXN0005108,3370578863,27994.66,27994.66,2025-02-01,2025-02-01,Reconciled,
TXN0002300,3966415850,-11383.91,-11383.91,2025-04-19,2025-04-22,Reconciled (Timing Difference),"Posted 3 day(s) apart -- in-transit item, not an error."
TXN0000504,6684991869,-27487.04,-27487.04,2025-06-22,2025-06-22,Reconciled,
TXN0004793,6997553897,21636.99,21636.99,2025-02-12,2025-02-12,Reconciled,
TXN0001677,4145112261,-1057.34,-1057.34,2025-03-02,2025-03-02,Reconciled,
TXN0004021,5390997919,-25109.86,-25109.86,2025-06-08,2025-06-10,Reconciled (Timing Difference),"Posted 2 day(s) apart -- in-transit item, not an error."
TXN0000622,7700410414,-34443.71,-34443.71,2025-06-09,2025-06-09,Reconciled,
TXN0003463,2977594871,-5028.39,-5028.39,2025-02-20,2025-02-20,Reconciled,
TXN0004711,5980660500,-5601.13,-5601.13,2025-03-07,2025-03-07,Reconciled,
TXN0005185,2018949557,-19026.41,-19026.41,2025-03-12,2025-03-14,Reconciled (Timing Difference),"Posted 2 day(s) apart -- in-transit item, not an error."
TXN0004016,5776888599,-39662.92,-39662.92,2025-04-06,2025-04-06,Reconciled,
TXN0005710,8800603547,-40803.00,-40803.00,2025-06-05,2025-06-05,Reconciled,
TXN0002301,7729805862,-21751.41,-21751.41,2025-05-25,2025-05-28,Reconciled (Timing Difference),"Posted 3 day(s) apart -- in-transit item, not an error."
TXN0001760,7049533963,-21338.80,-21338.80,2025-06-05,2025-06-07,Reconciled (Timing Difference),"Posted 2 day(s) apart -- in-transit item, not an error."
TXN0005863,7140559917,23594.18,23594.18,2025-05-24,2025-05-24,Reconciled,
TXN0005313,7556248525,-38042.91,-38042.91,2025-02-08,2025-02-11,Reconciled (Timing Difference),"Posted 3 day(s) apart -- in-transit item, not an error."
TXN0005826,9499610196,-19556.68,-19556.68,2025-06-19,2025-06-21,Reconciled (Timing Difference),"Posted 2 day(s) apart -- in-transit item, not an error."
TXN0003892,5905973688,20186.11,20186.11,2025-01-08,2025-01-08,Reconciled,
TXN0001882,4251544058,-29466.84,-29466.84,2025-04-20,2025-04-20,Reconciled,
TXN0004224,5176532438,-14430.64,-14430.64,2025-05-31,2025-05-31,Reconciled,
TXN0004239,1722313254,-31750.81,-31750.81,2025-03-13,2025-03-14,Reconciled (Timing Difference),"Posted 1 day(s) apart -- in-transit item, not an error."
TXN0005607,7978321782,35347.43,35347.43,2025-04-06,2025-04-06,Reconciled,
TXN0001580,8725128542,-39203.13,-39203.13,2025-04-17,2025-04-18,Reconciled (Timing Difference),"Posted 1 day(s) apart -- in-transit item, not an error."
TXN0002590,5319584830,-22738.56,-22738.56,2025-03-22,2025-03-22,Reconciled,
TXN0003960,5162464558,43409.71,43409.71,2025-06-19,2025-06-19,Reconciled,
TXN0002153,1414377607,-9744.82,-9744.82,2025-05-20,2025-05-20,Reconciled,
TXN0001605,2680542483,-9019.50,-9019.50,2025-06-13,2025-06-13,Reconciled,
TXN0000027,3959503530,-25155.90,-25155.90,2025-05-24,2025-05-24,Reconciled,
TXN0005855,8871338062,-21198.30,-21198.30,2025-02-10,2025-02-10,Reconciled,
TXN0003558,5916703413,-35895.52,-35895.52,2025-06-08,2025-06-08,Reconciled,
TXN0000017,5779804413,40341.42,40341.42,2025-04-05,2025-04-05,Reconciled,
TXN0002991,1365457911,18604.09,18604.09,2025-01-01,2025-01-02,Reconciled (Timing Difference),"Posted 1 day(s) apart -- in-transit item, not an error."
TXN0001284,5185535312,18527.10,18527.10,2025-02-19,2025-02-19,Reconciled,
TXN0003638,3688254184,22179.52,22066.07,2025-02-18,2025-02-18,Amount Discrepancy (Investigate),"Ledger 22179.52 vs bank 22066.07, diff 113.45."
TXN0004177,8480965139,-5569.65,-5569.65,2025-05-28,2025-05-28,Reconciled,
TXN0003137,1635523774,-9578.16,-9578.16,2025-05-20,2025-05-20,Reconciled,
TXN0000594,2900391039,-31837.77,-31837.77,2025-02-19,2025-02-19,Reconciled,
TXN0003624,5185689818,18671.26,18671.26,2025-06-27,2025-06-27,Reconciled,
TXN0003754,1903133301,-17425.52,-17425.52,2025-06-11,2025-06-11,Reconciled,
TXN0000677,6175210419,7023.33,7023.33,2025-01-27,2025-01-27,Reconciled,
TXN0004170,5791186411,-42060.68,-42060.68,2025-04-08,2025-04-08,Reconciled,
TXN0001988,8838176887,-34830.11,-34830.11,2025-05-04,2025-05-04,Reconciled,
TXN0005745,9007113588,-27128.70,-27128.70,2025-04-16,2025-04-16,Reconciled,
TXN0003522,7864534552,42678.40,42678.40,2025-01-10,2025-01-10,Reconciled,
TXN0004382,5998163440,-33689.17,-33689.17,2025-01-07,2025-01-07,Reconciled,
TXN0002654,9236808379,-4867.77,-4867.77,2025-05-21,2025-05-21,Reconciled,
TXN0002268,1540274903,1327.37,1327.37,2025-04-19,2025-04-22,Reconciled (Timing Difference),"Posted 3 day(s) apart -- in-transit item, not an error."
TXN0005891,6793257827,-42235.25,-42235.25,2025-04-16,2025-04-16,Reconciled,
TXN0004364,3700914101,21796.57,21796.57,2025-05-28,2025-05-31,Reconciled (Timing Difference),"Posted 3 day(s) apart -- in-transit item, not an error."
TXN0004117,4426065749,-26681.56,-26681.56,2025-04-13,2025-04-15,Reconciled (Timing Difference),"Posted 2 day(s) apart -- in-transit item, not an error."
TXN0004361,2945274692,40709.96,40709.96,2025-01-29,2025-01-29,Reconciled,
TXN0000078,4134388896,-25226.67,-25379.04,2025-03-09,2025-03-09,Amount Discrepancy (Investigate),"Ledger -25226.67 vs bank -25379.04, diff 152.37."
TXN0002192,8793139563,27579.48,27579.48,2025-04-28,2025-04-28,Reconciled,
TXN0001392,3646674389,-4884.18,-4884.18,2025-01-08,2025-01-08,Reconciled,
TXN0005553,4561566815,-2732.99,-2732.99,2025-01-10,2025-01-12,Reconciled (Timing Difference),"Posted 2 day(s) apart -- in-transit item, not an error."
TXN0003465,8813404192,-41840.13,-41840.13,2025-03-13,2025-03-13,Reconciled,
TXN0001180,4079138667,33821.72,33621.22,2025-04-02,2025-04-02,Amount Discrepancy (Investigate),"Ledger 33821.72 vs bank 33621.22, diff 200.50."
TXN0004292,7692625680,39835.54,39835.54,2025-06-02,2025-06-04,Reconciled (Timing Difference),"Posted 2 day(s) apart -- in-transit item, not an error."
TXN0000074,4293644668,-41461.58,-41461.58,2025-06-09,2025-06-09,Reconciled,
TXN0004122,2855449732,-1639.57,-1639.57,2025-01-02,2025-01-03,Reconciled (Timing Difference),"Posted 1 day(s) apart -- in-transit item, not an error."
TXN0004282,1055116543,-5344.19,-5344.19,2025-04-09,2025-04-09,Reconciled,
TXN0005707,2336724115,28015.05,28015.05,2025-05-23,2025-05-23,Reconciled,
TXN0004553,3503539242,18061.50,18061.50,2025-04-09,2025-04-09,Reconciled,
TXN0003727,6874405711,-41642.08,-41642.08,2025-06-03,2025-06-03,Reconciled,
TXN0000209,7658931286,-22715.98,-22715.98,2025-04-13,2025-04-13,Reconciled,
TXN0000922,9129567774,-30304.58,-30304.58,2025-01-27,2025-01-27,Reconciled,
TXN0005542,6706771420,34783.15,34783.15,2025-03-20,2025-03-20,Reconciled,
TXN0004414,8331508430,-29295.39,-29295.39,2025-03-07,2025-03-07,Reconciled,
TXN0000565,8562025571,34121.22,34121.22,2025-02-14,2025-02-14,Reconciled,
TXN0004998,8703548996,-3757.57,-3757.57,2025-03-02,2025-03-03,Reconciled (Timing Difference),"Posted 1 day(s) apart -- in-transit item, not an error."
TXN0000852,5541336950,-408.53,-408.53,2025-04-24,2025-04-24,Reconciled,
TXN0005651,2785786863,-38530.70,-38530.70,2025-05-13,2025-05-13,Reconciled,
TXN0000034,2027989582,-4388.29,-4388.29,2025-04-18,2025-04-18,Reconciled,
TXN0000766,7324905489,-39134.82,-39134.82,2025-06-30,2025-06-30,Reconciled,
TXN0005046,1418921665,-11759.27,-11759.27,2025-01-09,2025-01-11,Reconciled (Timing Difference),"Posted 2 day(s) apart -- in-transit item, not an error."
TXN0001048,3287162516,-11500.24,-11500.24,2025-01-26,2025-01-28,Reconciled (Timing Difference),"Posted 2 day(s) apart -- in-transit item, not an error."
TXN0004465,6342959104,-13832.75,-13832.75,2025-02-13,2025-02-13,Reconciled,
TXN0004215,6029338793,-11227.11,-11097.27,2025-02-25,2025-02-25,Amount Discrepancy (Investigate),"Ledger -11227.11 vs bank -11097.27, diff -129.84."
TXN0004939,3062947744,-38651.76,-38651.76,2025-03-10,2025-03-10,Reconciled,
TXN0001005,4543788675,-32742.31,,2025-01-31,,Ledger-Only (Investigate),No matching bank record found for this ledger entry.
TXN0004284,9818856508,-33617.70,-33617.70,2025-03-09,2025-03-09,Reconciled,
TXN0002361,7289521622,-25071.56,-25071.56,2025-06-21,2025-06-21,Reconciled,
TXN0000961,2307070719,-10551.83,-10551.83,2025-04-07,2025-04-07,Reconciled,
TXN0004692,1204913585,21075.59,21075.59,2025-05-03,2025-05-03,Reconciled,
TXN0000664,1123638497,-19128.92,-19128.92,2025-05-09,2025-05-09,Reconciled,
TXN0002616,6476494629,5206.67,5206.67,2025-05-09,2025-05-09,Reconciled,
TXN0005414,2249278689,15856.00,15856.00,2025-03-24,2025-03-24,Reconciled,
TXN0005050,5663822375,-30962.93,-30962.93,2025-06-02,2025-06-02,Reconciled,
TXN0002664,6728580779,-278.11,-278.11,2025-06-09,2025-06-09,Reconciled,
TXN0001354,5026425333,-14200.54,-14200.54,2025-05-13,2025-05-13,Reconciled,
TXN0001636,1932314469,-17552.34,-17552.34,2025-06-22,2025-06-22,Reconciled,
TXN0000092,1374372171,11084.29,11084.29,2025-03-13,2025-03-13,Reconciled,
TXN0004320,1493878062,22620.84,22620.84,2025-06-23,2025-06-23,Reconciled,
TXN0001455,7281999310,-28070.46,-28070.46,2025-02-06,2025-02-06,Reconciled,
TXN0002809,5468744242,5624.10,5624.10,2025-04-10,2025-04-12,Reconciled (Timing Difference),"Posted 2 day(s) apart -- in-transit item, not an error."
TXN0001068,7254906394,-37257.61,-37257.61,2025-05-25,2025-05-25,Reconciled,
TXN0002434,7394888833,-19343.77,-19343.77,2025-06-01,2025-06-01,Reconciled,
TXN0000609,9296801330,33427.19,,2025-03-01,,Ledger-Only (Investigate),No matching bank record found for this ledger entry.
TXN0000685,4893587592,-8334.08,-8334.08,2025-01-01,2025-01-01,Reconciled,
TXN0002927,1536846334,-29834.13,-29834.13,2025-02-11,2025-02-11,Reconciled,
TXN0002203,8392266773,-6997.77,-6997.77,2025-01-03,2025-01-03,Reconciled,
TXN0003847,5355863988,3293.81,3293.81,2025-05-22,2025-05-22,Reconciled,
TXN0004690,3154455573,-6497.39,-6348.63,2025-02-26,2025-02-26,Amount Discrepancy (Investigate),"Ledger -6497.39 vs bank -6348.63, diff -148.76."
TXN0004476,3395642856,35633.80,35633.80,2025-02-18,2025-02-18,Reconciled,
TXN0002122,8262380409,34003.79,34003.79,2025-06-06,2025-06-06,Reconciled,
TXN0000105,4895839885,37750.94,37750.94,2025-04-26,2025-04-28,Reconciled (Timing Difference),"Posted 2 day(s) apart -- in-transit item, not an error."
TXN0004332,9965095972,36949.60,36949.60,2025-04-23,2025-04-23,Reconciled,
TXN0000225,9349988755,-24890.32,-24890.32,2025-05-29,2025-05-29,Reconciled,
TXN0001999,9164737671,-16504.07,-16504.07,2025-06-05,2025-06-05,Reconciled,
TXN0001402,6096264696,-39041.55,-39041.55,2025-06-11,2025-06-11,Reconciled,
TXN0002947,8413569035,-2835.10,-2835.10,2025-06-14,2025-06-14,Reconciled,
TXN0005329,7589460373,15066.12,15066.12,2025-04-01,2025-04-01,Reconciled,
TXN0003459,3735134815,25006.32,25006.32,2025-03-21,2025-03-21,Reconciled,
TXN0003893,1586632002,-35809.57,-35809.57,2025-06-19,2025-06-19,Reconciled,
TXN0002200,2181926235,12101.94,12101.94,2025-06-29,2025-06-29,Reconciled,
TXN0003318,2070035963,-41985.77,-41985.77,2025-01-21,2025-01-21,Reconciled,
TXN0004942,6623402012,-7581.27,-7581.27,2025-04-20,2025-04-20,Reconciled,
TXN0003085,2084338813,21688.59,21688.59,2025-03-11,2025-03-11,Reconciled,
TXN0002728,7990467486,36255.73,36255.73,2025-01-03,2025-01-03,Reconciled,
TXN0004135,2898749263,-11414.04,-11414.04,2025-04-17,2025-04-17,Reconciled,
TXN0005735,2616041293,-32120.55,-32120.55,2025-01-02,2025-01-02,Reconciled,
TXN0004508,1149538125,-29633.95,-29633.95,2025-03-20,2025-03-22,Reconciled (Timing Difference),"Posted 2 day(s) apart -- in-transit item, not an error."
TXN0002722,7823547384,20457.71,20457.71,2025-06-23,2025-06-26,Reconciled (Timing Difference),"Posted 3 day(s) apart -- in-transit item, not an error."
TXN0001979,8005415754,-143.86,-143.86,2025-01-02,2025-01-02,Reconciled,
TXN0005610,8363473929,16198.61,16198.61,2025-02-07,2025-02-10,Reconciled (Timing Difference),"Posted 3 day(s) apart -- in-transit item, not an error."
TXN0005701,6663451835,-33019.92,-33019.92,2025-06-22,2025-06-22,Reconciled,
TXN0002925,6096502919,10913.53,10913.53,2025-05-14,2025-05-14,Reconciled,
TXN0000823,3523737817,-2690.28,-2690.28,2025-02-03,2025-02-03,Reconciled,
TXN0000346,7820761919,32518.28,32518.28,2025-05-26,2025-05-27,Reconciled (Timing Difference),"Posted 1 day(s) apart -- in-transit item, not an error."
TXN0004184,5299247333,-43310.64,-43310.64,2025-01-03,2025-01-03,Reconciled,
TXN0005652,9130683399,-13947.83,-13947.83,2025-04-18,2025-04-18,Reconciled,
TXN0005835,5661386216,-14392.58,-14392.58,2025-06-11,2025-06-11,Reconciled,
TXN0000388,7311452953,43809.03,43809.03,2025-01-24,2025-01-24,Reconciled,
TXN0001676,7133138620,-8325.40,-8325.40,2025-01-30,2025-01-30,Reconciled,
TXN0004222,9768117938,-7387.19,-7387.19,2025-04-15,2025-04-15,Reconciled,
TXN0000959,4830508938,-31560.87,-31560.87,2025-01-13,2025-01-13,Reconciled,
TXN0005411,6485899596,-21584.27,-21584.27,2025-03-29,2025-03-29,Reconciled,
TXN0004014,9685225810,-8128.80,-8128.80,2025-04-06,2025-04-06,Reconciled,
TXN0003428,4697275776,-16405.98,-16405.98,2025-06-15,2025-06-15,Reconciled,
TXN0000351,9218771484,7604.89,7604.89,2025-04-28,2025-04-28,Reconciled,
TXN0005494,1851808351,23901.13,23901.13,2025-06-27,2025-06-27,Reconciled,
TXN0004776,9573120629,-43988.71,-43988.71,2025-06-18,2025-06-18,Reconciled,
TXN0003601,6405123704,-30880.15,-30880.15,2025-01-01,2025-01-01,Reconciled,
TXN0000043,9184675510,-28719.62,-28719.62,2025-06-15,2025-06-15,Reconciled,
TXN0001024,5228789846,41904.28,41904.28,2025-06-04,2025-06-04,Reconciled,
TXN0002409,4328504386,-44406.05,-44406.05,2025-06-16,2025-06-16,Reconciled,
TXN0001960,4415713821,-37148.81,-37148.81,2025-04-08,2025-04-08,Reconciled,
TXN0000403,5778380212,9942.09,9942.09,2025-03-05,2025-03-05,Reconciled,
TXN0001756,1672027880,-20245.52,-20245.52,2025-02-23,2025-02-24,Reconciled (Timing Difference),"Posted 1 day(s) apart -- in-transit item, not an error."
TXN0000925,8558010205,-7188.91,-7188.91,2025-03-01,2025-03-01,Reconciled,
TXN0003662,6956818018,-33779.25,-33779.25,2025-06-26,2025-06-29,Reconciled (Timing Difference),"Posted 3 day(s) apart -- in-transit item, not an error."
TXN0000037,9999014859,42818.48,42818.48,2025-04-29,2025-04-29,Reconciled,
TXN0004248,6116802496,-22089.80,-22089.80,2025-01-03,2025-01-03,Reconciled,
TXN0005177,1112983950,-35802.68,-35802.68,2025-04-21,2025-04-24,Reconciled (Timing Difference),"Posted 3 day(s) apart -- in-transit item, not an error."
TXN0003339,3121116274,-30627.24,-30627.24,2025-04-14,2025-04-14,Reconciled,
TXN0004425,1515015067,15247.71,15247.71,2025-04-19,2025-04-19,Reconciled,
TXN0004525,2404401219,8571.31,8571.31,2025-01-21,2025-01-21,Reconciled,
TXN0001871,5294598773,-40110.74,-40110.74,2025-05-31,2025-05-31,Reconciled,
TXN0003156,6989101340,-37373.18,-37373.18,2025-01-07,2025-01-07,Reconciled,
TXN0005064,6583264808,-28683.93,-28683.93,2025-03-19,2025-03-19,Reconciled,
TXN0004661,9861328187,-24210.75,-24210.75,2025-02-03,2025-02-03,Reconciled,
TXN0000442,4271021048,-35259.25,-35259.25,2025-01-23,2025-01-23,Reconciled,
TXN0001575,7030146791,35182.19,35182.19,2025-03-26,2025-03-26,Reconciled,
TXN0002183,5815530592,2104.44,2104.44,2025-01-14,2025-01-14,Reconciled,
TXN0003976,5061694969,-17607.06,-17607.06,2025-06-14,2025-06-14,Reconciled,
TXN0005473,6878208759,40371.90,40371.90,2025-03-10,2025-03-10,Reconciled,
TXN0002681,5168563910,-4118.87,-4118.87,2025-06-14,2025-06-14,Reconciled,
TXN0003444,4282219249,-1425.25,-1425.25,2025-02-22,2025-02-22,Reconciled,
TXN0001735,6725261464,-28421.39,-28421.39,2025-03-12,2025-03-12,Reconciled,
TXN0001014,1300402494,33291.94,33291.94,2025-03-29,2025-03-29,Reconciled,
TXN0004519,9658369100,-35066.40,-35066.40,2025-01-29,2025-01-29,Reconciled,
TXN0005253,4225571523,9217.67,9217.67,2025-01-05,2025-01-05,Reconciled,
TXN0003717,1134128894,-17761.76,-17761.76,2025-05-09,2025-05-09,Reconciled,
TXN0003785,7390403263,-10380.46,-10380.46,2025-01-16,2025-01-16,Reconciled,
TXN0004727,2372016232,-19696.25,-19696.25,2025-06-21,2025-06-21,Reconciled,
TXN0005813,6188739777,-35003.03,-35003.03,2025-05-10,2025-05-10,Reconciled,
TXN0001783,8829303165,38696.92,38696.92,2025-01-07,2025-01-07,Reconciled,
TXN0004309,1888724677,31551.36,31577.65,2025-04-24,2025-04-24,Amount Discrepancy (Investigate),"Ledger 31551.36 vs bank 31577.65, diff -26.29."
TXN0005550,8775128050,-851.43,-851.43,2025-01-11,2025-01-11,Reconciled,
TXN0000832,4396795321,-754.52,-754.52,2025-03-15,2025-03-15,Reconciled,
TXN0002079,3436823842,-16282.78,-16282.78,2025-05-18,2025-05-18,Reconciled,
TXN0002025,5413794218,-33788.47,-33788.47,2025-04-26,2025-04-26,Reconciled,
TXN0000024,6768560195,-9240.12,-9240.12,2025-06-14,2025-06-14,Reconciled,
TXN0003626,5630409430,-42975.87,-42975.87,2025-01-26,2025-01-26,Reconciled,
TXN0001774,6291915238,-41847.45,-41847.45,2025-06-21,2025-06-21,Reconciled,
TXN0003497,6933140625,-32610.23,-32610.23,2025-05-07,2025-05-07,Reconciled,
TXN0003225,6021239929,-29673.26,-29673.26,2025-01-23,2025-01-23,Reconciled,
TXN0003376,4211718024,29953.99,29953.99,2025-04-24,2025-04-27,Reconciled (Timing Difference),"Posted 3 day(s) apart -- in-transit item, not an error."
TXN0000286,1973885519,-30458.87,-30458.87,2025-01-06,2025-01-06,Reconciled,
TXN0001002,4064880455,22040.50,22112.24,2025-03-22,2025-03-22,Amount Discrepancy (Investigate),"Ledger 22040.50 vs bank 22112.24, diff -71.74."
TXN0000780,2961678255,25578.82,25578.82,2025-06-16,2025-06-16,Reconciled,
TXN0005089,8767007821,13826.11,13826.11,2025-04-14,2025-04-14,Reconciled,
TXN0002724,3977295214,-41868.04,-41868.04,2025-06-14,2025-06-14,Reconciled,
TXN0001315,5984460724,-5697.28,-5697.28,2025-06-19,2025-06-19,Reconciled,
TXN0005963,3373336273,36678.78,36678.78,2025-06-09,2025-06-09,Reconciled,
TXN0002631,7241945193,27953.98,27953.98,2025-05-06,2025-05-06,Reconciled,
TXN0005824,6475575146,-20922.68,-20922.68,2025-01-18,2025-01-18,Reconciled,
TXN0002605,4595781433,-25272.89,-25272.89,2025-04-20,2025-04-20,Reconciled,
TXN0003406,6009533356,-38075.48,-38075.48,2025-04-30,2025-04-30,Reconciled,
TXN0000072,7712210597,-17225.15,-17225.15,2025-01-27,2025-01-27,Reconciled,
TXN0003598,7580874804,-2992.40,-2992.40,2025-03-18,2025-03-18,Reconciled,
TXN0005971,5428669366,-8361.80,-8361.80,2025-02-07,2025-02-07,Reconciled,
TXN0003842,1495737559,-41889.21,-41889.21,2025-01-10,2025-01-10,Reconciled,
TXN0001740,4957863749,4556.45,4556.45,2025-01-22,2025-01-22,Reconciled,
TXN0004018,6045626034,7201.78,7201.78,2025-06-02,2025-06-02,Reconciled,
TXN0000180,7761398905,14005.10,14005.10,2025-01-17,2025-01-17,Reconciled,
TXN0002175,3501464267,-40526.38,-40526.38,2025-02-08,2025-02-08,Reconciled,
TXN0003762,4888754389,-1207.47,-1207.47,2025-01-01,2025-01-01,Reconciled,
TXN0001355,3400910897,-25935.90,-25935.90,2025-03-08,2025-03-08,Reconciled,
TXN0001169,5142760635,-21010.13,-21010.13,2025-06-05,2025-06-05,Reconciled,
TXN0002045,2405328742,-30808.15,-30808.15,2025-02-28,2025-02-28,Reconciled,
TXN0005440,9060973417,44634.85,44634.85,2025-02-24,2025-02-26,Reconciled (Timing Difference),"Posted 2 day(s) apart -- in-transit item, not an error."
TXN0001903,1205002651,-32338.49,-32338.49,2025-03-13,2025-03-13,Reconciled,
TXN0002346,2333914947,-11494.03,-11494.03,2025-02-06,2025-02-06,Reconciled,
TXN0002994,6163255160,3950.53,3950.53,2025-04-12,2025-04-12,Reconciled,
TXN0001244,7648094774,-39127.77,-39127.77,2025-01-03,2025-01-03,Reconciled,
TXN0005619,3025963675,-9491.43,-9491.43,2025-03-16,2025-03-16,Reconciled,
TXN0003571,6908927687,-34458.38,-34458.38,2025-04-28,2025-04-28,Reconciled,
TXN0002565,1258029314,-24029.51,-24029.51,2025-06-11,2025-06-11,Reconciled,
TXN0003336,1725995306,7273.04,7273.04,2025-01-18,2025-01-18,Reconciled,
TXN0002210,7856377895,-12086.03,-12086.03,2025-04-24,2025-04-24,Reconciled,
TXN0004351,1509792268,29673.98,29673.98,2025-05-14,2025-05-14,Reconciled,
TXN0000693,6838552407,43465.63,43465.63,2025-02-13,2025-02-13,Reconciled,
TXN0001188,4670527848,-7263.65,-7263.65,2025-03-19,2025-03-19,Reconciled,
TXN0001310,8974401986,15850.19,15850.19,2025-01-30,2025-01-30,Reconciled,
TXN0004471,6393649293,-31765.19,-31765.19,2025-05-14,2025-05-14,Reconciled,
TXN0000428,5686928544,-41644.00,-41644.00,2025-01-28,2025-01-28,Reconciled,
TXN0000983,7107080843,-15326.35,-15326.35,2025-02-20,2025-02-22,Reconciled (Timing Difference),"Posted 2 day(s) apart -- in-transit item, not an error."
TXN0005400,8550021894,-31809.38,-31809.38,2025-06-21,2025-06-21,Reconciled,
TXN0001918,2796134904,22355.35,22355.35,2025-02-21,2025-02-24,Reconciled (Timing Difference),"Posted 3 day(s) apart -- in-transit item, not an error."
TXN0003076,4059252825,-37304.14,-37304.14,2025-02-17,2025-02-17,Reconciled,
TXN0002521,3717380504,-38523.25,-38523.25,2025-04-27,2025-04-27,Reconciled,
TXN0004372,6005406180,31868.58,31868.58,2025-06-14,2025-06-14,Reconciled,
TXN0003120,5660048620,-23366.51,-23366.51,2025-02-04,2025-02-04,Reconciled,
TXN0000824,9655920433,-1664.60,-1664.60,2025-06-04,2025-06-04,Reconciled,
TXN0005982,6517687523,34004.52,34004.52,2025-05-08,2025-05-08,Reconciled,
TXN0000422,3371648496,722.43,722.43,2025-02-08,2025-02-08,Reconciled,
TXN0000952,7808457468,5558.65,5558.65,2025-05-18,2025-05-18,Reconciled,
TXN0001559,1621027923,-20641.06,-20641.06,2025-05-19,2025-05-19,Reconciled,
TXN0003620,7244264601,-34743.23,-34743.23,2025-03-26,2025-03-26,Reconciled,
TXN0000079,7758493526,-24664.86,-24664.86,2025-01-20,2025-01-20,Reconciled,
TXN0001572,9752951153,123.48,123.48,2025-06-10,2025-06-10,Reconciled,
TXN0004973,1535387055,9092.04,9092.04,2025-06-28,2025-06-28,Reconciled,
TXN0003312,8432434502,-6408.46,-6408.46,2025-01-27,2025-01-27,Reconciled,
TXN0001460,1164246346,-41826.04,-41826.04,2025-02-07,2025-02-07,Reconciled,
TXN0000900,2983372046,5576.62,5576.62,2025-05-12,2025-05-12,Reconciled,
TXN0002735,3630345927,14949.88,14949.88,2025-02-16,2025-02-16,Reconciled,
TXN0004102,3179323098,12948.40,12948.40,2025-01-03,2025-01-06,Reconciled (Timing Difference),"Posted 3 day(s) apart -- in-transit item, not an error."
TXN0001462,1506829593,43015.24,43015.24,2025-01-10,2025-01-10,Reconciled,
TXN0005795,8557938667,31200.29,31200.29,2025-02-02,2025-02-04,Reconciled (Timing Difference),"Posted 2 day(s) apart -- in-transit item, not an error."
TXN0001626,8589318825,-35542.88,-35542.88,2025-03-09,2025-03-09,Reconciled,
TXN0000814,2020821600,-9776.52,-9776.52,2025-06-09,2025-06-09,Reconciled,
TXN0004766,3956689744,-26968.47,-26968.47,2025-04-30,2025-04-30,Reconciled,
TXN0001084,5115745654,-33433.96,-33433.96,2025-01-30,2025-01-30,Reconciled,
TXN0000381,7856620167,-13109.36,-13109.36,2025-06-10,2025-06-10,Reconciled,
TXN0003379,7556738517,34084.12,34084.12,2025-02-28,2025-02-28,Reconciled,
TXN0001126,2954112246,-44388.52,-44388.52,2025-02-08,2025-02-08,Reconciled,
TXN0004319,9630704925,7730.26,,2025-03-31,,Ledger-Only (Investigate),No matching bank record found for this ledger entry.
TXN0000013,9506154484,-41563.34,-41563.34,2025-05-02,2025-05-02,Reconciled,
TXN0004791,1876666753,-34919.56,-35099.76,2025-06-14,2025-06-14,Amount Discrepancy (Investigate),"Ledger -34919.56 vs bank -35099.76, diff 180.20."
TXN0000248,6426186351,-2668.09,-2668.09,2025-02-03,2025-02-03,Reconciled,
TXN0003349,1465270500,-39813.42,-39813.42,2025-03-06,2025-03-07,Reconciled (Timing Difference),"Posted 1 day(s) apart -- in-transit item, not an error."
TXN0003149,5358758098,-39825.88,-39825.88,2025-04-27,2025-04-27,Reconciled,
TXN0003915,9189872960,-44830.44,-44830.44,2025-05-19,2025-05-19,Reconciled,
TXN0003972,3023918044,-38900.21,-38900.21,2025-01-28,2025-01-28,Reconciled,
TXN0001153,7309666692,5832.09,5832.09,2025-01-22,2025-01-22,Reconciled,
TXN0000586,7877893885,6252.42,6252.42,2025-05-22,2025-05-22,Reconciled,
TXN0003600,7239839350,-34246.62,-34246.62,2025-04-20,2025-04-20,Reconciled,
TXN0002339,5474221081,7025.71,7025.71,2025-03-06,2025-03-06,Reconciled,
TXN0001938,8191226997,-16724.14,-16724.14,2025-02-25,2025-02-25,Reconciled,
TXN0003347,5333777087,28537.83,28537.83,2025-02-16,2025-02-16,Reconciled,
TXN0003207,2766995737,-21600.95,-21600.95,2025-02-26,2025-02-26,Reconciled,
TXN0001851,8608379128,-40160.24,-40160.24,2025-04-08,2025-04-08,Reconciled,
TXN0002211,5173438684,3795.12,3795.12,2025-01-16,2025-01-16,Reconciled,
TXN0000590,5846620229,34764.45,34764.45,2025-05-19,2025-05-19,Reconciled,
TXN0003330,9000858821,-17011.22,-17011.22,2025-01-29,2025-01-29,Reconciled,
TXN0003083,6919926079,-15345.41,-15345.41,2025-04-30,2025-04-30,Reconciled,
TXN0005657,1171949063,-15948.49,-15948.49,2025-03-08,2025-03-08,Reconciled,
TXN0002017,1858920069,-38027.69,-38027.69,2025-06-09,2025-06-09,Reconciled,
TXN0001785,4016371339,-9778.82,-9778.82,2025-05-12,2025-05-12,Reconciled,
TXN0000968,7092060693,-44802.07,-44802.07,2025-05-14,2025-05-14,Reconciled,
TXN0000951,1959491984,42014.18,42014.18,2025-03-11,2025-03-11,Reconciled,
TXN0005220,5982214668,-17579.41,-17579.41,2025-01-18,2025-01-19,Reconciled (Timing Difference),"Posted 1 day(s) apart -- in-transit item, not an error."
TXN0001321,6478177572,-16813.64,-16813.64,2025-05-06,2025-05-06,Reconciled,
TXN0004581,1929056975,-28499.75,-28499.75,2025-06-28,2025-06-28,Reconciled,
TXN0004955,2790204255,-31838.45,-31838.45,2025-04-28,2025-04-28,Reconciled,
TXN0000531,7436442944,41233.49,41233.49,2025-04-10,2025-04-10,Reconciled,
TXN0003408,3665433401,-39073.24,-39073.24,2025-05-22,2025-05-22,Reconciled,
TXN0004082,7664876684,-21369.44,-21369.44,2025-05-10,2025-05-10,Reconciled,
TXN0002104,3920334698,-35132.40,-35132.40,2025-05-18,2025-05-18,Reconciled,
TXN0005292,3060459152,-5674.26,-5674.26,2025-05-25,2025-05-25,Reconciled,
TXN0005232,5348178209,-38761.52,-38761.52,2025-04-28,2025-04-29,Reconciled (Timing Difference),"Posted 1 day(s) apart -- in-transit item, not an error."
TXN0005010,6154590656,-35029.34,-35029.34,2025-01-03,2025-01-03,Reconciled,
TXN0001995,6194791557,-30953.35,-30953.35,2025-06-22,2025-06-25,Reconciled (Timing Difference),"Posted 3 day(s) apart -- in-transit item, not an error."
TXN0004252,8508515663,-1491.23,-1491.23,2025-05-05,2025-05-05,Reconciled,
TXN0001464,5411233290,-664.39,-664.39,2025-01-09,2025-01-10,Reconciled (Timing Difference),"Posted 1 day(s) apart -- in-transit item, not an error."
TXN0002399,8797110455,-32180.50,-32180.50,2025-02-01,2025-02-01,Reconciled,
TXN0005371,5284618155,-21811.06,-21811.06,2025-03-25,2025-03-25,Reconciled,
TXN0000598,3671823991,16249.17,16249.17,2025-05-01,2025-05-01,Reconciled,
TXN0001274,8034144091,44665.00,44665.00,2025-02-25,2025-02-25,Reconciled,
TXN0001885,4560473945,-18090.31,-18090.31,2025-06-26,2025-06-26,Reconciled,
TXN0003295,6420591152,-16228.33,-16228.33,2025-04-10,2025-04-10,Reconciled,
TXN0004126,7388382575,-32904.01,-32904.01,2025-04-23,2025-04-23,Reconciled,
TXN0003895,2065875649,-34463.46,-34463.46,2025-04-09,2025-04-09,Reconciled,
TXN0000698,8999271788,-4351.16,-4351.16,2025-03-02,2025-03-02,Reconciled,
TXN0003177,4149336726,28761.85,28761.85,2025-01-12,2025-01-12,Reconciled,
TXN0005875,6616098162,-23470.80,-23470.80,2025-05-29,2025-05-29,Reconciled,
TXN0005349,3733506590,-22118.79,-22118.79,2025-05-12,2025-05-12,Reconciled,
TXN0004708,4730756593,-38445.18,-38445.18,2025-01-14,2025-01-14,Reconciled,
TXN0000820,6145973983,36176.23,36176.23,2025-06-29,2025-06-29,Reconciled,
TXN0004546,5235085847,-5809.19,-5809.19,2025-04-10,2025-04-10,Reconciled,
TXN0003512,2894577142,7002.37,7002.37,2025-04-11,2025-04-11,Reconciled,
TXN0000534,3554176434,12779.22,12779.22,2025-01-01,2025-01-04,Reconciled (Timing Difference),"Posted 3 day(s) apart -- in-transit item, not an error."
TXN0002116,2263115278,-28360.76,-28360.76,2025-01-29,2025-01-30,Reconciled (Timing Difference),"Posted 1 day(s) apart -- in-transit item, not an error."
TXN0005650,8340567033,22318.50,22318.50,2025-04-30,2025-04-30,Reconciled,
TXN0001290,5533049036,20989.84,20989.84,2025-03-28,2025-03-28,Reconciled,
TXN0004756,4005463955,-40945.27,-40945.27,2025-05-31,2025-05-31,Reconciled,
TXN0005967,4475048554,-5104.27,-5104.27,2025-03-30,2025-03-30,Reconciled,
TXN0002515,5833845110,27719.28,27719.28,2025-06-05,2025-06-05,Reconciled,
TXN0003682,8888738301,27335.17,27335.17,2025-03-06,2025-03-06,Reconciled,
TXN0003981,1097126575,-44792.39,-44792.39,2025-02-03,2025-02-06,Reconciled (Timing Difference),"Posted 3 day(s) apart -- in-transit item, not an error."
TXN0005817,7898686907,-16635.38,-16635.38,2025-02-22,2025-02-24,Reconciled (Timing Difference),"Posted 2 day(s) apart -- in-transit item, not an error."
TXN0003690,5291707795,-31271.72,-31271.72,2025-05-19,2025-05-19,Reconciled,
TXN0000821,7761063599,-2248.47,-2248.47,2025-01-15,2025-01-15,Reconciled,
TXN0005685,3386438764,24291.43,24291.43,2025-06-23,2025-06-23,Reconciled,
TXN0003944,9071645975,-31938.02,-31938.02,2025-05-23,2025-05-23,Reconciled,
TXN0003174,5692388731,37805.40,37805.40,2025-02-18,2025-02-18,Reconciled,
TXN0000785,5402282339,-5321.13,-5321.13,2025-01-18,2025-01-18,Reconciled,
TXN0004575,6939212033,24590.16,24590.16,2025-03-25,2025-03-26,Reconciled (Timing Difference),"Posted 1 day(s) apart -- in-transit item, not an error."
TXN0001700,9601574231,-38342.86,,2025-06-08,,Ledger-Only (Investigate),No matching bank record found for this ledger entry.
TXN0003112,7045508870,-32691.08,-32691.08,2025-05-01,2025-05-01,Reconciled,
TXN0004427,8687373899,25309.64,25309.64,2025-02-01,2025-02-01,Reconciled,
TXN0004342,2987972409,-22617.65,-22617.65,2025-03-07,2025-03-07,Reconciled,
TXN0005927,1059128229,24793.59,24793.59,2025-01-22,2025-01-22,Reconciled,
TXN0000100,3630465066,5370.04,5370.04,2025-03-03,2025-03-03,Reconciled,
TXN0000405,8475342053,14193.14,14193.14,2025-05-19,2025-05-19,Reconciled,
TXN0000031,9640755789,32569.03,32569.03,2025-03-04,2025-03-04,Reconciled,
TXN0004172,1884447455,12935.91,12935.91,2025-06-29,2025-06-29,Reconciled,
TXN0003751,8381556487,-32902.89,-32902.89,2025-02-17,2025-02-17,Reconciled,
TXN0002453,6239653821,3443.96,3443.96,2025-05-14,2025-05-14,Reconciled,
TXN0004986,7729855583,18701.27,18701.27,2025-05-09,2025-05-09,Reconciled,
TXN0005485,3933067531,6038.95,6038.95,2025-03-21,2025-03-21,Reconciled,
TXN0001368,5792566996,38892.70,,2025-05-23,,Ledger-Only (Investigate),No matching bank record found for this ledger entry.
TXN0001406,4081214662,40846.94,40846.94,2025-02-28,2025-02-28,Reconciled,
TXN0001947,3252819921,-23466.22,-23466.22,2025-06-10,2025-06-10,Reconciled,
TXN0003353,7057019371,-12407.70,-12407.70,2025-03-23,2025-03-23,Reconciled,
TXN0001944,7474146742,32778.46,32778.46,2025-03-10,2025-03-10,Reconciled,
TXN0005014,4110566731,38975.28,38975.28,2025-02-17,2025-02-17,Reconciled,
TXN0004874,4408949045,-7396.70,-7396.70,2025-06-07,2025-06-07,Reconciled,
TXN0001970,6788943147,-32773.43,-32773.43,2025-03-17,2025-03-17,Reconciled,
TXN0001431,5512721877,-23823.66,-23823.66,2025-04-27,2025-04-27,Reconciled,
TXN0000883,3552495268,-11677.95,-11677.95,2025-03-04,2025-03-04,Reconciled,
TXN0001225,3462471715,-22866.92,-22866.92,2025-04-16,2025-04-16,Reconciled,
TXN0000875,3526382482,12408.59,,2025-03-09,,Ledger-Only (Investigate),No matching bank record found for this ledger entry.
TXN0003832,1216768758,14900.88,14900.88,2025-04-23,2025-04-23,Reconciled,
TXN0005074,3785281413,15912.21,15912.21,2025-02-26,2025-02-26,Reconciled,
TXN0001422,6460908068,-31571.57,-31571.57,2025-06-29,2025-06-29,Reconciled,
TXN0000818,4982907261,20540.98,20540.98,2025-05-09,2025-05-09,Reconciled,
TXN0004204,9526653304,-699.14,-699.14,2025-06-05,2025-06-05,Reconciled,
TXN0000966,1084256862,-32082.59,-32082.59,2025-05-29,2025-05-29,Reconciled,
TXN0003078,6134506538,7565.80,7565.80,2025-05-27,2025-05-27,Reconciled,
TXN0002141,6274325136,-42646.09,-42646.09,2025-05-13,2025-05-13,Reconciled,
TXN0002727,1828563105,39315.55,39315.55,2025-02-16,2025-02-16,Reconciled,
TXN0002173,1893778431,5976.63,5752.62,2025-01-07,2025-01-07,Amount Discrepancy (Investigate),"Ledger 5976.63 vs bank 5752.62, diff 224.01."
TXN0004271,3909510163,7847.43,7847.43,2025-02-27,2025-02-27,Reconciled,
TXN0002545,1368453342,-16542.28,,2025-03-21,,Ledger-Only (Investigate),No matching bank record found for this ledger entry.
TXN0005775,6776610805,-9029.15,-9029.15,2025-05-26,2025-05-26,Reconciled,
TXN0003200,3210915235,-18289.73,-18289.73,2025-02-17,2025-02-17,Reconciled,
TXN0003672,8564013424,-28189.32,-28189.32,2025-02-13,2025-02-13,Reconciled,
TXN0000587,7075307854,-33821.31,-33821.31,2025-05-02,2025-05-02,Reconciled,
TXN0004097,6166668291,-11789.44,-11789.44,2025-03-14,2025-03-14,Reconciled,
TXN0004198,6466773148,34508.60,34508.60,2025-03-15,2025-03-15,Reconciled,
TXN0001914,3227689725,-44672.57,-44672.57,2025-04-22,2025-04-22,Reconciled,
TXN0005106,2256987140,-4903.02,-4903.02,2025-05-11,2025-05-14,Reconciled (Timing Difference),"Posted 3 day(s) apart -- in-transit item, not an error."
TXN0001745,5351431595,-36502.82,-36502.82,2025-02-23,2025-02-23,Reconciled,
TXN0002899,7687532064,38754.79,38754.79,2025-02-17,2025-02-17,Reconciled,
TXN0002028,2564712837,14012.75,14012.75,2025-03-13,2025-03-16,Reconciled (Timing Difference),"Posted 3 day(s) apart -- in-transit item, not an error."
TXN0001633,9999704870,-44467.88,-44467.88,2025-06-10,2025-06-10,Reconciled,
TXN0000478,2094704314,22482.96,22482.96,2025-04-22,2025-04-22,Reconciled,
TXN0005157,9374464523,32147.38,32147.38,2025-01-22,2025-01-22,Reconciled,
TXN0005524,7380136712,-14859.31,-14859.31,2025-05-18,2025-05-18,Reconciled,
TXN0001186,4328936113,-3157.67,-3157.67,2025-02-05,2025-02-05,Reconciled,
TXN0002450,3002434346,-3838.78,-3838.78,2025-03-12,2025-03-12,Reconciled,
TXN0002533,5681684148,9477.85,9456.63,2025-01-12,2025-01-12,Amount Discrepancy (Investigate),"Ledger 9477.85 vs bank 9456.63, diff 21.22."
TXN0000733,5366102907,6036.22,6036.22,2025-01-06,2025-01-06,Reconciled,
TXN0002842,3019939508,-3145.14,-3145.14,2025-03-03,2025-03-05,Reconciled (Timing Difference),"Posted 2 day(s) apart -- in-transit item, not an error."
TXN0004582,9215899033,-9034.59,-9034.59,2025-05-05,2025-05-05,Reconciled,
TXN0001371,4152525309,30449.18,30449.18,2025-04-12,2025-04-12,Reconciled,
TXN0005393,4165357154,25629.11,25629.11,2025-03-11,2025-03-14,Reconciled (Timing Difference),"Posted 3 day(s) apart -- in-transit item, not an error."
TXN0004071,2518588462,41316.69,41316.69,2025-01-27,2025-01-27,Reconciled,
TXN0000855,7747914756,-8577.32,-8577.32,2025-03-16,2025-03-16,Reconciled,
TXN0003251,9696497525,21171.96,21171.96,2025-06-26,2025-06-26,Reconciled,
TXN0001739,8430492355,-25546.08,-25546.08,2025-04-18,2025-04-18,Reconciled,
TXN0001293,2878526108,-32608.14,-32608.14,2025-01-23,2025-01-23,Reconciled,
TXN0002518,6492362151,-35017.34,-35017.34,2025-06-19,2025-06-19,Reconciled,
TXN0005224,5153280522,4633.15,4633.15,2025-02-01,2025-02-03,Reconciled (Timing Difference),"Posted 2 day(s) apart -- in-transit item, not an error."
TXN0003305,5070021557,4301.07,4301.07,2025-01-23,2025-01-23,Reconciled,
TXN0002893,8716133322,-34351.63,-34351.63,2025-01-07,2025-01-07,Reconciled,
TXN0005640,7929196458,-11541.42,-11541.42,2025-01-09,2025-01-09,Reconciled,
TXN0002950,4340688179,-18213.44,-18213.44,2025-05-20,2025-05-20,Reconciled,
TXN0003527,4648062862,-2644.07,-2644.07,2025-01-25,2025-01-25,Reconciled,
TXN0002072,2261792617,17412.30,17412.30,2025-05-16,2025-05-19,Reconciled (Timing Difference),"Posted 3 day(s) apart -- in-transit item, not an error."
TXN0004920,9300213725,-19307.80,-19307.80,2025-02-13,2025-02-13,Reconciled,
TXN0003475,1643074180,9438.75,9438.75,2025-05-06,2025-05-06,Reconciled,
TXN0005097,4670237008,-27853.42,-27853.42,2025-05-29,2025-05-31,Reconciled (Timing Difference),"Posted 2 day(s) apart -- in-transit item, not an error."
TXN0005354,5439037574,-21445.80,-21445.80,2025-02-06,2025-02-06,Reconciled,
TXN0000395,3467812742,-3057.94,,2025-06-12,,Ledger-Only (Investigate),No matching bank record found for this ledger entry.
TXN0004294,3365306906,-13379.93,-13379.93,2025-06-20,2025-06-20,Reconciled,
TXN0003114,1289115644,-24157.91,-24157.91,2025-04-13,2025-04-13,Reconciled,
TXN0003591,7511402627,32771.85,32771.85,2025-05-08,2025-05-08,Reconciled,
TXN0000809,6148267747,-40317.49,-40317.49,2025-03-16,2025-03-16,Reconciled,
TXN0004013,5488331519,-31904.01,-31904.01,2025-06-29,2025-06-29,Reconciled,
TXN0003425,3562976622,-38599.61,-38599.61,2025-04-05,2025-04-05,Reconciled,
TXN0004556,8844755219,12698.85,12698.85,2025-06-16,2025-06-16,Reconciled,
TXN0005563,5371754816,44463.48,44463.48,2025-04-07,2025-04-08,Reconciled (Timing Difference),"Posted 1 day(s) apart -- in-transit item, not an error."
TXN0003849,3614652346,25748.64,25748.64,2025-01-04,2025-01-04,Reconciled,
TXN0000901,1213309440,-33181.69,-33181.69,2025-05-27,2025-05-30,Reconciled (Timing Difference),"Posted 3 day(s) apart -- in-transit item, not an error."
TXN0000764,1549010529,-7658.91,-7658.91,2025-04-28,2025-04-28,Reconciled,
TXN0001531,4219928472,-8627.13,-8627.13,2025-02-19,2025-02-19,Reconciled,
TXN0005611,5753407040,41545.42,41545.42,2025-05-12,2025-05-12,Reconciled,
TXN0002670,7633838953,-20288.60,-20288.60,2025-01-10,2025-01-10,Reconciled,
TXN0001595,1105239620,-32240.36,-32240.36,2025-03-06,2025-03-07,Reconciled (Timing Difference),"Posted 1 day(s) apart -- in-transit item, not an error."
TXN0001826,5179571707,-18071.65,-18071.65,2025-03-23,2025-03-23,Reconciled,
TXN0004683,2734533164,-24315.43,-24315.43,2025-05-09,2025-05-09,Reconciled,
TXN0005382,1142197410,-11928.61,-11928.61,2025-06-23,2025-06-23,Reconciled,
TXN0002137,6625062479,-17011.79,-17011.79,2025-01-07,2025-01-07,Reconciled,
TXN0002695,7369368469,-16551.59,-16551.59,2025-02-28,2025-02-28,Reconciled,
TXN0004026,2913229957,-8036.49,-8036.49,2025-05-03,2025-05-03,Reconciled,
TXN0002413,4652276437,4461.00,4461.00,2025-03-09,2025-03-09,Reconciled,
TXN0000404,5504114850,-38828.57,-38828.57,2025-06-11,2025-06-11,Reconciled,
TXN0002858,6823868088,-16733.58,-16733.58,2025-04-08,2025-04-08,Reconciled,
TXN0002349,2549932233,-18553.49,-18553.49,2025-01-10,2025-01-10,Reconciled,
TXN0004031,5116127981,-13022.70,-13022.70,2025-05-01,2025-05-01,Reconciled,
TXN0000912,6704095954,-39216.64,,2025-01-13,,Ledger-Only (Investigate),No matching bank record found for this ledger entry.
TXN0003368,9591794825,-5351.26,-5351.26,2025-04-07,2025-04-07,Reconciled,
TXN0005969,3785638437,-27682.08,-27682.08,2025-02-28,2025-02-28,Reconciled,
TXN0004500,2582474435,-16130.45,,2025-04-06,,Ledger-Only (Investigate),No matching bank record found for this ledger entry.
TXN0003108,9608886678,-39568.35,-39568.35,2025-06-26,2025-06-26,Reconciled,
TXN0001746,6098018232,1570.95,1570.95,2025-06-18,2025-06-18,Reconciled,
TXN0000165,7811056430,-37050.56,-37050.56,2025-06-16,2025-06-16,Reconciled,
TXN0001213,9477042978,-20065.48,-20065.48,2025-05-09,2025-05-10,Reconciled (Timing Difference),"Posted 1 day(s) apart -- in-transit item, not an error."
TXN0005666,3827785173,-16673.00,-16673.00,2025-01-24,2025-01-25,Reconciled (Timing Difference),"Posted 1 day(s) apart -- in-transit item, not an error."
TXN0001713,2655193953,-39911.12,-39911.12,2025-04-09,2025-04-09,Reconciled,
TXN0000167,6211291940,-43909.09,-43909.09,2025-05-16,2025-05-16,Reconciled,
TXN0004713,1340271975,-9795.24,-9795.24,2025-03-10,2025-03-10,Reconciled,
TXN0001423,6860140015,26711.87,26711.87,2025-02-10,2025-02-10,Reconciled,
TXN0004032,6643676141,-3933.95,-3933.95,2025-01-09,2025-01-09,Reconciled,
TXN0002438,8762046918,-30276.95,-30276.95,2025-02-09,2025-02-09,Reconciled,
TXN0005501,9595608881,42450.81,42450.81,2025-02-08,2025-02-08,Reconciled,
TXN0005508,4423629656,-34906.50,-34906.50,2025-05-13,2025-05-13,Reconciled,
TXN0004422,7224692160,28867.28,28867.28,2025-03-20,2025-03-20,Reconciled,
TXN0002815,4231203236,29282.31,29282.31,2025-05-17,2025-05-17,Reconciled,
TXN0002140,5031970550,-24408.89,-24408.89,2025-02-27,2025-02-27,Reconciled,
TXN0003760,5316813632,-24143.54,-24143.54,2025-02-24,2025-02-24,Reconciled,
TXN0005946,5160282087,15213.75,15213.75,2025-03-02,2025-03-02,Reconciled,
TXN0000729,7286701967,23386.61,23386.61,2025-05-07,2025-05-07,Reconciled,
TXN0002834,2782172100,-10848.88,-10848.88,2025-04-22,2025-04-22,Reconciled,
TXN0002247,3354407847,-3893.99,-3893.99,2025-04-19,2025-04-19,Reconciled,
TXN0001246,9067927065,-42047.24,-42047.24,2025-01-11,2025-01-11,Reconciled,
TXN0005436,3108635402,16764.48,16764.48,2025-05-21,2025-05-21,Reconciled,
TXN0005333,2365185236,22117.98,22117.98,2025-03-21,2025-03-21,Reconciled,
TXN0003252,6206784692,-25799.09,-25799.09,2025-06-11,2025-06-11,Reconciled,
TXN0004543,7398695092,-22872.20,-22872.20,2025-04-03,2025-04-03,Reconciled,
TXN0003940,3681892453,43360.45,43360.45,2025-04-26,2025-04-26,Reconciled,
TXN0005039,4784806890,-15821.87,-15821.87,2025-02-04,2025-02-04,Reconciled,
TXN0002371,7114625306,-15410.78,-15410.78,2025-05-20,2025-05-20,Reconciled,
TXN0003426,3662755863,-29892.98,-29892.98,2025-03-10,2025-03-10,Reconciled,
TXN0002489,8834415913,-29295.07,-29295.07,2025-05-06,2025-05-09,Reconciled (Timing Difference),"Posted 3 day(s) apart -- in-transit item, not an error."
TXN0005647,1778817915,-12127.85,-12127.85,2025-03-07,2025-03-07,Reconciled,
TXN0002419,4868544667,30399.68,30399.68,2025-04-12,2025-04-12,Reconciled,
TXN0005404,2811176987,16820.18,16820.18,2025-06-25,2025-06-25,Reconciled,
TXN0001831,7653510819,-20333.04,-20333.04,2025-01-10,2025-01-10,Reconciled,
TXN0000721,9311420949,-19104.79,-19104.79,2025-02-03,2025-02-03,Reconciled,
TXN0004858,7245991797,35298.29,35298.29,2025-02-23,2025-02-23,Reconciled,
TXN0001736,3060674007,-1643.06,-1643.06,2025-01-13,2025-01-13,Reconciled,
TXN0003867,6634348391,-8701.89,-8701.89,2025-03-29,2025-03-29,Reconciled,
TXN0002990,6255833953,24967.43,24967.43,2025-06-28,2025-06-28,Reconciled,
TXN0003749,8397315983,-5052.96,-5052.96,2025-01-27,2025-01-27,Reconciled,
TXN0004790,3289465400,-11501.57,-11501.57,2025-05-29,2025-05-31,Reconciled (Timing Difference),"Posted 2 day(s) apart -- in-transit item, not an error."
TXN0004418,1024167967,-39862.16,-39862.16,2025-01-30,2025-01-30,Reconciled,
TXN0002056,5266768367,13602.23,13602.23,2025-04-04,2025-04-04,Reconciled,
TXN0002785,7503598069,-8572.15,-8689.74,2025-05-19,2025-05-19,Amount Discrepancy (Investigate),"Ledger -8572.15 vs bank -8689.74, diff 117.59."
TXN0001959,2257186934,32613.76,32613.76,2025-06-27,2025-06-27,Reconciled,
TXN0003042,7438833572,-15231.24,-15231.24,2025-03-07,2025-03-07,Reconciled,
TXN0004285,4423685192,-30246.45,-30022.27,2025-05-03,2025-05-03,Amount Discrepancy (Investigate),"Ledger -30246.45 vs bank -30022.27, diff -224.18."
TXN0003172,4911196200,18798.47,18798.47,2025-01-12,2025-01-12,Reconciled,
TXN0000148,6992079729,-31554.50,-31554.50,2025-01-15,2025-01-15,Reconciled,
TXN0005297,5453421689,-44737.52,-44737.52,2025-05-19,2025-05-20,Reconciled (Timing Difference),"Posted 1 day(s) apart -- in-transit item, not an error."
TXN0000536,6736004119,-27090.96,-27090.96,2025-03-28,2025-03-28,Reconciled,
TXN0002871,5080579412,44883.17,44883.17,2025-02-14,2025-02-14,Reconciled,
TXN0001907,9863775733,42788.38,42788.38,2025-03-03,2025-03-03,Reconciled,
TXN0002001,2299394194,4652.47,4652.47,2025-05-18,2025-05-18,Reconciled,
TXN0005155,5134647785,-4530.16,-4530.16,2025-06-21,2025-06-21,Reconciled,
TXN0005468,7933734461,26137.91,26137.91,2025-05-12,2025-05-12,Reconciled,
TXN0004765,8775518600,-18836.26,-18836.26,2025-06-25,2025-06-27,Reconciled (Timing Difference),"Posted 2 day(s) apart -- in-transit item, not an error."
TXN0002351,6406004184,-29164.79,-29164.79,2025-04-14,2025-04-14,Reconciled,
TXN0005757,4086010558,-6149.54,-6149.54,2025-05-09,2025-05-12,Reconciled (Timing Difference),"Posted 3 day(s) apart -- in-transit item, not an error."
TXN0000087,6642664297,-42028.78,-42028.78,2025-05-01,2025-05-01,Reconciled,
TXN0002303,7378510707,-17101.41,-17101.41,2025-02-23,2025-02-23,Reconciled,
TXN0005649,1545758105,26693.35,26693.35,2025-04-28,2025-04-28,Reconciled,
TXN0001090,9375210730,-26206.04,-26206.04,2025-02-22,2025-02-22,Reconciled,
TXN0005851,2262948717,-26607.24,-26607.24,2025-03-20,2025-03-20,Reconciled,
TXN0005076,4841220595,-21158.45,-21158.45,2025-03-30,2025-03-30,Reconciled,
TXN0000844,1957596327,-3722.77,-3722.77,2025-04-10,2025-04-10,Reconciled,
TXN0005044,6467971736,13766.78,13766.78,2025-03-22,2025-03-22,Reconciled,
TXN0005999,7607364614,22606.49,22606.49,2025-02-22,2025-02-22,Reconciled,
TXN0001841,8801031816,-3976.40,-3976.40,2025-03-07,2025-03-07,Reconciled,
TXN0004477,5209801900,-28957.77,-28957.77,2025-05-18,2025-05-18,Reconciled,
TXN0002528,9872798268,6230.52,6230.52,2025-03-18,2025-03-18,Reconciled,
TXN0004916,7316580191,15612.88,15612.88,2025-05-22,2025-05-22,Reconciled,
TXN0000288,2560564818,28120.71,28120.71,2025-05-05,2025-05-05,Reconciled,
TXN0003116,8247304716,-43507.09,-43507.09,2025-02-01,2025-02-01,Reconciled,
TXN0004216,8096503538,-37569.09,-37569.09,2025-03-03,2025-03-03,Reconciled,
TXN0005637,1346845233,-36347.33,-36347.33,2025-05-28,2025-05-30,Reconciled (Timing Difference),"Posted 2 day(s) apart -- in-transit item, not an error."
TXN0003997,6797473046,25123.48,25123.48,2025-06-17,2025-06-17,Reconciled,
TXN0000227,9830150556,-33512.61,-33512.61,2025-03-04,2025-03-04,Reconciled,
TXN0000108,6886095863,-38173.22,-38173.22,2025-06-11,2025-06-11,Reconciled,
TXN0005445,4797127328,-2542.06,-2542.06,2025-05-31,2025-05-31,Reconciled,
TXN0002976,5899831531,-3261.88,-3261.88,2025-06-06,2025-06-09,Reconciled (Timing Difference),"Posted 3 day(s) apart -- in-transit item, not an error."
TXN0003212,4598303623,-38419.38,-38419.38,2025-01-27,2025-01-27,Reconciled,
TXN0000416,8047276839,-43166.22,-43166.22,2025-01-17,2025-01-17,Reconciled,
TXN0002641,9782604101,-10137.61,-10137.61,2025-04-29,2025-04-29,Reconciled,
TXN0005119,4820356371,-6191.53,-6191.53,2025-04-21,2025-04-21,Reconciled,
TXN0001558,9369749508,-25925.27,-25759.10,2025-03-31,2025-03-31,Amount Discrepancy (Investigate),"Ledger -25925.27 vs bank -25759.10, diff -166.17."
TXN0001837,3434380721,23022.75,23022.75,2025-05-26,2025-05-26,Reconciled,
TXN0002677,2583917287,-28100.15,-28100.15,2025-03-08,2025-03-08,Reconciled,
TXN0004220,1554597583,-17922.42,-17922.42,2025-01-16,2025-01-18,Reconciled (Timing Difference),"Posted 2 day(s) apart -- in-transit item, not an error."
TXN0002252,2712199985,-25003.72,-25003.72,2025-01-22,2025-01-22,Reconciled,
TXN0003255,6526267181,-15562.27,-15562.27,2025-05-12,2025-05-12,Reconciled,
TXN0002974,2565943210,-1718.10,-1469.96,2025-02-09,2025-02-09,Amount Discrepancy (Investigate),"Ledger -1718.10 vs bank -1469.96, diff -248.14."
TXN0001092,1486618691,-18908.31,-18908.31,2025-03-20,2025-03-23,Reconciled (Timing Difference),"Posted 3 day(s) apart -- in-transit item, not an error."
TXN0004185,5340457015,-147.50,-147.50,2025-01-14,2025-01-14,Reconciled,
TXN0005585,4904459440,35438.08,35621.07,2025-06-10,2025-06-10,Amount Discrepancy (Investigate),"Ledger 35438.08 vs bank 35621.07, diff -182.99."
TXN0003204,7696374751,-30360.72,-30360.72,2025-01-28,2025-01-28,Reconciled,
TXN0003592,7182871563,28620.89,28620.89,2025-03-03,2025-03-03,Reconciled,
TXN0000359,9800485063,-35806.05,-35806.05,2025-06-10,2025-06-10,Reconciled,
TXN0002849,6523088746,-4472.87,-4472.87,2025-06-25,2025-06-25,Reconciled,
TXN0003261,8873267000,-19345.51,-19345.51,2025-04-18,2025-04-18,Reconciled,
TXN0002517,5677186616,-43796.13,-43796.13,2025-03-08,2025-03-11,Reconciled (Timing Difference),"Posted 3 day(s) apart -- in-transit item, not an error."
TXN0004738,8130175885,16515.33,16515.33,2025-03-05,2025-03-05,Reconciled,
TXN0001177,7117790805,-13054.33,-13054.33,2025-01-25,2025-01-25,Reconciled,
TXN0001097,4764707759,25581.55,25581.55,2025-04-27,2025-04-27,Reconciled,
TXN0004517,1806117549,-16896.91,-16896.91,2025-05-04,2025-05-04,Reconciled,
TXN0003311,3985774424,-13180.94,-13180.94,2025-03-21,2025-03-21,Reconciled,
TXN0003641,1418744212,-33240.07,-33240.07,2025-02-26,2025-02-26,Reconciled,
TXN0001410,4218592208,-17134.09,-17134.09,2025-06-20,2025-06-20,Reconciled,
TXN0001238,6049950976,11453.25,11453.25,2025-04-30,2025-04-30,Reconciled,
TXN0000560,9461377731,33235.19,33235.19,2025-01-09,2025-01-09,Reconciled,
TXN0001859,2262481296,15328.31,15328.31,2025-06-19,2025-06-19,Reconciled,
TXN0004466,1593420774,-31397.43,-31397.43,2025-03-28,2025-03-28,Reconciled,
TXN0003040,2794752604,37462.70,37462.70,2025-04-26,2025-04-26,Reconciled,
TXN0002716,6167647750,-4859.08,-4859.08,2025-01-07,2025-01-07,Reconciled,
TXN0002918,4690622024,-23955.38,-23955.38,2025-03-25,2025-03-25,Reconciled,
TXN0004865,6407555988,-40693.16,-40693.16,2025-01-29,2025-01-29,Reconciled,
TXN0004539,7336104718,-21395.58,-21395.58,2025-05-13,2025-05-13,Reconciled,
TXN0002900,6000471823,-18449.20,-18449.20,2025-02-09,2025-02-09,Reconciled,
TXN0004221,9562718246,-26824.30,-26824.30,2025-04-18,2025-04-18,Reconciled,
TXN0001065,1875865888,-35108.94,-35108.94,2025-05-26,2025-05-26,Reconciled,
TXN0001386,5506823444,27207.63,27207.63,2025-06-01,2025-06-01,Reconciled,
TXN0004157,4917085037,-5950.04,-5950.04,2025-06-15,2025-06-15,Reconciled,
TXN0004048,5187686774,25276.06,25276.06,2025-06-05,2025-06-05,Reconciled,
TXN0003692,2025831633,11065.32,11065.32,2025-01-10,2025-01-10,Reconciled,
TXN0000708,4409108260,-20385.25,,2025-03-08,,Ledger-Only (Investigate),No matching bank record found for this ledger entry.
TXN0001264,1280377530,-15221.35,-15221.35,2025-03-28,2025-03-28,Reconciled,
TXN0000128,4807334871,-34514.51,-34514.51,2025-03-09,2025-03-09,Reconciled,
TXN0000297,6994638775,-88.02,-88.02,2025-01-24,2025-01-24,Reconciled,
TXN0003941,5590909541,39784.39,39784.39,2025-02-10,2025-02-10,Reconciled,
TXN0005591,4467078952,-2146.86,-2146.86,2025-01-27,2025-01-27,Reconciled,
TXN0003119,7010404553,39998.38,39881.15,2025-03-08,2025-03-08,Amount Discrepancy (Investigate),"Ledger 39998.38 vs bank 39881.15, diff 117.23."
TXN0000918,7584006220,4876.04,4876.04,2025-05-13,2025-05-13,Reconciled,
TXN0004125,3178670398,24529.88,24529.88,2025-02-25,2025-02-25,Reconciled,
TXN0004526,7654313197,-28591.98,-28591.98,2025-06-08,2025-06-08,Reconciled,
TXN0002707,2782160504,-12795.89,-12795.89,2025-01-07,2025-01-07,Reconciled,
TXN0003007,5830808425,44210.97,44210.97,2025-01-28,2025-01-28,Reconciled,
TXN0002796,3459665591,-44751.18,-44751.18,2025-04-01,2025-04-04,Reconciled (Timing Difference),"Posted 3 day(s) apart -- in-transit item, not an error."
TXN0005430,5550098544,-10474.56,-10474.56,2025-06-09,2025-06-09,Reconciled,
TXN0003509,2812370698,-10448.27,-10448.27,2025-04-17,2025-04-17,Reconciled,
TXN0000779,9418655521,-2376.78,-2376.78,2025-04-18,2025-04-18,Reconciled,
TXN0001596,5288620289,-514.38,-514.38,2025-02-23,2025-02-23,Reconciled,
TXN0003951,4829983671,-9952.16,-9952.16,2025-04-09,2025-04-09,Reconciled,
TXN0004829,5881916593,25003.78,25003.78,2025-02-16,2025-02-16,Reconciled,
TXN0002571,5663673220,-15811.32,-15811.32,2025-01-08,2025-01-11,Reconciled (Timing Difference),"Posted 3 day(s) apart -- in-transit item, not an error."
TXN0003429,3213413303,-3844.08,-3844.08,2025-05-19,2025-05-19,Reconciled,
TXN0003834,7571868991,-33184.32,-33184.32,2025-06-20,2025-06-20,Reconciled,
TXN0002643,9772534799,-29278.63,-29278.63,2025-06-08,2025-06-08,Reconciled,
TXN0000166,5929909663,-31391.67,-31391.67,2025-03-01,2025-03-01,Reconciled,
TXN0003276,5122726010,-7656.66,-7656.66,2025-01-03,2025-01-04,Reconciled (Timing Difference),"Posted 1 day(s) apart -- in-transit item, not an error."
TXN0000475,9714160083,-41130.93,-41130.93,2025-02-11,2025-02-11,Reconciled,
TXN0002678,5830154588,-44255.16,-44255.16,2025-03-17,2025-03-17,Reconciled,
TXN0005170,2200806929,-4183.29,-4183.29,2025-03-18,2025-03-18,Reconciled,
TXN0002422,5433130514,-2540.47,-2540.47,2025-06-14,2025-06-14,Reconciled,
TXN0001726,9265188480,36570.51,36570.51,2025-06-10,2025-06-10,Reconciled,
TXN0002205,5364993807,-36898.89,-36898.89,2025-03-08,2025-03-08,Reconciled,
TXN0002669,2061950282,-4338.45,-4338.45,2025-02-08,2025-02-08,Reconciled,
TXN0005694,1164851884,28707.89,28707.89,2025-03-27,2025-03-27,Reconciled,
TXN0005581,2555093703,-22717.66,-22717.66,2025-01-26,2025-01-29,Reconciled (Timing Difference),"Posted 3 day(s) apart -- in-transit item, not an error."
TXN0004042,6440153931,17349.59,17349.59,2025-03-13,2025-03-13,Reconciled,
TXN0005061,8622998316,-11739.88,-11739.88,2025-01-08,2025-01-08,Reconciled,
TXN0000886,7856413514,-27490.53,-27490.53,2025-02-21,2025-02-21,Reconciled,
TXN0004755,1315936658,-35880.26,-35880.26,2025-02-01,2025-02-01,Reconciled,
TXN0000762,5009985551,-8984.00,-8984.00,2025-01-14,2025-01-14,Reconciled,
TXN0001066,3606920396,-32944.67,-32944.67,2025-03-25,2025-03-25,Reconciled,
TXN0003988,1641154081,18386.26,18386.26,2025-03-15,2025-03-18,Reconciled (Timing Difference),"Posted 3 day(s) apart -- in-transit item, not an error."
TXN0002827,6011094089,-18250.30,-18250.30,2025-04-28,2025-04-28,Reconciled,
TXN0003980,7463201405,-10801.28,-10801.28,2025-01-16,2025-01-16,Reconciled,
TXN0001385,6596126755,-9154.83,-9154.83,2025-04-25,2025-04-27,Reconciled (Timing Difference),"Posted 2 day(s) apart -- in-transit item, not an error."
TXN0001976,8613336419,-39005.02,-39005.02,2025-06-19,2025-06-19,Reconciled,
TXN0002064,6193674300,-40494.51,-40494.51,2025-02-21,2025-02-21,Reconciled,
TXN0003681,5027770587,-32920.05,-32920.05,2025-04-07,2025-04-10,Reconciled (Timing Difference),"Posted 3 day(s) apart -- in-transit item, not an error."
TXN0001251,7591750877,41159.02,41159.02,2025-04-29,2025-04-29,Reconciled,
TXN0004608,1465591159,3097.98,3097.98,2025-03-02,2025-03-02,Reconciled,
TXN0004183,1921027802,-11354.91,-11354.91,2025-01-19,2025-01-19,Reconciled,
TXN0003481,8183002432,-42756.13,-42756.13,2025-02-24,2025-02-24,Reconciled,
TXN0003323,9077708189,35145.74,35145.74,2025-02-19,2025-02-19,Reconciled,
TXN0005996,6850608478,-39010.96,-39010.96,2025-03-22,2025-03-22,Reconciled,
TXN0001075,7101395276,-28787.12,-28787.12,2025-05-14,2025-05-14,Reconciled,
TXN0005102,3242094402,-7138.34,-7138.34,2025-06-19,2025-06-19,Reconciled,
TXN0001642,2180710638,-17495.37,-17495.37,2025-01-20,2025-01-22,Reconciled (Timing Difference),"Posted 2 day(s) apart -- in-transit item, not an error."
TXN0004861,8321984309,-22219.31,,2025-03-25,,Ledger-Only (Investigate),No matching bank record found for this ledger entry.
TXN0004888,8651007495,-1190.89,-1190.89,2025-04-21,2025-04-21,Reconciled,
TXN0001601,6898644020,-37133.53,-37133.53,2025-05-13,2025-05-13,Reconciled,
TXN0000674,3714692475,-1247.08,-1247.08,2025-01-19,2025-01-19,Reconciled,
TXN0005767,2096996244,-10618.61,-10618.61,2025-05-28,2025-05-28,Reconciled,
TXN0002661,2000428152,-4543.82,-4543.82,2025-01-17,2025-01-17,Reconciled,
TXN0004831,8213906079,-3152.69,-3152.69,2025-03-06,2025-03-06,Reconciled,
TXN0003596,5960561400,24780.44,24780.44,2025-04-16,2025-04-16,Reconciled,
TXN0004326,4383570066,-5114.35,-5114.35,2025-01-31,2025-01-31,Reconciled,
TXN0001771,2401157719,-39790.67,-39960.00,2025-06-17,2025-06-17,Amount Discrepancy (Investigate),"Ledger -39790.67 vs bank -39960.00, diff 169.33."
TXN0003132,5054783925,-20704.75,-20704.75,2025-01-14,2025-01-14,Reconciled,
TXN0002957,7128376192,-24243.62,-24243.62,2025-05-29,2025-05-29,Reconciled,
TXN0004518,5815784661,-38812.95,-38812.95,2025-05-03,2025-05-03,Reconciled,
TXN0003560,1798462764,-24201.17,-24201.17,2025-03-29,2025-03-29,Reconciled,
TXN0000525,5485544363,44906.16,44906.16,2025-05-08,2025-05-10,Reconciled (Timing Difference),"Posted 2 day(s) apart -- in-transit item, not an error."
TXN0000378,5504672151,-4667.83,-4667.83,2025-04-18,2025-04-18,Reconciled,
TXN0003274,6607076949,-1121.39,-1121.39,2025-05-14,2025-05-14,Reconciled,
TXN0003664,1840555337,-7441.31,-7441.31,2025-05-17,2025-05-17,Reconciled,
TXN0002411,9895447872,38961.46,38961.46,2025-04-02,2025-04-02,Reconciled,
TXN0000682,2952631517,19882.34,19882.34,2025-01-18,2025-01-18,Reconciled,
TXN0002118,2908781372,-42577.11,-42577.11,2025-01-29,2025-01-29,Reconciled,
TXN0001294,1553731733,4118.66,4118.66,2025-02-28,2025-03-02,Reconciled (Timing Difference),"Posted 2 day(s) apart -- in-transit item, not an error."
TXN0001906,1247552305,24210.56,24210.56,2025-01-11,2025-01-11,Reconciled,
TXN0000554,1384096976,-34751.25,-34751.25,2025-06-28,2025-06-28,Reconciled,
TXN0001500,7086762538,-23221.12,-23221.12,2025-02-05,2025-02-05,Reconciled,
TXN0001613,1505890194,-17399.76,-17399.76,2025-05-17,2025-05-18,Reconciled (Timing Difference),"Posted 1 day(s) apart -- in-transit item, not an error."
TXN0003714,3965801609,9643.04,9643.04,2025-01-09,2025-01-09,Reconciled,
TXN0001719,4649028280,-29863.87,-29863.87,2025-01-24,2025-01-24,Reconciled,
TXN0004353,5793116289,-23796.33,-23796.33,2025-04-07,2025-04-07,Reconciled,
TXN0004068,8094377527,-18625.62,-18625.62,2025-02-09,2025-02-09,Reconciled,
TXN0000477,6272164654,-834.07,-834.07,2025-06-24,2025-06-24,Reconciled,
TXN0005801,2300575261,-25893.36,-25893.36,2025-03-05,2025-03-05,Reconciled,
TXN0002923,7541405059,-43586.52,-43586.52,2025-01-23,2025-01-23,Reconciled,
TXN0003079,1889813171,22031.57,22031.57,2025-01-04,2025-01-04,Reconciled,
TXN0004002,2792481830,29664.06,29664.06,2025-02-08,2025-02-08,Reconciled,
TXN0001868,4254005848,-18671.40,-18671.40,2025-02-11,2025-02-14,Reconciled (Timing Difference),"Posted 3 day(s) apart -- in-transit item, not an error."
TXN0001022,4390557419,7164.65,7164.65,2025-03-24,2025-03-24,Reconciled,
TXN0005312,2215887023,-153.74,-153.74,2025-01-20,2025-01-20,Reconciled,
TXN0002275,8910422169,26804.88,26636.92,2025-02-22,2025-02-22,Amount Discrepancy (Investigate),"Ledger 26804.88 vs bank 26636.92, diff 167.96."
TXN0003214,2306789454,-20342.25,-20342.25,2025-02-28,2025-02-28,Reconciled,
TXN0001554,5569404113,-6061.73,-6061.73,2025-04-25,2025-04-25,Reconciled,
TXN0001647,9074524728,-15061.01,-15061.01,2025-01-20,2025-01-20,Reconciled,
TXN0001620,5461044988,-41219.72,-41219.72,2025-05-16,2025-05-17,Reconciled (Timing Difference),"Posted 1 day(s) apart -- in-transit item, not an error."
TXN0004578,4361589160,-27438.44,,2025-03-03,,Ledger-Only (Investigate),No matching bank record found for this ledger entry.
TXN0004749,3645650238,-36558.05,-36558.05,2025-03-31,2025-03-31,Reconciled,
TXN0001377,3522890846,35421.59,35421.59,2025-03-04,2025-03-04,Reconciled,
TXN0002539,8105167861,39980.20,39980.20,2025-06-14,2025-06-17,Reconciled (Timing Difference),"Posted 3 day(s) apart -- in-transit item, not an error."
TXN0003198,9459337576,31570.40,31570.40,2025-04-27,2025-04-27,Reconciled,
TXN0004461,1757768271,-43631.88,-43631.88,2025-03-18,2025-03-21,Reconciled (Timing Difference),"Posted 3 day(s) apart -- in-transit item, not an error."
TXN0001095,1123324857,-10306.51,-10306.51,2025-03-28,2025-03-28,Reconciled,
TXN0000469,6548035525,-39744.73,-39744.73,2025-06-04,2025-06-04,Reconciled,
TXN0003006,6799772874,-27001.07,-27001.07,2025-01-20,2025-01-20,Reconciled,
TXN0000916,9137292111,24013.34,24013.34,2025-02-26,2025-02-26,Reconciled,
TXN0004595,6526530390,28709.37,28709.37,2025-01-23,2025-01-23,Reconciled,
TXN0005716,1243283104,-43688.42,-43688.42,2025-06-28,2025-07-01,Reconciled (Timing Difference),"Posted 3 day(s) apart -- in-transit item, not an error."
TXN0003037,8368178024,-38155.60,-38155.60,2025-03-06,2025-03-06,Reconciled,
TXN0001965,2835046850,-28821.14,-28821.14,2025-06-18,2025-06-18,Reconciled,
TXN0001931,7356762104,-3387.45,-3387.45,2025-01-17,2025-01-17,Reconciled,
TXN0001341,1484018964,-30098.98,-30098.98,2025-03-24,2025-03-24,Reconciled,
TXN0004996,5018278489,6802.96,6802.96,2025-06-10,2025-06-10,Reconciled,
TXN0004381,6725295354,2786.28,2786.28,2025-06-26,2025-06-26,Reconciled,
TXN0002933,5493313762,-15937.72,-15937.72,2025-05-29,2025-06-01,Reconciled (Timing Difference),"Posted 3 day(s) apart -- in-transit item, not an error."
TXN0005015,2141214351,20120.54,20120.54,2025-03-24,2025-03-24,Reconciled,
TXN0003685,4959955237,14305.34,14305.34,2025-05-23,2025-05-23,Reconciled,
TXN0004963,7951333109,-5304.83,-5304.83,2025-04-24,2025-04-26,Reconciled (Timing Difference),"Posted 2 day(s) apart -- in-transit item, not an error."
TXN0005248,4789987477,40144.19,40144.19,2025-01-18,2025-01-18,Reconciled,
TXN0005490,4011083696,7515.59,7515.59,2025-03-20,2025-03-20,Reconciled,
TXN0003259,5878445519,-11799.29,-11799.29,2025-06-01,2025-06-01,Reconciled,
TXN0001383,2584188354,21499.08,21499.08,2025-05-24,2025-05-24,Reconciled,
TXN0003130,9993758752,10055.66,10055.66,2025-02-08,2025-02-08,Reconciled,
TXN0002781,5024502960,-37617.70,-37617.70,2025-06-11,2025-06-11,Reconciled,
TXN0000181,3163114583,-2045.30,-2045.30,2025-05-23,2025-05-23,Reconciled,
TXN0001007,1125786469,-2277.07,-2277.07,2025-04-15,2025-04-15,Reconciled,
TXN0002733,4019877943,-15840.07,-15840.07,2025-02-23,2025-02-23,Reconciled,
TXN0000260,3060091930,-36120.33,-36120.33,2025-03-25,2025-03-25,Reconciled,
TXN0005182,4925920011,-2231.17,-2231.17,2025-01-10,2025-01-11,Reconciled (Timing Difference),"Posted 1 day(s) apart -- in-transit item, not an error."
TXN0000851,5004601042,-17271.51,-17271.51,2025-02-06,2025-02-06,Reconciled,
TXN0002348,8818086294,-18414.31,-18414.31,2025-05-12,2025-05-12,Reconciled,
TXN0005992,3181185642,-8782.60,-8782.60,2025-03-01,2025-03-01,Reconciled,
TXN0000261,7241856502,14354.41,14354.41,2025-05-13,2025-05-13,Reconciled,
TXN0005464,1730738738,-34059.53,-34059.53,2025-05-13,2025-05-13,Reconciled,
TXN0004295,2787409822,-21857.69,-21857.69,2025-05-19,2025-05-19,Reconciled,
TXN0001281,4419717173,-4470.43,,2025-02-27,,Ledger-Only (Investigate),No matching bank record found for this ledger entry.
TXN0004722,9574190266,-6800.58,-6800.58,2025-03-11,2025-03-11,Reconciled,
TXN0000126,5432909126,-17832.31,-17832.31,2025-01-15,2025-01-15,Reconciled,
TXN0000437,7411793174,-26600.57,-26600.57,2025-04-23,2025-04-23,Reconciled,
TXN0001023,3491259034,-847.06,-847.06,2025-06-27,2025-06-27,Reconciled,
TXN0002812,6101121173,-25458.73,-25458.73,2025-03-09,2025-03-09,Reconciled,
TXN0005380,6177485162,-21849.67,-21849.67,2025-06-22,2025-06-22,Reconciled,
TXN0004994,6424806816,-36320.93,-36320.93,2025-03-09,2025-03-09,Reconciled,
TXN0001992,6322243187,-14619.19,,2025-04-09,,Ledger-Only (Investigate),No matching bank record found for this ledger entry.
TXN0003761,2196263296,23141.75,22901.69,2025-03-21,2025-03-21,Amount Discrepancy (Investigate),"Ledger 23141.75 vs bank 22901.69, diff 240.06."
TXN0001867,2372252111,31589.56,31589.56,2025-06-03,2025-06-03,Reconciled,
TXN0002965,1058614938,-28629.44,-28629.44,2025-02-10,2025-02-10,Reconciled,
TXN0005886,5058217687,-11334.52,-11334.52,2025-06-25,2025-06-28,Reconciled (Timing Difference),"Posted 3 day(s) apart -- in-transit item, not an error."
TXN0003854,8259772215,-17212.72,-17212.72,2025-05-22,2025-05-23,Reconciled (Timing Difference),"Posted 1 day(s) apart -- in-transit item, not an error."
TXN0001848,5279376344,4466.29,4466.29,2025-02-12,2025-02-13,Reconciled (Timing Difference),"Posted 1 day(s) apart -- in-transit item, not an error."
TXN0003963,3049156198,-29942.99,-29942.99,2025-03-12,2025-03-12,Reconciled,
TXN0003220,8162086467,23142.73,23142.73,2025-02-19,2025-02-19,Reconciled,
TXN0003097,8507570633,-42584.86,-42584.86,2025-03-03,2025-03-03,Reconciled,
TXN0003486,6084555519,16598.28,16598.28,2025-05-24,2025-05-27,Reconciled (Timing Difference),"Posted 3 day(s) apart -- in-transit item, not an error."
TXN0005040,8960250580,-35056.30,-35056.30,2025-02-08,2025-02-08,Reconciled,
TXN0004513,7302354883,2339.22,2339.22,2025-04-18,2025-04-18,Reconciled,
TXN0005214,1417241129,11335.41,11335.41,2025-06-05,2025-06-05,Reconciled,
TXN0005432,8139460187,19687.65,19687.65,2025-04-07,2025-04-07,Reconciled,
TXN0005183,5342262371,-44469.10,-44469.10,2025-02-11,2025-02-11,Reconciled,
TXN0001603,4022690168,10418.83,10418.83,2025-05-09,2025-05-09,Reconciled,
TXN0004631,2186087980,41831.62,41831.62,2025-02-23,2025-02-23,Reconciled,
TXN0005811,1435040587,-15993.91,-15993.91,2025-04-29,2025-04-29,Reconciled,
TXN0005949,2487379680,-44191.09,-44191.09,2025-05-14,2025-05-14,Reconciled,
TXN0000899,7795278739,35253.70,35253.70,2025-04-10,2025-04-10,Reconciled,
TXN0000482,7601496839,-34636.48,-34636.48,2025-05-27,2025-05-27,Reconciled,
TXN0005166,4818087356,-12239.24,-12239.24,2025-04-02,2025-04-02,Reconciled,
TXN0000508,3993927352,-1197.35,-1197.35,2025-01-23,2025-01-23,Reconciled,
TXN0003922,2003479835,-6772.74,-6772.74,2025-04-04,2025-04-04,Reconciled,
TXN0003793,2719865399,-36033.54,-36272.18,2025-05-18,2025-05-18,Amount Discrepancy (Investigate),"Ledger -36033.54 vs bank -36272.18, diff 238.64."
TXN0004757,9700754936,-20933.25,-20933.25,2025-03-17,2025-03-17,Reconciled,
TXN0004594,5867997951,-26613.35,-26613.35,2025-01-13,2025-01-13,Reconciled,
TXN0005580,2258290284,-35568.98,-35568.98,2025-02-14,2025-02-14,Reconciled,
TXN0000275,3896437649,-35842.56,-35842.56,2025-01-24,2025-01-24,Reconciled,
TXN0002029,9986262675,31878.35,31878.35,2025-03-10,2025-03-10,Reconciled,
TXN0003317,4156953921,-21184.23,-21184.23,2025-02-10,2025-02-10,Reconciled,
TXN0004898,1862651208,14311.30,14311.30,2025-04-24,2025-04-24,Reconciled,
TXN0001326,8414677296,-23277.42,-23277.42,2025-05-31,2025-05-31,Reconciled,
TXN0005112,2731676905,-39724.96,-39724.96,2025-04-16,2025-04-16,Reconciled,
TXN0004174,6597775253,12188.85,12188.85,2025-05-20,2025-05-20,Reconciled,
TXN0005975,1274087081,-28540.98,-28540.98,2025-03-10,2025-03-10,Reconciled,
TXN0004359,7128250783,-36852.69,-36852.69,2025-03-05,2025-03-05,Reconciled,
TXN0002756,4045686266,-18174.41,-18174.41,2025-02-13,2025-02-13,Reconciled,
TXN0000934,8297536870,12833.75,12833.75,2025-01-20,2025-01-20,Reconciled,
TXN0002841,2817917561,22345.58,22345.58,2025-01-12,2025-01-12,Reconciled,
TXN0001216,1704039075,-16386.85,-16386.85,2025-05-14,2025-05-14,Reconciled,
TXN0001465,9038289167,29874.23,29874.23,2025-01-22,2025-01-22,Reconciled,
TXN0004456,1876876354,25106.50,25106.50,2025-03-10,2025-03-10,Reconciled,
TXN0002973,4905913857,-28802.21,-28802.21,2025-06-15,2025-06-15,Reconciled,
TXN0004521,2585838151,-6880.85,-6880.85,2025-05-14,2025-05-14,Reconciled,
TXN0004472,5716378526,-22494.68,-22494.68,2025-01-18,2025-01-18,Reconciled,
TXN0002120,4560605140,-12467.79,-12467.79,2025-05-17,2025-05-18,Reconciled (Timing Difference),"Posted 1 day(s) apart -- in-transit item, not an error."
TXN0001835,8626742409,-38484.42,-38484.42,2025-02-21,2025-02-21,Reconciled,
TXN0000007,2648201399,-9598.63,-9598.63,2025-03-11,2025-03-11,Reconciled,
TXN0002822,1378508086,-10021.18,-10021.18,2025-03-05,2025-03-05,Reconciled,
TXN0004487,1703382792,-645.32,-645.32,2025-01-25,2025-01-25,Reconciled,
TXN0002558,5550331363,-18706.62,-18706.62,2025-06-22,2025-06-22,Reconciled,
TXN0001150,2106252515,-3494.96,-3494.96,2025-01-16,2025-01-16,Reconciled,
TXN0002098,8528542995,-14554.43,-14554.43,2025-06-14,2025-06-14,Reconciled,
TXN0004000,1951852877,23150.14,23150.14,2025-06-16,2025-06-17,Reconciled (Timing Difference),"Posted 1 day(s) apart -- in-transit item, not an error."
TXN0000758,8960964195,-15020.13,-15020.13,2025-05-10,2025-05-10,Reconciled,
TXN0002365,4647007715,-3191.12,-3191.12,2025-05-02,2025-05-02,Reconciled,
TXN0002908,1437895722,-43884.89,-43884.89,2025-01-08,2025-01-08,Reconciled,
TXN0001749,1828416882,-243.76,-243.76,2025-01-24,2025-01-24,Reconciled,
TXN0002359,6958397358,35252.35,35252.35,2025-03-07,2025-03-07,Reconciled,
TXN0001728,9360839589,1698.19,1698.19,2025-03-06,2025-03-06,Reconciled,
TXN0005874,7705463382,-1233.28,-1233.28,2025-02-06,2025-02-06,Reconciled,
TXN0004260,5205172696,-42080.84,-42080.84,2025-02-04,2025-02-04,Reconciled,
TXN0005348,7008115182,-6060.85,-6060.85,2025-06-22,2025-06-22,Reconciled,
TXN0000749,5704454235,4813.62,4813.62,2025-02-10,2025-02-10,Reconciled,
TXN0005186,2415229966,-1625.25,-1625.25,2025-04-02,2025-04-04,Reconciled (Timing Difference),"Posted 2 day(s) apart -- in-transit item, not an error."
TXN0001172,1057618068,-5671.49,-5671.49,2025-01-27,2025-01-27,Reconciled,
TXN0002824,8858128932,34582.06,34582.06,2025-01-13,2025-01-13,Reconciled,
TXN0003147,9332021608,-12332.77,-12332.77,2025-05-11,2025-05-11,Reconciled,
TXN0004277,9581008253,-14660.40,-14660.40,2025-02-06,2025-02-06,Reconciled,
TXN0003224,5493896308,36059.94,,2025-01-17,,Ledger-Only (Investigate),No matching bank record found for this ledger entry.
TXN0000455,8106901099,-21337.15,-21337.15,2025-03-13,2025-03-13,Reconciled,
TXN0000926,4141473952,-31604.82,-31604.82,2025-03-31,2025-04-03,Reconciled (Timing Difference),"Posted 3 day(s) apart -- in-transit item, not an error."
TXN0000219,7326989940,-39724.24,-39724.24,2025-02-27,2025-02-27,Reconciled,
TXN0005342,1158277434,7346.40,7504.25,2025-05-02,2025-05-02,Amount Discrepancy (Investigate),"Ledger 7346.40 vs bank 7504.25, diff -157.85."
TXN0001016,2542776190,-11111.10,-11111.10,2025-06-05,2025-06-05,Reconciled,
TXN0005539,5504746171,4937.00,4937.00,2025-04-11,2025-04-11,Reconciled,
TXN0002129,6911574736,-43433.82,-43433.82,2025-06-24,2025-06-24,Reconciled,
TXN0004129,8699186965,19520.71,19520.71,2025-04-03,2025-04-03,Reconciled,
TXN0001913,9105173355,-43485.34,-43485.34,2025-03-10,2025-03-10,Reconciled,
TXN0002290,4603599080,-39630.76,-39630.76,2025-05-20,2025-05-20,Reconciled,
TXN0003803,4947465483,34747.68,34747.68,2025-02-15,2025-02-15,Reconciled,
TXN0002492,9877925634,-10900.35,-10900.35,2025-04-12,2025-04-15,Reconciled (Timing Difference),"Posted 3 day(s) apart -- in-transit item, not an error."
TXN0000931,1863844914,-30233.35,-30233.35,2025-01-06,2025-01-06,Reconciled,
TXN0002058,8768511941,28957.63,28957.63,2025-03-06,2025-03-06,Reconciled,
TXN0004420,5545856677,-38425.06,-38425.06,2025-01-30,2025-02-02,Reconciled (Timing Difference),"Posted 3 day(s) apart -- in-transit item, not an error."
TXN0000656,2021229804,-24518.97,-24518.97,2025-03-25,2025-03-25,Reconciled,
TXN0000512,6851441478,-44966.62,-44966.62,2025-03-01,2025-03-01,Reconciled,
TXN0000815,4405197521,31840.36,31840.36,2025-03-23,2025-03-24,Reconciled (Timing Difference),"Posted 1 day(s) apart -- in-transit item, not an error."
TXN0003491,5243283863,-18246.33,-18246.33,2025-01-10,2025-01-10,Reconciled,
TXN0005814,6035604974,12404.48,12404.48,2025-01-02,2025-01-02,Reconciled,
TXN0004840,4511268586,-32679.09,-32679.09,2025-01-08,2025-01-08,Reconciled,
TXN0000544,2272637408,3251.23,3251.23,2025-03-14,2025-03-14,Reconciled,
TXN0005056,8850576470,-13469.46,-13469.46,2025-06-11,2025-06-11,Reconciled,
TXN0000834,4303619170,-11845.54,-11845.54,2025-05-24,2025-05-24,Reconciled,
TXN0001550,9383962184,-39107.54,-39107.54,2025-06-26,2025-06-26,Reconciled,
TXN0004775,9572794797,-1224.38,-1384.88,2025-02-19,2025-02-19,Amount Discrepancy (Investigate),"Ledger -1224.38 vs bank -1384.88, diff 160.50."
TXN0004012,4440206018,-22613.64,-22613.64,2025-05-01,2025-05-01,Reconciled,
TXN0004648,4211329850,-33811.82,-33811.82,2025-02-04,2025-02-04,Reconciled,
TXN0001615,4508178009,-594.61,-594.61,2025-02-23,2025-02-23,Reconciled,
TXN0001658,4529209912,-33601.66,-33601.66,2025-02-08,2025-02-08,Reconciled,
TXN0003462,8223914086,-21714.24,-21714.24,2025-03-10,2025-03-10,Reconciled,
TXN0004448,6762698691,-13986.50,-13986.50,2025-05-22,2025-05-22,Reconciled,
TXN0004635,1435439697,-18515.17,-18515.17,2025-01-25,2025-01-25,Reconciled,
TXN0001411,5484033026,44759.07,44759.07,2025-05-02,2025-05-02,Reconciled,
TXN0003138,5436675441,27037.43,27037.43,2025-02-09,2025-02-09,Reconciled,
TXN0002078,7587653832,32517.67,32517.67,2025-05-18,2025-05-18,Reconciled,
TXN0001076,8698600484,23413.73,23413.73,2025-03-20,2025-03-20,Reconciled,
TXN0005021,9000075627,-29233.81,-29233.81,2025-04-26,2025-04-26,Reconciled,
TXN0002432,9990646016,-24895.88,-24895.88,2025-03-24,2025-03-24,Reconciled,
TXN0004731,8265270196,-20698.53,-20698.53,2025-06-01,2025-06-01,Reconciled,
TXN0001004,6020482290,-36408.70,-36408.70,2025-02-02,2025-02-02,Reconciled,
TXN0000214,1623673207,20840.99,20840.99,2025-05-23,2025-05-23,Reconciled,
TXN0005395,6695857388,-19992.64,-19992.64,2025-01-28,2025-01-28,Reconciled,
TXN0003813,4631050264,-10125.17,-10125.17,2025-03-22,2025-03-22,Reconciled,
TXN0004365,2766655982,-15292.71,-15292.71,2025-01-06,2025-01-06,Reconciled,
TXN0003528,1641952334,-9775.17,-9775.17,2025-03-05,2025-03-05,Reconciled,
TXN0000632,8346340764,30584.13,30584.13,2025-01-28,2025-01-28,Reconciled,
TXN0005646,4191229676,-26613.59,-26613.59,2025-05-23,2025-05-23,Reconciled,
TXN0004303,2906687233,-19495.21,-19495.21,2025-06-02,2025-06-02,Reconciled,
TXN0000335,8209569981,22163.28,22163.28,2025-04-13,2025-04-13,Reconciled,
TXN0004828,9881277791,-20141.05,-20141.05,2025-02-14,2025-02-14,Reconciled,
TXN0004212,1759067482,-34308.24,-34308.24,2025-06-24,2025-06-24,Reconciled,
TXN0004788,9423588079,-16181.86,-16181.86,2025-02-09,2025-02-09,Reconciled,
TXN0004059,8411834055,-23791.12,,2025-03-12,,Ledger-Only (Investigate),No matching bank record found for this ledger entry.
TXN0003593,9587559590,-4046.72,-4046.72,2025-02-26,2025-02-26,Reconciled,
TXN0002207,2618417778,17236.42,17236.42,2025-03-20,2025-03-20,Reconciled,
TXN0000739,8836370618,-14075.38,-14075.38,2025-01-05,2025-01-05,Reconciled,
TXN0005163,9049041799,23532.33,23532.33,2025-06-30,2025-06-30,Reconciled,
TXN0004949,6899616217,42052.11,42052.11,2025-01-07,2025-01-07,Reconciled,
TXN0005365,6025211153,-14250.53,-14250.53,2025-04-25,2025-04-25,Reconciled,
TXN0000819,5754190613,41860.18,41860.18,2025-05-01,2025-05-01,Reconciled,
TXN0004274,8548572629,21251.38,,2025-03-30,,Ledger-Only (Investigate),No matching bank record found for this ledger entry.
TXN0005308,9469401206,-34769.86,-34769.86,2025-02-14,2025-02-14,Reconciled,
TXN0005906,8671069321,39792.00,39792.00,2025-06-20,2025-06-20,Reconciled,
TXN0003094,9444298203,-26457.54,-26457.54,2025-06-09,2025-06-09,Reconciled,
TXN0002682,5276198318,-10884.99,-10854.61,2025-06-26,2025-06-26,Amount Discrepancy (Investigate),"Ledger -10884.99 vs bank -10854.61, diff -30.38."
TXN0001263,4487041639,-15993.76,-15993.76,2025-02-06,2025-02-06,Reconciled,
TXN0000703,4245284970,-19033.42,-19033.42,2025-06-09,2025-06-09,Reconciled,
TXN0005263,6009708404,17109.44,17109.44,2025-05-24,2025-05-24,Reconciled,
TXN0002047,8550606018,-30176.68,-30176.68,2025-03-23,2025-03-23,Reconciled,
TXN0005340,2405891906,-4389.10,-4389.10,2025-03-02,2025-03-02,Reconciled,
TXN0002951,6498611637,-9471.16,-9471.16,2025-05-23,2025-05-23,Reconciled,
TXN0000898,2246762873,-21428.03,-21428.03,2025-03-01,2025-03-02,Reconciled (Timing Difference),"Posted 1 day(s) apart -- in-transit item, not an error."
TXN0002919,4469116696,-12833.05,-12833.05,2025-03-19,2025-03-22,Reconciled (Timing Difference),"Posted 3 day(s) apart -- in-transit item, not an error."
TXN0003989,7615500413,-41243.45,-41243.45,2025-05-12,2025-05-12,Reconciled,
TXN0004368,8295707221,-12281.69,-12189.74,2025-03-12,2025-03-12,Amount Discrepancy (Investigate),"Ledger -12281.69 vs bank -12189.74, diff -91.95."
TXN0003180,5474022286,9702.62,9702.62,2025-03-22,2025-03-22,Reconciled,
TXN0001925,5923817497,-2514.81,-2514.81,2025-03-24,2025-03-24,Reconciled,
TXN0004290,6976366123,-35836.70,-35836.70,2025-05-26,2025-05-26,Reconciled,
TXN0003203,2622575813,-43520.87,-43520.87,2025-06-25,2025-06-25,Reconciled,
TXN0005776,9491633334,40119.73,40119.73,2025-06-06,2025-06-06,Reconciled,
TXN0000768,6369475067,-9320.47,-9320.47,2025-02-03,2025-02-04,Reconciled (Timing Difference),"Posted 1 day(s) apart -- in-transit item, not an error."
TXN0005916,4998849980,-17034.89,-17034.89,2025-02-11,2025-02-11,Reconciled,
TXN0000575,6120739192,-44574.39,-44574.39,2025-02-09,2025-02-09,Reconciled,
TXN0004999,9526795316,36889.80,36889.80,2025-04-29,2025-04-29,Reconciled,
TXN0000421,5791172021,-32960.01,-32960.01,2025-01-20,2025-01-20,Reconciled,
TXN0004773,4069799545,11555.57,11555.57,2025-04-26,2025-04-26,Reconciled,
TXN0004579,7403130630,44800.68,44800.68,2025-06-01,2025-06-01,Reconciled,
TXN0004245,8888100000,21136.00,21136.00,2025-06-30,2025-06-30,Reconciled,
TXN0005434,5976932616,-41709.27,-41709.27,2025-03-29,2025-03-29,Reconciled,
TXN0001875,7240310969,-24920.25,-24920.25,2025-03-01,2025-03-01,Reconciled,
TXN0002552,5514802954,-20407.72,-20407.72,2025-06-03,2025-06-03,Reconciled,
TXN0000555,5170829519,-8876.51,-8876.51,2025-01-03,2025-01-03,Reconciled,
TXN0001059,7589465283,-10866.15,-10866.15,2025-01-09,2025-01-09,Reconciled,
TXN0004827,6260341997,-7669.11,-7669.11,2025-03-23,2025-03-26,Reconciled (Timing Difference),"Posted 3 day(s) apart -- in-transit item, not an error."
TXN0004178,7259076030,-5714.95,-5714.95,2025-06-22,2025-06-23,Reconciled (Timing Difference),"Posted 1 day(s) apart -- in-transit item, not an error."
TXN0000863,3625722974,-10567.70,-10567.70,2025-06-24,2025-06-24,Reconciled,
TXN0000994,3180987857,10447.41,10447.41,2025-06-07,2025-06-07,Reconciled,
TXN0004844,1123836232,-44186.85,-43987.35,2025-05-01,2025-05-01,Amount Discrepancy (Investigate),"Ledger -44186.85 vs bank -43987.35, diff -199.50."
TXN0005622,6165067838,-27924.12,-27924.12,2025-04-14,2025-04-14,Reconciled,
TXN0004663,8346624263,-22848.69,-22848.69,2025-01-04,2025-01-06,Reconciled (Timing Difference),"Posted 2 day(s) apart -- in-transit item, not an error."
TXN0002963,3318923885,-42373.24,-42373.24,2025-04-15,2025-04-15,Reconciled,
TXN0002725,2945218890,-41115.26,-41115.26,2025-05-10,2025-05-10,Reconciled,
TXN0001889,6608949353,-10377.48,-10377.48,2025-05-14,2025-05-14,Reconciled,
TXN0003380,5381442337,37587.76,37587.76,2025-06-15,2025-06-15,Reconciled,
TXN0004233,9474303087,-10235.30,-10235.30,2025-01-03,2025-01-03,Reconciled,
TXN0001248,4159424340,9151.53,9151.53,2025-05-12,2025-05-15,Reconciled (Timing Difference),"Posted 3 day(s) apart -- in-transit item, not an error."
TXN0004504,3472601076,-14472.04,-14472.04,2025-04-13,2025-04-13,Reconciled,
TXN0004236,4936724744,34687.92,34687.92,2025-06-13,2025-06-13,Reconciled,
TXN0000073,4023384852,-7089.93,-7089.93,2025-02-01,2025-02-01,Reconciled,
TXN0002608,3189618947,38888.09,38888.09,2025-02-13,2025-02-13,Reconciled,
TXN0000106,6318459013,6810.34,6810.34,2025-06-02,2025-06-02,Reconciled,
TXN0005498,6088956360,-1816.10,-1816.10,2025-02-08,2025-02-09,Reconciled (Timing Difference),"Posted 1 day(s) apart -- in-transit item, not an error."
TXN0005559,8822212146,-34629.02,-34629.02,2025-01-31,2025-01-31,Reconciled,
TXN0000044,5166418641,-19345.28,-19345.28,2025-05-07,2025-05-07,Reconciled,
TXN0003853,1388055018,-31902.61,-31902.61,2025-03-22,2025-03-22,Reconciled,
TXN0004164,6613464399,-11862.47,-11862.47,2025-05-17,2025-05-17,Reconciled,
TXN0001459,8980850083,-27780.51,-27780.51,2025-01-24,2025-01-24,Reconciled,
TXN0003136,5748278580,-8537.75,-8537.75,2025-04-03,2025-04-03,Reconciled,
TXN0001639,8578797212,13589.41,13589.41,2025-01-20,2025-01-21,Reconciled (Timing Difference),"Posted 1 day(s) apart -- in-transit item, not an error."
TXN0005141,3221565263,-2519.61,-2681.74,2025-03-06,2025-03-06,Amount Discrepancy (Investigate),"Ledger -2519.61 vs bank -2681.74, diff 162.13."
TXN0001780,1871404519,-35283.74,-35283.74,2025-06-23,2025-06-23,Reconciled,
TXN0000731,5738425089,-29848.68,-29848.68,2025-01-16,2025-01-16,Reconciled,
TXN0002875,4045824209,14808.61,14808.61,2025-01-22,2025-01-22,Reconciled,
TXN0003321,9074044404,-15295.20,-15295.20,2025-02-13,2025-02-13,Reconciled,
TXN0005258,5771917249,4874.80,4874.80,2025-02-27,2025-02-27,Reconciled,
TXN0002148,3411457508,-39369.77,-39369.77,2025-03-31,2025-03-31,Reconciled,
TXN0000206,1453598737,-21912.14,,2025-05-31,,Ledger-Only (Investigate),No matching bank record found for this ledger entry.
TXN0005499,3562563801,-20464.73,-20464.73,2025-02-08,2025-02-08,Reconciled,
TXN0004314,4975715352,-15675.03,-15675.03,2025-03-06,2025-03-06,Reconciled,
TXN0004401,6133775137,13782.22,13782.22,2025-06-24,2025-06-24,Reconciled,
TXN0003449,7286453961,-691.64,-691.64,2025-01-09,2025-01-09,Reconciled,
TXN0000460,6574622167,12995.01,12995.01,2025-01-09,2025-01-09,Reconciled,
TXN0004617,4806686598,10384.64,10384.64,2025-05-08,2025-05-08,Reconciled,
TXN0004821,9144691814,18143.37,18143.37,2025-04-26,2025-04-26,Reconciled,
TXN0003907,8312112094,-23682.05,-23682.05,2025-03-30,2025-03-30,Reconciled,
TXN0000751,6932723418,40524.18,40524.18,2025-05-01,2025-05-01,Reconciled,
TXN0000250,8224974965,-5319.12,-5319.12,2025-06-29,2025-06-29,Reconciled,
TXN0004434,9462833564,-23540.44,-23540.44,2025-01-22,2025-01-22,Reconciled,
TXN0005616,8255915749,9225.86,9225.86,2025-03-08,2025-03-08,Reconciled,
TXN0002645,4746495400,-23108.86,-23108.86,2025-06-21,2025-06-21,Reconciled,
TXN0002093,9783593680,31132.98,31132.98,2025-03-14,2025-03-16,Reconciled (Timing Difference),"Posted 2 day(s) apart -- in-transit item, not an error."
TXN0004927,3720150460,-801.03,-801.03,2025-05-26,2025-05-26,Reconciled,
TXN0002623,4488942842,-22005.89,-22005.89,2025-05-19,2025-05-19,Reconciled,
TXN0004549,9232237737,-25534.72,-25534.72,2025-05-29,2025-05-29,Reconciled,
TXN0001881,7618960616,11212.86,11212.86,2025-02-25,2025-02-25,Reconciled,
TXN0005142,9704028895,26805.19,26805.19,2025-04-22,2025-04-22,Reconciled,
TXN0005978,9307296053,3807.30,3807.30,2025-03-26,2025-03-26,Reconciled,
TXN0003625,5240583478,15123.95,15123.95,2025-04-23,2025-04-23,Reconciled,
TXN0003519,9552925212,-23844.85,-23844.85,2025-03-01,2025-03-01,Reconciled,
TXN0003390,8741750849,-31572.07,-31572.07,2025-04-18,2025-04-18,Reconciled,
TXN0000999,6709453514,22504.98,22504.98,2025-01-31,2025-01-31,Reconciled,
TXN0001080,7649374904,-20579.71,-20579.71,2025-01-23,2025-01-23,Reconciled,
TXN0004741,6283830837,-24194.06,-24194.06,2025-05-16,2025-05-16,Reconciled,
TXN0002022,6471985630,9688.32,9688.32,2025-06-20,2025-06-20,Reconciled,
TXN0002497,5187633737,-28847.59,-28928.15,2025-04-16,2025-04-16,Amount Discrepancy (Investigate),"Ledger -28847.59 vs bank -28928.15, diff 80.56."
TXN0000075,3275869324,8514.48,8514.48,2025-03-20,2025-03-20,Reconciled,
TXN0002016,3435108819,21899.07,21899.07,2025-04-28,2025-04-28,Reconciled,
TXN0000928,3699189009,-10115.66,-10115.66,2025-04-17,2025-04-20,Reconciled (Timing Difference),"Posted 3 day(s) apart -- in-transit item, not an error."
TXN0004283,1379460069,-16159.52,-16159.52,2025-04-07,2025-04-07,Reconciled,
TXN0004605,2863965947,-40647.10,-40647.10,2025-06-15,2025-06-18,Reconciled (Timing Difference),"Posted 3 day(s) apart -- in-transit item, not an error."
TXN0000623,8283845167,-4781.44,-4781.44,2025-03-17,2025-03-17,Reconciled,
TXN0002764,1403291293,-23062.57,-23062.57,2025-04-30,2025-04-30,Reconciled,
TXN0000207,3740425102,-9962.02,-9962.02,2025-05-11,2025-05-11,Reconciled,
TXN0000716,3107510397,-29192.71,-29192.71,2025-02-22,2025-02-22,Reconciled,
TXN0002473,2620405517,-21535.95,-21535.95,2025-04-04,2025-04-04,Reconciled,
TXN0005368,6773946763,5796.87,5796.87,2025-03-20,2025-03-20,Reconciled,
TXN0000090,4092996547,16778.90,16778.90,2025-06-19,2025-06-22,Reconciled (Timing Difference),"Posted 3 day(s) apart -- in-transit item, not an error."
TXN0000327,6456172493,-10691.53,-10691.53,2025-06-24,2025-06-24,Reconciled,
TXN0002128,2576801626,32571.07,32571.07,2025-04-01,2025-04-01,Reconciled,
TXN0003906,3041759661,29160.85,29160.85,2025-01-03,2025-01-03,Reconciled,
TXN0004161,1214787880,-43932.77,-43932.77,2025-03-03,2025-03-03,Reconciled,
TXN0001132,8024877642,-13374.69,-13374.69,2025-04-06,2025-04-06,Reconciled,
TXN0003118,3269508553,-1671.05,-1671.05,2025-01-19,2025-01-19,Reconciled,
TXN0003644,7645322026,-10424.13,-10424.13,2025-02-07,2025-02-07,Reconciled,
TXN0005284,9924887330,-9855.54,-9855.54,2025-06-16,2025-06-16,Reconciled,
TXN0003654,6758115491,35806.43,35806.43,2025-01-12,2025-01-12,Reconciled,
TXN0000192,9597005553,12126.72,12126.72,2025-05-27,2025-05-27,Reconciled,
TXN0001886,7048279651,-43675.10,-43675.10,2025-06-18,2025-06-18,Reconciled,
TXN0000392,4499268229,-1536.81,-1536.81,2025-03-11,2025-03-11,Reconciled,
TXN0001217,4679520854,-29913.21,-29913.21,2025-03-15,2025-03-15,Reconciled,
TXN0005417,7730074303,-27938.42,-27938.42,2025-02-04,2025-02-04,Reconciled,
TXN0004878,2795303324,-37096.43,-37096.43,2025-05-24,2025-05-24,Reconciled,
TXN0003655,3917423044,-862.51,-862.51,2025-01-12,2025-01-12,Reconciled,
TXN0000581,9922099312,-35084.24,-35084.24,2025-03-06,2025-03-06,Reconciled,
TXN0004907,2780814202,20435.38,20435.38,2025-02-06,2025-02-06,Reconciled,
TXN0001253,5516823809,-7586.18,-7586.18,2025-02-08,2025-02-08,Reconciled,
TXN0003958,2472865151,-15899.89,-15899.89,2025-04-06,2025-04-06,Reconciled,
TXN0001429,3308288179,-16843.33,-16843.33,2025-05-07,2025-05-07,Reconciled,
TXN0000436,1584541161,-31735.97,-31735.97,2025-04-16,2025-04-16,Reconciled,
TXN0003033,6309135507,-21607.96,-21607.96,2025-05-16,2025-05-16,Reconciled,
TXN0000042,3469233215,-33252.30,-33252.30,2025-03-07,2025-03-07,Reconciled,
TXN0001414,1167027640,-17476.44,-17476.44,2025-02-06,2025-02-06,Reconciled,
TXN0001523,4398363186,-41966.98,-41966.98,2025-05-21,2025-05-21,Reconciled,
TXN0005570,5944677291,10369.79,10369.79,2025-05-10,2025-05-10,Reconciled,
TXN0005617,5422033857,-36520.60,-36520.60,2025-05-19,2025-05-19,Reconciled,
TXN0005769,7851205464,-27570.59,-27570.59,2025-05-03,2025-05-03,Reconciled,
TXN0005477,2719738801,-22007.61,-22007.61,2025-04-06,2025-04-06,Reconciled,
TXN0004912,3585213812,-33726.89,-33726.89,2025-06-11,2025-06-11,Reconciled,
TXN0003258,5668816894,-16646.18,-16646.18,2025-06-01,2025-06-01,Reconciled,
TXN0005136,6959389967,-33402.59,-33402.59,2025-05-21,2025-05-21,Reconciled,
TXN0002418,3416481890,-30641.97,-30641.97,2025-02-01,2025-02-01,Reconciled,
TXN0003996,2405469192,-5659.38,-5659.38,2025-02-14,2025-02-14,Reconciled,
TXN0003864,6021815121,-17315.78,-17315.78,2025-06-30,2025-06-30,Reconciled,
TXN0000232,6931201782,42082.05,42082.05,2025-03-23,2025-03-23,Reconciled,
TXN0002537,9692777654,5878.06,5878.06,2025-01-27,2025-01-27,Reconciled,
TXN0004226,6674960148,13524.81,13524.81,2025-03-04,2025-03-04,Reconciled,
TXN0003517,6758627121,29719.58,29719.58,2025-01-03,2025-01-03,Reconciled,
TXN0003354,2307621425,-18052.02,-18052.02,2025-06-05,2025-06-05,Reconciled,
TXN0004666,6862983857,2586.75,2586.75,2025-04-24,2025-04-27,Reconciled (Timing Difference),"Posted 3 day(s) apart -- in-transit item, not an error."
TXN0002479,4049044358,38976.03,38976.03,2025-06-05,2025-06-05,Reconciled,
TXN0000265,2798548228,4211.74,4211.74,2025-02-24,2025-02-24,Reconciled,
TXN0002980,6640576005,-26086.38,-26086.38,2025-06-24,2025-06-24,Reconciled,
TXN0004558,9800753181,2895.93,2895.93,2025-03-31,2025-03-31,Reconciled,
TXN0001435,2713466332,-27424.64,-27424.64,2025-06-08,2025-06-10,Reconciled (Timing Difference),"Posted 2 day(s) apart -- in-transit item, not an error."
TXN0005103,3605878498,-7384.14,-7384.14,2025-06-10,2025-06-10,Reconciled,
TXN0005925,6171453156,-37561.47,-37561.47,2025-06-15,2025-06-15,Reconciled,
TXN0001806,3994404752,41394.31,41394.31,2025-02-12,2025-02-12,Reconciled,
TXN0000352,8709358998,32623.46,32623.46,2025-01-14,2025-01-14,Reconciled,
TXN0001981,5421790137,-37826.04,-37826.04,2025-06-05,2025-06-05,Reconciled,
TXN0002783,9415637449,34089.81,34089.81,2025-05-20,2025-05-20,Reconciled,
TXN0000221,7673168973,31305.06,31305.06,2025-03-24,2025-03-24,Reconciled,
TXN0001036,2690318093,-40570.61,-40570.61,2025-02-21,2025-02-21,Reconciled,
TXN0005478,7613594749,39914.19,39914.19,2025-02-16,2025-02-16,Reconciled,
TXN0000176,4410479879,41997.93,41997.93,2025-01-23,2025-01-23,Reconciled,
TXN0004024,3382227008,-39876.25,-39876.25,2025-05-18,2025-05-18,Reconciled,
TXN0000016,8422592892,19837.50,19837.50,2025-05-19,2025-05-19,Reconciled,
TXN0003984,3043225798,-23103.22,-23103.22,2025-04-04,2025-04-04,Reconciled,
TXN0000458,7866518163,40708.30,40708.30,2025-05-04,2025-05-04,Reconciled,
TXN0001361,9199542532,1726.22,1726.22,2025-04-21,2025-04-21,Reconciled,
TXN0002231,6264709279,7564.26,7388.04,2025-03-07,2025-03-07,Amount Discrepancy (Investigate),"Ledger 7564.26 vs bank 7388.04, diff 176.22."
TXN0002041,3108354367,-17229.02,-17229.02,2025-02-15,2025-02-15,Reconciled,
TXN0003117,4580918684,-16946.08,-16946.08,2025-04-22,2025-04-22,Reconciled,
TXN0000929,3693436596,-9525.03,-9525.03,2025-01-01,2025-01-01,Reconciled,
TXN0001245,2942374848,-8263.93,-8263.93,2025-05-15,2025-05-15,Reconciled,
TXN0004583,4751558965,5263.95,5263.95,2025-01-16,2025-01-16,Reconciled,
TXN0000472,7452031946,-29390.11,-29390.11,2025-04-08,2025-04-08,Reconciled,
TXN0003024,2739584296,-43290.42,-43321.58,2025-01-02,2025-01-02,Amount Discrepancy (Investigate),"Ledger -43290.42 vs bank -43321.58, diff 31.16."
TXN0001808,5804495060,-44623.46,-44623.46,2025-03-16,2025-03-16,Reconciled,
TXN0002993,4004675426,21117.55,21117.55,2025-05-01,2025-05-02,Reconciled (Timing Difference),"Posted 1 day(s) apart -- in-transit item, not an error."
TXN0001608,1900996832,-13430.98,-13430.98,2025-01-08,2025-01-08,Reconciled,
TXN0001679,8832479636,33559.40,33559.40,2025-04-06,2025-04-06,Reconciled,
TXN0001730,9389083182,18133.84,18133.84,2025-02-12,2025-02-12,Reconciled,
TXN0004403,7600286510,-1862.02,-1862.02,2025-02-07,2025-02-08,Reconciled (Timing Difference),"Posted 1 day(s) apart -- in-transit item, not an error."
TXN0001864,7545169187,-33422.30,-33422.30,2025-04-13,2025-04-15,Reconciled (Timing Difference),"Posted 2 day(s) apart -- in-transit item, not an error."
TXN0000635,1900080915,-16972.57,-16972.57,2025-02-03,2025-02-03,Reconciled,
TXN0003059,3189991760,-34897.43,-34897.43,2025-02-23,2025-02-23,Reconciled,
TXN0005315,7598419997,-6792.29,-6792.29,2025-06-06,2025-06-06,Reconciled,
TXN0004478,4910869754,37582.86,37582.86,2025-05-25,2025-05-27,Reconciled (Timing Difference),"Posted 2 day(s) apart -- in-transit item, not an error."
TXN0002887,5285004867,-42093.86,-42093.86,2025-02-20,2025-02-20,Reconciled,
TXN0000201,6701578071,-43142.01,-43142.01,2025-03-17,2025-03-20,Reconciled (Timing Difference),"Posted 3 day(s) apart -- in-transit item, not an error."
TXN0005642,5565193463,25106.73,25106.73,2025-02-27,2025-02-27,Reconciled,
TXN0002864,4249345449,41309.49,41309.49,2025-05-07,2025-05-07,Reconciled,
TXN0003034,5732915287,18157.78,18157.78,2025-04-08,2025-04-08,Reconciled,
TXN0000615,3274844462,5408.78,5408.78,2025-05-01,2025-05-01,Reconciled,
TXN0001475,4840328629,-29818.08,-29818.08,2025-01-03,2025-01-03,Reconciled,
TXN0001869,3903888028,-20657.28,-20657.28,2025-04-04,2025-04-04,Reconciled,
TXN0002315,3038932482,10471.16,10471.16,2025-04-21,2025-04-21,Reconciled,
TXN0002627,9559433124,11262.61,11262.61,2025-06-14,2025-06-14,Reconciled,
TXN0000131,1884698158,-6453.76,-6453.76,2025-03-31,2025-03-31,Reconciled,
TXN0005859,3608377662,-7601.75,-7601.75,2025-06-15,2025-06-15,Reconciled,
TXN0001795,4182154628,-29731.90,-29731.90,2025-01-28,2025-01-28,Reconciled,
TXN0001717,6538545037,35967.48,35967.48,2025-03-29,2025-03-29,Reconciled,
TXN0002799,2800837783,-25010.48,-25010.48,2025-05-19,2025-05-19,Reconciled,
TXN0002535,8744178688,-21962.48,-21962.48,2025-03-19,2025-03-19,Reconciled,
TXN0005133,2216340670,-6046.12,-6046.12,2025-02-17,2025-02-17,Reconciled,
TXN0000532,9516602342,-25400.61,-25400.61,2025-03-06,2025-03-06,Reconciled,
TXN0003839,1444541567,-18007.22,-18007.22,2025-03-24,2025-03-24,Reconciled,
TXN0000139,5044393084,-15035.37,-15035.37,2025-03-30,2025-03-31,Reconciled (Timing Difference),"Posted 1 day(s) apart -- in-transit item, not an error."
TXN0000858,1546763730,-36075.49,-36075.49,2025-04-24,2025-04-24,Reconciled,
TXN0004040,8286687051,34468.78,34468.78,2025-04-18,2025-04-18,Reconciled,
TXN0005344,9216825034,-40900.33,-40900.33,2025-05-19,2025-05-19,Reconciled,
TXN0000719,7750190408,-1866.59,-1866.59,2025-06-02,2025-06-02,Reconciled,
TXN0000742,4192509470,24568.71,24568.71,2025-06-14,2025-06-14,Reconciled,
TXN0005986,5011715880,-31055.37,-31055.37,2025-03-26,2025-03-26,Reconciled,
TXN0005105,8038557806,1582.60,1582.60,2025-03-03,2025-03-03,Reconciled,
TXN0005146,2140289248,-21874.86,-21874.86,2025-04-30,2025-04-30,Reconciled,
TXN0005351,1376736377,-31901.18,-31901.18,2025-06-26,2025-06-26,Reconciled,
TXN0002901,9430469347,-40401.24,,2025-05-22,,Ledger-Only (Investigate),No matching bank record found for this ledger entry.
TXN0002441,9058872661,-24264.99,-24264.99,2025-04-15,2025-04-15,Reconciled,
TXN0002562,4626356889,-41530.78,-41530.78,2025-06-07,2025-06-07,Reconciled,
TXN0004621,8517275508,-32956.55,-32956.55,2025-02-16,2025-02-16,Reconciled,
TXN0003478,6127424980,10840.84,10840.84,2025-02-01,2025-02-01,Reconciled,
TXN0000370,1942177509,-38363.95,-38363.95,2025-04-03,2025-04-03,Reconciled,
TXN0001900,3862413008,-18282.26,-18282.26,2025-04-12,2025-04-12,Reconciled,
TXN0001370,3312608775,-38302.51,-38302.51,2025-04-25,2025-04-25,Reconciled,
TXN0002700,1869570565,-40119.84,-40119.84,2025-03-03,2025-03-03,Reconciled,
TXN0000264,8839225191,-33553.65,-33553.65,2025-02-11,2025-02-11,Reconciled,
TXN0001079,9741250701,-18868.15,-18868.15,2025-02-27,2025-02-27,Reconciled,
TXN0004535,6641024650,-35874.17,-35874.17,2025-01-27,2025-01-27,Reconciled,
TXN0001911,9091856796,24615.24,24615.24,2025-03-31,2025-03-31,Reconciled,
TXN0003845,9728840480,2444.72,,2025-05-01,,Ledger-Only (Investigate),No matching bank record found for this ledger entry.
TXN0000963,7317123471,-4323.46,-4323.46,2025-04-28,2025-04-28,Reconciled,
TXN0003773,6892898208,-6324.37,-6324.37,2025-01-14,2025-01-14,Reconciled,
TXN0003142,4473927164,-31146.87,-31146.87,2025-05-05,2025-05-05,Reconciled,
TXN0005838,4046151093,-20932.11,-20932.11,2025-06-11,2025-06-13,Reconciled (Timing Difference),"Posted 2 day(s) apart -- in-transit item, not an error."
TXN0001983,2435083378,-34255.64,-34255.64,2025-05-11,2025-05-11,Reconciled,
TXN0000816,7398917312,-27368.63,-27368.63,2025-02-05,2025-02-05,Reconciled,
TXN0005675,2053627159,-29741.84,-29741.84,2025-06-08,2025-06-08,Reconciled,
TXN0004253,5237253262,-34117.75,-34117.75,2025-03-29,2025-03-29,Reconciled,
TXN0004936,3072451306,-8263.28,-8263.28,2025-05-30,2025-05-30,Reconciled,
TXN0001823,2856359774,-26964.88,-26964.88,2025-03-08,2025-03-08,Reconciled,
TXN0004004,7809126825,-13009.15,-13009.15,2025-01-29,2025-01-29,Reconciled,
TXN0003012,9373504551,-34979.43,-34979.43,2025-03-25,2025-03-25,Reconciled,
TXN0001850,8370647811,-14719.85,-14719.85,2025-06-15,2025-06-15,Reconciled,
TXN0005750,3008468947,-12128.31,-12128.31,2025-04-12,2025-04-12,Reconciled,
TXN0005004,7674405362,-18743.92,-18721.11,2025-04-26,2025-04-26,Amount Discrepancy (Investigate),"Ledger -18743.92 vs bank -18721.11, diff -22.81."
TXN0001577,8708584927,-35581.96,-35581.96,2025-03-21,2025-03-21,Reconciled,
TXN0002698,7473286705,-26279.62,-26279.62,2025-01-29,2025-01-29,Reconciled,
TXN0004139,2702478301,18702.24,18702.24,2025-02-25,2025-02-25,Reconciled,
TXN0001905,1394920309,-3621.29,-3621.29,2025-02-20,2025-02-21,Reconciled (Timing Difference),"Posted 1 day(s) apart -- in-transit item, not an error."
TXN0001556,6456323652,-2128.49,-2128.49,2025-06-29,2025-06-29,Reconciled,
TXN0001232,2342414250,-22266.03,-22266.03,2025-04-11,2025-04-11,Reconciled,
TXN0000262,1530119624,-4080.01,-4080.01,2025-05-23,2025-05-23,Reconciled,
TXN0003609,1032042109,-10984.08,-10984.08,2025-03-01,2025-03-01,Reconciled,
TXN0000777,6677007534,-43560.98,,2025-02-05,,Ledger-Only (Investigate),No matching bank record found for this ledger entry.
TXN0004189,3071044214,11884.50,11884.50,2025-04-01,2025-04-02,Reconciled (Timing Difference),"Posted 1 day(s) apart -- in-transit item, not an error."
TXN0000134,7941829992,22730.62,22730.62,2025-05-26,2025-05-26,Reconciled,
TXN0001939,4154565607,-33775.32,-33775.32,2025-04-08,2025-04-08,Reconciled,
TXN0002660,5548670409,37320.79,37320.79,2025-05-05,2025-05-05,Reconciled,
TXN0001801,7823656224,-5106.72,-5106.72,2025-01-30,2025-01-30,Reconciled,
TXN0005387,8262703397,-13003.63,-13003.63,2025-02-11,2025-02-11,Reconciled,
TXN0003545,2470402123,10609.65,10609.65,2025-04-03,2025-04-03,Reconciled,
TXN0005688,9924248871,-6490.72,-6490.72,2025-01-23,2025-01-23,Reconciled,
TXN0005818,8307942112,-38531.07,-38531.07,2025-03-02,2025-03-04,Reconciled (Timing Difference),"Posted 2 day(s) apart -- in-transit item, not an error."
TXN0000060,8158578455,37526.40,37526.40,2025-04-29,2025-04-29,Reconciled,
TXN0001732,3552444962,10907.49,10907.49,2025-02-15,2025-02-15,Reconciled,
TXN0002808,8377239212,43868.15,43868.15,2025-06-08,2025-06-08,Reconciled,
TXN0002229,1227365878,-37348.64,-37348.64,2025-06-19,2025-06-19,Reconciled,
TXN0005819,5124653045,21859.54,21859.54,2025-06-25,2025-06-25,Reconciled,
TXN0004263,6605266371,33916.87,33916.87,2025-04-17,2025-04-17,Reconciled,
TXN0005810,8768704459,-15193.96,-15193.96,2025-06-20,2025-06-20,Reconciled,
TXN0001753,3802099512,-26257.31,-26257.31,2025-06-22,2025-06-22,Reconciled,
TXN0003826,3958894983,22655.85,22655.85,2025-01-07,2025-01-07,Reconciled,
TXN0000643,9959925071,38644.19,38644.19,2025-06-05,2025-06-05,Reconciled,
TXN0000453,6416865095,23337.40,23337.40,2025-01-02,2025-01-02,Reconciled,
TXN0005295,1638941173,16382.56,16382.56,2025-02-20,2025-02-20,Reconciled,
TXN0002701,2945805452,-23475.70,-23475.70,2025-04-12,2025-04-12,Reconciled,
TXN0003351,9496911787,-2374.94,-2374.94,2025-02-20,2025-02-20,Reconciled,
TXN0001304,8377879704,11331.76,11331.76,2025-05-31,2025-05-31,Reconciled,
TXN0001112,9657237341,35037.44,35037.44,2025-04-28,2025-04-28,Reconciled,
TXN0003815,9333891738,30042.13,30042.13,2025-02-21,2025-02-22,Reconciled (Timing Difference),"Posted 1 day(s) apart -- in-transit item, not an error."
TXN0003590,7582886849,-44140.67,-44140.67,2025-04-27,2025-04-27,Reconciled,
TXN0002635,5969863000,-19344.16,-19344.16,2025-01-17,2025-01-17,Reconciled,
TXN0001336,5413234420,18996.99,18996.99,2025-03-02,2025-03-02,Reconciled,
TXN0004551,7616312669,-32964.26,-32964.26,2025-02-09,2025-02-10,Reconciled (Timing Difference),"Posted 1 day(s) apart -- in-transit item, not an error."
TXN0003986,9605720255,-31293.47,-31293.47,2025-01-02,2025-01-02,Reconciled,
TXN0002191,2821442020,-24793.76,-24793.76,2025-01-12,2025-01-12,Reconciled,
TXN0002278,2601280801,43081.00,43081.00,2025-01-17,2025-01-17,Reconciled,
TXN0002619,1398932538,42513.52,42513.52,2025-06-17,2025-06-17,Reconciled,
TXN0002567,9163952471,42211.20,42211.20,2025-02-23,2025-02-23,Reconciled,
TXN0000348,2797695751,5352.80,5352.80,2025-01-07,2025-01-07,Reconciled,
TXN0003361,6001982133,-27172.22,-27172.22,2025-02-06,2025-02-06,Reconciled,
TXN0000039,4836200377,-8612.88,-8612.88,2025-05-30,2025-06-01,Reconciled (Timing Difference),"Posted 2 day(s) apart -- in-transit item, not an error."
TXN0005575,5639676330,23489.47,23489.47,2025-05-30,2025-05-31,Reconciled (Timing Difference),"Posted 1 day(s) apart -- in-transit item, not an error."
TXN0000520,9635492146,33782.91,33782.91,2025-01-18,2025-01-18,Reconciled,
TXN0000538,5929517587,44047.88,44047.88,2025-02-25,2025-02-25,Reconciled,
TXN0005165,4502112418,-25551.61,,2025-05-06,,Ledger-Only (Investigate),No matching bank record found for this ledger entry.
TXN0003735,9350007943,-42253.28,-42253.28,2025-02-22,2025-02-22,Reconciled,
TXN0000329,5691622383,-2396.79,-2396.79,2025-03-12,2025-03-12,Reconciled,
TXN0004909,1521854996,41525.28,,2025-06-17,,Ledger-Only (Investigate),No matching bank record found for this ledger entry.
TXN0001427,1185967124,-36133.29,-36133.29,2025-06-09,2025-06-09,Reconciled,
TXN0004235,5552147598,-26174.16,-26174.16,2025-04-28,2025-04-28,Reconciled,
TXN0004601,6709365049,-34394.98,-34394.98,2025-01-22,2025-01-22,Reconciled,
TXN0001176,3226937179,1265.37,1265.37,2025-03-12,2025-03-12,Reconciled,
TXN0002384,8248041516,41340.86,41340.86,2025-05-24,2025-05-24,Reconciled,
TXN0003215,1148405076,42446.55,42446.55,2025-04-29,2025-05-01,Reconciled (Timing Difference),"Posted 2 day(s) apart -- in-transit item, not an error."
TXN0004808,2288204410,-28558.98,-28558.98,2025-02-21,2025-02-21,Reconciled,
TXN0002277,3145772375,21998.38,21998.38,2025-01-19,2025-01-19,Reconciled,
TXN0005032,3071848669,4687.60,4687.60,2025-04-27,2025-04-27,Reconciled,
TXN0001011,6225304547,28168.51,28168.51,2025-03-17,2025-03-17,Reconciled,
TXN0004406,7252161309,24749.20,24749.20,2025-02-20,2025-02-20,Reconciled,
TXN0000595,5982769533,-26254.70,-26254.70,2025-04-25,2025-04-25,Reconciled,
TXN0004678,9021828864,-5159.22,-5159.22,2025-04-19,2025-04-19,Reconciled,
TXN0002269,6448687310,38513.67,38513.67,2025-02-28,2025-02-28,Reconciled,
TXN0000371,9861542643,1105.38,1105.38,2025-05-03,2025-05-03,Reconciled,
TXN0001367,3984304137,-40768.22,-40768.22,2025-04-26,2025-04-26,Reconciled,
TXN0005913,3401175678,-34346.73,-34346.73,2025-02-23,2025-02-23,Reconciled,
TXN0000407,7451920086,-18335.49,-18335.49,2025-03-07,2025-03-07,Reconciled,
TXN0003774,3772556738,41505.58,41585.49,2025-06-06,2025-06-06,Amount Discrepancy (Investigate),"Ledger 41505.58 vs bank 41585.49, diff -79.91."
TXN0000170,2136965812,-7782.91,-7782.91,2025-03-06,2025-03-06,Reconciled,
TXN0004249,2187893067,-27254.79,-27254.79,2025-02-18,2025-02-19,Reconciled (Timing Difference),"Posted 1 day(s) apart -- in-transit item, not an error."
TXN0005193,9429232733,18521.53,18521.53,2025-01-31,2025-01-31,Reconciled,
TXN0000315,4312388824,-4525.17,-4597.05,2025-06-22,2025-06-22,Amount Discrepancy (Investigate),"Ledger -4525.17 vs bank -4597.05, diff 71.88."
TXN0002358,1525081989,23744.29,23744.29,2025-04-16,2025-04-17,Reconciled (Timing Difference),"Posted 1 day(s) apart -- in-transit item, not an error."
TXN0000558,2384498966,-33477.51,-33477.51,2025-06-08,2025-06-08,Reconciled,
TXN0001800,2590710370,-26151.43,-26151.43,2025-01-21,2025-01-21,Reconciled,
TXN0004654,7991177364,-27965.77,-27965.77,2025-01-01,2025-01-01,Reconciled,
TXN0001866,4037402049,-10594.60,-10594.60,2025-04-23,2025-04-23,Reconciled,
TXN0003375,1339412022,-26784.01,-26784.01,2025-02-07,2025-02-07,Reconciled,
TXN0004496,7495618478,-41874.26,-41874.26,2025-03-09,2025-03-09,Reconciled,
TXN0004600,2327719318,36916.36,36916.36,2025-03-13,2025-03-13,Reconciled,
TXN0003548,2290228734,-4037.91,-4037.91,2025-06-30,2025-06-30,Reconciled,
TXN0002782,6443601303,30622.98,30622.98,2025-06-02,2025-06-04,Reconciled (Timing Difference),"Posted 2 day(s) apart -- in-transit item, not an error."
TXN0000423,9317866222,19044.32,19044.32,2025-05-27,2025-05-27,Reconciled,
TXN0003090,1016711384,-10210.91,-10210.91,2025-01-30,2025-01-30,Reconciled,
TXN0001215,8941438197,-27022.86,-27022.86,2025-05-26,2025-05-26,Reconciled,
TXN0003705,3618886386,-35905.65,-35905.65,2025-03-17,2025-03-17,Reconciled,
TXN0003306,6355305434,-29382.70,-29382.70,2025-02-18,2025-02-18,Reconciled,
TXN0002095,1996988653,-14047.31,-14047.31,2025-02-17,2025-02-17,Reconciled,
TXN0000486,4051874932,-16193.96,-16193.96,2025-05-03,2025-05-03,Reconciled,
TXN0000717,8043572512,-31750.11,,2025-03-17,,Ledger-Only (Investigate),No matching bank record found for this ledger entry.
TXN0003698,8830689019,-281.42,-281.42,2025-04-27,2025-04-27,Reconciled,
TXN0001904,2011211263,3295.72,3295.72,2025-04-19,2025-04-19,Reconciled,
TXN0005944,3594365245,-8882.52,-8882.52,2025-02-02,2025-02-02,Reconciled,
TXN0001551,3657440532,-8097.08,-8097.08,2025-03-12,2025-03-12,Reconciled,
TXN0004627,7245842299,-16806.35,-16806.35,2025-01-07,2025-01-07,Reconciled,
TXN0003194,7497828212,31430.96,31430.96,2025-02-20,2025-02-20,Reconciled,
TXN0004250,5150259423,-40837.45,-40837.45,2025-05-12,2025-05-12,Reconciled,
TXN0005723,1051934457,-43436.29,-43436.29,2025-06-01,2025-06-01,Reconciled,
TXN0003062,2330182839,-19041.61,-19041.61,2025-03-09,2025-03-09,Reconciled,
TXN0005237,2787538263,-16840.31,-16840.31,2025-06-22,2025-06-22,Reconciled,
TXN0003508,2020586956,-19414.97,-19414.97,2025-05-07,2025-05-07,Reconciled,
TXN0004768,5515897935,-33987.46,-33987.46,2025-02-21,2025-02-21,Reconciled,
TXN0000865,2576329028,-15161.56,-15161.56,2025-03-17,2025-03-18,Reconciled (Timing Difference),"Posted 1 day(s) apart -- in-transit item, not an error."
TXN0001198,6853413751,-31225.43,-31225.43,2025-04-18,2025-04-18,Reconciled,
TXN0001941,6823951496,-21421.71,-21421.71,2025-04-02,2025-04-02,Reconciled,
TXN0004592,5713654951,-36862.52,-36862.52,2025-04-19,2025-04-19,Reconciled,
TXN0003494,1601786277,-31010.51,-31010.51,2025-04-11,2025-04-11,Reconciled,
TXN0004632,6237019611,25784.04,,2025-06-11,,Ledger-Only (Investigate),No matching bank record found for this ledger entry.
TXN0001057,5447242626,37821.70,37821.70,2025-05-06,2025-05-06,Reconciled,
TXN0001731,2530360080,-20744.02,,2025-01-12,,Ledger-Only (Investigate),No matching bank record found for this ledger entry.
TXN0001078,7142961244,-31799.95,-31799.95,2025-05-06,2025-05-06,Reconciled,
TXN0002624,8206349207,-24504.81,-24504.81,2025-05-18,2025-05-18,Reconciled,
TXN0004721,9731299367,-27317.90,-27317.90,2025-05-07,2025-05-07,Reconciled,
TXN0004196,6945477977,4245.40,4245.40,2025-04-28,2025-04-28,Reconciled,
TXN0005275,7193509833,2449.63,2449.63,2025-02-06,2025-02-06,Reconciled,
TXN0000506,4026461165,-34844.52,-34844.52,2025-06-16,2025-06-16,Reconciled,
TXN0003955,9587363163,-39492.32,-39492.32,2025-02-18,2025-02-18,Reconciled,
TXN0005742,6771578769,3593.61,3593.61,2025-04-11,2025-04-11,Reconciled,
TXN0005730,6279089448,-4348.53,-4348.53,2025-02-23,2025-02-23,Reconciled,
TXN0002684,7070195292,-43146.68,-43146.68,2025-03-07,2025-03-07,Reconciled,
TXN0002238,5663441812,10453.67,10453.67,2025-03-31,2025-03-31,Reconciled,
TXN0004385,7513127967,6348.22,6348.22,2025-03-29,2025-03-29,Reconciled,
TXN0002997,8912163293,23501.74,23501.74,2025-02-18,2025-02-18,Reconciled,
TXN0002023,8395011709,-17476.95,-17476.95,2025-01-16,2025-01-16,Reconciled,
TXN0004429,9676237765,21009.91,21009.91,2025-02-07,2025-02-08,Reconciled (Timing Difference),"Posted 1 day(s) apart -- in-transit item, not an error."
TXN0001109,9221848674,19907.58,19907.58,2025-01-11,2025-01-11,Reconciled,
TXN0005671,8592083258,-23946.22,-23946.22,2025-01-04,2025-01-04,Reconciled,
TXN0003020,6888462886,3303.12,3303.12,2025-02-06,2025-02-06,Reconciled,
TXN0001334,7285623999,-24671.56,-24671.56,2025-04-01,2025-04-01,Reconciled,
TXN0005800,6124086663,-734.62,-604.82,2025-03-15,2025-03-15,Amount Discrepancy (Investigate),"Ledger -734.62 vs bank -604.82, diff -129.80."
TXN0000005,7313547272,-25491.72,-25491.72,2025-02-20,2025-02-20,Reconciled,
TXN0005527,3279824501,31456.65,31456.65,2025-06-28,2025-06-28,Reconciled,
TXN0001043,4500388109,-42450.30,-42450.30,2025-05-17,2025-05-17,Reconciled,
TXN0005739,3216129467,14599.49,14599.49,2025-01-28,2025-01-28,Reconciled,
TXN0002132,8285469359,-15794.04,-15794.04,2025-06-20,2025-06-22,Reconciled (Timing Difference),"Posted 2 day(s) apart -- in-transit item, not an error."
TXN0004149,6651374545,-28608.62,-28608.62,2025-06-19,2025-06-19,Reconciled,
TXN0000282,9769224496,-5348.16,-5348.16,2025-01-21,2025-01-21,Reconciled,
TXN0005802,5558330619,-23044.13,-23044.13,2025-04-27,2025-04-27,Reconciled,
TXN0000829,7665079258,26913.03,26913.03,2025-06-14,2025-06-14,Reconciled,
TXN0000446,2292713570,-11089.35,-11089.35,2025-03-01,2025-03-01,Reconciled,
TXN0002125,1900394906,6293.44,6293.44,2025-06-28,2025-06-28,Reconciled,
TXN0000589,1561400446,-37712.50,-37712.50,2025-03-05,2025-03-05,Reconciled,
TXN0000812,2771931587,-32305.41,-32305.41,2025-01-08,2025-01-08,Reconciled,
TXN0004591,4427303401,14512.63,14512.63,2025-03-27,2025-03-27,Reconciled,
TXN0001860,1214367887,35021.96,35021.96,2025-05-28,2025-05-28,Reconciled,
TXN0001339,5501637645,10476.08,10476.08,2025-05-20,2025-05-20,Reconciled,
TXN0002353,4192663146,6705.97,6705.97,2025-02-22,2025-02-22,Reconciled,
TXN0003962,6989102828,35345.74,35345.74,2025-05-24,2025-05-24,Reconciled,
TXN0005024,7470235260,-25028.57,-25028.57,2025-02-09,2025-02-09,Reconciled,
TXN0004969,5741605559,-15993.13,-15756.60,2025-01-12,2025-01-12,Amount Discrepancy (Investigate),"Ledger -15993.13 vs bank -15756.60, diff -236.53."
TXN0001579,9884471032,-26289.56,-26289.56,2025-01-15,2025-01-15,Reconciled,
TXN0000507,5294783503,-38765.84,-38765.84,2025-03-26,2025-03-26,Reconciled,
TXN0000114,9201724189,30762.07,30762.07,2025-03-11,2025-03-11,Reconciled,
TXN0003314,9691343448,27530.27,27530.27,2025-06-22,2025-06-22,Reconciled,
TXN0004498,1016579131,-6412.34,-6412.34,2025-03-31,2025-03-31,Reconciled,
TXN0003743,8712445570,-3461.93,-3461.93,2025-02-05,2025-02-05,Reconciled,
TXN0005350,7244713428,-16813.43,-16813.43,2025-01-07,2025-01-07,Reconciled,
TXN0000462,7558344534,-43605.26,-43605.26,2025-05-29,2025-05-29,Reconciled,
TXN0004413,8301735868,-12799.56,-12799.56,2025-02-08,2025-02-08,Reconciled,
TXN0003863,6147402856,-14233.38,-14233.38,2025-02-24,2025-02-24,Reconciled,
TXN0004415,5440638990,-42764.51,-42764.51,2025-02-12,2025-02-12,Reconciled,
TXN0003905,1677160676,-28179.83,-28179.83,2025-06-21,2025-06-21,Reconciled,
TXN0002922,5203195384,-24615.29,-24615.29,2025-03-31,2025-04-02,Reconciled (Timing Difference),"Posted 2 day(s) apart -- in-transit item, not an error."
TXN0003263,4491167213,30115.87,30115.87,2025-03-19,2025-03-19,Reconciled,
TXN0004763,5843015602,-7762.14,-7762.14,2025-03-17,2025-03-17,Reconciled,
TXN0000945,8486756410,40908.68,40908.68,2025-04-25,2025-04-25,Reconciled,
TXN0003645,7687681385,-39644.58,-39644.58,2025-06-06,2025-06-06,Reconciled,
TXN0001617,4084122900,-1583.56,-1583.56,2025-01-16,2025-01-16,Reconciled,
TXN0004485,9533755904,-4867.01,-4867.01,2025-03-15,2025-03-15,Reconciled,
TXN0003866,4947163850,-6512.00,-6512.00,2025-01-30,2025-01-30,Reconciled,
TXN0000647,4351323948,38425.35,38425.35,2025-01-05,2025-01-05,Reconciled,
TXN0001962,3326663971,32836.67,32836.67,2025-05-06,2025-05-06,Reconciled,
TXN0002420,5089593433,-11976.61,-11976.61,2025-06-20,2025-06-20,Reconciled,
TXN0004010,3471541799,26740.03,26740.03,2025-06-25,2025-06-25,Reconciled,
TXN0003134,5644260100,27159.88,27159.88,2025-05-18,2025-05-18,Reconciled,
TXN0000038,9646825746,8177.58,8177.58,2025-04-27,2025-04-27,Reconciled,
TXN0002961,7241655833,-2516.15,-2516.15,2025-02-04,2025-02-06,Reconciled (Timing Difference),"Posted 2 day(s) apart -- in-transit item, not an error."
TXN0001434,3007691916,12725.09,12725.09,2025-04-09,2025-04-09,Reconciled,
TXN0000700,5963764787,-34365.08,-34365.08,2025-06-05,2025-06-05,Reconciled,
TXN0004084,8946398339,37166.69,37166.69,2025-04-27,2025-04-27,Reconciled,
TXN0002272,9981754611,38006.32,38006.32,2025-03-24,2025-03-24,Reconciled,
TXN0005405,2972152564,-39112.35,-39112.35,2025-06-01,2025-06-01,Reconciled,
TXN0002042,6417208248,34089.34,34089.34,2025-02-02,2025-02-02,Reconciled,
TXN0000654,8018179024,38408.40,,2025-02-28,,Ledger-Only (Investigate),No matching bank record found for this ledger entry.
TXN0000765,7854381656,-16702.27,-16702.27,2025-05-02,2025-05-02,Reconciled,
TXN0003484,7185530916,-34252.16,-34252.16,2025-01-07,2025-01-07,Reconciled,
TXN0003496,5828262628,-13285.34,-13285.34,2025-02-17,2025-02-17,Reconciled,
TXN0002119,3508505369,27607.62,27607.62,2025-05-11,2025-05-11,Reconciled,
TXN0001375,5678133096,44403.65,,2025-04-09,,Ledger-Only (Investigate),No matching bank record found for this ledger entry.
TXN0002561,5828217560,-5121.89,-5121.89,2025-01-13,2025-01-13,Reconciled,
TXN0003755,9191888322,44802.06,44802.06,2025-02-28,2025-02-28,Reconciled,
TXN0004127,3943485949,-15559.57,-15559.57,2025-02-28,2025-02-28,Reconciled,
TXN0000236,4450398819,-8117.97,-8117.97,2025-04-26,2025-04-26,Reconciled,
TXN0003206,1317816786,-9931.92,-9931.92,2025-05-04,2025-05-04,Reconciled,
TXN0004505,1621925405,-8696.92,-8696.92,2025-06-09,2025-06-09,Reconciled,
TXN0004832,8107959944,-14782.23,-14782.23,2025-02-13,2025-02-13,Reconciled,
TXN0000479,1711690773,33381.05,33381.05,2025-05-14,2025-05-14,Reconciled,
TXN0003264,8010709149,-3606.17,-3606.17,2025-05-18,2025-05-18,Reconciled,
TXN0002330,6866360953,-236.66,-236.66,2025-01-28,2025-01-28,Reconciled,
TXN0001365,8358756673,-30510.44,-30510.44,2025-05-31,2025-05-31,Reconciled,
TXN0004946,6700005151,6477.80,6477.80,2025-05-31,2025-05-31,Reconciled,
TXN0001337,4668432966,5625.67,5625.67,2025-03-27,2025-03-30,Reconciled (Timing Difference),"Posted 3 day(s) apart -- in-transit item, not an error."
TXN0003614,1051659055,-34612.73,-34612.73,2025-04-11,2025-04-11,Reconciled,
TXN0000811,5353384818,30475.41,30475.41,2025-03-04,2025-03-04,Reconciled,
TXN0005755,6238203533,-26009.13,-26009.13,2025-06-22,2025-06-22,Reconciled,
TXN0004815,4136510542,-21633.68,-21633.68,2025-01-02,2025-01-03,Reconciled (Timing Difference),"Posted 1 day(s) apart -- in-transit item, not an error."
TXN0001135,2637790520,-22885.09,-22885.09,2025-04-17,2025-04-19,Reconciled (Timing Difference),"Posted 2 day(s) apart -- in-transit item, not an error."
TXN0003394,2235168001,26130.67,26130.67,2025-05-01,2025-05-01,Reconciled,
TXN0004412,5553386614,-16554.15,-16554.15,2025-03-17,2025-03-17,Reconciled,
TXN0005418,2888764120,7127.55,7052.84,2025-04-08,2025-04-08,Amount Discrepancy (Investigate),"Ledger 7127.55 vs bank 7052.84, diff 74.71."
TXN0005708,4165280287,-42725.18,-42725.18,2025-02-18,2025-02-18,Reconciled,
TXN0001443,8644332775,13041.80,13041.80,2025-03-29,2025-03-29,Reconciled,
TXN0000400,2950241516,13103.21,13103.21,2025-03-28,2025-03-28,Reconciled,
TXN0003238,8661824627,-12820.60,-12820.60,2025-05-15,2025-05-15,Reconciled,
TXN0003848,4195819963,32291.57,32291.57,2025-05-14,2025-05-14,Reconciled,
TXN0005705,5772981968,-20505.48,-20505.48,2025-02-16,2025-02-16,Reconciled,
TXN0002282,5610893128,-42322.83,-42322.83,2025-05-13,2025-05-13,Reconciled,
TXN0004717,9976454359,-13673.62,-13673.62,2025-01-10,2025-01-10,Reconciled,
TXN0000557,7301717844,-11496.90,-11496.90,2025-06-13,2025-06-13,Reconciled,
TXN0000857,5127221266,-22403.12,-22403.12,2025-04-08,2025-04-08,Reconciled,
TXN0005540,4396173085,-27890.01,-27890.01,2025-05-05,2025-05-07,Reconciled (Timing Difference),"Posted 2 day(s) apart -- in-transit item, not an error."
TXN0004206,6871485691,26976.14,26976.14,2025-04-28,2025-04-28,Reconciled,
TXN0000414,1439646647,-17182.90,-17182.90,2025-04-29,2025-04-29,Reconciled,
TXN0003280,4286190777,-21663.73,-21663.73,2025-06-27,2025-06-27,Reconciled,
TXN0002560,6918091388,-14194.64,-14194.64,2025-03-02,2025-03-02,Reconciled,
TXN0001781,5747988977,-16363.22,-16524.17,2025-06-16,2025-06-16,Amount Discrepancy (Investigate),"Ledger -16363.22 vs bank -16524.17, diff 160.95."
TXN0001291,7873213922,-9362.26,-9362.26,2025-02-24,2025-02-24,Reconciled,
TXN0004387,9980113351,-7234.25,-7234.25,2025-01-22,2025-01-22,Reconciled,
TXN0005049,4851518260,-24893.66,-24893.66,2025-01-27,2025-01-27,Reconciled,
TXN0005336,6985916885,-10695.89,-10695.89,2025-06-23,2025-06-23,Reconciled,
TXN0000323,7700231727,-24683.83,-24683.83,2025-01-13,2025-01-13,Reconciled,
TXN0001961,3036559366,-14065.89,,2025-02-12,,Ledger-Only (Investigate),No matching bank record found for this ledger entry.
TXN0002673,4421764445,-2290.00,-2290.00,2025-01-17,2025-01-17,Reconciled,
TXN0000722,2703678898,-27080.59,-27080.59,2025-02-28,2025-02-28,Reconciled,
TXN0001345,7910257759,40846.08,40846.08,2025-02-28,2025-02-28,Reconciled,
TXN0004100,7736629856,-3567.75,,2025-03-04,,Ledger-Only (Investigate),No matching bank record found for this ledger entry.
TXN0002227,3742147781,-9052.90,-9052.90,2025-02-11,2025-02-11,Reconciled,
TXN0004128,2190054297,-39120.62,-39120.62,2025-02-22,2025-02-22,Reconciled,
TXN0005301,3876177193,-29940.03,,2025-05-15,,Ledger-Only (Investigate),No matching bank record found for this ledger entry.
TXN0005519,1203547032,-37207.96,-37207.96,2025-01-26,2025-01-26,Reconciled,
TXN0005699,7711245691,-24925.02,-24925.02,2025-05-18,2025-05-19,Reconciled (Timing Difference),"Posted 1 day(s) apart -- in-transit item, not an error."
TXN0004896,2493074759,-18013.36,-18013.36,2025-04-05,2025-04-05,Reconciled,
TXN0005463,9851860707,-27721.78,-27721.78,2025-05-02,2025-05-02,Reconciled,
TXN0005966,7746380923,12837.59,12837.59,2025-01-03,2025-01-03,Reconciled,
TXN0001155,1373255978,38630.14,38630.14,2025-02-22,2025-02-22,Reconciled,
TXN0000556,9529831125,-43589.98,-43589.98,2025-01-08,2025-01-08,Reconciled,
TXN0002765,5101337512,-44088.46,-44088.46,2025-04-15,2025-04-15,Reconciled,
TXN0005483,3932437105,-42853.24,-42853.24,2025-04-09,2025-04-09,Reconciled,
TXN0003102,7821860818,-33991.23,-33991.23,2025-04-08,2025-04-08,Reconciled,
TXN0002837,1840919374,1593.92,1593.92,2025-01-22,2025-01-22,Reconciled,
TXN0001597,5674322521,-17682.12,-17682.12,2025-03-11,2025-03-11,Reconciled,
TXN0003456,4762453368,-25535.42,,2025-05-16,,Ledger-Only (Investigate),No matching bank record found for this ledger entry.
TXN0001946,2581256864,-12475.56,-12475.56,2025-05-26,2025-05-26,Reconciled,
TXN0003325,3802009415,40422.14,40422.14,2025-04-06,2025-04-06,Reconciled,
TXN0001635,8592183828,-18721.41,-18721.41,2025-01-25,2025-01-25,Reconciled,
TXN0000864,4162994490,26547.26,26547.26,2025-05-23,2025-05-23,Reconciled,
TXN0003122,8097681890,-11401.69,-11401.69,2025-05-17,2025-05-17,Reconciled,
TXN0003499,3561856688,16503.83,16503.83,2025-01-13,2025-01-13,Reconciled,
TXN0000915,7247540770,-32505.55,-32505.55,2025-04-04,2025-04-06,Reconciled (Timing Difference),"Posted 2 day(s) apart -- in-transit item, not an error."
TXN0001021,4163112498,-16933.63,-16933.63,2025-04-24,2025-04-24,Reconciled,
TXN0002178,9653311576,-44880.63,-44880.63,2025-06-29,2025-06-29,Reconciled,
TXN0002671,6529216122,-1206.17,-1206.17,2025-02-15,2025-02-15,Reconciled,
TXN0002897,1043848729,-39693.99,-39693.99,2025-01-25,2025-01-25,Reconciled,
TXN0004729,3293828008,6741.40,6741.40,2025-05-26,2025-05-26,Reconciled,
TXN0001067,9033195362,-9671.67,-9671.67,2025-01-13,2025-01-13,Reconciled,
TXN0004107,7549930107,-25083.49,-25083.49,2025-04-04,2025-04-04,Reconciled,
TXN0000631,9831160729,-29245.28,-29245.28,2025-05-07,2025-05-07,Reconciled,
TXN0000257,9459715756,-44075.07,-44075.07,2025-04-16,2025-04-16,Reconciled,
TXN0003725,4313319517,-1273.72,-1273.72,2025-05-10,2025-05-10,Reconciled,
TXN0000070,4563711754,-38868.96,-38868.96,2025-05-02,2025-05-02,Reconciled,
TXN0005788,9867905069,11529.84,11529.84,2025-04-01,2025-04-01,Reconciled,
TXN0001436,1951438444,8493.11,8493.11,2025-04-03,2025-04-03,Reconciled,
TXN0002905,2768763162,-199.42,-199.42,2025-01-18,2025-01-18,Reconciled,
TXN0002471,4324739781,-40487.94,-40487.94,2025-04-07,2025-04-07,Reconciled,
TXN0003095,8458832531,-42295.61,-42295.61,2025-02-01,2025-02-01,Reconciled,
TXN0005027,4819297281,11460.13,11460.13,2025-06-06,2025-06-06,Reconciled,
TXN0001257,1983311706,-28098.39,-28098.39,2025-02-27,2025-03-01,Reconciled (Timing Difference),"Posted 2 day(s) apart -- in-transit item, not an error."
TXN0002480,3974602272,20154.04,20154.04,2025-04-30,2025-04-30,Reconciled,
TXN0003696,3303907744,15804.28,,2025-01-04,,Ledger-Only (Investigate),No matching bank record found for this ledger entry.
TXN0004325,9842279717,-42973.17,-42973.17,2025-03-13,2025-03-13,Reconciled,
TXN0004612,7814452981,-38462.59,-38462.59,2025-04-17,2025-04-17,Reconciled,
TXN0004857,1067636278,-37964.39,-37964.39,2025-02-12,2025-02-12,Reconciled,
TXN0000902,6867583384,-2535.19,-2535.19,2025-04-07,2025-04-07,Reconciled,
TXN0001379,7865985720,-19793.43,,2025-06-05,,Ledger-Only (Investigate),No matching bank record found for this ledger entry.
TXN0004564,7752456296,11657.51,11657.51,2025-03-08,2025-03-08,Reconciled,
TXN0000683,1068910439,44817.57,,2025-02-02,,Ledger-Only (Investigate),No matching bank record found for this ledger entry.
TXN0005500,9276483714,-19657.79,-19657.79,2025-01-29,2025-01-29,Reconciled,
TXN0000293,2154379386,36995.81,36995.81,2025-06-21,2025-06-21,Reconciled,
TXN0000933,4086291783,20893.15,20893.15,2025-03-23,2025-03-23,Reconciled,
TXN0004158,6917004963,-26583.74,-26583.74,2025-06-02,2025-06-02,Reconciled,
TXN0003492,2406190660,-5665.30,-5665.30,2025-04-15,2025-04-15,Reconciled,
TXN0001667,4868403433,37061.77,37061.77,2025-05-13,2025-05-13,Reconciled,
TXN0002949,5008278820,42251.98,42251.98,2025-02-11,2025-02-11,Reconciled,
TXN0001230,5088800185,22076.20,22076.20,2025-01-29,2025-01-29,Reconciled,
TXN0001382,2858463879,-12271.28,-12271.28,2025-06-13,2025-06-13,Reconciled,
TXN0000149,7431043759,-4338.87,-4338.87,2025-01-22,2025-01-22,Reconciled,
TXN0004435,3217310735,-1442.69,-1442.69,2025-05-09,2025-05-09,Reconciled,
TXN0005321,4185648181,4549.91,4549.91,2025-01-09,2025-01-09,Reconciled,
TXN0000255,8489295161,-18923.96,-18923.96,2025-06-28,2025-06-28,Reconciled,
TXN0005083,5061553140,-14309.34,-14309.34,2025-03-01,2025-03-01,Reconciled,
TXN0000010,3379116370,-27168.95,-27168.95,2025-04-18,2025-04-18,Reconciled,
TXN0000068,2303926814,-41256.20,-41256.20,2025-01-24,2025-01-24,Reconciled,
TXN0001796,3666339211,-4506.44,-4506.44,2025-04-06,2025-04-06,Reconciled,
TXN0000529,1481331997,35022.91,35022.91,2025-05-22,2025-05-22,Reconciled,
TXN0005431,5597846239,-25084.08,-25084.08,2025-03-20,2025-03-20,Reconciled,
TXN0002244,6790342215,9202.03,9202.03,2025-06-15,2025-06-18,Reconciled (Timing Difference),"Posted 3 day(s) apart -- in-transit item, not an error."
TXN0003332,2718114492,42041.94,42041.94,2025-01-27,2025-01-27,Reconciled,
TXN0004028,8802192255,-21373.85,-21373.85,2025-06-13,2025-06-13,Reconciled,
TXN0002437,2097717516,35478.29,35478.29,2025-05-23,2025-05-23,Reconciled,
TXN0000877,1072580310,-23101.58,-23101.58,2025-04-22,2025-04-22,Reconciled,
TXN0000334,3311537663,-11189.21,-11189.21,2025-01-27,2025-01-27,Reconciled,
TXN0003275,2506871451,-42660.94,-42660.94,2025-01-31,2025-01-31,Reconciled,
TXN0004394,8337452996,26304.66,26304.66,2025-06-18,2025-06-18,Reconciled,
TXN0003807,4167914820,-14887.66,-14887.66,2025-06-19,2025-06-19,Reconciled,
TXN0005535,2261520719,17755.83,17755.83,2025-04-11,2025-04-11,Reconciled,
TXN0000358,7352678864,35171.11,35171.11,2025-05-14,2025-05-14,Reconciled,
TXN0002655,3125898644,-41996.70,-41996.70,2025-06-28,2025-06-28,Reconciled,
TXN0005191,3011605514,24184.72,24184.72,2025-03-12,2025-03-12,Reconciled,
TXN0000652,5062429536,-5970.74,-5970.74,2025-05-23,2025-05-23,Reconciled,
TXN0005958,7712461080,14233.05,14146.78,2025-04-03,2025-04-03,Amount Discrepancy (Investigate),"Ledger 14233.05 vs bank 14146.78, diff 86.27."
TXN0003005,4740825308,-4949.28,-4949.28,2025-06-21,2025-06-21,Reconciled,
TXN0004559,5978692160,15058.78,15058.78,2025-05-21,2025-05-21,Reconciled,
TXN0000494,4346433478,17313.47,17313.47,2025-05-15,2025-05-15,Reconciled,
TXN0000992,8222141278,-15434.07,-15434.07,2025-03-01,2025-03-01,Reconciled,
TXN0001681,2757045079,-9937.56,-9937.56,2025-06-09,2025-06-09,Reconciled,
TXN0000499,5748134603,-9544.83,-9544.83,2025-02-15,2025-02-15,Reconciled,
TXN0000688,8272742503,-3030.06,-3030.06,2025-05-14,2025-05-14,Reconciled,
TXN0000098,6651302886,31446.90,31446.90,2025-06-30,2025-06-30,Reconciled,
TXN0002014,2961080423,38194.82,38194.82,2025-02-11,2025-02-11,Reconciled,
TXN0004897,4016174968,-19455.62,-19455.62,2025-01-25,2025-01-25,Reconciled,
TXN0004363,7880114625,-2232.75,-2232.75,2025-04-23,2025-04-23,Reconciled,
TXN0000562,9214161467,-26132.51,-26132.51,2025-01-19,2025-01-19,Reconciled,
TXN0004913,7226815042,29041.33,29041.33,2025-02-21,2025-02-21,Reconciled,
TXN0001744,6497352381,39907.95,39907.95,2025-05-23,2025-05-23,Reconciled,
TXN0000490,5784272870,-44045.98,-44045.98,2025-04-25,2025-04-25,Reconciled,
TXN0004931,4758186292,-30592.57,-30592.57,2025-02-22,2025-02-24,Reconciled (Timing Difference),"Posted 2 day(s) apart -- in-transit item, not an error."
TXN0005376,3240728687,20087.17,20087.17,2025-06-02,2025-06-02,Reconciled,
TXN0005173,2415616846,-39543.66,-39543.66,2025-01-07,2025-01-07,Reconciled,
TXN0002362,4813919979,-29049.95,-29049.95,2025-01-12,2025-01-12,Reconciled,
TXN0004481,5745107994,-26563.41,-26563.41,2025-01-22,2025-01-22,Reconciled,
TXN0004992,3489684808,23823.12,23823.12,2025-03-08,2025-03-08,Reconciled,
TXN0005872,9306251864,-31757.17,-31757.17,2025-01-29,2025-01-29,Reconciled,
TXN0004083,4405618757,17694.15,17694.15,2025-01-07,2025-01-07,Reconciled,
TXN0002463,1553059852,-8399.43,-8399.43,2025-01-25,2025-01-25,Reconciled,
TXN0000002,9769809255,-28050.20,-28050.20,2025-05-16,2025-05-16,Reconciled,
TXN0003724,8359197591,-39208.17,-39208.17,2025-02-05,2025-02-05,Reconciled,
TXN0003608,2044262789,8889.53,8889.53,2025-05-23,2025-05-23,Reconciled,
TXN0000646,9948775432,-36578.17,-36578.17,2025-04-29,2025-04-29,Reconciled,
TXN0004041,5249490821,-23646.24,-23646.24,2025-03-16,2025-03-16,Reconciled,
TXN0005235,6616544781,-27692.07,-27692.07,2025-06-16,2025-06-16,Reconciled,
TXN0005484,6715408416,43590.49,43590.49,2025-03-05,2025-03-05,Reconciled,
TXN0002232,4475657263,25400.60,25400.60,2025-01-07,2025-01-07,Reconciled,
TXN0004167,1040935060,20812.80,20812.80,2025-01-29,2025-01-29,Reconciled,
TXN0000905,2541015399,2024.91,2024.91,2025-01-10,2025-01-10,Reconciled,
TXN0004910,5446362479,-35842.60,-35842.60,2025-03-13,2025-03-13,Reconciled,
TXN0001306,3056789529,2248.88,2248.88,2025-03-25,2025-03-26,Reconciled (Timing Difference),"Posted 1 day(s) apart -- in-transit item, not an error."
TXN0005573,2652091467,-34288.41,-34288.41,2025-01-05,2025-01-05,Reconciled,
TXN0002688,5663908501,27898.38,27898.38,2025-04-13,2025-04-13,Reconciled,
TXN0003790,7386035791,-7786.96,-7786.96,2025-01-05,2025-01-05,Reconciled,
TXN0000361,2933536729,-12234.95,-12234.95,2025-05-23,2025-05-26,Reconciled (Timing Difference),"Posted 3 day(s) apart -- in-transit item, not an error."
TXN0001156,1591375981,-44608.43,-44608.43,2025-04-18,2025-04-18,Reconciled,
TXN0003797,9641246923,-14738.42,-14738.42,2025-04-22,2025-04-22,Reconciled,
TXN0003340,1606597397,-18974.50,,2025-04-04,,Ledger-Only (Investigate),No matching bank record found for this ledger entry.
TXN0005152,3310553625,38989.76,38989.76,2025-05-31,2025-05-31,Reconciled,
TXN0002713,7441789278,-38719.96,-38719.96,2025-05-17,2025-05-17,Reconciled,
TXN0001178,4723917492,-22961.24,-22961.24,2025-02-10,2025-02-10,Reconciled,
TXN0003578,7079622779,11818.12,11818.12,2025-01-12,2025-01-15,Reconciled (Timing Difference),"Posted 3 day(s) apart -- in-transit item, not an error."
TXN0002816,6935989504,-44050.89,-44050.89,2025-06-18,2025-06-18,Reconciled,
TXN0003549,7209426895,21856.06,21856.06,2025-01-26,2025-01-26,Reconciled,
TXN0002828,2596936961,16717.28,16717.28,2025-05-05,2025-05-05,Reconciled,
TXN0000483,7068849964,-1876.14,-1876.14,2025-06-23,2025-06-23,Reconciled,
TXN0005225,3885532298,-17330.39,-17330.39,2025-03-17,2025-03-17,Reconciled,
TXN0002708,1060930751,39331.92,39331.92,2025-03-16,2025-03-16,Reconciled,
TXN0005901,2119909896,-17747.79,-17747.79,2025-05-26,2025-05-26,Reconciled,
TXN0000517,6533340472,20503.90,20503.90,2025-06-30,2025-06-30,Reconciled,
TXN0004685,7314100692,-1780.49,-1780.49,2025-02-08,2025-02-08,Reconciled,
TXN0003272,3428335865,-18432.86,-18432.86,2025-05-14,2025-05-15,Reconciled (Timing Difference),"Posted 1 day(s) apart -- in-transit item, not an error."
TXN0005078,6647296830,-1629.68,-1629.68,2025-05-04,2025-05-04,Reconciled,
TXN0002007,1670742004,15447.97,15447.97,2025-06-04,2025-06-04,Reconciled,
TXN0005516,8214933173,-27228.38,-26990.21,2025-01-22,2025-01-22,Amount Discrepancy (Investigate),"Ledger -27228.38 vs bank -26990.21, diff -238.17."
TXN0005068,7249271224,-20231.11,-20231.11,2025-05-02,2025-05-02,Reconciled,
TXN0003104,3101739383,-39896.57,-39896.57,2025-02-10,2025-02-13,Reconciled (Timing Difference),"Posted 3 day(s) apart -- in-transit item, not an error."
TXN0000308,5536769590,19780.53,19780.53,2025-02-04,2025-02-04,Reconciled,
TXN0003404,1862137478,-24740.33,-24740.33,2025-03-02,2025-03-02,Reconciled,
TXN0002057,8203221712,-32295.07,-32295.07,2025-03-07,2025-03-07,Reconciled,
TXN0000492,7985720971,29966.72,29966.72,2025-02-14,2025-02-14,Reconciled,
TXN0000982,5348410751,-2031.56,-2031.56,2025-01-22,2025-01-25,Reconciled (Timing Difference),"Posted 3 day(s) apart -- in-transit item, not an error."
TXN0002778,4743590397,-21552.90,-21552.90,2025-04-25,2025-04-25,Reconciled,
TXN0005338,2828838387,22094.75,22094.75,2025-06-24,2025-06-24,Reconciled,
TXN0004948,3630912847,-34968.80,-34968.80,2025-04-08,2025-04-08,Reconciled,
TXN0000344,4375505266,-35606.33,-35606.33,2025-03-13,2025-03-13,Reconciled,
TXN0002488,4763024059,25997.73,25997.73,2025-06-12,2025-06-12,Reconciled,
TXN0001399,9871528022,-40095.93,-40095.93,2025-05-31,2025-06-01,Reconciled (Timing Difference),"Posted 1 day(s) apart -- in-transit item, not an error."
TXN0004886,2561240173,21680.92,21680.92,2025-04-20,2025-04-23,Reconciled (Timing Difference),"Posted 3 day(s) apart -- in-transit item, not an error."
TXN0001513,8266807849,-43123.19,-43123.19,2025-06-23,2025-06-23,Reconciled,
TXN0001346,8141201990,7533.47,7533.47,2025-05-11,2025-05-11,Reconciled,
TXN0001330,3287010953,-43048.94,-43048.94,2025-05-10,2025-05-10,Reconciled,
TXN0003392,3213740227,-37049.45,-37049.45,2025-05-29,2025-05-31,Reconciled (Timing Difference),"Posted 2 day(s) apart -- in-transit item, not an error."
TXN0001969,4970797851,-21189.69,-21189.69,2025-02-04,2025-02-04,Reconciled,
TXN0004598,9235184104,-18325.39,-18325.39,2025-04-13,2025-04-13,Reconciled,
TXN0001884,4724838996,9371.37,9371.37,2025-04-15,2025-04-15,Reconciled,
TXN0000412,5842589214,-3591.18,-3591.18,2025-03-27,2025-03-28,Reconciled (Timing Difference),"Posted 1 day(s) apart -- in-transit item, not an error."
TXN0002075,9778136292,-10257.25,-10257.25,2025-05-09,2025-05-09,Reconciled,
TXN0004191,2821262209,-40241.52,,2025-04-06,,Ledger-Only (Investigate),No matching bank record found for this ledger entry.
TXN0005052,1226645815,-39598.56,-39598.56,2025-01-05,2025-01-05,Reconciled,
TXN0004502,2303532671,-5632.97,-5632.97,2025-01-23,2025-01-23,Reconciled,
TXN0001945,1407409716,-11184.99,-11184.99,2025-05-28,2025-05-28,Reconciled,
TXN0002714,5250223952,-28765.33,-28800.70,2025-04-26,2025-04-26,Amount Discrepancy (Investigate),"Ledger -28765.33 vs bank -28800.70, diff 35.37."
TXN0004490,1212503812,17819.10,17819.10,2025-02-02,2025-02-02,Reconciled,
TXN0000976,3342878325,-25868.60,-25868.60,2025-06-13,2025-06-13,Reconciled,
TXN0001496,1711772707,1373.50,1373.50,2025-03-24,2025-03-24,Reconciled,
TXN0000387,7561345754,-22562.37,-22562.37,2025-03-21,2025-03-21,Reconciled,
TXN0003969,4718958880,37166.67,37166.67,2025-02-25,2025-02-25,Reconciled,
TXN0003689,7855353587,-2652.12,-2652.12,2025-03-01,2025-03-01,Reconciled,
TXN0000509,4826792596,15980.82,15980.82,2025-02-08,2025-02-09,Reconciled (Timing Difference),"Posted 1 day(s) apart -- in-transit item, not an error."
TXN0004979,5060244870,44868.74,44868.74,2025-04-12,2025-04-12,Reconciled,
TXN0001775,6540814548,-44543.31,-44543.31,2025-01-31,2025-01-31,Reconciled,
TXN0001182,4661016373,-26133.58,-26133.58,2025-05-08,2025-05-08,Reconciled,
TXN0003310,7489068362,-42458.28,-42458.28,2025-06-28,2025-06-28,Reconciled,
TXN0001815,1651751427,29830.28,29830.28,2025-06-08,2025-06-08,Reconciled,
TXN0005322,1294940190,-22248.56,-22248.56,2025-04-15,2025-04-15,Reconciled,
TXN0004940,6880719985,-33516.02,-33516.02,2025-05-30,2025-05-30,Reconciled,
TXN0005865,7406499539,-19166.84,-19166.84,2025-05-10,2025-05-10,Reconciled,
TXN0003227,4201386967,-37452.36,-37452.36,2025-01-23,2025-01-23,Reconciled,
TXN0002745,4211603435,-24167.41,-24167.41,2025-01-04,2025-01-04,Reconciled,
TXN0001515,5381870932,-32780.83,-32780.83,2025-03-21,2025-03-24,Reconciled (Timing Difference),"Posted 3 day(s) apart -- in-transit item, not an error."
TXN0003358,7735194726,-40931.87,-40931.87,2025-03-10,2025-03-10,Reconciled,
TXN0001134,3508225169,-38273.50,-38139.50,2025-01-31,2025-01-31,Amount Discrepancy (Investigate),"Ledger -38273.50 vs bank -38139.50, diff -134.00."
TXN0004511,5895735532,-27904.94,,2025-02-23,,Ledger-Only (Investigate),No matching bank record found for this ledger entry.
TXN0002514,1770287784,-26084.49,-26084.49,2025-05-19,2025-05-19,Reconciled,
TXN0000267,5239760414,-21436.66,-21436.66,2025-06-19,2025-06-19,Reconciled,
TXN0005210,3643888902,-19999.47,-19999.47,2025-02-02,2025-02-02,Reconciled,
TXN0004479,6964974307,42836.15,42836.15,2025-03-06,2025-03-08,Reconciled (Timing Difference),"Posted 2 day(s) apart -- in-transit item, not an error."
TXN0005778,3233949397,41097.49,41097.49,2025-01-21,2025-01-21,Reconciled,
TXN0004620,8027870275,-21747.55,-21747.55,2025-03-18,2025-03-18,Reconciled,
TXN0001191,4841782732,-30508.91,-30508.91,2025-04-28,2025-04-30,Reconciled (Timing Difference),"Posted 2 day(s) apart -- in-transit item, not an error."
TXN0002493,2546170034,-43588.76,-43588.76,2025-05-10,2025-05-10,Reconciled,
TXN0005179,9620513940,-27665.13,-27665.13,2025-03-08,2025-03-08,Reconciled,
TXN0002114,9711075781,-27737.95,-27737.95,2025-06-13,2025-06-13,Reconciled,
TXN0002071,8949533962,15291.32,15291.32,2025-02-08,2025-02-08,Reconciled,
TXN0003421,3440333161,-44624.07,,2025-04-28,,Ledger-Only (Investigate),No matching bank record found for this ledger entry.
TXN0002356,9453746487,-27323.74,-27323.74,2025-01-19,2025-01-19,Reconciled,
TXN0002940,3220636777,18516.70,18516.70,2025-06-25,2025-06-25,Reconciled,
TXN0001343,4380508599,-35925.19,-35925.19,2025-01-24,2025-01-24,Reconciled,
TXN0002325,7092777852,-27490.15,-27490.15,2025-06-05,2025-06-05,Reconciled,
TXN0005526,4395313132,-35658.17,-35658.17,2025-03-01,2025-03-01,Reconciled,
TXN0004804,4783676211,23461.69,23461.69,2025-06-08,2025-06-08,Reconciled,
TXN0001130,3545967347,-28233.61,-28233.61,2025-03-31,2025-03-31,Reconciled,
TXN0003935,5048120331,14821.63,14821.63,2025-05-15,2025-05-15,Reconciled,
TXN0003658,4127018213,-23670.92,-23670.92,2025-04-27,2025-04-27,Reconciled,
TXN0001888,4808552217,-4364.14,-4364.14,2025-06-07,2025-06-07,Reconciled,
TXN0005316,7361674511,10656.10,10656.10,2025-02-19,2025-02-19,Reconciled,
TXN0000111,7797376948,40616.35,40687.99,2025-01-31,2025-01-31,Amount Discrepancy (Investigate),"Ledger 40616.35 vs bank 40687.99, diff -71.64."
TXN0003693,6644206382,11302.79,11302.79,2025-05-06,2025-05-06,Reconciled,
TXN0002884,1063929959,2029.47,2029.47,2025-06-05,2025-06-05,Reconciled,
TXN0005311,2800507089,36473.71,36473.71,2025-03-04,2025-03-04,Reconciled,
TXN0004146,6364395517,-5781.81,-5781.81,2025-06-24,2025-06-24,Reconciled,
TXN0001538,2507504717,28953.05,28953.05,2025-03-14,2025-03-17,Reconciled (Timing Difference),"Posted 3 day(s) apart -- in-transit item, not an error."
TXN0005201,8658184968,22653.82,22653.82,2025-02-18,2025-02-20,Reconciled (Timing Difference),"Posted 2 day(s) apart -- in-transit item, not an error."
TXN0004467,8836651619,-43617.77,-43617.77,2025-05-04,2025-05-04,Reconciled,
TXN0005060,5124250249,-24845.48,-24845.48,2025-04-24,2025-04-24,Reconciled,
TXN0004672,7362734959,663.89,663.89,2025-02-07,2025-02-07,Reconciled,
TXN0003163,9303252586,-29803.86,-29803.86,2025-01-29,2025-01-29,Reconciled,
TXN0002309,9867407646,-37949.09,-37949.09,2025-01-22,2025-01-22,Reconciled,
TXN0000117,7716536547,-16524.08,-16524.08,2025-06-21,2025-06-21,Reconciled,
TXN0002264,2470377510,-638.44,-638.44,2025-03-27,2025-03-27,Reconciled,
TXN0002443,5094510882,-20449.58,-20449.58,2025-04-24,2025-04-24,Reconciled,
TXN0000537,1001364696,-7678.43,-7868.65,2025-03-10,2025-03-10,Amount Discrepancy (Investigate),"Ledger -7678.43 vs bank -7868.65, diff 190.22."
TXN0003942,6964741609,30394.41,30394.41,2025-01-23,2025-01-23,Reconciled,
TXN0004335,5531296060,-20948.24,-20948.24,2025-04-21,2025-04-21,Reconciled,
TXN0005860,8685621892,-2259.54,-2259.54,2025-06-20,2025-06-20,Reconciled,
TXN0004330,6944132947,-17871.06,-17871.06,2025-04-17,2025-04-19,Reconciled (Timing Difference),"Posted 2 day(s) apart -- in-transit item, not an error."
TXN0003707,6476352300,-2435.76,-2435.76,2025-03-25,2025-03-25,Reconciled,
TXN0003391,9645286336,16988.24,16836.30,2025-01-14,2025-01-14,Amount Discrepancy (Investigate),"Ledger 16988.24 vs bank 16836.30, diff 151.94."
TXN0005147,9033011673,2254.90,2254.90,2025-01-24,2025-01-24,Reconciled,
TXN0004495,8703204038,-2156.16,-2156.16,2025-06-17,2025-06-17,Reconciled,
TXN0002926,6739613375,39649.26,39649.26,2025-05-21,2025-05-21,Reconciled,
TXN0002151,8027681506,-20286.01,-20286.01,2025-03-29,2025-04-01,Reconciled (Timing Difference),"Posted 3 day(s) apart -- in-transit item, not an error."
TXN0004567,6226033819,-21616.08,-21616.08,2025-02-04,2025-02-04,Reconciled,
TXN0004423,8929006544,-15276.92,-15276.92,2025-03-17,2025-03-17,Reconciled,
TXN0004240,8994072472,-35223.28,-35223.28,2025-04-12,2025-04-12,Reconciled,
TXN0002787,6807032395,-16662.03,-16662.03,2025-05-31,2025-05-31,Reconciled,
TXN0005450,1283375293,-44543.82,-44543.82,2025-04-28,2025-04-28,Reconciled,
TXN0005523,3604470681,-31602.22,-31602.22,2025-05-30,2025-05-30,Reconciled,
TXN0000838,2688798197,-19296.88,-19296.88,2025-01-29,2025-01-29,Reconciled,
TXN0002194,7463005976,10836.62,10836.62,2025-01-12,2025-01-12,Reconciled,
TXN0005164,2528224544,-34703.01,-34703.01,2025-06-29,2025-06-29,Reconciled,
TXN0002935,4244514165,-44198.35,-44198.35,2025-02-03,2025-02-03,Reconciled,
TXN0004652,9520338559,-4976.07,-4976.07,2025-03-05,2025-03-05,Reconciled,
TXN0002313,7320837863,41794.76,41794.76,2025-01-15,2025-01-15,Reconciled,
TXN0001202,2439248514,-7092.87,-7092.87,2025-06-02,2025-06-02,Reconciled,
TXN0002878,5962058675,-713.08,-713.08,2025-06-08,2025-06-08,Reconciled,
TXN0004937,6493051602,-15040.33,-15040.33,2025-06-17,2025-06-20,Reconciled (Timing Difference),"Posted 3 day(s) apart -- in-transit item, not an error."
TXN0002941,6296207178,16421.03,16421.03,2025-04-26,2025-04-26,Reconciled,
TXN0004276,7705800797,28601.29,28601.29,2025-06-16,2025-06-19,Reconciled (Timing Difference),"Posted 3 day(s) apart -- in-transit item, not an error."
TXN0003559,4288562014,-42134.00,-42134.00,2025-06-10,2025-06-10,Reconciled,
TXN0005497,6173496659,40436.05,40436.05,2025-05-07,2025-05-07,Reconciled,
TXN0000546,1169307209,18783.88,19026.71,2025-05-01,2025-05-01,Amount Discrepancy (Investigate),"Ledger 18783.88 vs bank 19026.71, diff -242.83."
TXN0003253,3155563568,37020.24,37020.24,2025-04-20,2025-04-20,Reconciled,
TXN0001494,9599651758,14075.55,14075.55,2025-04-08,2025-04-08,Reconciled,
TXN0004120,2913151018,-14121.81,-14121.81,2025-05-23,2025-05-23,Reconciled,
TXN0003540,5208384116,30273.67,30273.67,2025-06-27,2025-06-27,Reconciled,
TXN0005035,8932213335,-10268.23,-10484.97,2025-04-11,2025-04-11,Amount Discrepancy (Investigate),"Ledger -10268.23 vs bank -10484.97, diff 216.74."
TXN0001655,3435237021,28344.45,28344.45,2025-06-14,2025-06-14,Reconciled,
TXN0003881,1187658710,-24291.81,-24291.81,2025-04-15,2025-04-16,Reconciled (Timing Difference),"Posted 1 day(s) apart -- in-transit item, not an error."
TXN0004108,1326950999,-43841.21,-43841.21,2025-03-11,2025-03-11,Reconciled,
TXN0005834,6388318541,25245.72,25245.72,2025-05-26,2025-05-26,Reconciled,
TXN0001769,5645400246,34834.49,34834.49,2025-04-21,2025-04-21,Reconciled,
TXN0003846,3533827816,-38364.67,-38364.67,2025-06-18,2025-06-18,Reconciled,
TXN0002126,3187677117,-32615.19,-32615.19,2025-02-24,2025-02-25,Reconciled (Timing Difference),"Posted 1 day(s) apart -- in-transit item, not an error."
TXN0000625,3356302170,-43607.42,-43607.42,2025-06-18,2025-06-18,Reconciled,
TXN0000064,9320862043,21827.09,21827.09,2025-04-14,2025-04-14,Reconciled,
TXN0003284,1514316406,-18329.37,-18329.37,2025-04-04,2025-04-05,Reconciled (Timing Difference),"Posted 1 day(s) apart -- in-transit item, not an error."
TXN0005289,2272918723,-10468.32,-10468.32,2025-01-03,2025-01-03,Reconciled,
TXN0001910,3542421993,-44663.08,-44663.08,2025-06-22,2025-06-22,Reconciled,
TXN0004173,8678174877,-9303.63,-9303.63,2025-02-09,2025-02-09,Reconciled,
TXN0004759,4280690768,3741.93,3741.93,2025-01-11,2025-01-11,Reconciled,
TXN0001643,5595974430,6944.39,6944.39,2025-06-22,2025-06-22,Reconciled,
TXN0002013,3261301588,42042.33,42042.33,2025-02-01,2025-02-01,Reconciled,
TXN0001863,1407571024,11376.33,11376.33,2025-01-16,2025-01-16,Reconciled,
TXN0004130,1647918264,32766.67,,2025-03-29,,Ledger-Only (Investigate),No matching bank record found for this ledger entry.
TXN0004341,3140691554,5864.56,,2025-03-04,,Ledger-Only (Investigate),No matching bank record found for this ledger entry.
TXN0001453,1701832310,-34839.07,-34839.07,2025-04-23,2025-04-23,Reconciled,
TXN0004677,9067243303,-32735.02,-32719.12,2025-05-04,2025-05-04,Amount Discrepancy (Investigate),"Ledger -32735.02 vs bank -32719.12, diff -15.90."
TXN0005148,7355181674,-17759.10,-17759.10,2025-05-30,2025-05-30,Reconciled,
TXN0005205,5716648433,-25706.08,-25706.08,2025-01-30,2025-01-30,Reconciled,
TXN0001190,3949486155,-27153.87,-27153.87,2025-03-16,2025-03-16,Reconciled,
TXN0004340,6077805986,-7816.52,-7816.52,2025-01-23,2025-01-23,Reconciled,
TXN0000343,7043456429,14141.77,14141.77,2025-03-10,2025-03-10,Reconciled,
TXN0001570,1115804907,24735.22,24735.22,2025-03-25,2025-03-25,Reconciled,
TXN0003309,9525449374,-38938.38,-38938.38,2025-03-24,2025-03-24,Reconciled,
TXN0005525,8841212719,24640.55,24640.55,2025-05-20,2025-05-20,Reconciled,
TXN0002208,9486356300,-21026.10,-21026.10,2025-04-21,2025-04-21,Reconciled,
TXN0005815,7027740662,-2432.20,-2432.20,2025-03-03,2025-03-03,Reconciled,
TXN0003398,3945089619,-38795.44,-38795.44,2025-06-29,2025-06-29,Reconciled,
TXN0000466,6739565685,-28115.75,-28115.75,2025-05-10,2025-05-10,Reconciled,
TXN0004399,1070086464,-27798.05,-27798.05,2025-05-15,2025-05-15,Reconciled,
TXN0004870,4849645677,-7731.15,-7731.15,2025-02-20,2025-02-20,Reconciled,
TXN0003233,7304218881,13165.47,13165.47,2025-04-28,2025-04-28,Reconciled,
TXN0000189,2468956225,-1893.46,-1893.46,2025-03-08,2025-03-08,Reconciled,
TXN0003542,9219121085,-29323.97,-29323.97,2025-05-04,2025-05-04,Reconciled,
TXN0003903,4297353127,-20938.29,-20938.29,2025-01-10,2025-01-10,Reconciled,
TXN0001277,2756037922,-2659.58,-2659.58,2025-06-07,2025-06-07,Reconciled,
TXN0002995,8323179273,-13025.79,-13025.79,2025-05-10,2025-05-10,Reconciled,
TXN0004101,9370930250,-6933.97,-6933.97,2025-01-08,2025-01-08,Reconciled,
TXN0001873,2965265251,1872.82,1872.82,2025-04-11,2025-04-11,Reconciled,
TXN0003348,3790727054,-2599.25,-2599.25,2025-02-15,2025-02-15,Reconciled,
TXN0004547,7530029329,27558.98,27790.22,2025-02-11,2025-02-11,Amount Discrepancy (Investigate),"Ledger 27558.98 vs bank 27790.22, diff -231.24."
TXN0001451,9376163890,-1872.67,-1872.67,2025-02-07,2025-02-07,Reconciled,
TXN0002712,2859825025,1991.03,1991.03,2025-06-21,2025-06-21,Reconciled,
TXN0005129,5167134434,-11124.93,-11124.93,2025-06-19,2025-06-19,Reconciled,
TXN0004201,9635275448,16536.02,16536.02,2025-01-10,2025-01-10,Reconciled,
TXN0005167,3389285674,-23427.54,-23427.54,2025-03-21,2025-03-21,Reconciled,
TXN0004187,1691852183,24559.18,24559.18,2025-06-26,2025-06-26,Reconciled,
TXN0004462,1308801419,40717.96,40717.96,2025-04-11,2025-04-11,Reconciled,
TXN0005518,3966801820,-4718.36,-4718.36,2025-02-10,2025-02-10,Reconciled,
TXN0002193,4890453097,-43657.32,-43657.32,2025-02-10,2025-02-10,Reconciled,
TXN0001373,4360863981,-43307.30,-43307.30,2025-06-30,2025-06-30,Reconciled,
TXN0000030,6753885253,4909.90,4909.90,2025-04-18,2025-04-18,Reconciled,
TXN0002522,1506623897,-9471.98,-9471.98,2025-03-26,2025-03-26,Reconciled,
TXN0005654,4932831076,14998.54,14998.54,2025-05-02,2025-05-02,Reconciled,
TXN0002408,9320484554,-18205.74,-18205.74,2025-02-10,2025-02-10,Reconciled,
TXN0001143,2177667591,-40304.55,-40304.55,2025-02-12,2025-02-12,Reconciled,
TXN0004619,9772830738,-43371.60,-43371.60,2025-03-07,2025-03-07,Reconciled,
TXN0003995,2753403925,-550.19,-550.19,2025-06-23,2025-06-23,Reconciled,
TXN0005443,3632970057,-4511.50,-4511.50,2025-03-04,2025-03-04,Reconciled,
TXN0004590,5544608617,-32887.31,-32887.31,2025-04-10,2025-04-10,Reconciled,
TXN0000770,7286027893,-13529.10,-13529.10,2025-03-12,2025-03-12,Reconciled,
TXN0002233,5203568978,-23365.46,-23365.46,2025-01-13,2025-01-16,Reconciled (Timing Difference),"Posted 3 day(s) apart -- in-transit item, not an error."
TXN0002430,9075292576,-40951.25,-40951.25,2025-01-05,2025-01-05,Reconciled,
TXN0004975,2295524771,44253.52,44253.52,2025-02-01,2025-02-01,Reconciled,
TXN0002089,1966625106,-28891.72,-28891.72,2025-01-15,2025-01-15,Reconciled,
TXN0005718,8255444629,31756.10,31756.10,2025-02-21,2025-02-21,Reconciled,
TXN0005861,8773431417,-17347.69,-17347.69,2025-01-25,2025-01-25,Reconciled,
TXN0001272,1524321380,-36551.46,-36551.46,2025-05-26,2025-05-26,Reconciled,
TXN0003990,7425026344,-5879.54,-5879.54,2025-01-29,2025-01-29,Reconciled,
TXN0000059,7266658364,-43573.01,-43573.01,2025-06-22,2025-06-22,Reconciled,
TXN0005388,7392842908,20695.61,20695.61,2025-01-31,2025-01-31,Reconciled,
TXN0000052,4302563702,33635.75,33635.75,2025-04-10,2025-04-10,Reconciled,
TXN0004165,1822137343,-2495.13,-2495.13,2025-02-12,2025-02-12,Reconciled,
TXN0002739,1673329158,-39877.09,-39877.09,2025-05-19,2025-05-19,Reconciled,
TXN0002240,8846646664,31984.97,31984.97,2025-02-07,2025-02-09,Reconciled (Timing Difference),"Posted 2 day(s) apart -- in-transit item, not an error."
TXN0000443,4000120562,13122.46,13122.46,2025-01-21,2025-01-21,Reconciled,
TXN0005033,3689595758,41522.71,41522.71,2025-04-23,2025-04-23,Reconciled,
TXN0003308,7843521059,-30733.00,-30733.00,2025-03-29,2025-03-29,Reconciled,
TXN0005905,9226935699,-18490.36,-18676.10,2025-06-20,2025-06-20,Amount Discrepancy (Investigate),"Ledger -18490.36 vs bank -18676.10, diff 185.74."
TXN0005243,6658201507,615.71,615.71,2025-01-06,2025-01-06,Reconciled,
TXN0001493,5914450257,-26572.38,-26572.38,2025-02-11,2025-02-11,Reconciled,
TXN0000397,3472297223,-23418.62,-23418.62,2025-01-15,2025-01-15,Reconciled,
TXN0002729,4150146178,-23261.28,-23261.28,2025-01-06,2025-01-06,Reconciled,
TXN0003819,9611888419,-480.15,-480.15,2025-02-17,2025-02-17,Reconciled,
TXN0002219,1221624687,-32415.80,-32415.80,2025-02-14,2025-02-14,Reconciled,
TXN0004473,8000909541,9597.85,9597.85,2025-05-20,2025-05-20,Reconciled,
TXN0005124,3727286172,-25213.97,-25213.97,2025-03-15,2025-03-15,Reconciled,
TXN0003899,3625586640,-34721.63,-34721.63,2025-01-13,2025-01-13,Reconciled,
TXN0005192,7759550175,-36254.32,-36254.32,2025-02-13,2025-02-14,Reconciled (Timing Difference),"Posted 1 day(s) apart -- in-transit item, not an error."
TXN0004961,3922850888,41764.77,41764.77,2025-01-05,2025-01-05,Reconciled,
TXN0004657,3144860917,5702.85,5702.85,2025-01-23,2025-01-23,Reconciled,
TXN0002821,3978815518,-20767.78,-20767.78,2025-01-17,2025-01-20,Reconciled (Timing Difference),"Posted 3 day(s) apart -- in-transit item, not an error."
TXN0001316,8241322313,-3982.16,-3982.16,2025-03-17,2025-03-18,Reconciled (Timing Difference),"Posted 1 day(s) apart -- in-transit item, not an error."
TXN0003262,9758644669,12378.54,12378.54,2025-01-12,2025-01-14,Reconciled (Timing Difference),"Posted 2 day(s) apart -- in-transit item, not an error."
TXN0003436,9275486371,-39418.05,-39418.05,2025-06-01,2025-06-01,Reconciled,
TXN0003350,5951079512,-29795.16,-29795.16,2025-04-16,2025-04-18,Reconciled (Timing Difference),"Posted 2 day(s) apart -- in-transit item, not an error."
TXN0004814,7209745753,-26030.72,-26030.72,2025-05-20,2025-05-20,Reconciled,
TXN0001446,9353136008,-37853.52,-37853.52,2025-03-30,2025-03-30,Reconciled,
TXN0003294,3562040386,21739.26,21739.26,2025-01-19,2025-01-22,Reconciled (Timing Difference),"Posted 3 day(s) apart -- in-transit item, not an error."
TXN0000783,1125521145,18803.46,18803.46,2025-06-03,2025-06-06,Reconciled (Timing Difference),"Posted 3 day(s) apart -- in-transit item, not an error."
TXN0000481,4943283687,19969.02,19969.02,2025-06-02,2025-06-05,Reconciled (Timing Difference),"Posted 3 day(s) apart -- in-transit item, not an error."
TXN0002031,6991631598,3684.39,3684.39,2025-01-19,2025-01-19,Reconciled,
TXN0004357,8863150494,10019.90,10019.90,2025-05-31,2025-05-31,Reconciled,
TXN0001701,6139262910,-6144.14,-6144.14,2025-01-06,2025-01-06,Reconciled,
TXN0005829,4774762840,-41462.95,-41462.95,2025-02-23,2025-02-23,Reconciled,
TXN0003927,3729389512,-6977.54,-6977.54,2025-04-07,2025-04-07,Reconciled,
TXN0003943,9536426117,23844.10,23844.10,2025-04-23,2025-04-23,Reconciled,
TXN0004503,5746775787,-28332.24,-28332.24,2025-06-12,2025-06-12,Reconciled,
TXN0000979,1050917646,43876.47,43876.47,2025-06-04,2025-06-04,Reconciled,
TXN0000549,4917324244,-4200.21,-4200.21,2025-02-13,2025-02-13,Reconciled,
TXN0003636,7387319762,-13310.69,-13310.69,2025-02-04,2025-02-04,Reconciled,
TXN0005600,8786314750,-14812.85,-14812.85,2025-02-10,2025-02-10,Reconciled,
TXN0002747,6756046074,29160.66,29160.66,2025-05-21,2025-05-23,Reconciled (Timing Difference),"Posted 2 day(s) apart -- in-transit item, not an error."
TXN0001699,4330710204,38018.13,38108.19,2025-04-15,2025-04-15,Amount Discrepancy (Investigate),"Ledger 38018.13 vs bank 38108.19, diff -90.06."
TXN0004273,5599732307,-27782.01,-27782.01,2025-06-04,2025-06-04,Reconciled,
TXN0001879,3193106356,3554.15,3554.15,2025-01-16,2025-01-16,Reconciled,
TXN0002916,2816088392,-19852.79,-19852.79,2025-01-03,2025-01-03,Reconciled,
TXN0001553,1320913309,-11145.68,-11145.68,2025-05-26,2025-05-26,Reconciled,
TXN0003520,3890560188,33421.17,33421.17,2025-06-11,2025-06-11,Reconciled,
TXN0003764,3454770411,9981.18,9981.18,2025-04-18,2025-04-18,Reconciled,
TXN0000367,3065455755,-33270.74,-33270.74,2025-04-07,2025-04-07,Reconciled,
TXN0002195,4899746474,-31182.97,-31182.97,2025-06-07,2025-06-08,Reconciled (Timing Difference),"Posted 1 day(s) apart -- in-transit item, not an error."
TXN0005071,6697058939,-40682.18,-40682.18,2025-06-22,2025-06-22,Reconciled,
TXN0002859,1831486065,-41427.58,-41427.58,2025-04-25,2025-04-25,Reconciled,
TXN0003268,5002111015,-19082.31,-19082.31,2025-04-06,2025-04-09,Reconciled (Timing Difference),"Posted 3 day(s) apart -- in-transit item, not an error."
TXN0003994,5205167738,-21377.60,-21377.60,2025-06-07,2025-06-10,Reconciled (Timing Difference),"Posted 3 day(s) apart -- in-transit item, not an error."
TXN0003414,4963357721,-27345.54,-27345.54,2025-02-21,2025-02-23,Reconciled (Timing Difference),"Posted 2 day(s) apart -- in-transit item, not an error."
TXN0002506,5573016047,-40053.80,-40053.80,2025-01-14,2025-01-14,Reconciled,
TXN0004047,9314184637,-17814.00,-17814.00,2025-04-04,2025-04-04,Reconciled,
TXN0000174,5422407131,-19668.95,-19668.95,2025-06-23,2025-06-23,Reconciled,
TXN0002251,8550446786,34774.64,34774.64,2025-05-20,2025-05-20,Reconciled,
TXN0001033,1805551323,14894.52,14894.52,2025-06-10,2025-06-10,Reconciled,
TXN0000937,4083898282,18948.76,18948.76,2025-01-05,2025-01-05,Reconciled,
TXN0001759,9262072171,-1431.17,-1431.17,2025-03-08,2025-03-08,Reconciled,
TXN0002145,1137367896,42948.24,42948.24,2025-05-17,2025-05-17,Reconciled,
TXN0002263,4834352429,18133.66,18133.66,2025-01-07,2025-01-07,Reconciled,
TXN0001241,4254190460,23786.46,23786.46,2025-02-18,2025-02-18,Reconciled,
TXN0002121,2419215154,-41469.44,-41469.44,2025-06-20,2025-06-20,Reconciled,
TXN0004523,2435086113,-23504.82,-23504.82,2025-03-24,2025-03-26,Reconciled (Timing Difference),"Posted 2 day(s) apart -- in-transit item, not an error."
TXN0004536,8927594725,-14660.50,-14660.50,2025-02-09,2025-02-09,Reconciled,
TXN0003653,5951679389,33657.86,33657.86,2025-04-09,2025-04-09,Reconciled,
TXN0003057,2243635813,21619.30,21619.30,2025-02-23,2025-02-23,Reconciled,
TXN0000949,6552647609,8026.26,8026.26,2025-03-11,2025-03-11,Reconciled,
TXN0002937,5237858653,-6516.09,-6516.09,2025-05-01,2025-05-01,Reconciled,
TXN0002383,8723011516,33531.14,33531.14,2025-05-21,2025-05-21,Reconciled,
TXN0000500,3968424277,-10401.44,-10401.44,2025-05-22,2025-05-22,Reconciled,
TXN0001149,6037942642,-41431.30,-41431.30,2025-05-01,2025-05-01,Reconciled,
TXN0005858,7793555789,-33222.13,-33222.13,2025-04-10,2025-04-10,Reconciled,
TXN0005941,8427188734,-9218.22,,2025-05-08,,Ledger-Only (Investigate),No matching bank record found for this ledger entry.
TXN0004528,3491876039,-21014.50,,2025-06-05,,Ledger-Only (Investigate),No matching bank record found for this ledger entry.
TXN0004719,2256141065,-12617.39,-12617.39,2025-03-11,2025-03-11,Reconciled,
TXN0000869,6125535591,-8301.31,-8301.31,2025-04-13,2025-04-13,Reconciled,
TXN0005250,4280676082,-16715.01,-16715.01,2025-01-29,2025-01-29,Reconciled,
TXN0000155,5712277527,33276.18,33276.18,2025-03-08,2025-03-08,Reconciled,
TXN0003427,8308355086,41362.03,41362.03,2025-02-17,2025-02-17,Reconciled,
TXN0004614,1488992418,-32749.83,-32749.83,2025-06-28,2025-06-28,Reconciled,
TXN0004952,3730508339,-6215.05,-6215.05,2025-01-21,2025-01-21,Reconciled,
TXN0002380,2751220327,37369.78,37369.78,2025-01-16,2025-01-16,Reconciled,
TXN0000991,3377967038,-18094.39,-18094.39,2025-04-07,2025-04-08,Reconciled (Timing Difference),"Posted 1 day(s) apart -- in-transit item, not an error."
TXN0004376,3605953817,-12103.48,-12103.48,2025-06-16,2025-06-19,Reconciled (Timing Difference),"Posted 3 day(s) apart -- in-transit item, not an error."
TXN0004770,3319222292,-1225.24,-1225.24,2025-01-06,2025-01-06,Reconciled,
TXN0005544,2453588457,9664.06,9664.06,2025-06-14,2025-06-14,Reconciled,
TXN0004577,5501069106,27086.85,27086.85,2025-06-20,2025-06-20,Reconciled,
TXN0002839,4498305154,-5115.68,-5115.68,2025-04-14,2025-04-14,Reconciled,
TXN0004439,2590599972,-32088.80,-32283.69,2025-02-28,2025-02-28,Amount Discrepancy (Investigate),"Ledger -32088.80 vs bank -32283.69, diff 194.89."
TXN0005120,1734427245,2281.03,2195.82,2025-02-26,2025-02-26,Amount Discrepancy (Investigate),"Ledger 2281.03 vs bank 2195.82, diff 85.21."
TXN0003745,9274361779,-13559.38,-13559.38,2025-02-26,2025-02-26,Reconciled,
TXN0004395,9970464701,-12519.14,-12519.14,2025-04-23,2025-04-23,Reconciled,
TXN0004761,4761907381,-10521.53,-10521.53,2025-03-13,2025-03-13,Reconciled,
TXN0005530,2199958465,-3446.89,-3446.89,2025-04-23,2025-04-23,Reconciled,
TXN0001261,6771409397,-26878.59,-26878.59,2025-05-07,2025-05-07,Reconciled,
TXN0001378,5495192442,11264.38,11264.38,2025-05-09,2025-05-09,Reconciled,
TXN0003193,3641860754,-26295.17,-26295.17,2025-05-08,2025-05-08,Reconciled,
TXN0005620,5895412119,35128.07,35128.07,2025-04-20,2025-04-20,Reconciled,
TXN0004855,9550008024,-31580.25,-31580.25,2025-05-14,2025-05-14,Reconciled,
TXN0004386,9255724058,3395.98,3395.98,2025-03-29,2025-03-29,Reconciled,
TXN0003525,8871879055,30759.72,30759.72,2025-01-20,2025-01-20,Reconciled,
TXN0001589,5423198339,-18430.98,-18430.98,2025-04-28,2025-04-28,Reconciled,
TXN0003811,3820862048,1495.09,1495.09,2025-06-22,2025-06-22,Reconciled,
TXN0005790,1599946723,-10505.37,-10505.37,2025-04-24,2025-04-24,Reconciled,
TXN0000846,3218576931,-310.55,-310.55,2025-02-23,2025-02-23,Reconciled,
TXN0004978,7586866351,-31173.20,,2025-04-26,,Ledger-Only (Investigate),No matching bank record found for this ledger entry.
TXN0002788,4305538309,-34094.16,-34094.16,2025-03-21,2025-03-21,Reconciled,
TXN0000985,9084679996,-6640.82,-6640.82,2025-03-13,2025-03-13,Reconciled,
TXN0001916,7842717461,11696.29,11696.29,2025-06-06,2025-06-08,Reconciled (Timing Difference),"Posted 2 day(s) apart -- in-transit item, not an error."
TXN0002786,7661262324,-42755.73,-42550.17,2025-01-09,2025-01-09,Amount Discrepancy (Investigate),"Ledger -42755.73 vs bank -42550.17, diff -205.56."
TXN0001853,3187030584,-20326.68,-20326.68,2025-01-20,2025-01-20,Reconciled,
TXN0002838,4651492863,-27572.29,-27572.29,2025-06-24,2025-06-24,Reconciled,
TXN0001557,1208647883,-19248.63,-19248.63,2025-02-08,2025-02-08,Reconciled,
TXN0002059,6704204095,-41747.34,-41747.34,2025-03-15,2025-03-15,Reconciled,
TXN0005844,5409398474,-10603.76,-10603.76,2025-03-29,2025-03-29,Reconciled,
TXN0003817,8903671388,-41917.93,-41917.93,2025-03-18,2025-03-18,Reconciled,
TXN0002741,4712600840,41118.79,41118.79,2025-05-20,2025-05-20,Reconciled,
TXN0005676,2651252570,-13881.74,-13881.74,2025-06-23,2025-06-23,Reconciled,
TXN0004660,9326485900,25719.26,25719.26,2025-06-15,2025-06-16,Reconciled (Timing Difference),"Posted 1 day(s) apart -- in-transit item, not an error."
TXN0000772,3301700553,9792.48,9792.48,2025-06-22,2025-06-23,Reconciled (Timing Difference),"Posted 1 day(s) apart -- in-transit item, not an error."
FEE00088,7098078848,,-47.63,,2025-02-11,Bank Fee/Interest (No Ledger Entry Expected),"Bank-originated item (fee/interest) -- needs to be booked to the ledger, not an error."
FEE00104,3366303066,,-46.00,,2025-04-26,Bank Fee/Interest (No Ledger Entry Expected),"Bank-originated item (fee/interest) -- needs to be booked to the ledger, not an error."
TXN0004623,2993893600,,-1075.28,,2025-02-18,Bank-Only (Investigate),No matching ledger record found for this bank transaction.
TXN0001204,7667277949,,29177.57,,2025-04-22,Bank-Only (Investigate),No matching ledger record found for this bank transaction.
TXN0002038,9122753519,,-31800.42,,2025-03-05,Bank-Only (Investigate),No matching ledger record found for this bank transaction.
TXN0004835,8172302379,,27063.53,,2025-02-13,Bank-Only (Investigate),No matching ledger record found for this bank transaction.
FEE00113,3475868627,,42.80,,2025-06-30,Bank Fee/Interest (No Ledger Entry Expected),"Bank-originated item (fee/interest) -- needs to be booked to the ledger, not an error."
TXN0005364,1248395930,,-26587.24,,2025-06-06,Bank-Only (Investigate),No matching ledger record found for this bank transaction.
TXN0004115,5135313418,,7650.13,,2025-06-23,Bank-Only (Investigate),No matching ledger record found for this bank transaction.
FEE00027,8169316490,,-19.90,,2025-03-07,Bank Fee/Interest (No Ledger Entry Expected),"Bank-originated item (fee/interest) -- needs to be booked to the ledger, not an error."
TXN0004046,4874290017,,-6781.85,,2025-05-05,Bank-Only (Investigate),No matching ledger record found for this bank transaction.
FEE00008,6640640204,,-19.97,,2025-02-16,Bank Fee/Interest (No Ledger Entry Expected),"Bank-originated item (fee/interest) -- needs to be booked to the ledger, not an error."
FEE00033,7678490533,,6.51,,2025-01-03,Bank Fee/Interest (No Ledger Entry Expected),"Bank-originated item (fee/interest) -- needs to be booked to the ledger, not an error."
TXN0001525,1485438439,,-18045.68,,2025-01-08,Bank-Only (Investigate),No matching ledger record found for this bank transaction.
FEE00093,7410246115,,-67.60,,2025-06-13,Bank Fee/Interest (No Ledger Entry Expected),"Bank-originated item (fee/interest) -- needs to be booked to the ledger, not an error."
TXN0004800,5574579694,,-11798.69,,2025-01-31,Bank-Only (Investigate),No matching ledger record found for this bank transaction.
TXN0002598,6108698513,,36803.97,,2025-01-09,Bank-Only (Investigate),No matching ledger record found for this bank transaction.
FEE00017,3580128490,,-44.10,,2025-05-27,Bank Fee/Interest (No Ledger Entry Expected),"Bank-originated item (fee/interest) -- needs to be booked to the ledger, not an error."
TXN0002620,5234599620,,-35017.10,,2025-01-19,Bank-Only (Investigate),No matching ledger record found for this bank transaction.
FEE00051,8536612314,,-43.26,,2025-01-26,Bank Fee/Interest (No Ledger Entry Expected),"Bank-originated item (fee/interest) -- needs to be booked to the ledger, not an error."
FEE00076,1235760184,,-19.74,,2025-01-04,Bank Fee/Interest (No Ledger Entry Expected),"Bank-originated item (fee/interest) -- needs to be booked to the ledger, not an error."
TXN0001843,2026399285,,11922.43,,2025-02-02,Bank-Only (Investigate),No matching ledger record found for this bank transaction.
TXN0000465,9599894045,,29289.56,,2025-02-03,Bank-Only (Investigate),No matching ledger record found for this bank transaction.
FEE00136,1371068795,,44.82,,2025-01-26,Bank Fee/Interest (No Ledger Entry Expected),"Bank-originated item (fee/interest) -- needs to be booked to the ledger, not an error."
FEE00106,1870462165,,-21.62,,2025-01-25,Bank Fee/Interest (No Ledger Entry Expected),"Bank-originated item (fee/interest) -- needs to be booked to the ledger, not an error."
FEE00111,1536783358,,-49.35,,2025-01-05,Bank Fee/Interest (No Ledger Entry Expected),"Bank-originated item (fee/interest) -- needs to be booked to the ledger, not an error."
FEE00067,7131939644,,-28.45,,2025-02-11,Bank Fee/Interest (No Ledger Entry Expected),"Bank-originated item (fee/interest) -- needs to be booked to the ledger, not an error."
TXN0000692,1164627519,,-30674.53,,2025-02-20,Bank-Only (Investigate),No matching ledger record found for this bank transaction.
TXN0001138,7488048589,,30504.24,,2025-06-13,Bank-Only (Investigate),No matching ledger record found for this bank transaction.
TXN0005272,1730936839,,-39047.18,,2025-03-11,Bank-Only (Investigate),No matching ledger record found for this bank transaction.
FEE00011,9356925262,,-48.21,,2025-05-04,Bank Fee/Interest (No Ledger Entry Expected),"Bank-originated item (fee/interest) -- needs to be booked to the ledger, not an error."
TXN0005278,5088967403,,-11149.32,,2025-04-23,Bank-Only (Investigate),No matching ledger record found for this bank transaction.
TXN0004934,3890429968,,-15219.44,,2025-02-26,Bank-Only (Investigate),No matching ledger record found for this bank transaction.
TXN0002224,3557934324,,1187.08,,2025-04-05,Bank-Only (Investigate),No matching ledger record found for this bank transaction.
FEE00132,4370763119,,-68.41,,2025-04-24,Bank Fee/Interest (No Ledger Entry Expected),"Bank-originated item (fee/interest) -- needs to be booked to the ledger, not an error."
TXN0002177,7300037175,,15650.40,,2025-06-11,Bank-Only (Investigate),No matching ledger record found for this bank transaction.
TXN0001348,4686130590,,29102.75,,2025-01-16,Bank-Only (Investigate),No matching ledger record found for this bank transaction.
FEE00098,5586875141,,-16.95,,2025-06-14,Bank Fee/Interest (No Ledger Entry Expected),"Bank-originated item (fee/interest) -- needs to be booked to the ledger, not an error."
FEE00112,1326918384,,44.24,,2025-06-11,Bank Fee/Interest (No Ledger Entry Expected),"Bank-originated item (fee/interest) -- needs to be booked to the ledger, not an error."
TXN0001025,6707935116,,-42174.37,,2025-01-12,Bank-Only (Investigate),No matching ledger record found for this bank transaction.
FEE00005,4592578149,,-8.50,,2025-03-04,Bank Fee/Interest (No Ledger Entry Expected),"Bank-originated item (fee/interest) -- needs to be booked to the ledger, not an error."
TXN0003239,9168127750,,-35245.83,,2025-01-16,Bank-Only (Investigate),No matching ledger record found for this bank transaction.
FEE00083,5814384448,,-49.55,,2025-01-27,Bank Fee/Interest (No Ledger Entry Expected),"Bank-originated item (fee/interest) -- needs to be booked to the ledger, not an error."
TXN0005204,7649943709,,-20745.31,,2025-03-02,Bank-Only (Investigate),No matching ledger record found for this bank transaction.
TXN0004610,4586887105,,33026.26,,2025-04-08,Bank-Only (Investigate),No matching ledger record found for this bank transaction.
TXN0001742,6432058439,,25338.05,,2025-06-20,Bank-Only (Investigate),No matching ledger record found for this bank transaction.
TXN0005359,5597766536,,-4991.59,,2025-06-04,Bank-Only (Investigate),No matching ledger record found for this bank transaction.
TXN0005598,7358826289,,16635.09,,2025-06-17,Bank-Only (Investigate),No matching ledger record found for this bank transaction.
TXN0000258,6529829040,,17316.94,,2025-05-26,Bank-Only (Investigate),No matching ledger record found for this bank transaction.
TXN0000049,6837650372,,28498.70,,2025-03-03,Bank-Only (Investigate),No matching ledger record found for this bank transaction.
FEE00032,1357624246,,-37.16,,2025-06-25,Bank Fee/Interest (No Ledger Entry Expected),"Bank-originated item (fee/interest) -- needs to be booked to the ledger, not an error."
FEE00039,5822236308,,-9.60,,2025-05-10,Bank Fee/Interest (No Ledger Entry Expected),"Bank-originated item (fee/interest) -- needs to be booked to the ledger, not an error."
FEE00028,8806728254,,13.63,,2025-06-22,Bank Fee/Interest (No Ledger Entry Expected),"Bank-originated item (fee/interest) -- needs to be booked to the ledger, not an error."
FEE00026,1585736774,,10.29,,2025-02-07,Bank Fee/Interest (No Ledger Entry Expected),"Bank-originated item (fee/interest) -- needs to be booked to the ledger, not an error."
FEE00057,2527640106,,-9.83,,2025-02-05,Bank Fee/Interest (No Ledger Entry Expected),"Bank-originated item (fee/interest) -- needs to be booked to the ledger, not an error."
TXN0003096,5522120287,,-40199.45,,2025-06-22,Bank-Only (Investigate),No matching ledger record found for this bank transaction.
TXN0003285,1429874499,,-403.76,,2025-05-20,Bank-Only (Investigate),No matching ledger record found for this bank transaction.
TXN0001185,9595027907,,25722.55,,2025-03-08,Bank-Only (Investigate),No matching ledger record found for this bank transaction.
FEE00070,3367502510,,-24.04,,2025-04-14,Bank Fee/Interest (No Ledger Entry Expected),"Bank-originated item (fee/interest) -- needs to be booked to the ledger, not an error."
TXN0001106,5059782054,,-22656.78,,2025-05-21,Bank-Only (Investigate),No matching ledger record found for this bank transaction.
FEE00048,3870038044,,-29.63,,2025-03-01,Bank Fee/Interest (No Ledger Entry Expected),"Bank-originated item (fee/interest) -- needs to be booked to the ledger, not an error."
FEE00095,1273948737,,21.10,,2025-06-07,Bank Fee/Interest (No Ledger Entry Expected),"Bank-originated item (fee/interest) -- needs to be booked to the ledger, not an error."
FEE00128,1101525333,,-53.76,,2025-06-12,Bank Fee/Interest (No Ledger Entry Expected),"Bank-originated item (fee/interest) -- needs to be booked to the ledger, not an error."
TXN0005019,5246731231,,-13184.51,,2025-02-08,Bank-Only (Investigate),No matching ledger record found for this bank transaction.
FEE00082,2130600582,,-6.43,,2025-05-10,Bank Fee/Interest (No Ledger Entry Expected),"Bank-originated item (fee/interest) -- needs to be booked to the ledger, not an error."
TXN0003359,8396632645,,-23464.35,,2025-01-29,Bank-Only (Investigate),No matching ledger record found for this bank transaction.
TXN0005703,6504847491,,-26061.54,,2025-06-20,Bank-Only (Investigate),No matching ledger record found for this bank transaction.
TXN0002755,8886890648,,-22909.94,,2025-04-05,Bank-Only (Investigate),No matching ledger record found for this bank transaction.
FEE00123,3297374210,,-55.38,,2025-02-13,Bank Fee/Interest (No Ledger Entry Expected),"Bank-originated item (fee/interest) -- needs to be booked to the ledger, not an error."
TXN0001840,7788147431,,-41372.72,,2025-01-10,Bank-Only (Investigate),No matching ledger record found for this bank transaction.
FEE00025,3670103353,,-44.69,,2025-05-08,Bank Fee/Interest (No Ledger Entry Expected),"Bank-originated item (fee/interest) -- needs to be booked to the ledger, not an error."
TXN0002055,3379935538,,-26925.11,,2025-01-15,Bank-Only (Investigate),No matching ledger record found for this bank transaction.
FEE00050,1257785111,,72.71,,2025-05-26,Bank Fee/Interest (No Ledger Entry Expected),"Bank-originated item (fee/interest) -- needs to be booked to the ledger, not an error."
FEE00034,7873735833,,-19.53,,2025-04-19,Bank Fee/Interest (No Ledger Entry Expected),"Bank-originated item (fee/interest) -- needs to be booked to the ledger, not an error."
FEE00038,9226823011,,7.54,,2025-01-21,Bank Fee/Interest (No Ledger Entry Expected),"Bank-originated item (fee/interest) -- needs to be booked to the ledger, not an error."
TXN0005066,4765519758,,16245.14,,2025-06-21,Bank-Only (Investigate),No matching ledger record found for this bank transaction.
TXN0000616,2155645245,,-44755.52,,2025-01-02,Bank-Only (Investigate),No matching ledger record found for this bank transaction.
TXN0005713,2537386514,,-2184.67,,2025-02-03,Bank-Only (Investigate),No matching ledger record found for this bank transaction.
TXN0002987,2317535494,,-22197.74,,2025-05-04,Bank-Only (Investigate),No matching ledger record found for this bank transaction.
TXN0002259,5617491106,,-7161.23,,2025-01-15,Bank-Only (Investigate),No matching ledger record found for this bank transaction.
FEE00090,4487709148,,-36.81,,2025-03-26,Bank Fee/Interest (No Ledger Entry Expected),"Bank-originated item (fee/interest) -- needs to be booked to the ledger, not an error."
FEE00047,5707017342,,-56.87,,2025-03-11,Bank Fee/Interest (No Ledger Entry Expected),"Bank-originated item (fee/interest) -- needs to be booked to the ledger, not an error."
TXN0005140,5066637234,,-18636.37,,2025-01-24,Bank-Only (Investigate),No matching ledger record found for this bank transaction.
TXN0002638,1817976137,,-29967.36,,2025-01-24,Bank-Only (Investigate),No matching ledger record found for this bank transaction.
TXN0002566,8203436379,,-17638.19,,2025-01-08,Bank-Only (Investigate),No matching ledger record found for this bank transaction.
FEE00099,3998312748,,-6.27,,2025-06-14,Bank Fee/Interest (No Ledger Entry Expected),"Bank-originated item (fee/interest) -- needs to be booked to the ledger, not an error."
FEE00072,3364110705,,-61.66,,2025-02-14,Bank Fee/Interest (No Ledger Entry Expected),"Bank-originated item (fee/interest) -- needs to be booked to the ledger, not an error."
FEE00068,8670386944,,-63.66,,2025-02-15,Bank Fee/Interest (No Ledger Entry Expected),"Bank-originated item (fee/interest) -- needs to be booked to the ledger, not an error."
FEE00100,7960680259,,-65.74,,2025-06-07,Bank Fee/Interest (No Ledger Entry Expected),"Bank-originated item (fee/interest) -- needs to be booked to the ledger, not an error."
TXN0002614,9722560244,,-30513.72,,2025-04-30,Bank-Only (Investigate),No matching ledger record found for this bank transaction.
FEE00043,5172374573,,-37.83,,2025-04-11,Bank Fee/Interest (No Ledger Entry Expected),"Bank-originated item (fee/interest) -- needs to be booked to the ledger, not an error."
FEE00130,7046625665,,-61.16,,2025-02-27,Bank Fee/Interest (No Ledger Entry Expected),"Bank-originated item (fee/interest) -- needs to be booked to the ledger, not an error."
TXN0005189,3721764641,,-9317.49,,2025-06-27,Bank-Only (Investigate),No matching ledger record found for this bank transaction.
FEE00066,8290704356,,-16.00,,2025-03-04,Bank Fee/Interest (No Ledger Entry Expected),"Bank-originated item (fee/interest) -- needs to be booked to the ledger, not an error."
TXN0001618,6388273239,,-20356.62,,2025-06-25,Bank-Only (Investigate),No matching ledger record found for this bank transaction.
FEE00030,7189108059,,-65.05,,2025-01-25,Bank Fee/Interest (No Ledger Entry Expected),"Bank-originated item (fee/interest) -- needs to be booked to the ledger, not an error."
FEE00002,5695088897,,-43.67,,2025-01-27,Bank Fee/Interest (No Ledger Entry Expected),"Bank-originated item (fee/interest) -- needs to be booked to the ledger, not an error."
TXN0001942,6087036032,,21495.79,,2025-06-15,Bank-Only (Investigate),No matching ledger record found for this bank transaction.
TXN0004227,8356485971,,-13916.64,,2025-05-19,Bank-Only (Investigate),No matching ledger record found for this bank transaction.
TXN0001472,6693069721,,-17074.62,,2025-05-22,Bank-Only (Investigate),No matching ledger record found for this bank transaction.
FEE00073,1645788826,,-59.37,,2025-06-06,Bank Fee/Interest (No Ledger Entry Expected),"Bank-originated item (fee/interest) -- needs to be booked to the ledger, not an error."
FEE00116,5073517402,,-39.13,,2025-06-05,Bank Fee/Interest (No Ledger Entry Expected),"Bank-originated item (fee/interest) -- needs to be booked to the ledger, not an error."
FEE00124,1505832337,,-28.56,,2025-06-29,Bank Fee/Interest (No Ledger Entry Expected),"Bank-originated item (fee/interest) -- needs to be booked to the ledger, not an error."
FEE00133,9871248456,,-15.60,,2025-02-16,Bank Fee/Interest (No Ledger Entry Expected),"Bank-originated item (fee/interest) -- needs to be booked to the ledger, not an error."
TXN0002793,7744378984,,-14082.60,,2025-02-23,Bank-Only (Investigate),No matching ledger record found for this bank transaction.
FEE00092,3698142059,,-30.61,,2025-05-26,Bank Fee/Interest (No Ledger Entry Expected),"Bank-originated item (fee/interest) -- needs to be booked to the ledger, not an error."
TXN0003328,4450209513,,21509.90,,2025-05-31,Bank-Only (Investigate),No matching ledger record found for this bank transaction.
FEE00037,7972533327,,55.23,,2025-05-05,Bank Fee/Interest (No Ledger Entry Expected),"Bank-originated item (fee/interest) -- needs to be booked to the ledger, not an error."
FEE00119,8106590886,,59.30,,2025-03-09,Bank Fee/Interest (No Ledger Entry Expected),"Bank-originated item (fee/interest) -- needs to be booked to the ledger, not an error."
TXN0002576,4181207769,,-40182.79,,2025-05-29,Bank-Only (Investigate),No matching ledger record found for this bank transaction.
FEE00080,7773485571,,9.46,,2025-02-08,Bank Fee/Interest (No Ledger Entry Expected),"Bank-originated item (fee/interest) -- needs to be booked to the ledger, not an error."
TXN0001374,6158540957,,23395.21,,2025-05-15,Bank-Only (Investigate),No matching ledger record found for this bank transaction.
TXN0001152,9847120676,,-35671.92,,2025-02-04,Bank-Only (Investigate),No matching ledger record found for this bank transaction.
TXN0000518,5758689307,,-24360.46,,2025-06-14,Bank-Only (Investigate),No matching ledger record found for this bank transaction.
FEE00004,8142495836,,-46.58,,2025-02-26,Bank Fee/Interest (No Ledger Entry Expected),"Bank-originated item (fee/interest) -- needs to be booked to the ledger, not an error."
FEE00003,9864098820,,-45.95,,2025-02-07,Bank Fee/Interest (No Ledger Entry Expected),"Bank-originated item (fee/interest) -- needs to be booked to the ledger, not an error."
TXN0005081,1483471466,,-17857.89,,2025-06-23,Bank-Only (Investigate),No matching ledger record found for this bank transaction.
FEE00065,9995132461,,-52.15,,2025-01-19,Bank Fee/Interest (No Ledger Entry Expected),"Bank-originated item (fee/interest) -- needs to be booked to the ledger, not an error."
TXN0005029,1172829542,,-15957.36,,2025-06-21,Bank-Only (Investigate),No matching ledger record found for this bank transaction.
FEE00075,9725992990,,-44.13,,2025-03-08,Bank Fee/Interest (No Ledger Entry Expected),"Bank-originated item (fee/interest) -- needs to be booked to the ledger, not an error."
FEE00125,5802134796,,-60.00,,2025-05-27,Bank Fee/Interest (No Ledger Entry Expected),"Bank-originated item (fee/interest) -- needs to be booked to the ledger, not an error."
TXN0005357,7524231400,,-7170.07,,2025-06-15,Bank-Only (Investigate),No matching ledger record found for this bank transaction.
TXN0002000,2787439364,,-19373.57,,2025-01-16,Bank-Only (Investigate),No matching ledger record found for this bank transaction.
FEE00101,9278827040,,-54.84,,2025-02-05,Bank Fee/Interest (No Ledger Entry Expected),"Bank-originated item (fee/interest) -- needs to be booked to the ledger, not an error."
TXN0005334,9230007651,,-10785.84,,2025-06-09,Bank-Only (Investigate),No matching ledger record found for this bank transaction.
TXN0002691,4177111723,,8275.13,,2025-03-06,Bank-Only (Investigate),No matching ledger record found for this bank transaction.
TXN0000890,7925969118,,30138.56,,2025-03-05,Bank-Only (Investigate),No matching ledger record found for this bank transaction.
TXN0005482,2905990636,,-530.33,,2025-04-07,Bank-Only (Investigate),No matching ledger record found for this bank transaction.
TXN0003244,7513199966,,27477.28,,2025-06-19,Bank-Only (Investigate),No matching ledger record found for this bank transaction.
TXN0005634,8775601962,,-33184.96,,2025-05-03,Bank-Only (Investigate),No matching ledger record found for this bank transaction.
FEE00139,8666203830,,-70.61,,2025-04-22,Bank Fee/Interest (No Ledger Entry Expected),"Bank-originated item (fee/interest) -- needs to be booked to the ledger, not an error."
TXN0005279,1353155794,,8274.12,,2025-03-04,Bank-Only (Investigate),No matching ledger record found for this bank transaction.
FEE00137,1621803512,,40.74,,2025-02-05,Bank Fee/Interest (No Ledger Entry Expected),"Bank-originated item (fee/interest) -- needs to be booked to the ledger, not an error."
FEE00062,7546452770,,-26.21,,2025-06-13,Bank Fee/Interest (No Ledger Entry Expected),"Bank-originated item (fee/interest) -- needs to be booked to the ledger, not an error."
FEE00087,7315578530,,-36.61,,2025-04-27,Bank Fee/Interest (No Ledger Entry Expected),"Bank-originated item (fee/interest) -- needs to be booked to the ledger, not an error."
TXN0005827,8496066181,,-17091.81,,2025-04-01,Bank-Only (Investigate),No matching ledger record found for this bank transaction.
TXN0000974,4530149662,,-34824.05,,2025-02-05,Bank-Only (Investigate),No matching ledger record found for this bank transaction.
TXN0001877,2163450131,,-9142.88,,2025-04-01,Bank-Only (Investigate),No matching ledger record found for this bank transaction.
FEE00060,8619013342,,-59.19,,2025-03-21,Bank Fee/Interest (No Ledger Entry Expected),"Bank-originated item (fee/interest) -- needs to be booked to the ledger, not an error."
TXN0002768,9257992545,,-39827.01,,2025-02-02,Bank-Only (Investigate),No matching ledger record found for this bank transaction.
TXN0000670,1883857707,,41351.13,,2025-06-10,Bank-Only (Investigate),No matching ledger record found for this bank transaction.
FEE00071,7319236210,,-64.22,,2025-06-30,Bank Fee/Interest (No Ledger Entry Expected),"Bank-originated item (fee/interest) -- needs to be booked to the ledger, not an error."
TXN0002612,2813567061,,6212.04,,2025-06-15,Bank-Only (Investigate),No matching ledger record found for this bank transaction.
FEE00110,8436360981,,-72.32,,2025-01-10,Bank Fee/Interest (No Ledger Entry Expected),"Bank-originated item (fee/interest) -- needs to be booked to the ledger, not an error."
TXN0003213,1434387760,,-28869.64,,2025-06-13,Bank-Only (Investigate),No matching ledger record found for this bank transaction.
TXN0005976,1275248397,,-44495.35,,2025-06-16,Bank-Only (Investigate),No matching ledger record found for this bank transaction.
TXN0004944,6822139685,,-6499.17,,2025-02-01,Bank-Only (Investigate),No matching ledger record found for this bank transaction.
TXN0002912,7434736821,,-16534.48,,2025-05-06,Bank-Only (Investigate),No matching ledger record found for this bank transaction.
FEE00054,4035889882,,-18.96,,2025-02-22,Bank Fee/Interest (No Ledger Entry Expected),"Bank-originated item (fee/interest) -- needs to be booked to the ledger, not an error."
FEE00024,5247986993,,-17.62,,2025-05-13,Bank Fee/Interest (No Ledger Entry Expected),"Bank-originated item (fee/interest) -- needs to be booked to the ledger, not an error."
TXN0000291,6750735377,,2966.97,,2025-03-31,Bank-Only (Investigate),No matching ledger record found for this bank transaction.
FEE00015,9007817984,,-16.25,,2025-06-22,Bank Fee/Interest (No Ledger Entry Expected),"Bank-originated item (fee/interest) -- needs to be booked to the ledger, not an error."
FEE00013,1261769262,,-29.24,,2025-03-10,Bank Fee/Interest (No Ledger Entry Expected),"Bank-originated item (fee/interest) -- needs to be booked to the ledger, not an error."
TXN0002843,3521179661,,-40734.01,,2025-03-14,Bank-Only (Investigate),No matching ledger record found for this bank transaction.
TXN0005104,2999405005,,-36898.13,,2025-04-28,Bank-Only (Investigate),No matching ledger record found for this bank transaction.
TXN0001984,8915741047,,17033.93,,2025-05-28,Bank-Only (Investigate),No matching ledger record found for this bank transaction.
FEE00063,5425940194,,-70.46,,2025-05-19,Bank Fee/Interest (No Ledger Entry Expected),"Bank-originated item (fee/interest) -- needs to be booked to the ledger, not an error."
FEE00031,3496616618,,35.78,,2025-01-30,Bank Fee/Interest (No Ledger Entry Expected),"Bank-originated item (fee/interest) -- needs to be booked to the ledger, not an error."
TXN0000150,8434046217,,-7032.23,,2025-04-05,Bank-Only (Investigate),No matching ledger record found for this bank transaction.
TXN0002895,4875668680,,-3747.64,,2025-02-16,Bank-Only (Investigate),No matching ledger record found for this bank transaction.
TXN0004676,5181680468,,-14029.73,,2025-04-12,Bank-Only (Investigate),No matching ledger record found for this bank transaction.
TXN0000172,8644813959,,-30887.04,,2025-03-30,Bank-Only (Investigate),No matching ledger record found for this bank transaction.
TXN0002770,3814342001,,40247.15,,2025-01-20,Bank-Only (Investigate),No matching ledger record found for this bank transaction.
TXN0001943,2043737138,,3416.76,,2025-06-13,Bank-Only (Investigate),No matching ledger record found for this bank transaction.
TXN0004887,9276654493,,15606.85,,2025-04-03,Bank-Only (Investigate),No matching ledger record found for this bank transaction.
TXN0002476,3502060912,,-24365.16,,2025-03-16,Bank-Only (Investigate),No matching ledger record found for this bank transaction.
TXN0003611,2024494015,,-27665.92,,2025-04-25,Bank-Only (Investigate),No matching ledger record found for this bank transaction.
TXN0000969,1961437356,,-36413.25,,2025-01-05,Bank-Only (Investigate),No matching ledger record found for this bank transaction.
TXN0005630,4423252613,,-9016.71,,2025-06-05,Bank-Only (Investigate),No matching ledger record found for this bank transaction.
FEE00118,6278308100,,58.03,,2025-03-12,Bank Fee/Interest (No Ledger Entry Expected),"Bank-originated item (fee/interest) -- needs to be booked to the ledger, not an error."
TXN0003333,4884958324,,15615.10,,2025-06-08,Bank-Only (Investigate),No matching ledger record found for this bank transaction.
FEE00135,3196509844,,-37.78,,2025-05-15,Bank Fee/Interest (No Ledger Entry Expected),"Bank-originated item (fee/interest) -- needs to be booked to the ledger, not an error."
FEE00061,2759705380,,-27.07,,2025-03-28,Bank Fee/Interest (No Ledger Entry Expected),"Bank-originated item (fee/interest) -- needs to be booked to the ledger, not an error."
TXN0004347,3246342659,,-16969.45,,2025-04-15,Bank-Only (Investigate),No matching ledger record found for this bank transaction.
TXN0005200,4242090635,,35921.83,,2025-01-31,Bank-Only (Investigate),No matching ledger record found for this bank transaction.
TXN0001390,4157348134,,-1427.86,,2025-05-22,Bank-Only (Investigate),No matching ledger record found for this bank transaction.
TXN0005947,9694614284,,-13852.97,,2025-03-05,Bank-Only (Investigate),No matching ledger record found for this bank transaction.
FEE00035,6878536960,,27.89,,2025-01-25,Bank Fee/Interest (No Ledger Entry Expected),"Bank-originated item (fee/interest) -- needs to be booked to the ledger, not an error."
FEE00105,6707581270,,-45.48,,2025-02-20,Bank Fee/Interest (No Ledger Entry Expected),"Bank-originated item (fee/interest) -- needs to be booked to the ledger, not an error."
TXN0003093,9683764435,,25907.73,,2025-05-19,Bank-Only (Investigate),No matching ledger record found for this bank transaction.
FEE00018,7323113577,,65.95,,2025-06-25,Bank Fee/Interest (No Ledger Entry Expected),"Bank-originated item (fee/interest) -- needs to be booked to the ledger, not an error."
FEE00046,5992067433,,26.74,,2025-06-04,Bank Fee/Interest (No Ledger Entry Expected),"Bank-originated item (fee/interest) -- needs to be booked to the ledger, not an error."
FEE00001,1925364410,,-7.22,,2025-01-21,Bank Fee/Interest (No Ledger Entry Expected),"Bank-originated item (fee/interest) -- needs to be booked to the ledger, not an error."
TXN0001990,9919613154,,14535.73,,2025-02-13,Bank-Only (Investigate),No matching ledger record found for this bank transaction.
FEE00078,2446659749,,-53.82,,2025-06-23,Bank Fee/Interest (No Ledger Entry Expected),"Bank-originated item (fee/interest) -- needs to be booked to the ledger, not an error."
FEE00000,9794958715,,7.83,,2025-03-16,Bank Fee/Interest (No Ledger Entry Expected),"Bank-originated item (fee/interest) -- needs to be booked to the ledger, not an error."
TXN0002680,5720646320,,-15392.31,,2025-06-20,Bank-Only (Investigate),No matching ledger record found for this bank transaction.
FEE00126,2298311984,,-10.80,,2025-06-12,Bank Fee/Interest (No Ledger Entry Expected),"Bank-originated item (fee/interest) -- needs to be booked to the ledger, not an error."
FEE00074,2621720824,,-51.40,,2025-02-07,Bank Fee/Interest (No Ledger Entry Expected),"Bank-originated item (fee/interest) -- needs to be booked to the ledger, not an error."
TXN0002498,4668955561,,-34577.07,,2025-03-15,Bank-Only (Investigate),No matching ledger record found for this bank transaction.
FEE00009,4228316723,,-66.64,,2025-03-15,Bank Fee/Interest (No Ledger Entry Expected),"Bank-originated item (fee/interest) -- needs to be booked to the ledger, not an error."
FEE00053,9115825696,,-56.20,,2025-06-19,Bank Fee/Interest (No Ledger Entry Expected),"Bank-originated item (fee/interest) -- needs to be booked to the ledger, not an error."
TXN0005373,6788775416,,-30264.34,,2025-02-24,Bank-Only (Investigate),No matching ledger record found for this bank transaction.
TXN0002083,9334879094,,27261.40,,2025-02-18,Bank-Only (Investigate),No matching ledger record found for this bank transaction.
TXN0000533,1312169660,,25138.15,,2025-01-11,Bank-Only (Investigate),No matching ledger record found for this bank transaction.
FEE00085,7942607378,,32.59,,2025-04-02,Bank Fee/Interest (No Ledger Entry Expected),"Bank-originated item (fee/interest) -- needs to be booked to the ledger, not an error."
TXN0005125,1376000193,,11339.55,,2025-05-19,Bank-Only (Investigate),No matching ledger record found for this bank transaction.
FEE00040,9386979460,,-25.97,,2025-01-04,Bank Fee/Interest (No Ledger Entry Expected),"Bank-originated item (fee/interest) -- needs to be booked to the ledger, not an error."
FEE00055,1723836991,,-37.36,,2025-01-12,Bank Fee/Interest (No Ledger Entry Expected),"Bank-originated item (fee/interest) -- needs to be booked to the ledger, not an error."
FEE00134,3001269010,,53.52,,2025-06-08,Bank Fee/Interest (No Ledger Entry Expected),"Bank-originated item (fee/interest) -- needs to be booked to the ledger, not an error."
TXN0005586,5545585847,,-17953.54,,2025-06-14,Bank-Only (Investigate),No matching ledger record found for this bank transaction.
TXN0003753,4453221613,,18282.58,,2025-06-06,Bank-Only (Investigate),No matching ledger record found for this bank transaction.
FEE00019,7061807256,,-26.88,,2025-04-30,Bank Fee/Interest (No Ledger Entry Expected),"Bank-originated item (fee/interest) -- needs to be booked to the ledger, not an error."
FEE00052,1548572429,,32.06,,2025-02-04,Bank Fee/Interest (No Ledger Entry Expected),"Bank-originated item (fee/interest) -- needs to be booked to the ledger, not an error."
FEE00108,8082746915,,11.58,,2025-05-24,Bank Fee/Interest (No Ledger Entry Expected),"Bank-originated item (fee/interest) -- needs to be booked to the ledger, not an error."
FEE00012,7289132341,,-37.54,,2025-05-08,Bank Fee/Interest (No Ledger Entry Expected),"Bank-originated item (fee/interest) -- needs to be booked to the ledger, not an error."
TXN0005088,1761425055,,5993.56,,2025-06-28,Bank-Only (Investigate),No matching ledger record found for this bank transaction.
TXN0003646,9206054611,,-20403.00,,2025-03-21,Bank-Only (Investigate),No matching ledger record found for this bank transaction.
TXN0004794,7402736727,,10807.27,,2025-06-17,Bank-Only (Investigate),No matching ledger record found for this bank transaction.
TXN0005452,8836552392,,-788.60,,2025-04-02,Bank-Only (Investigate),No matching ledger record found for this bank transaction.
TXN0003058,3392638713,,11701.93,,2025-02-08,Bank-Only (Investigate),No matching ledger record found for this bank transaction.
FEE00058,2318011800,,-71.50,,2025-01-17,Bank Fee/Interest (No Ledger Entry Expected),"Bank-originated item (fee/interest) -- needs to be booked to the ledger, not an error."
FEE00064,3205213527,,28.59,,2025-03-24,Bank Fee/Interest (No Ledger Entry Expected),"Bank-originated item (fee/interest) -- needs to be booked to the ledger, not an error."
FEE00042,6425168375,,-41.51,,2025-06-24,Bank Fee/Interest (No Ledger Entry Expected),"Bank-originated item (fee/interest) -- needs to be booked to the ledger, not an error."
FEE00138,7651893604,,-58.37,,2025-01-14,Bank Fee/Interest (No Ledger Entry Expected),"Bank-originated item (fee/interest) -- needs to be booked to the ledger, not an error."
TXN0004268,3173110764,,-3488.77,,2025-01-13,Bank-Only (Investigate),No matching ledger record found for this bank transaction.
FEE00020,4519831964,,-23.89,,2025-02-22,Bank Fee/Interest (No Ledger Entry Expected),"Bank-originated item (fee/interest) -- needs to be booked to the ledger, not an error."
FEE00097,6287814447,,-45.77,,2025-03-13,Bank Fee/Interest (No Ledger Entry Expected),"Bank-originated item (fee/interest) -- needs to be booked to the ledger, not an error."
FEE00117,7051410820,,-68.96,,2025-06-10,Bank Fee/Interest (No Ledger Entry Expected),"Bank-originated item (fee/interest) -- needs to be booked to the ledger, not an error."
TXN0003052,6624398246,,-20921.55,,2025-01-15,Bank-Only (Investigate),No matching ledger record found for this bank transaction.
TXN0002742,4897571561,,-2791.27,,2025-04-16,Bank-Only (Investigate),No matching ledger record found for this bank transaction.
TXN0004736,8040412445,,-28334.83,,2025-03-26,Bank-Only (Investigate),No matching ledger record found for this bank transaction.
FEE00077,8270201523,,-11.02,,2025-06-14,Bank Fee/Interest (No Ledger Entry Expected),"Bank-originated item (fee/interest) -- needs to be booked to the ledger, not an error."
TXN0004824,8741031402,,-32191.73,,2025-05-13,Bank-Only (Investigate),No matching ledger record found for this bank transaction.
TXN0001637,3087564262,,-16103.92,,2025-04-06,Bank-Only (Investigate),No matching ledger record found for this bank transaction.
FEE00079,4916910201,,-64.41,,2025-04-08,Bank Fee/Interest (No Ledger Entry Expected),"Bank-originated item (fee/interest) -- needs to be booked to the ledger, not an error."
TXN0003954,9670448026,,-17039.61,,2025-02-28,Bank-Only (Investigate),No matching ledger record found for this bank transaction.
TXN0003400,1973614357,,17171.20,,2025-02-23,Bank-Only (Investigate),No matching ledger record found for this bank transaction.
TXN0005093,3935929854,,-11356.08,,2025-06-03,Bank-Only (Investigate),No matching ledger record found for this bank transaction.
TXN0003236,2078704468,,-11123.64,,2025-04-07,Bank-Only (Investigate),No matching ledger record found for this bank transaction.
FEE00081,5537881105,,-68.57,,2025-05-06,Bank Fee/Interest (No Ledger Entry Expected),"Bank-originated item (fee/interest) -- needs to be booked to the ledger, not an error."
TXN0001811,8629477275,,7444.93,,2025-03-11,Bank-Only (Investigate),No matching ledger record found for this bank transaction.
FEE00029,9510457243,,-16.24,,2025-03-17,Bank Fee/Interest (No Ledger Entry Expected),"Bank-originated item (fee/interest) -- needs to be booked to the ledger, not an error."
TXN0005644,3110987712,,-22692.25,,2025-06-10,Bank-Only (Investigate),No matching ledger record found for this bank transaction.
FEE00091,5325499272,,-65.82,,2025-05-22,Bank Fee/Interest (No Ledger Entry Expected),"Bank-originated item (fee/interest) -- needs to be booked to the ledger, not an error."
FEE00084,1954099762,,36.03,,2025-02-05,Bank Fee/Interest (No Ledger Entry Expected),"Bank-originated item (fee/interest) -- needs to be booked to the ledger, not an error."
TXN0005593,3127362673,,38530.31,,2025-01-29,Bank-Only (Investigate),No matching ledger record found for this bank transaction.
FEE00006,4353179247,,-38.78,,2025-06-09,Bank Fee/Interest (No Ledger Entry Expected),"Bank-originated item (fee/interest) -- needs to be booked to the ledger, not an error."
TXN0001250,6632492307,,-16075.96,,2025-06-24,Bank-Only (Investigate),No matching ledger record found for this bank transaction.
TXN0003377,8440328571,,1117.61,,2025-03-18,Bank-Only (Investigate),No matching ledger record found for this bank transaction.
FEE00016,6271623561,,-55.78,,2025-01-29,Bank Fee/Interest (No Ledger Entry Expected),"Bank-originated item (fee/interest) -- needs to be booked to the ledger, not an error."
TXN0003779,4179459775,,32972.87,,2025-02-25,Bank-Only (Investigate),No matching ledger record found for this bank transaction.
TXN0002012,9473705267,,5786.63,,2025-04-11,Bank-Only (Investigate),No matching ledger record found for this bank transaction.
TXN0004491,2631210797,,-22501.41,,2025-01-06,Bank-Only (Investigate),No matching ledger record found for this bank transaction.
TXN0003466,9847185318,,26348.06,,2025-05-06,Bank-Only (Investigate),No matching ledger record found for this bank transaction.
TXN0000376,4874672810,,2597.62,,2025-03-14,Bank-Only (Investigate),No matching ledger record found for this bank transaction.
FEE00023,3040264706,,-59.42,,2025-03-14,Bank Fee/Interest (No Ledger Entry Expected),"Bank-originated item (fee/interest) -- needs to be booked to the ledger, not an error."
TXN0000278,8017199245,,-10127.72,,2025-04-07,Bank-Only (Investigate),No matching ledger record found for this bank transaction.
TXN0005921,4620244825,,-7107.92,,2025-06-08,Bank-Only (Investigate),No matching ledger record found for this bank transaction.
TXN0003914,3833219432,,-42058.93,,2025-05-08,Bank-Only (Investigate),No matching ledger record found for this bank transaction.
TXN0000813,8700269939,,27530.84,,2025-02-18,Bank-Only (Investigate),No matching ledger record found for this bank transaction.
TXN0005212,8692486993,,18603.53,,2025-06-17,Bank-Only (Investigate),No matching ledger record found for this bank transaction.
TXN0005698,4801781640,,15478.37,,2025-01-21,Bank-Only (Investigate),No matching ledger record found for this bank transaction.
FEE00086,6319389732,,-38.90,,2025-01-14,Bank Fee/Interest (No Ledger Entry Expected),"Bank-originated item (fee/interest) -- needs to be booked to the ledger, not an error."
TXN0005536,5989155274,,23298.76,,2025-04-26,Bank-Only (Investigate),No matching ledger record found for this bank transaction.
TXN0003843,7040306261,,-4562.94,,2025-01-08,Bank-Only (Investigate),No matching ledger record found for this bank transaction.
FEE00094,3485396634,,-62.88,,2025-01-24,Bank Fee/Interest (No Ledger Entry Expected),"Bank-originated item (fee/interest) -- needs to be booked to the ledger, not an error."
FEE00107,6369011197,,-52.01,,2025-02-19,Bank Fee/Interest (No Ledger Entry Expected),"Bank-originated item (fee/interest) -- needs to be booked to the ledger, not an error."
TXN0001836,7795704758,,-20708.69,,2025-03-01,Bank-Only (Investigate),No matching ledger record found for this bank transaction.
TXN0002646,6435244854,,1265.07,,2025-04-02,Bank-Only (Investigate),No matching ledger record found for this bank transaction.
TXN0000577,3542698790,,-20136.44,,2025-03-27,Bank-Only (Investigate),No matching ledger record found for this bank transaction.
FEE00044,5090429095,,-52.91,,2025-06-18,Bank Fee/Interest (No Ledger Entry Expected),"Bank-originated item (fee/interest) -- needs to be booked to the ledger, not an error."
TXN0000467,1527774209,,-27533.33,,2025-01-16,Bank-Only (Investigate),No matching ledger record found for this bank transaction.
TXN0002440,9899246847,,-1421.43,,2025-04-04,Bank-Only (Investigate),No matching ledger record found for this bank transaction.
TXN0004681,2204308092,,-35081.02,,2025-01-01,Bank-Only (Investigate),No matching ledger record found for this bank transaction.
FEE00036,6283792996,,-31.89,,2025-05-28,Bank Fee/Interest (No Ledger Entry Expected),"Bank-originated item (fee/interest) -- needs to be booked to the ledger, not an error."
TXN0005439,7805175827,,6687.93,,2025-02-01,Bank-Only (Investigate),No matching ledger record found for this bank transaction.
TXN0005538,5600164383,,31079.67,,2025-06-19,Bank-Only (Investigate),No matching ledger record found for this bank transaction.
TXN0000338,5802952463,,-33745.10,,2025-02-04,Bank-Only (Investigate),No matching ledger record found for this bank transaction.
TXN0000924,7359206312,,-39612.15,,2025-04-12,Bank-Only (Investigate),No matching ledger record found for this bank transaction.
TXN0003679,6662162741,,1085.45,,2025-06-29,Bank-Only (Investigate),No matching ledger record found for this bank transaction.
TXN0000897,2405601007,,-14966.72,,2025-04-13,Bank-Only (Investigate),No matching ledger record found for this bank transaction.
TXN0002943,9317509198,,789.93,,2025-06-09,Bank-Only (Investigate),No matching ledger record found for this bank transaction.
FEE00122,3883153403,,-56.61,,2025-02-15,Bank Fee/Interest (No Ledger Entry Expected),"Bank-originated item (fee/interest) -- needs to be booked to the ledger, not an error."
TXN0005515,2598431558,,34057.07,,2025-03-15,Bank-Only (Investigate),No matching ledger record found for this bank transaction.
FEE00089,6553463407,,-26.62,,2025-03-23,Bank Fee/Interest (No Ledger Entry Expected),"Bank-originated item (fee/interest) -- needs to be booked to the ledger, not an error."
TXN0004453,2201335240,,4353.67,,2025-04-09,Bank-Only (Investigate),No matching ledger record found for this bank transaction.
TXN0002308,5019784005,,-31123.08,,2025-02-26,Bank-Only (Investigate),No matching ledger record found for this bank transaction.
TXN0001405,2393311449,,-14019.85,,2025-05-21,Bank-Only (Investigate),No matching ledger record found for this bank transaction.
FEE00115,5388816525,,-6.67,,2025-06-01,Bank Fee/Interest (No Ledger Entry Expected),"Bank-originated item (fee/interest) -- needs to be booked to the ledger, not an error."
FEE00103,2516288025,,-44.46,,2025-03-13,Bank Fee/Interest (No Ledger Entry Expected),"Bank-originated item (fee/interest) -- needs to be booked to the ledger, not an error."
FEE00010,7630219447,,-22.19,,2025-01-15,Bank Fee/Interest (No Ledger Entry Expected),"Bank-originated item (fee/interest) -- needs to be booked to the ledger, not an error."
FEE00096,6799040880,,-44.38,,2025-05-06,Bank Fee/Interest (No Ledger Entry Expected),"Bank-originated item (fee/interest) -- needs to be booked to the ledger, not an error."
FEE00056,4703501337,,-52.29,,2025-04-14,Bank Fee/Interest (No Ledger Entry Expected),"Bank-originated item (fee/interest) -- needs to be booked to the ledger, not an error."
TXN0000567,9476501229,,41975.53,,2025-05-30,Bank-Only (Investigate),No matching ledger record found for this bank transaction.
TXN0001170,6461027899,,-41556.30,,2025-06-06,Bank-Only (Investigate),No matching ledger record found for this bank transaction.
FEE00059,4105413625,,-16.59,,2025-03-30,Bank Fee/Interest (No Ledger Entry Expected),"Bank-originated item (fee/interest) -- needs to be booked to the ledger, not an error."
TXN0001592,6181296743,,22796.00,,2025-05-09,Bank-Only (Investigate),No matching ledger record found for this bank transaction.
FEE00022,1682441161,,-9.20,,2025-06-25,Bank Fee/Interest (No Ledger Entry Expected),"Bank-originated item (fee/interest) -- needs to be booked to the ledger, not an error."
FEE00014,7705461794,,-39.74,,2025-06-03,Bank Fee/Interest (No Ledger Entry Expected),"Bank-originated item (fee/interest) -- needs to be booked to the ledger, not an error."
FEE00045,8792766990,,65.87,,2025-01-24,Bank Fee/Interest (No Ledger Entry Expected),"Bank-originated item (fee/interest) -- needs to be booked to the ledger, not an error."
FEE00127,9138777518,,61.20,,2025-03-07,Bank Fee/Interest (No Ledger Entry Expected),"Bank-originated item (fee/interest) -- needs to be booked to the ledger, not an error."
TXN0004983,2200822515,,-3974.93,,2025-06-11,Bank-Only (Investigate),No matching ledger record found for this bank transaction.
TXN0002455,9489841573,,13350.23,,2025-03-20,Bank-Only (Investigate),No matching ledger record found for this bank transaction.
FEE00121,5758632231,,-72.11,,2025-03-22,Bank Fee/Interest (No Ledger Entry Expected),"Bank-originated item (fee/interest) -- needs to be booked to the ledger, not an error."
TXN0003582,8894812194,,-2664.75,,2025-02-07,Bank-Only (Investigate),No matching ledger record found for this bank transaction.
TXN0000427,8545706415,,-44745.20,,2025-04-06,Bank-Only (Investigate),No matching ledger record found for this bank transaction.
FEE00131,9256470863,,-24.92,,2025-01-19,Bank Fee/Interest (No Ledger Entry Expected),"Bank-originated item (fee/interest) -- needs to be booked to the ledger, not an error."
TXN0003273,1832531111,,-22109.31,,2025-05-05,Bank-Only (Investigate),No matching ledger record found for this bank transaction.
TXN0002685,8795513034,,-35145.32,,2025-05-18,Bank-Only (Investigate),No matching ledger record found for this bank transaction.
TXN0003964,8799436886,,-19137.61,,2025-01-14,Bank-Only (Investigate),No matching ledger record found for this bank transaction.
FEE00049,1652599499,,-47.92,,2025-03-15,Bank Fee/Interest (No Ledger Entry Expected),"Bank-originated item (fee/interest) -- needs to be booked to the ledger, not an error."
TXN0002992,7498819574,,-10691.63,,2025-05-08,Bank-Only (Investigate),No matching ledger record found for this bank transaction.
FEE00007,4384038069,,-16.18,,2025-01-15,Bank Fee/Interest (No Ledger Entry Expected),"Bank-originated item (fee/interest) -- needs to be booked to the ledger, not an error."
TXN0003048,6672468023,,-10539.68,,2025-05-22,Bank-Only (Investigate),No matching ledger record found for this bank transaction.
TXN0002469,7498689268,,-12762.69,,2025-04-15,Bank-Only (Investigate),No matching ledger record found for this bank transaction.
TXN0002068,1587711093,,-12287.86,,2025-06-25,Bank-Only (Investigate),No matching ledger record found for this bank transaction.
TXN0002588,5325575630,,8893.81,,2025-01-14,Bank-Only (Investigate),No matching ledger record found for this bank transaction.
TXN0000084,5518157050,,-10780.66,,2025-03-20,Bank-Only (Investigate),No matching ledger record found for this bank transaction.
FEE00109,7963122163,,-25.43,,2025-06-24,Bank Fee/Interest (No Ledger Entry Expected),"Bank-originated item (fee/interest) -- needs to be booked to the ledger, not an error."
FEE00069,9615702088,,-31.59,,2025-01-21,Bank Fee/Interest (No Ledger Entry Expected),"Bank-originated item (fee/interest) -- needs to be booked to the ledger, not an error."
FEE00120,4899163138,,-57.58,,2025-06-06,Bank Fee/Interest (No Ledger Entry Expected),"Bank-originated item (fee/interest) -- needs to be booked to the ledger, not an error."
TXN0005020,5989385887,,20513.85,,2025-04-06,Bank-Only (Investigate),No matching ledger record found for this bank transaction.
FEE00021,3979051239,,-51.30,,2025-01-25,Bank Fee/Interest (No Ledger Entry Expected),"Bank-originated item (fee/interest) -- needs to be booked to the ledger, not an error."
FEE00102,8104905961,,-73.60,,2025-01-11,Bank Fee/Interest (No Ledger Entry Expected),"Bank-originated item (fee/interest) -- needs to be booked to the ledger, not an error."
FEE00114,2418588553,,-48.34,,2025-06-24,Bank Fee/Interest (No Ledger Entry Expected),"Bank-originated item (fee/interest) -- needs to be booked to the ledger, not an error."
TXN0001787,5756914706,,-774.00,,2025-06-16,Bank-Only (Investigate),No matching ledger record found for this bank transaction.
TXN0005246,8799449457,,-7063.36,,2025-02-14,Bank-Only (Investigate),No matching ledger record found for this bank transaction.
FEE00129,9937330284,,-38.32,,2025-01-06,Bank Fee/Interest (No Ledger Entry Expected),"Bank-originated item (fee/interest) -- needs to be booked to the ledger, not an error."
TXN0002690,6866388675,,-4594.59,,2025-05-10,Bank-Only (Investigate),No matching ledger record found for this bank transaction.
TXN0000640,4593590249,,-27255.13,,2025-01-01,Bank-Only (Investigate),No matching ledger record found for this bank transaction.
FEE00041,9245579694,,-74.83,,2025-03-21,Bank Fee/Interest (No Ledger Entry Expected),"Bank-originated item (fee/interest) -- needs to be booked to the ledger, not an error."
